n,H,tuple_index,tuple,pivot_index,pivot_speed,m,b,R_size,union_size,G,min_J,margin,construction_count,best_index,memo_min_J,uniform_energy_num,uniform_energy_den,uniform_energy_strict,star_min_J,star_margin
3,10,0,"(1,2,3)",0,1,2,2,3,1,2,1,2,1,0,1,0,1,1,1,2
3,10,0,"(1,2,3)",1,2,2,2,6,4,2,4,2,1,0,4,0,1,1,4,2
3,10,0,"(1,2,3)",2,3,2,2,9,7,2,7,2,1,0,7,0,1,1,7,2
3,10,1,"(1,2,4)",0,1,2,2,3,3,0,3,0,1,0,3,0,1,0,3,0
3,10,1,"(1,2,4)",1,2,2,2,6,4,2,4,2,1,0,4,0,1,1,4,2
3,10,1,"(1,2,4)",2,4,2,2,12,8,4,8,4,1,0,8,0,1,1,8,4
3,10,2,"(1,2,5)",0,1,2,2,3,1,2,1,2,1,0,1,0,1,1,1,2
3,10,2,"(1,2,5)",1,2,2,2,6,4,2,4,2,1,0,4,0,1,1,4,2
3,10,2,"(1,2,5)",2,5,2,2,15,9,6,9,6,1,0,9,0,1,1,9,6
3,10,3,"(1,2,6)",0,1,2,2,3,1,2,1,2,1,0,1,0,1,1,1,2
3,10,3,"(1,2,6)",1,2,2,2,6,2,4,2,4,1,0,2,0,1,1,2,4
3,10,3,"(1,2,6)",2,6,2,2,18,12,6,12,6,1,0,12,0,1,1,12,6
3,10,4,"(1,2,7)",0,1,2,2,3,1,2,1,2,1,0,1,0,1,1,1,2
3,10,4,"(1,2,7)",1,2,2,2,6,2,4,2,4,1,0,2,0,1,1,2,4
3,10,4,"(1,2,7)",2,7,2,2,21,15,6,15,6,1,0,15,0,1,1,15,6
3,10,5,"(1,2,8)",0,1,2,2,3,3,0,3,0,1,0,3,0,1,0,3,0
3,10,5,"(1,2,8)",1,2,2,2,6,6,0,6,0,1,0,6,0,1,0,6,0
3,10,5,"(1,2,8)",2,8,2,2,24,18,6,18,6,1,0,18,0,1,1,18,6
3,10,6,"(1,2,9)",0,1,2,2,3,1,2,1,2,1,0,1,0,1,1,1,2
3,10,6,"(1,2,9)",1,2,2,2,6,2,4,2,4,1,0,2,0,1,1,2,4
3,10,6,"(1,2,9)",2,9,2,2,27,19,8,19,8,1,0,19,0,1,1,19,8
3,10,7,"(1,2,10)",0,1,2,2,3,1,2,1,2,1,0,1,0,1,1,1,2
3,10,7,"(1,2,10)",1,2,2,2,6,2,4,2,4,1,0,2,0,1,1,2,4
3,10,7,"(1,2,10)",2,10,2,2,30,20,10,20,10,1,0,20,0,1,1,20,10
3,10,8,"(1,3,4)",0,1,2,2,3,3,0,3,0,1,0,3,0,1,0,3,0
3,10,8,"(1,3,4)",1,3,2,2,9,7,2,7,2,1,0,7,0,1,1,7,2
3,10,8,"(1,3,4)",2,4,2,2,12,10,2,10,2,1,0,10,0,1,1,10,2
3,10,9,"(1,3,5)",0,1,2,2,3,0,3,0,3,1,0,0,0,1,1,0,3
3,10,9,"(1,3,5)",1,3,2,2,9,6,3,6,3,1,0,6,0,1,1,6,3
3,10,9,"(1,3,5)",2,5,2,2,15,10,5,10,5,1,0,10,0,1,1,10,5
3,10,10,"(1,3,6)",0,1,2,2,3,1,2,1,2,1,0,1,0,1,1,1,2
3,10,10,"(1,3,6)",1,3,2,2,9,5,4,5,4,1,0,5,0,1,1,5,4
3,10,10,"(1,3,6)",2,6,2,2,18,12,6,12,6,1,0,12,0,1,1,12,6
3,10,11,"(1,3,7)",0,1,2,2,3,0,3,0,3,1,0,0,0,1,1,0,3
3,10,11,"(1,3,7)",1,3,2,2,9,6,3,6,3,1,0,6,0,1,1,6,3
3,10,11,"(1,3,7)",2,7,2,2,21,16,5,16,5,1,0,16,0,1,1,16,5
3,10,12,"(1,3,8)",0,1,2,2,3,3,0,3,0,1,0,3,0,1,0,3,0
3,10,12,"(1,3,8)",1,3,2,2,9,7,2,7,2,1,0,7,0,1,1,7,2
3,10,12,"(1,3,8)",2,8,2,2,24,20,4,20,4,1,0,20,0,1,1,20,4
3,10,13,"(1,3,9)",0,1,2,2,3,0,3,0,3,1,0,0,0,1,1,0,3
3,10,13,"(1,3,9)",1,3,2,2,9,4,5,4,5,1,0,4,0,1,1,4,5
3,10,13,"(1,3,9)",2,9,2,2,27,20,7,20,7,1,0,20,0,1,1,20,7
3,10,14,"(1,3,10)",0,1,2,2,3,1,2,1,2,1,0,1,0,1,1,1,2
3,10,14,"(1,3,10)",1,3,2,2,9,7,2,7,2,1,0,7,0,1,1,7,2
3,10,14,"(1,3,10)",2,10,2,2,30,22,8,22,8,1,0,22,0,1,1,22,8
3,10,15,"(1,4,5)",0,1,2,2,3,3,0,3,0,1,0,3,0,1,0,3,0
3,10,15,"(1,4,5)",1,4,2,2,12,10,2,10,2,1,0,10,0,1,1,10,2
3,10,15,"(1,4,5)",2,5,2,2,15,13,2,13,2,1,0,13,0,1,1,13,2
3,10,16,"(1,4,6)",0,1,2,2,3,3,0,3,0,1,0,3,0,1,0,3,0
3,10,16,"(1,4,6)",1,4,2,2,12,8,4,8,4,1,0,8,0,1,1,8,4
3,10,16,"(1,4,6)",2,6,2,2,18,14,4,14,4,1,0,14,0,1,1,14,4
3,10,17,"(1,4,7)",0,1,2,2,3,3,0,3,0,1,0,3,0,1,0,3,0
3,10,17,"(1,4,7)",1,4,2,2,12,10,2,10,2,1,0,10,0,1,1,10,2
3,10,17,"(1,4,7)",2,7,2,2,21,15,6,15,6,1,0,15,0,1,1,15,6
3,10,18,"(1,4,8)",0,1,2,2,3,3,0,3,0,1,0,3,0,1,0,3,0
3,10,18,"(1,4,8)",1,4,2,2,12,8,4,8,4,1,0,8,0,1,1,8,4
3,10,18,"(1,4,8)",2,8,2,2,24,16,8,16,8,1,0,16,0,1,1,16,8
3,10,19,"(1,4,9)",0,1,2,2,3,3,0,3,0,1,0,3,0,1,0,3,0
3,10,19,"(1,4,9)",1,4,2,2,12,10,2,10,2,1,0,10,0,1,1,10,2
3,10,19,"(1,4,9)",2,9,2,2,27,21,6,21,6,1,0,21,0,1,1,21,6
3,10,20,"(1,4,10)",0,1,2,2,3,3,0,3,0,1,0,3,0,1,0,3,0
3,10,20,"(1,4,10)",1,4,2,2,12,8,4,8,4,1,0,8,0,1,1,8,4
3,10,20,"(1,4,10)",2,10,2,2,30,22,8,22,8,1,0,22,0,1,1,22,8
3,10,21,"(1,5,6)",0,1,2,2,3,1,2,1,2,1,0,1,0,1,1,1,2
3,10,21,"(1,5,6)",1,5,2,2,15,11,4,11,4,1,0,11,0,1,1,11,4
3,10,21,"(1,5,6)",2,6,2,2,18,12,6,12,6,1,0,12,0,1,1,12,6
3,10,22,"(1,5,7)",0,1,2,2,3,0,3,0,3,1,0,0,0,1,1,0,3
3,10,22,"(1,5,7)",1,5,2,2,15,10,5,10,5,1,0,10,0,1,1,10,5
3,10,22,"(1,5,7)",2,7,2,2,21,14,7,14,7,1,0,14,0,1,1,14,7
3,10,23,"(1,5,8)",0,1,2,2,3,3,0,3,0,1,0,3,0,1,0,3,0
3,10,23,"(1,5,8)",1,5,2,2,15,11,4,11,4,1,0,11,0,1,1,11,4
3,10,23,"(1,5,8)",2,8,2,2,24,16,8,16,8,1,0,16,0,1,1,16,8
3,10,24,"(1,5,9)",0,1,2,2,3,0,3,0,3,1,0,0,0,1,1,0,3
3,10,24,"(1,5,9)",1,5,2,2,15,10,5,10,5,1,0,10,0,1,1,10,5
3,10,24,"(1,5,9)",2,9,2,2,27,18,9,18,9,1,0,18,0,1,1,18,9
3,10,25,"(1,5,10)",0,1,2,2,3,1,2,1,2,1,0,1,0,1,1,1,2
3,10,25,"(1,5,10)",1,5,2,2,15,9,6,9,6,1,0,9,0,1,1,9,6
3,10,25,"(1,5,10)",2,10,2,2,30,18,12,18,12,1,0,18,0,1,1,18,12
3,10,26,"(1,6,7)",0,1,2,2,3,1,2,1,2,1,0,1,0,1,1,1,2
3,10,26,"(1,6,7)",1,6,2,2,18,14,4,14,4,1,0,14,0,1,1,14,4
3,10,26,"(1,6,7)",2,7,2,2,21,17,4,17,4,1,0,17,0,1,1,17,4
3,10,27,"(1,6,8)",0,1,2,2,3,3,0,3,0,1,0,3,0,1,0,3,0
3,10,27,"(1,6,8)",1,6,2,2,18,12,6,12,6,1,0,12,0,1,1,12,6
3,10,27,"(1,6,8)",2,8,2,2,24,18,6,18,6,1,0,18,0,1,1,18,6
3,10,28,"(1,6,9)",0,1,2,2,3,1,2,1,2,1,0,1,0,1,1,1,2
3,10,28,"(1,6,9)",1,6,2,2,18,10,8,10,8,1,0,10,0,1,1,10,8
3,10,28,"(1,6,9)",2,9,2,2,27,19,8,19,8,1,0,19,0,1,1,19,8
3,10,29,"(1,6,10)",0,1,2,2,3,1,2,1,2,1,0,1,0,1,1,1,2
3,10,29,"(1,6,10)",1,6,2,2,18,12,6,12,6,1,0,12,0,1,1,12,6
3,10,29,"(1,6,10)",2,10,2,2,30,20,10,20,10,1,0,20,0,1,1,20,10
3,10,30,"(1,7,8)",0,1,2,2,3,3,0,3,0,1,0,3,0,1,0,3,0
3,10,30,"(1,7,8)",1,7,2,2,21,17,4,17,4,1,0,17,0,1,1,17,4
3,10,30,"(1,7,8)",2,8,2,2,24,20,4,20,4,1,0,20,0,1,1,20,4
3,10,31,"(1,7,9)",0,1,2,2,3,0,3,0,3,1,0,0,0,1,1,0,3
3,10,31,"(1,7,9)",1,7,2,2,21,16,5,16,5,1,0,16,0,1,1,16,5
3,10,31,"(1,7,9)",2,9,2,2,27,18,9,18,9,1,0,18,0,1,1,18,9
3,10,32,"(1,7,10)",0,1,2,2,3,1,2,1,2,1,0,1,0,1,1,1,2
3,10,32,"(1,7,10)",1,7,2,2,21,15,6,15,6,1,0,15,0,1,1,15,6
3,10,32,"(1,7,10)",2,10,2,2,30,20,10,20,10,1,0,20,0,1,1,20,10
3,10,33,"(1,8,9)",0,1,2,2,3,3,0,3,0,1,0,3,0,1,0,3,0
3,10,33,"(1,8,9)",1,8,2,2,24,20,4,20,4,1,0,20,0,1,1,20,4
3,10,33,"(1,8,9)",2,9,2,2,27,23,4,23,4,1,0,23,0,1,1,23,4
3,10,34,"(1,8,10)",0,1,2,2,3,3,0,3,0,1,0,3,0,1,0,3,0
3,10,34,"(1,8,10)",1,8,2,2,24,18,6,18,6,1,0,18,0,1,1,18,6
3,10,34,"(1,8,10)",2,10,2,2,30,24,6,24,6,1,0,24,0,1,1,24,6
3,10,35,"(1,9,10)",0,1,2,2,3,1,2,1,2,1,0,1,0,1,1,1,2
3,10,35,"(1,9,10)",1,9,2,2,27,21,6,21,6,1,0,21,0,1,1,21,6
3,10,35,"(1,9,10)",2,10,2,2,30,22,8,22,8,1,0,22,0,1,1,22,8
3,10,36,"(2,3,4)",0,2,2,2,6,4,2,4,2,1,0,4,0,1,1,4,2
3,10,36,"(2,3,4)",1,3,2,2,9,7,2,7,2,1,0,7,0,1,1,7,2
3,10,36,"(2,3,4)",2,4,2,2,12,8,4,8,4,1,0,8,0,1,1,8,4
3,10,37,"(2,3,5)",0,2,2,2,6,2,4,2,4,1,0,2,0,1,1,2,4
3,10,37,"(2,3,5)",1,3,2,2,9,7,2,7,2,1,0,7,0,1,1,7,2
3,10,37,"(2,3,5)",2,5,2,2,15,11,4,11,4,1,0,11,0,1,1,11,4
3,10,38,"(2,3,6)",0,2,2,2,6,2,4,2,4,1,0,2,0,1,1,2,4
3,10,38,"(2,3,6)",1,3,2,2,9,7,2,7,2,1,0,7,0,1,1,7,2
3,10,38,"(2,3,6)",2,6,2,2,18,12,6,12,6,1,0,12,0,1,1,12,6
3,10,39,"(2,3,7)",0,2,2,2,6,4,2,4,2,1,0,4,0,1,1,4,2
3,10,39,"(2,3,7)",1,3,2,2,9,7,2,7,2,1,0,7,0,1,1,7,2
3,10,39,"(2,3,7)",2,7,2,2,21,15,6,15,6,1,0,15,0,1,1,15,6
3,10,40,"(2,3,8)",0,2,2,2,6,6,0,6,0,1,0,6,0,1,0,6,0
3,10,40,"(2,3,8)",1,3,2,2,9,7,2,7,2,1,0,7,0,1,1,7,2
3,10,40,"(2,3,8)",2,8,2,2,24,18,6,18,6,1,0,18,0,1,1,18,6
3,10,41,"(2,3,9)",0,2,2,2,6,4,2,4,2,1,0,4,0,1,1,4,2
3,10,41,"(2,3,9)",1,3,2,2,9,5,4,5,4,1,0,5,0,1,1,5,4
3,10,41,"(2,3,9)",2,9,2,2,27,19,8,19,8,1,0,19,0,1,1,19,8
3,10,42,"(2,3,10)",0,2,2,2,6,2,4,2,4,1,0,2,0,1,1,2,4
3,10,42,"(2,3,10)",1,3,2,2,9,5,4,5,4,1,0,5,0,1,1,5,4
3,10,42,"(2,3,10)",2,10,2,2,30,20,10,20,10,1,0,20,0,1,1,20,10
3,10,43,"(2,4,5)",0,2,2,2,6,4,2,4,2,1,0,4,0,1,1,4,2
3,10,43,"(2,4,5)",1,4,2,2,12,8,4,8,4,1,0,8,0,1,1,8,4
3,10,43,"(2,4,5)",2,5,2,2,15,11,4,11,4,1,0,11,0,1,1,11,4
3,10,44,"(2,4,7)",0,2,2,2,6,4,2,4,2,1,0,4,0,1,1,4,2
3,10,44,"(2,4,7)",1,4,2,2,12,8,4,8,4,1,0,8,0,1,1,8,4
3,10,44,"(2,4,7)",2,7,2,2,21,15,6,15,6,1,0,15,0,1,1,15,6
3,10,45,"(2,4,9)",0,2,2,2,6,4,2,4,2,1,0,4,0,1,1,4,2
3,10,45,"(2,4,9)",1,4,2,2,12,8,4,8,4,1,0,8,0,1,1,8,4
3,10,45,"(2,4,9)",2,9,2,2,27,21,6,21,6,1,0,21,0,1,1,21,6
3,10,46,"(2,5,6)",0,2,2,2,6,2,4,2,4,1,0,2,0,1,1,2,4
3,10,46,"(2,5,6)",1,5,2,2,15,13,2,13,2,1,0,13,0,1,1,13,2
3,10,46,"(2,5,6)",2,6,2,2,18,12,6,12,6,1,0,12,0,1,1,12,6
3,10,47,"(2,5,7)",0,2,2,2,6,4,2,4,2,1,0,4,0,1,1,4,2
3,10,47,"(2,5,7)",1,5,2,2,15,11,4,11,4,1,0,11,0,1,1,11,4
3,10,47,"(2,5,7)",2,7,2,2,21,17,4,17,4,1,0,17,0,1,1,17,4
3,10,48,"(2,5,8)",0,2,2,2,6,6,0,6,0,1,0,6,0,1,0,6,0
3,10,48,"(2,5,8)",1,5,2,2,15,13,2,13,2,1,0,13,0,1,1,13,2
3,10,48,"(2,5,8)",2,8,2,2,24,18,6,18,6,1,0,18,0,1,1,18,6
3,10,49,"(2,5,9)",0,2,2,2,6,4,2,4,2,1,0,4,0,1,1,4,2
3,10,49,"(2,5,9)",1,5,2,2,15,9,6,9,6,1,0,9,0,1,1,9,6
3,10,49,"(2,5,9)",2,9,2,2,27,19,8,19,8,1,0,19,0,1,1,19,8
3,10,50,"(2,5,10)",0,2,2,2,6,2,4,2,4,1,0,2,0,1,1,2,4
3,10,50,"(2,5,10)",1,5,2,2,15,9,6,9,6,1,0,9,0,1,1,9,6
3,10,50,"(2,5,10)",2,10,2,2,30,18,12,18,12,1,0,18,0,1,1,18,12
3,10,51,"(2,6,7)",0,2,2,2,6,2,4,2,4,1,0,2,0,1,1,2,4
3,10,51,"(2,6,7)",1,6,2,2,18,12,6,12,6,1,0,12,0,1,1,12,6
3,10,51,"(2,6,7)",2,7,2,2,21,17,4,17,4,1,0,17,0,1,1,17,4
3,10,52,"(2,6,9)",0,2,2,2,6,2,4,2,4,1,0,2,0,1,1,2,4
3,10,52,"(2,6,9)",1,6,2,2,18,12,6,12,6,1,0,12,0,1,1,12,6
3,10,52,"(2,6,9)",2,9,2,2,27,23,4,23,4,1,0,23,0,1,1,23,4
3,10,53,"(2,7,8)",0,2,2,2,6,6,0,6,0,1,0,6,0,1,0,6,0
3,10,53,"(2,7,8)",1,7,2,2,21,15,6,15,6,1,0,15,0,1,1,15,6
3,10,53,"(2,7,8)",2,8,2,2,24,18,6,18,6,1,0,18,0,1,1,18,6
3,10,54,"(2,7,9)",0,2,2,2,6,2,4,2,4,1,0,2,0,1,1,2,4
3,10,54,"(2,7,9)",1,7,2,2,21,17,4,17,4,1,0,17,0,1,1,17,4
3,10,54,"(2,7,9)",2,9,2,2,27,21,6,21,6,1,0,21,0,1,1,21,6
3,10,55,"(2,7,10)",0,2,2,2,6,2,4,2,4,1,0,2,0,1,1,2,4
3,10,55,"(2,7,10)",1,7,2,2,21,17,4,17,4,1,0,17,0,1,1,17,4
3,10,55,"(2,7,10)",2,10,2,2,30,20,10,20,10,1,0,20,0,1,1,20,10
3,10,56,"(2,8,9)",0,2,2,2,6,6,0,6,0,1,0,6,0,1,0,6,0
3,10,56,"(2,8,9)",1,8,2,2,24,18,6,18,6,1,0,18,0,1,1,18,6
3,10,56,"(2,8,9)",2,9,2,2,27,21,6,21,6,1,0,21,0,1,1,21,6
3,10,57,"(2,9,10)",0,2,2,2,6,2,4,2,4,1,0,2,0,1,1,2,4
3,10,57,"(2,9,10)",1,9,2,2,27,19,8,19,8,1,0,19,0,1,1,19,8
3,10,57,"(2,9,10)",2,10,2,2,30,20,10,20,10,1,0,20,0,1,1,20,10
3,10,58,"(3,4,5)",0,3,2,2,9,7,2,7,2,1,0,7,0,1,1,7,2
3,10,58,"(3,4,5)",1,4,2,2,12,10,2,10,2,1,0,10,0,1,1,10,2
3,10,58,"(3,4,5)",2,5,2,2,15,11,4,11,4,1,0,11,0,1,1,11,4
3,10,59,"(3,4,6)",0,3,2,2,9,5,4,5,4,1,0,5,0,1,1,5,4
3,10,59,"(3,4,6)",1,4,2,2,12,8,4,8,4,1,0,8,0,1,1,8,4
3,10,59,"(3,4,6)",2,6,2,2,18,12,6,12,6,1,0,12,0,1,1,12,6
3,10,60,"(3,4,7)",0,3,2,2,9,7,2,7,2,1,0,7,0,1,1,7,2
3,10,60,"(3,4,7)",1,4,2,2,12,10,2,10,2,1,0,10,0,1,1,10,2
3,10,60,"(3,4,7)",2,7,2,2,21,17,4,17,4,1,0,17,0,1,1,17,4
3,10,61,"(3,4,8)",0,3,2,2,9,3,6,3,6,1,0,3,0,1,1,3,6
3,10,61,"(3,4,8)",1,4,2,2,12,8,4,8,4,1,0,8,0,1,1,8,4
3,10,61,"(3,4,8)",2,8,2,2,24,16,8,16,8,1,0,16,0,1,1,16,8
3,10,62,"(3,4,9)",0,3,2,2,9,3,6,3,6,1,0,3,0,1,1,3,6
3,10,62,"(3,4,9)",1,4,2,2,12,10,2,10,2,1,0,10,0,1,1,10,2
3,10,62,"(3,4,9)",2,9,2,2,27,19,8,19,8,1,0,19,0,1,1,19,8
3,10,63,"(3,4,10)",0,3,2,2,9,7,2,7,2,1,0,7,0,1,1,7,2
3,10,63,"(3,4,10)",1,4,2,2,12,8,4,8,4,1,0,8,0,1,1,8,4
3,10,63,"(3,4,10)",2,10,2,2,30,22,8,22,8,1,0,22,0,1,1,22,8
3,10,64,"(3,5,6)",0,3,2,2,9,5,4,5,4,1,0,5,0,1,1,5,4
3,10,64,"(3,5,6)",1,5,2,2,15,9,6,9,6,1,0,9,0,1,1,9,6
3,10,64,"(3,5,6)",2,6,2,2,18,10,8,10,8,1,0,10,0,1,1,10,8
3,10,65,"(3,5,7)",0,3,2,2,9,4,5,4,5,1,0,4,0,1,1,4,5
3,10,65,"(3,5,7)",1,5,2,2,15,10,5,10,5,1,0,10,0,1,1,10,5
3,10,65,"(3,5,7)",2,7,2,2,21,14,7,14,7,1,0,14,0,1,1,14,7
3,10,66,"(3,5,8)",0,3,2,2,9,7,2,7,2,1,0,7,0,1,1,7,2
3,10,66,"(3,5,8)",1,5,2,2,15,13,2,13,2,1,0,13,0,1,1,13,2
3,10,66,"(3,5,8)",2,8,2,2,24,20,4,20,4,1,0,20,0,1,1,20,4
3,10,67,"(3,5,9)",0,3,2,2,9,4,5,4,5,1,0,4,0,1,1,4,5
3,10,67,"(3,5,9)",1,5,2,2,15,10,5,10,5,1,0,10,0,1,1,10,5
3,10,67,"(3,5,9)",2,9,2,2,27,18,9,18,9,1,0,18,0,1,1,18,9
3,10,68,"(3,5,10)",0,3,2,2,9,7,2,7,2,1,0,7,0,1,1,7,2
3,10,68,"(3,5,10)",1,5,2,2,15,9,6,9,6,1,0,9,0,1,1,9,6
3,10,68,"(3,5,10)",2,10,2,2,30,20,10,20,10,1,0,20,0,1,1,20,10
3,10,69,"(3,6,7)",0,3,2,2,9,5,4,5,4,1,0,5,0,1,1,5,4
3,10,69,"(3,6,7)",1,6,2,2,18,12,6,12,6,1,0,12,0,1,1,12,6
3,10,69,"(3,6,7)",2,7,2,2,21,15,6,15,6,1,0,15,0,1,1,15,6
3,10,70,"(3,6,8)",0,3,2,2,9,5,4,5,4,1,0,5,0,1,1,5,4
3,10,70,"(3,6,8)",1,6,2,2,18,10,8,10,8,1,0,10,0,1,1,10,8
3,10,70,"(3,6,8)",2,8,2,2,24,18,6,18,6,1,0,18,0,1,1,18,6
3,10,71,"(3,6,10)",0,3,2,2,9,7,2,7,2,1,0,7,0,1,1,7,2
3,10,71,"(3,6,10)",1,6,2,2,18,12,6,12,6,1,0,12,0,1,1,12,6
3,10,71,"(3,6,10)",2,10,2,2,30,20,10,20,10,1,0,20,0,1,1,20,10
3,10,72,"(3,7,8)",0,3,2,2,9,7,2,7,2,1,0,7,0,1,1,7,2
3,10,72,"(3,7,8)",1,7,2,2,21,15,6,15,6,1,0,15,0,1,1,15,6
3,10,72,"(3,7,8)",2,8,2,2,24,16,8,16,8,1,0,16,0,1,1,16,8
3,10,73,"(3,7,9)",0,3,2,2,9,4,5,4,5,1,0,4,0,1,1,4,5
3,10,73,"(3,7,9)",1,7,2,2,21,16,5,16,5,1,0,16,0,1,1,16,5
3,10,73,"(3,7,9)",2,9,2,2,27,18,9,18,9,1,0,18,0,1,1,18,9
3,10,74,"(3,7,10)",0,3,2,2,9,7,2,7,2,1,0,7,0,1,1,7,2
3,10,74,"(3,7,10)",1,7,2,2,21,17,4,17,4,1,0,17,0,1,1,17,4
3,10,74,"(3,7,10)",2,10,2,2,30,24,6,24,6,1,0,24,0,1,1,24,6
3,10,75,"(3,8,9)",0,3,2,2,9,3,6,3,6,1,0,3,0,1,1,3,6
3,10,75,"(3,8,9)",1,8,2,2,24,20,4,20,4,1,0,20,0,1,1,20,4
3,10,75,"(3,8,9)",2,9,2,2,27,19,8,19,8,1,0,19,0,1,1,19,8
3,10,76,"(3,8,10)",0,3,2,2,9,7,2,7,2,1,0,7,0,1,1,7,2
3,10,76,"(3,8,10)",1,8,2,2,24,18,6,18,6,1,0,18,0,1,1,18,6
3,10,76,"(3,8,10)",2,10,2,2,30,24,6,24,6,1,0,24,0,1,1,24,6
3,10,77,"(3,9,10)",0,3,2,2,9,5,4,5,4,1,0,5,0,1,1,5,4
3,10,77,"(3,9,10)",1,9,2,2,27,19,8,19,8,1,0,19,0,1,1,19,8
3,10,77,"(3,9,10)",2,10,2,2,30,22,8,22,8,1,0,22,0,1,1,22,8
3,10,78,"(4,5,6)",0,4,2,2,12,8,4,8,4,1,0,8,0,1,1,8,4
3,10,78,"(4,5,6)",1,5,2,2,15,13,2,13,2,1,0,13,0,1,1,13,2
3,10,78,"(4,5,6)",2,6,2,2,18,14,4,14,4,1,0,14,0,1,1,14,4
3,10,79,"(4,5,7)",0,4,2,2,12,10,2,10,2,1,0,10,0,1,1,10,2
3,10,79,"(4,5,7)",1,5,2,2,15,11,4,11,4,1,0,11,0,1,1,11,4
3,10,79,"(4,5,7)",2,7,2,2,21,15,6,15,6,1,0,15,0,1,1,15,6
3,10,80,"(4,5,8)",0,4,2,2,12,8,4,8,4,1,0,8,0,1,1,8,4
3,10,80,"(4,5,8)",1,5,2,2,15,15,0,15,0,1,0,15,0,1,0,15,0
3,10,80,"(4,5,8)",2,8,2,2,24,16,8,16,8,1,0,16,0,1,1,16,8
3,10,81,"(4,5,9)",0,4,2,2,12,10,2,10,2,1,0,10,0,1,1,10,2
3,10,81,"(4,5,9)",1,5,2,2,15,13,2,13,2,1,0,13,0,1,1,13,2
3,10,81,"(4,5,9)",2,9,2,2,27,23,4,23,4,1,0,23,0,1,1,23,4
3,10,82,"(4,5,10)",0,4,2,2,12,8,4,8,4,1,0,8,0,1,1,8,4
3,10,82,"(4,5,10)",1,5,2,2,15,11,4,11,4,1,0,11,0,1,1,11,4
3,10,82,"(4,5,10)",2,10,2,2,30,20,10,20,10,1,0,20,0,1,1,20,10
3,10,83,"(4,6,7)",0,4,2,2,12,8,4,8,4,1,0,8,0,1,1,8,4
3,10,83,"(4,6,7)",1,6,2,2,18,14,4,14,4,1,0,14,0,1,1,14,4
3,10,83,"(4,6,7)",2,7,2,2,21,15,6,15,6,1,0,15,0,1,1,15,6
3,10,84,"(4,6,9)",0,4,2,2,12,8,4,8,4,1,0,8,0,1,1,8,4
3,10,84,"(4,6,9)",1,6,2,2,18,12,6,12,6,1,0,12,0,1,1,12,6
3,10,84,"(4,6,9)",2,9,2,2,27,21,6,21,6,1,0,21,0,1,1,21,6
3,10,85,"(4,7,8)",0,4,2,2,12,8,4,8,4,1,0,8,0,1,1,8,4
3,10,85,"(4,7,8)",1,7,2,2,21,15,6,15,6,1,0,15,0,1,1,15,6
3,10,85,"(4,7,8)",2,8,2,2,24,16,8,16,8,1,0,16,0,1,1,16,8
3,10,86,"(4,7,9)",0,4,2,2,12,6,6,6,6,1,0,6,0,1,1,6,6
3,10,86,"(4,7,9)",1,7,2,2,21,15,6,15,6,1,0,15,0,1,1,15,6
3,10,86,"(4,7,9)",2,9,2,2,27,21,6,21,6,1,0,21,0,1,1,21,6
3,10,87,"(4,7,10)",0,4,2,2,12,8,4,8,4,1,0,8,0,1,1,8,4
3,10,87,"(4,7,10)",1,7,2,2,21,17,4,17,4,1,0,17,0,1,1,17,4
3,10,87,"(4,7,10)",2,10,2,2,30,22,8,22,8,1,0,22,0,1,1,22,8
3,10,88,"(4,8,9)",0,4,2,2,12,8,4,8,4,1,0,8,0,1,1,8,4
3,10,88,"(4,8,9)",1,8,2,2,24,16,8,16,8,1,0,16,0,1,1,16,8
3,10,88,"(4,8,9)",2,9,2,2,27,21,6,21,6,1,0,21,0,1,1,21,6
3,10,89,"(4,9,10)",0,4,2,2,12,8,4,8,4,1,0,8,0,1,1,8,4
3,10,89,"(4,9,10)",1,9,2,2,27,21,6,21,6,1,0,21,0,1,1,21,6
3,10,89,"(4,9,10)",2,10,2,2,30,22,8,22,8,1,0,22,0,1,1,22,8
3,10,90,"(5,6,7)",0,5,2,2,15,9,6,9,6,1,0,9,0,1,1,9,6
3,10,90,"(5,6,7)",1,6,2,2,18,14,4,14,4,1,0,14,0,1,1,14,4
3,10,90,"(5,6,7)",2,7,2,2,21,15,6,15,6,1,0,15,0,1,1,15,6
3,10,91,"(5,6,8)",0,5,2,2,15,11,4,11,4,1,0,11,0,1,1,11,4
3,10,91,"(5,6,8)",1,6,2,2,18,12,6,12,6,1,0,12,0,1,1,12,6
3,10,91,"(5,6,8)",2,8,2,2,24,18,6,18,6,1,0,18,0,1,1,18,6
3,10,92,"(5,6,9)",0,5,2,2,15,11,4,11,4,1,0,11,0,1,1,11,4
3,10,92,"(5,6,9)",1,6,2,2,18,12,6,12,6,1,0,12,0,1,1,12,6
3,10,92,"(5,6,9)",2,9,2,2,27,19,8,19,8,1,0,19,0,1,1,19,8
3,10,93,"(5,6,10)",0,5,2,2,15,9,6,9,6,1,0,9,0,1,1,9,6
3,10,93,"(5,6,10)",1,6,2,2,18,12,6,12,6,1,0,12,0,1,1,12,6
3,10,93,"(5,6,10)",2,10,2,2,30,18,12,18,12,1,0,18,0,1,1,18,12
3,10,94,"(5,7,8)",0,5,2,2,15,13,2,13,2,1,0,13,0,1,1,13,2
3,10,94,"(5,7,8)",1,7,2,2,21,15,6,15,6,1,0,15,0,1,1,15,6
3,10,94,"(5,7,8)",2,8,2,2,24,16,8,16,8,1,0,16,0,1,1,16,8
3,10,95,"(5,7,9)",0,5,2,2,15,10,5,10,5,1,0,10,0,1,1,10,5
3,10,95,"(5,7,9)",1,7,2,2,21,16,5,16,5,1,0,16,0,1,1,16,5
3,10,95,"(5,7,9)",2,9,2,2,27,18,9,18,9,1,0,18,0,1,1,18,9
3,10,96,"(5,7,10)",0,5,2,2,15,9,6,9,6,1,0,9,0,1,1,9,6
3,10,96,"(5,7,10)",1,7,2,2,21,15,6,15,6,1,0,15,0,1,1,15,6
3,10,96,"(5,7,10)",2,10,2,2,30,18,12,18,12,1,0,18,0,1,1,18,12
3,10,97,"(5,8,9)",0,5,2,2,15,11,4,11,4,1,0,11,0,1,1,11,4
3,10,97,"(5,8,9)",1,8,2,2,24,20,4,20,4,1,0,20,0,1,1,20,4
3,10,97,"(5,8,9)",2,9,2,2,27,21,6,21,6,1,0,21,0,1,1,21,6
3,10,98,"(5,8,10)",0,5,2,2,15,11,4,11,4,1,0,11,0,1,1,11,4
3,10,98,"(5,8,10)",1,8,2,2,24,18,6,18,6,1,0,18,0,1,1,18,6
3,10,98,"(5,8,10)",2,10,2,2,30,22,8,22,8,1,0,22,0,1,1,22,8
3,10,99,"(5,9,10)",0,5,2,2,15,9,6,9,6,1,0,9,0,1,1,9,6
3,10,99,"(5,9,10)",1,9,2,2,27,19,8,19,8,1,0,19,0,1,1,19,8
3,10,99,"(5,9,10)",2,10,2,2,30,18,12,18,12,1,0,18,0,1,1,18,12
3,10,100,"(6,7,8)",0,6,2,2,18,12,6,12,6,1,0,12,0,1,1,12,6
3,10,100,"(6,7,8)",1,7,2,2,21,17,4,17,4,1,0,17,0,1,1,17,4
3,10,100,"(6,7,8)",2,8,2,2,24,18,6,18,6,1,0,18,0,1,1,18,6
3,10,101,"(6,7,9)",0,6,2,2,18,10,8,10,8,1,0,10,0,1,1,10,8
3,10,101,"(6,7,9)",1,7,2,2,21,15,6,15,6,1,0,15,0,1,1,15,6
3,10,101,"(6,7,9)",2,9,2,2,27,19,8,19,8,1,0,19,0,1,1,19,8
3,10,102,"(6,7,10)",0,6,2,2,18,12,6,12,6,1,0,12,0,1,1,12,6
3,10,102,"(6,7,10)",1,7,2,2,21,17,4,17,4,1,0,17,0,1,1,17,4
3,10,102,"(6,7,10)",2,10,2,2,30,20,10,20,10,1,0,20,0,1,1,20,10
3,10,103,"(6,8,9)",0,6,2,2,18,10,8,10,8,1,0,10,0,1,1,10,8
3,10,103,"(6,8,9)",1,8,2,2,24,18,6,18,6,1,0,18,0,1,1,18,6
3,10,103,"(6,8,9)",2,9,2,2,27,21,6,21,6,1,0,21,0,1,1,21,6
3,10,104,"(6,9,10)",0,6,2,2,18,12,6,12,6,1,0,12,0,1,1,12,6
3,10,104,"(6,9,10)",1,9,2,2,27,23,4,23,4,1,0,23,0,1,1,23,4
3,10,104,"(6,9,10)",2,10,2,2,30,20,10,20,10,1,0,20,0,1,1,20,10
3,10,105,"(7,8,9)",0,7,2,2,21,15,6,15,6,1,0,15,0,1,1,15,6
3,10,105,"(7,8,9)",1,8,2,2,24,20,4,20,4,1,0,20,0,1,1,20,4
3,10,105,"(7,8,9)",2,9,2,2,27,21,6,21,6,1,0,21,0,1,1,21,6
3,10,106,"(7,8,10)",0,7,2,2,21,15,6,15,6,1,0,15,0,1,1,15,6
3,10,106,"(7,8,10)",1,8,2,2,24,18,6,18,6,1,0,18,0,1,1,18,6
3,10,106,"(7,8,10)",2,10,2,2,30,24,6,24,6,1,0,24,0,1,1,24,6
3,10,107,"(7,9,10)",0,7,2,2,21,15,6,15,6,1,0,15,0,1,1,15,6
3,10,107,"(7,9,10)",1,9,2,2,27,19,8,19,8,1,0,19,0,1,1,19,8
3,10,107,"(7,9,10)",2,10,2,2,30,20,10,20,10,1,0,20,0,1,1,20,10
3,10,108,"(8,9,10)",0,8,2,2,24,18,6,18,6,1,0,18,0,1,1,18,6
3,10,108,"(8,9,10)",1,9,2,2,27,23,4,23,4,1,0,23,0,1,1,23,4
3,10,108,"(8,9,10)",2,10,2,2,30,24,6,24,6,1,0,24,0,1,1,24,6
4,10,0,"(1,2,3,4)",0,1,3,3,4,0,4,0,4,1,0,0,0,1,1,0,4
4,10,0,"(1,2,3,4)",1,2,3,3,8,4,4,4,4,1,0,4,0,1,1,4,4
4,10,0,"(1,2,3,4)",2,3,3,3,12,8,4,8,4,1,0,8,0,1,1,8,4
4,10,0,"(1,2,3,4)",3,4,3,3,16,12,4,12,4,1,0,12,0,1,1,12,4
4,10,1,"(1,2,3,5)",0,1,3,3,4,4,0,4,0,1,0,4,0,1,0,4,0
4,10,1,"(1,2,3,5)",1,2,3,3,8,8,0,8,0,1,0,8,0,1,0,8,0
4,10,1,"(1,2,3,5)",2,3,3,3,12,10,2,10,2,1,0,10,0,1,1,10,2
4,10,1,"(1,2,3,5)",3,5,3,3,20,18,2,18,2,1,0,18,0,1,1,18,2
4,10,2,"(1,2,3,6)",0,1,3,3,4,0,4,0,4,1,0,0,0,1,1,0,4
4,10,2,"(1,2,3,6)",1,2,3,3,8,4,4,4,4,1,0,4,0,1,1,4,4
4,10,2,"(1,2,3,6)",2,3,3,3,12,6,6,6,6,1,0,6,0,1,1,6,6
4,10,2,"(1,2,3,6)",3,6,3,3,24,16,8,16,8,1,0,16,0,1,1,16,8
4,10,3,"(1,2,3,7)",0,1,3,3,4,0,4,0,4,1,0,0,0,1,1,0,4
4,10,3,"(1,2,3,7)",1,2,3,3,8,4,4,4,4,1,0,4,0,1,1,4,4
4,10,3,"(1,2,3,7)",2,3,3,3,12,8,4,8,4,1,0,8,0,1,1,8,4
4,10,3,"(1,2,3,7)",3,7,3,3,28,20,8,20,8,1,0,20,0,1,1,20,8
4,10,4,"(1,2,3,8)",0,1,3,3,4,0,4,0,4,1,0,0,0,1,1,0,4
4,10,4,"(1,2,3,8)",1,2,3,3,8,4,4,4,4,1,0,4,0,1,1,4,4
4,10,4,"(1,2,3,8)",2,3,3,3,12,8,4,8,4,1,0,8,0,1,1,8,4
4,10,4,"(1,2,3,8)",3,8,3,3,32,26,6,26,6,1,0,26,0,1,1,26,6
4,10,5,"(1,2,3,9)",0,1,3,3,4,0,4,0,4,1,0,0,0,1,1,0,4
4,10,5,"(1,2,3,9)",1,2,3,3,8,4,4,4,4,1,0,4,0,1,1,4,4
4,10,5,"(1,2,3,9)",2,3,3,3,12,6,6,6,6,1,0,6,0,1,1,6,6
4,10,5,"(1,2,3,9)",3,9,3,3,36,28,8,28,8,1,0,28,0,1,1,28,8
4,10,6,"(1,2,3,10)",0,1,3,3,4,4,0,4,0,1,0,4,0,1,0,4,0
4,10,6,"(1,2,3,10)",1,2,3,3,8,8,0,8,0,1,0,8,0,1,0,8,0
4,10,6,"(1,2,3,10)",2,3,3,3,12,10,2,10,2,1,0,10,0,1,1,10,2
4,10,6,"(1,2,3,10)",3,10,3,3,40,34,6,34,6,1,0,34,0,1,1,34,6
4,10,7,"(1,2,4,5)",0,1,3,3,4,4,0,4,0,1,0,4,0,1,0,4,0
4,10,7,"(1,2,4,5)",1,2,3,3,8,6,2,6,2,1,0,6,0,1,1,6,2
4,10,7,"(1,2,4,5)",2,4,3,3,16,12,4,12,4,1,0,12,0,1,1,12,4
4,10,7,"(1,2,4,5)",3,5,3,3,20,16,4,16,4,1,0,16,0,1,1,16,4
4,10,8,"(1,2,4,6)",0,1,3,3,4,0,4,0,4,1,0,0,0,1,1,0,4
4,10,8,"(1,2,4,6)",1,2,3,3,8,2,6,2,6,1,0,2,0,1,1,2,6
4,10,8,"(1,2,4,6)",2,4,3,3,16,10,6,10,6,1,0,10,0,1,1,10,6
4,10,8,"(1,2,4,6)",3,6,3,3,24,16,8,16,8,1,0,16,0,1,1,16,8
4,10,9,"(1,2,4,7)",0,1,3,3,4,0,4,0,4,1,0,0,0,1,1,0,4
4,10,9,"(1,2,4,7)",1,2,3,3,8,4,4,4,4,1,0,4,0,1,1,4,4
4,10,9,"(1,2,4,7)",2,4,3,3,16,10,6,10,6,1,0,10,0,1,1,10,6
4,10,9,"(1,2,4,7)",3,7,3,3,28,18,10,18,10,1,0,18,0,1,1,18,10
4,10,10,"(1,2,4,8)",0,1,3,3,4,0,4,0,4,1,0,0,0,1,1,0,4
4,10,10,"(1,2,4,8)",1,2,3,3,8,2,6,2,6,1,0,2,0,1,1,2,6
4,10,10,"(1,2,4,8)",2,4,3,3,16,8,8,8,8,1,0,8,0,1,1,8,8
4,10,10,"(1,2,4,8)",3,8,3,3,32,22,10,22,10,1,0,22,0,1,1,22,10
4,10,11,"(1,2,4,9)",0,1,3,3,4,0,4,0,4,1,0,0,0,1,1,0,4
4,10,11,"(1,2,4,9)",1,2,3,3,8,2,6,2,6,1,0,2,0,1,1,2,6
4,10,11,"(1,2,4,9)",2,4,3,3,16,10,6,10,6,1,0,10,0,1,1,10,6
4,10,11,"(1,2,4,9)",3,9,3,3,36,26,10,26,10,1,0,26,0,1,1,26,10
4,10,12,"(1,2,4,10)",0,1,3,3,4,4,0,4,0,1,0,4,0,1,0,4,0
4,10,12,"(1,2,4,10)",1,2,3,3,8,8,0,8,0,1,0,8,0,1,0,8,0
4,10,12,"(1,2,4,10)",2,4,3,3,16,14,2,14,2,1,0,14,0,1,1,14,2
4,10,12,"(1,2,4,10)",3,10,3,3,40,32,8,32,8,1,0,32,0,1,1,32,8
4,10,13,"(1,2,5,6)",0,1,3,3,4,4,0,4,0,1,0,4,0,1,0,4,0
4,10,13,"(1,2,5,6)",1,2,3,3,8,6,2,6,2,1,0,6,0,1,1,6,2
4,10,13,"(1,2,5,6)",2,5,3,3,20,16,4,16,4,1,0,16,0,1,1,16,4
4,10,13,"(1,2,5,6)",3,6,3,3,24,20,4,20,4,1,0,20,0,1,1,20,4
4,10,14,"(1,2,5,7)",0,1,3,3,4,4,0,4,0,1,0,4,0,1,0,4,0
4,10,14,"(1,2,5,7)",1,2,3,3,8,8,0,8,0,1,0,8,0,1,0,8,0
4,10,14,"(1,2,5,7)",2,5,3,3,20,14,6,14,6,1,0,14,0,1,1,14,6
4,10,14,"(1,2,5,7)",3,7,3,3,28,22,6,22,6,1,0,22,0,1,1,22,6
4,10,15,"(1,2,5,8)",0,1,3,3,4,4,0,4,0,1,0,4,0,1,0,4,0
4,10,15,"(1,2,5,8)",1,2,3,3,8,6,2,6,2,1,0,6,0,1,1,6,2
4,10,15,"(1,2,5,8)",2,5,3,3,20,16,4,16,4,1,0,16,0,1,1,16,4
4,10,15,"(1,2,5,8)",3,8,3,3,32,24,8,24,8,1,0,24,0,1,1,24,8
4,10,16,"(1,2,5,9)",0,1,3,3,4,4,0,4,0,1,0,4,0,1,0,4,0
4,10,16,"(1,2,5,9)",1,2,3,3,8,6,2,6,2,1,0,6,0,1,1,6,2
4,10,16,"(1,2,5,9)",2,5,3,3,20,16,4,16,4,1,0,16,0,1,1,16,4
4,10,16,"(1,2,5,9)",3,9,3,3,36,26,10,26,10,1,0,26,0,1,1,26,10
4,10,17,"(1,2,5,10)",0,1,3,3,4,4,0,4,0,1,0,4,0,1,0,4,0
4,10,17,"(1,2,5,10)",1,2,3,3,8,8,0,8,0,1,0,8,0,1,0,8,0
4,10,17,"(1,2,5,10)",2,5,3,3,20,12,8,12,8,1,0,12,0,1,1,12,8
4,10,17,"(1,2,5,10)",3,10,3,3,40,28,12,28,12,1,0,28,0,1,1,28,12
4,10,18,"(1,2,6,7)",0,1,3,3,4,0,4,0,4,1,0,0,0,1,1,0,4
4,10,18,"(1,2,6,7)",1,2,3,3,8,4,4,4,4,1,0,4,0,1,1,4,4
4,10,18,"(1,2,6,7)",2,6,3,3,24,16,8,16,8,1,0,16,0,1,1,16,8
4,10,18,"(1,2,6,7)",3,7,3,3,28,18,10,18,10,1,0,18,0,1,1,18,10
4,10,19,"(1,2,6,8)",0,1,3,3,4,0,4,0,4,1,0,0,0,1,1,0,4
4,10,19,"(1,2,6,8)",1,2,3,3,8,2,6,2,6,1,0,2,0,1,1,2,6
4,10,19,"(1,2,6,8)",2,6,3,3,24,18,6,18,6,1,0,18,0,1,1,18,6
4,10,19,"(1,2,6,8)",3,8,3,3,32,22,10,22,10,1,0,22,0,1,1,22,10
4,10,20,"(1,2,6,9)",0,1,3,3,4,0,4,0,4,1,0,0,0,1,1,0,4
4,10,20,"(1,2,6,9)",1,2,3,3,8,2,6,2,6,1,0,2,0,1,1,2,6
4,10,20,"(1,2,6,9)",2,6,3,3,24,14,10,14,10,1,0,14,0,1,1,14,10
4,10,20,"(1,2,6,9)",3,9,3,3,36,24,12,24,12,1,0,24,0,1,1,24,12
4,10,21,"(1,2,6,10)",0,1,3,3,4,4,0,4,0,1,0,4,0,1,0,4,0
4,10,21,"(1,2,6,10)",1,2,3,3,8,8,0,8,0,1,0,8,0,1,0,8,0
4,10,21,"(1,2,6,10)",2,6,3,3,24,18,6,18,6,1,0,18,0,1,1,18,6
4,10,21,"(1,2,6,10)",3,10,3,3,40,30,10,30,10,1,0,30,0,1,1,30,10
4,10,22,"(1,2,7,8)",0,1,3,3,4,0,4,0,4,1,0,0,0,1,1,0,4
4,10,22,"(1,2,7,8)",1,2,3,3,8,4,4,4,4,1,0,4,0,1,1,4,4
4,10,22,"(1,2,7,8)",2,7,3,3,28,20,8,20,8,1,0,20,0,1,1,20,8
4,10,22,"(1,2,7,8)",3,8,3,3,32,22,10,22,10,1,0,22,0,1,1,22,10
4,10,23,"(1,2,7,9)",0,1,3,3,4,0,4,0,4,1,0,0,0,1,1,0,4
4,10,23,"(1,2,7,9)",1,2,3,3,8,4,4,4,4,1,0,4,0,1,1,4,4
4,10,23,"(1,2,7,9)",2,7,3,3,28,20,8,20,8,1,0,20,0,1,1,20,8
4,10,23,"(1,2,7,9)",3,9,3,3,36,26,10,26,10,1,0,26,0,1,1,26,10
4,10,24,"(1,2,7,10)",0,1,3,3,4,4,0,4,0,1,0,4,0,1,0,4,0
4,10,24,"(1,2,7,10)",1,2,3,3,8,8,0,8,0,1,0,8,0,1,0,8,0
4,10,24,"(1,2,7,10)",2,7,3,3,28,20,8,20,8,1,0,20,0,1,1,20,8
4,10,24,"(1,2,7,10)",3,10,3,3,40,28,12,28,12,1,0,28,0,1,1,28,12
4,10,25,"(1,2,8,9)",0,1,3,3,4,0,4,0,4,1,0,0,0,1,1,0,4
4,10,25,"(1,2,8,9)",1,2,3,3,8,2,6,2,6,1,0,2,0,1,1,2,6
4,10,25,"(1,2,8,9)",2,8,3,3,32,24,8,24,8,1,0,24,0,1,1,24,8
4,10,25,"(1,2,8,9)",3,9,3,3,36,28,8,28,8,1,0,28,0,1,1,28,8
4,10,26,"(1,2,8,10)",0,1,3,3,4,4,0,4,0,1,0,4,0,1,0,4,0
4,10,26,"(1,2,8,10)",1,2,3,3,8,8,0,8,0,1,0,8,0,1,0,8,0
4,10,26,"(1,2,8,10)",2,8,3,3,32,24,8,24,8,1,0,24,0,1,1,24,8
4,10,26,"(1,2,8,10)",3,10,3,3,40,32,8,32,8,1,0,32,0,1,1,32,8
4,10,27,"(1,2,9,10)",0,1,3,3,4,4,0,4,0,1,0,4,0,1,0,4,0
4,10,27,"(1,2,9,10)",1,2,3,3,8,8,0,8,0,1,0,8,0,1,0,8,0
4,10,27,"(1,2,9,10)",2,9,3,3,36,28,8,28,8,1,0,28,0,1,1,28,8
4,10,27,"(1,2,9,10)",3,10,3,3,40,32,8,32,8,1,0,32,0,1,1,32,8
4,10,28,"(1,3,4,5)",0,1,3,3,4,4,0,4,0,1,0,4,0,1,0,4,0
4,10,28,"(1,3,4,5)",1,3,3,3,12,12,0,12,0,1,0,12,0,1,0,12,0
4,10,28,"(1,3,4,5)",2,4,3,3,16,14,2,14,2,1,0,14,0,1,1,14,2
4,10,28,"(1,3,4,5)",3,5,3,3,20,18,2,18,2,1,0,18,0,1,1,18,2
4,10,29,"(1,3,4,6)",0,1,3,3,4,0,4,0,4,1,0,0,0,1,1,0,4
4,10,29,"(1,3,4,6)",1,3,3,3,12,8,4,8,4,1,0,8,0,1,1,8,4
4,10,29,"(1,3,4,6)",2,4,3,3,16,10,6,10,6,1,0,10,0,1,1,10,6
4,10,29,"(1,3,4,6)",3,6,3,3,24,18,6,18,6,1,0,18,0,1,1,18,6
4,10,30,"(1,3,4,7)",0,1,3,3,4,0,4,0,4,1,0,0,0,1,1,0,4
4,10,30,"(1,3,4,7)",1,3,3,3,12,8,4,8,4,1,0,8,0,1,1,8,4
4,10,30,"(1,3,4,7)",2,4,3,3,16,12,4,12,4,1,0,12,0,1,1,12,4
4,10,30,"(1,3,4,7)",3,7,3,3,28,24,4,24,4,1,0,24,0,1,1,24,4
4,10,31,"(1,3,4,8)",0,1,3,3,4,0,4,0,4,1,0,0,0,1,1,0,4
4,10,31,"(1,3,4,8)",1,3,3,3,12,8,4,8,4,1,0,8,0,1,1,8,4
4,10,31,"(1,3,4,8)",2,4,3,3,16,10,6,10,6,1,0,10,0,1,1,10,6
4,10,31,"(1,3,4,8)",3,8,3,3,32,24,8,24,8,1,0,24,0,1,1,24,8
4,10,32,"(1,3,4,9)",0,1,3,3,4,0,4,0,4,1,0,0,0,1,1,0,4
4,10,32,"(1,3,4,9)",1,3,3,3,12,8,4,8,4,1,0,8,0,1,1,8,4
4,10,32,"(1,3,4,9)",2,4,3,3,16,12,4,12,4,1,0,12,0,1,1,12,4
4,10,32,"(1,3,4,9)",3,9,3,3,36,30,6,30,6,1,0,30,0,1,1,30,6
4,10,33,"(1,3,4,10)",0,1,3,3,4,4,0,4,0,1,0,4,0,1,0,4,0
4,10,33,"(1,3,4,10)",1,3,3,3,12,12,0,12,0,1,0,12,0,1,0,12,0
4,10,33,"(1,3,4,10)",2,4,3,3,16,14,2,14,2,1,0,14,0,1,1,14,2
4,10,33,"(1,3,4,10)",3,10,3,3,40,36,4,36,4,1,0,36,0,1,1,36,4
4,10,34,"(1,3,5,6)",0,1,3,3,4,4,0,4,0,1,0,4,0,1,0,4,0
4,10,34,"(1,3,5,6)",1,3,3,3,12,8,4,8,4,1,0,8,0,1,1,8,4
4,10,34,"(1,3,5,6)",2,5,3,3,20,16,4,16,4,1,0,16,0,1,1,16,4
4,10,34,"(1,3,5,6)",3,6,3,3,24,20,4,20,4,1,0,20,0,1,1,20,4
4,10,35,"(1,3,5,7)",0,1,3,3,4,4,0,4,0,1,0,4,0,1,0,4,0
4,10,35,"(1,3,5,7)",1,3,3,3,12,10,2,10,2,1,0,10,0,1,1,10,2
4,10,35,"(1,3,5,7)",2,5,3,3,20,16,4,16,4,1,0,16,0,1,1,16,4
4,10,35,"(1,3,5,7)",3,7,3,3,28,22,6,22,6,1,0,22,0,1,1,22,6
4,10,36,"(1,3,5,8)",0,1,3,3,4,4,0,4,0,1,0,4,0,1,0,4,0
4,10,36,"(1,3,5,8)",1,3,3,3,12,10,2,10,2,1,0,10,0,1,1,10,2
4,10,36,"(1,3,5,8)",2,5,3,3,20,18,2,18,2,1,0,18,0,1,1,18,2
4,10,36,"(1,3,5,8)",3,8,3,3,32,28,4,28,4,1,0,28,0,1,1,28,4
4,10,37,"(1,3,5,9)",0,1,3,3,4,4,0,4,0,1,0,4,0,1,0,4,0
4,10,37,"(1,3,5,9)",1,3,3,3,12,8,4,8,4,1,0,8,0,1,1,8,4
4,10,37,"(1,3,5,9)",2,5,3,3,20,18,2,18,2,1,0,18,0,1,1,18,2
4,10,37,"(1,3,5,9)",3,9,3,3,36,28,8,28,8,1,0,28,0,1,1,28,8
4,10,38,"(1,3,5,10)",0,1,3,3,4,4,0,4,0,1,0,4,0,1,0,4,0
4,10,38,"(1,3,5,10)",1,3,3,3,12,8,4,8,4,1,0,8,0,1,1,8,4
4,10,38,"(1,3,5,10)",2,5,3,3,20,14,6,14,6,1,0,14,0,1,1,14,6
4,10,38,"(1,3,5,10)",3,10,3,3,40,30,10,30,10,1,0,30,0,1,1,30,10
4,10,39,"(1,3,6,7)",0,1,3,3,4,0,4,0,4,1,0,0,0,1,1,0,4
4,10,39,"(1,3,6,7)",1,3,3,3,12,6,6,6,6,1,0,6,0,1,1,6,6
4,10,39,"(1,3,6,7)",2,6,3,3,24,16,8,16,8,1,0,16,0,1,1,16,8
4,10,39,"(1,3,6,7)",3,7,3,3,28,18,10,18,10,1,0,18,0,1,1,18,10
4,10,40,"(1,3,6,8)",0,1,3,3,4,0,4,0,4,1,0,0,0,1,1,0,4
4,10,40,"(1,3,6,8)",1,3,3,3,12,6,6,6,6,1,0,6,0,1,1,6,6
4,10,40,"(1,3,6,8)",2,6,3,3,24,16,8,16,8,1,0,16,0,1,1,16,8
4,10,40,"(1,3,6,8)",3,8,3,3,32,22,10,22,10,1,0,22,0,1,1,22,10
4,10,41,"(1,3,6,9)",0,1,3,3,4,0,4,0,4,1,0,0,0,1,1,0,4
4,10,41,"(1,3,6,9)",1,3,3,3,12,4,8,4,8,1,0,4,0,1,1,4,8
4,10,41,"(1,3,6,9)",2,6,3,3,24,16,8,16,8,1,0,16,0,1,1,16,8
4,10,41,"(1,3,6,9)",3,9,3,3,36,24,12,24,12,1,0,24,0,1,1,24,12
4,10,42,"(1,3,6,10)",0,1,3,3,4,4,0,4,0,1,0,4,0,1,0,4,0
4,10,42,"(1,3,6,10)",1,3,3,3,12,8,4,8,4,1,0,8,0,1,1,8,4
4,10,42,"(1,3,6,10)",2,6,3,3,24,16,8,16,8,1,0,16,0,1,1,16,8
4,10,42,"(1,3,6,10)",3,10,3,3,40,28,12,28,12,1,0,28,0,1,1,28,12
4,10,43,"(1,3,7,8)",0,1,3,3,4,0,4,0,4,1,0,0,0,1,1,0,4
4,10,43,"(1,3,7,8)",1,3,3,3,12,6,6,6,6,1,0,6,0,1,1,6,6
4,10,43,"(1,3,7,8)",2,7,3,3,28,22,6,22,6,1,0,22,0,1,1,22,6
4,10,43,"(1,3,7,8)",3,8,3,3,32,24,8,24,8,1,0,24,0,1,1,24,8
4,10,44,"(1,3,7,9)",0,1,3,3,4,0,4,0,4,1,0,0,0,1,1,0,4
4,10,44,"(1,3,7,9)",1,3,3,3,12,6,6,6,6,1,0,6,0,1,1,6,6
4,10,44,"(1,3,7,9)",2,7,3,3,28,20,8,20,8,1,0,20,0,1,1,20,8
4,10,44,"(1,3,7,9)",3,9,3,3,36,26,10,26,10,1,0,26,0,1,1,26,10
4,10,45,"(1,3,7,10)",0,1,3,3,4,4,0,4,0,1,0,4,0,1,0,4,0
4,10,45,"(1,3,7,10)",1,3,3,3,12,10,2,10,2,1,0,10,0,1,1,10,2
4,10,45,"(1,3,7,10)",2,7,3,3,28,22,6,22,6,1,0,22,0,1,1,22,6
4,10,45,"(1,3,7,10)",3,10,3,3,40,32,8,32,8,1,0,32,0,1,1,32,8
4,10,46,"(1,3,8,9)",0,1,3,3,4,0,4,0,4,1,0,0,0,1,1,0,4
4,10,46,"(1,3,8,9)",1,3,3,3,12,6,6,6,6,1,0,6,0,1,1,6,6
4,10,46,"(1,3,8,9)",2,8,3,3,32,26,6,26,6,1,0,26,0,1,1,26,6
4,10,46,"(1,3,8,9)",3,9,3,3,36,28,8,28,8,1,0,28,0,1,1,28,8
4,10,47,"(1,3,8,10)",0,1,3,3,4,4,0,4,0,1,0,4,0,1,0,4,0
4,10,47,"(1,3,8,10)",1,3,3,3,12,10,2,10,2,1,0,10,0,1,1,10,2
4,10,47,"(1,3,8,10)",2,8,3,3,32,24,8,24,8,1,0,24,0,1,1,24,8
4,10,47,"(1,3,8,10)",3,10,3,3,40,32,8,32,8,1,0,32,0,1,1,32,8
4,10,48,"(1,3,9,10)",0,1,3,3,4,4,0,4,0,1,0,4,0,1,0,4,0
4,10,48,"(1,3,9,10)",1,3,3,3,12,8,4,8,4,1,0,8,0,1,1,8,4
4,10,48,"(1,3,9,10)",2,9,3,3,36,28,8,28,8,1,0,28,0,1,1,28,8
4,10,48,"(1,3,9,10)",3,10,3,3,40,34,6,34,6,1,0,34,0,1,1,34,6
4,10,49,"(1,4,5,6)",0,1,3,3,4,4,0,4,0,1,0,4,0,1,0,4,0
4,10,49,"(1,4,5,6)",1,4,3,3,16,12,4,12,4,1,0,12,0,1,1,12,4
4,10,49,"(1,4,5,6)",2,5,3,3,20,18,2,18,2,1,0,18,0,1,1,18,2
4,10,49,"(1,4,5,6)",3,6,3,3,24,22,2,22,2,1,0,22,0,1,1,22,2
4,10,50,"(1,4,5,7)",0,1,3,3,4,4,0,4,0,1,0,4,0,1,0,4,0
4,10,50,"(1,4,5,7)",1,4,3,3,16,14,2,14,2,1,0,14,0,1,1,14,2
4,10,50,"(1,4,5,7)",2,5,3,3,20,16,4,16,4,1,0,16,0,1,1,16,4
4,10,50,"(1,4,5,7)",3,7,3,3,28,24,4,24,4,1,0,24,0,1,1,24,4
4,10,51,"(1,4,5,8)",0,1,3,3,4,4,0,4,0,1,0,4,0,1,0,4,0
4,10,51,"(1,4,5,8)",1,4,3,3,16,10,6,10,6,1,0,10,0,1,1,10,6
4,10,51,"(1,4,5,8)",2,5,3,3,20,16,4,16,4,1,0,16,0,1,1,16,4
4,10,51,"(1,4,5,8)",3,8,3,3,32,24,8,24,8,1,0,24,0,1,1,24,8
4,10,52,"(1,4,5,9)",0,1,3,3,4,4,0,4,0,1,0,4,0,1,0,4,0
4,10,52,"(1,4,5,9)",1,4,3,3,16,14,2,14,2,1,0,14,0,1,1,14,2
4,10,52,"(1,4,5,9)",2,5,3,3,20,18,2,18,2,1,0,18,0,1,1,18,2
4,10,52,"(1,4,5,9)",3,9,3,3,36,32,4,32,4,1,0,32,0,1,1,32,4
4,10,53,"(1,4,5,10)",0,1,3,3,4,4,0,4,0,1,0,4,0,1,0,4,0
4,10,53,"(1,4,5,10)",1,4,3,3,16,12,4,12,4,1,0,12,0,1,1,12,4
4,10,53,"(1,4,5,10)",2,5,3,3,20,14,6,14,6,1,0,14,0,1,1,14,6
4,10,53,"(1,4,5,10)",3,10,3,3,40,32,8,32,8,1,0,32,0,1,1,32,8
4,10,54,"(1,4,6,7)",0,1,3,3,4,0,4,0,4,1,0,0,0,1,1,0,4
4,10,54,"(1,4,6,7)",1,4,3,3,16,12,4,12,4,1,0,12,0,1,1,12,4
4,10,54,"(1,4,6,7)",2,6,3,3,24,18,6,18,6,1,0,18,0,1,1,18,6
4,10,54,"(1,4,6,7)",3,7,3,3,28,22,6,22,6,1,0,22,0,1,1,22,6
4,10,55,"(1,4,6,8)",0,1,3,3,4,0,4,0,4,1,0,0,0,1,1,0,4
4,10,55,"(1,4,6,8)",1,4,3,3,16,8,8,8,8,1,0,8,0,1,1,8,8
4,10,55,"(1,4,6,8)",2,6,3,3,24,16,8,16,8,1,0,16,0,1,1,16,8
4,10,55,"(1,4,6,8)",3,8,3,3,32,22,10,22,10,1,0,22,0,1,1,22,10
4,10,56,"(1,4,6,9)",0,1,3,3,4,0,4,0,4,1,0,0,0,1,1,0,4
4,10,56,"(1,4,6,9)",1,4,3,3,16,10,6,10,6,1,0,10,0,1,1,10,6
4,10,56,"(1,4,6,9)",2,6,3,3,24,16,8,16,8,1,0,16,0,1,1,16,8
4,10,56,"(1,4,6,9)",3,9,3,3,36,28,8,28,8,1,0,28,0,1,1,28,8
4,10,57,"(1,4,6,10)",0,1,3,3,4,4,0,4,0,1,0,4,0,1,0,4,0
4,10,57,"(1,4,6,10)",1,4,3,3,16,14,2,14,2,1,0,14,0,1,1,14,2
4,10,57,"(1,4,6,10)",2,6,3,3,24,20,4,20,4,1,0,20,0,1,1,20,4
4,10,57,"(1,4,6,10)",3,10,3,3,40,34,6,34,6,1,0,34,0,1,1,34,6
4,10,58,"(1,4,7,8)",0,1,3,3,4,0,4,0,4,1,0,0,0,1,1,0,4
4,10,58,"(1,4,7,8)",1,4,3,3,16,10,6,10,6,1,0,10,0,1,1,10,6
4,10,58,"(1,4,7,8)",2,7,3,3,28,20,8,20,8,1,0,20,0,1,1,20,8
4,10,58,"(1,4,7,8)",3,8,3,3,32,24,8,24,8,1,0,24,0,1,1,24,8
4,10,59,"(1,4,7,9)",0,1,3,3,4,0,4,0,4,1,0,0,0,1,1,0,4
4,10,59,"(1,4,7,9)",1,4,3,3,16,12,4,12,4,1,0,12,0,1,1,12,4
4,10,59,"(1,4,7,9)",2,7,3,3,28,22,6,22,6,1,0,22,0,1,1,22,6
4,10,59,"(1,4,7,9)",3,9,3,3,36,28,8,28,8,1,0,28,0,1,1,28,8
4,10,60,"(1,4,7,10)",0,1,3,3,4,4,0,4,0,1,0,4,0,1,0,4,0
4,10,60,"(1,4,7,10)",1,4,3,3,16,14,2,14,2,1,0,14,0,1,1,14,2
4,10,60,"(1,4,7,10)",2,7,3,3,28,24,4,24,4,1,0,24,0,1,1,24,4
4,10,60,"(1,4,7,10)",3,10,3,3,40,32,8,32,8,1,0,32,0,1,1,32,8
4,10,61,"(1,4,8,9)",0,1,3,3,4,0,4,0,4,1,0,0,0,1,1,0,4
4,10,61,"(1,4,8,9)",1,4,3,3,16,10,6,10,6,1,0,10,0,1,1,10,6
4,10,61,"(1,4,8,9)",2,8,3,3,32,26,6,26,6,1,0,26,0,1,1,26,6
4,10,61,"(1,4,8,9)",3,9,3,3,36,28,8,28,8,1,0,28,0,1,1,28,8
4,10,62,"(1,4,8,10)",0,1,3,3,4,4,0,4,0,1,0,4,0,1,0,4,0
4,10,62,"(1,4,8,10)",1,4,3,3,16,12,4,12,4,1,0,12,0,1,1,12,4
4,10,62,"(1,4,8,10)",2,8,3,3,32,24,8,24,8,1,0,24,0,1,1,24,8
4,10,62,"(1,4,8,10)",3,10,3,3,40,32,8,32,8,1,0,32,0,1,1,32,8
4,10,63,"(1,4,9,10)",0,1,3,3,4,4,0,4,0,1,0,4,0,1,0,4,0
4,10,63,"(1,4,9,10)",1,4,3,3,16,16,0,16,0,1,0,16,0,1,0,16,0
4,10,63,"(1,4,9,10)",2,9,3,3,36,30,6,30,6,1,0,30,0,1,1,30,6
4,10,63,"(1,4,9,10)",3,10,3,3,40,34,6,34,6,1,0,34,0,1,1,34,6
4,10,64,"(1,5,6,7)",0,1,3,3,4,4,0,4,0,1,0,4,0,1,0,4,0
4,10,64,"(1,5,6,7)",1,5,3,3,20,18,2,18,2,1,0,18,0,1,1,18,2
4,10,64,"(1,5,6,7)",2,6,3,3,24,22,2,22,2,1,0,22,0,1,1,22,2
4,10,64,"(1,5,6,7)",3,7,3,3,28,24,4,24,4,1,0,24,0,1,1,24,4
4,10,65,"(1,5,6,8)",0,1,3,3,4,4,0,4,0,1,0,4,0,1,0,4,0
4,10,65,"(1,5,6,8)",1,5,3,3,20,16,4,16,4,1,0,16,0,1,1,16,4
4,10,65,"(1,5,6,8)",2,6,3,3,24,20,4,20,4,1,0,20,0,1,1,20,4
4,10,65,"(1,5,6,8)",3,8,3,3,32,26,6,26,6,1,0,26,0,1,1,26,6
4,10,66,"(1,5,6,9)",0,1,3,3,4,4,0,4,0,1,0,4,0,1,0,4,0
4,10,66,"(1,5,6,9)",1,5,3,3,20,18,2,18,2,1,0,18,0,1,1,18,2
4,10,66,"(1,5,6,9)",2,6,3,3,24,18,6,18,6,1,0,18,0,1,1,18,6
4,10,66,"(1,5,6,9)",3,9,3,3,36,28,8,28,8,1,0,28,0,1,1,28,8
4,10,67,"(1,5,6,10)",0,1,3,3,4,4,0,4,0,1,0,4,0,1,0,4,0
4,10,67,"(1,5,6,10)",1,5,3,3,20,14,6,14,6,1,0,14,0,1,1,14,6
4,10,67,"(1,5,6,10)",2,6,3,3,24,20,4,20,4,1,0,20,0,1,1,20,4
4,10,67,"(1,5,6,10)",3,10,3,3,40,30,10,30,10,1,0,30,0,1,1,30,10
4,10,68,"(1,5,7,8)",0,1,3,3,4,4,0,4,0,1,0,4,0,1,0,4,0
4,10,68,"(1,5,7,8)",1,5,3,3,20,18,2,18,2,1,0,18,0,1,1,18,2
4,10,68,"(1,5,7,8)",2,7,3,3,28,22,6,22,6,1,0,22,0,1,1,22,6
4,10,68,"(1,5,7,8)",3,8,3,3,32,26,6,26,6,1,0,26,0,1,1,26,6
4,10,69,"(1,5,7,9)",0,1,3,3,4,4,0,4,0,1,0,4,0,1,0,4,0
4,10,69,"(1,5,7,9)",1,5,3,3,20,16,4,16,4,1,0,16,0,1,1,16,4
4,10,69,"(1,5,7,9)",2,7,3,3,28,24,4,24,4,1,0,24,0,1,1,24,4
4,10,69,"(1,5,7,9)",3,9,3,3,36,28,8,28,8,1,0,28,0,1,1,28,8
4,10,70,"(1,5,7,10)",0,1,3,3,4,4,0,4,0,1,0,4,0,1,0,4,0
4,10,70,"(1,5,7,10)",1,5,3,3,20,12,8,12,8,1,0,12,0,1,1,12,8
4,10,70,"(1,5,7,10)",2,7,3,3,28,22,6,22,6,1,0,22,0,1,1,22,6
4,10,70,"(1,5,7,10)",3,10,3,3,40,28,12,28,12,1,0,28,0,1,1,28,12
4,10,71,"(1,5,8,9)",0,1,3,3,4,4,0,4,0,1,0,4,0,1,0,4,0
4,10,71,"(1,5,8,9)",1,5,3,3,20,18,2,18,2,1,0,18,0,1,1,18,2
4,10,71,"(1,5,8,9)",2,8,3,3,32,26,6,26,6,1,0,26,0,1,1,26,6
4,10,71,"(1,5,8,9)",3,9,3,3,36,30,6,30,6,1,0,30,0,1,1,30,6
4,10,72,"(1,5,8,10)",0,1,3,3,4,4,0,4,0,1,0,4,0,1,0,4,0
4,10,72,"(1,5,8,10)",1,5,3,3,20,14,6,14,6,1,0,14,0,1,1,14,6
4,10,72,"(1,5,8,10)",2,8,3,3,32,22,10,22,10,1,0,22,0,1,1,22,10
4,10,72,"(1,5,8,10)",3,10,3,3,40,30,10,30,10,1,0,30,0,1,1,30,10
4,10,73,"(1,5,9,10)",0,1,3,3,4,4,0,4,0,1,0,4,0,1,0,4,0
4,10,73,"(1,5,9,10)",1,5,3,3,20,14,6,14,6,1,0,14,0,1,1,14,6
4,10,73,"(1,5,9,10)",2,9,3,3,36,28,8,28,8,1,0,28,0,1,1,28,8
4,10,73,"(1,5,9,10)",3,10,3,3,40,32,8,32,8,1,0,32,0,1,1,32,8
4,10,74,"(1,6,7,8)",0,1,3,3,4,0,4,0,4,1,0,0,0,1,1,0,4
4,10,74,"(1,6,7,8)",1,6,3,3,24,18,6,18,6,1,0,18,0,1,1,18,6
4,10,74,"(1,6,7,8)",2,7,3,3,28,22,6,22,6,1,0,22,0,1,1,22,6
4,10,74,"(1,6,7,8)",3,8,3,3,32,26,6,26,6,1,0,26,0,1,1,26,6
4,10,75,"(1,6,7,9)",0,1,3,3,4,0,4,0,4,1,0,0,0,1,1,0,4
4,10,75,"(1,6,7,9)",1,6,3,3,24,16,8,16,8,1,0,16,0,1,1,16,8
4,10,75,"(1,6,7,9)",2,7,3,3,28,20,8,20,8,1,0,20,0,1,1,20,8
4,10,75,"(1,6,7,9)",3,9,3,3,36,26,10,26,10,1,0,26,0,1,1,26,10
4,10,76,"(1,6,7,10)",0,1,3,3,4,4,0,4,0,1,0,4,0,1,0,4,0
4,10,76,"(1,6,7,10)",1,6,3,3,24,18,6,18,6,1,0,18,0,1,1,18,6
4,10,76,"(1,6,7,10)",2,7,3,3,28,20,8,20,8,1,0,20,0,1,1,20,8
4,10,76,"(1,6,7,10)",3,10,3,3,40,32,8,32,8,1,0,32,0,1,1,32,8
4,10,77,"(1,6,8,9)",0,1,3,3,4,0,4,0,4,1,0,0,0,1,1,0,4
4,10,77,"(1,6,8,9)",1,6,3,3,24,16,8,16,8,1,0,16,0,1,1,16,8
4,10,77,"(1,6,8,9)",2,8,3,3,32,24,8,24,8,1,0,24,0,1,1,24,8
4,10,77,"(1,6,8,9)",3,9,3,3,36,26,10,26,10,1,0,26,0,1,1,26,10
4,10,78,"(1,6,8,10)",0,1,3,3,4,4,0,4,0,1,0,4,0,1,0,4,0
4,10,78,"(1,6,8,10)",1,6,3,3,24,20,4,20,4,1,0,20,0,1,1,20,4
4,10,78,"(1,6,8,10)",2,8,3,3,32,24,8,24,8,1,0,24,0,1,1,24,8
4,10,78,"(1,6,8,10)",3,10,3,3,40,30,10,30,10,1,0,30,0,1,1,30,10
4,10,79,"(1,6,9,10)",0,1,3,3,4,4,0,4,0,1,0,4,0,1,0,4,0
4,10,79,"(1,6,9,10)",1,6,3,3,24,18,6,18,6,1,0,18,0,1,1,18,6
4,10,79,"(1,6,9,10)",2,9,3,3,36,26,10,26,10,1,0,26,0,1,1,26,10
4,10,79,"(1,6,9,10)",3,10,3,3,40,32,8,32,8,1,0,32,0,1,1,32,8
4,10,80,"(1,7,8,9)",0,1,3,3,4,0,4,0,4,1,0,0,0,1,1,0,4
4,10,80,"(1,7,8,9)",1,7,3,3,28,24,4,24,4,1,0,24,0,1,1,24,4
4,10,80,"(1,7,8,9)",2,8,3,3,32,26,6,26,6,1,0,26,0,1,1,26,6
4,10,80,"(1,7,8,9)",3,9,3,3,36,30,6,30,6,1,0,30,0,1,1,30,6
4,10,81,"(1,7,8,10)",0,1,3,3,4,4,0,4,0,1,0,4,0,1,0,4,0
4,10,81,"(1,7,8,10)",1,7,3,3,28,24,4,24,4,1,0,24,0,1,1,24,4
4,10,81,"(1,7,8,10)",2,8,3,3,32,24,8,24,8,1,0,24,0,1,1,24,8
4,10,81,"(1,7,8,10)",3,10,3,3,40,32,8,32,8,1,0,32,0,1,1,32,8
4,10,82,"(1,7,9,10)",0,1,3,3,4,4,0,4,0,1,0,4,0,1,0,4,0
4,10,82,"(1,7,9,10)",1,7,3,3,28,24,4,24,4,1,0,24,0,1,1,24,4
4,10,82,"(1,7,9,10)",2,9,3,3,36,28,8,28,8,1,0,28,0,1,1,28,8
4,10,82,"(1,7,9,10)",3,10,3,3,40,34,6,34,6,1,0,34,0,1,1,34,6
4,10,83,"(1,8,9,10)",0,1,3,3,4,4,0,4,0,1,0,4,0,1,0,4,0
4,10,83,"(1,8,9,10)",1,8,3,3,32,28,4,28,4,1,0,28,0,1,1,28,4
4,10,83,"(1,8,9,10)",2,9,3,3,36,32,4,32,4,1,0,32,0,1,1,32,4
4,10,83,"(1,8,9,10)",3,10,3,3,40,36,4,36,4,1,0,36,0,1,1,36,4
4,10,84,"(2,3,4,5)",0,2,3,3,8,6,2,6,2,1,0,6,0,1,1,6,2
4,10,84,"(2,3,4,5)",1,3,3,3,12,10,2,10,2,1,0,10,0,1,1,10,2
4,10,84,"(2,3,4,5)",2,4,3,3,16,12,4,12,4,1,0,12,0,1,1,12,4
4,10,84,"(2,3,4,5)",3,5,3,3,20,16,4,16,4,1,0,16,0,1,1,16,4
4,10,85,"(2,3,4,6)",0,2,3,3,8,2,6,2,6,1,0,2,0,1,1,2,6
4,10,85,"(2,3,4,6)",1,3,3,3,12,6,6,6,6,1,0,6,0,1,1,6,6
4,10,85,"(2,3,4,6)",2,4,3,3,16,10,6,10,6,1,0,10,0,1,1,10,6
4,10,85,"(2,3,4,6)",3,6,3,3,24,16,8,16,8,1,0,16,0,1,1,16,8
4,10,86,"(2,3,4,7)",0,2,3,3,8,2,6,2,6,1,0,2,0,1,1,2,6
4,10,86,"(2,3,4,7)",1,3,3,3,12,8,4,8,4,1,0,8,0,1,1,8,4
4,10,86,"(2,3,4,7)",2,4,3,3,16,10,6,10,6,1,0,10,0,1,1,10,6
4,10,86,"(2,3,4,7)",3,7,3,3,28,20,8,20,8,1,0,20,0,1,1,20,8
4,10,87,"(2,3,4,8)",0,2,3,3,8,2,6,2,6,1,0,2,0,1,1,2,6
4,10,87,"(2,3,4,8)",1,3,3,3,12,8,4,8,4,1,0,8,0,1,1,8,4
4,10,87,"(2,3,4,8)",2,4,3,3,16,8,8,8,8,1,0,8,0,1,1,8,8
4,10,87,"(2,3,4,8)",3,8,3,3,32,22,10,22,10,1,0,22,0,1,1,22,10
4,10,88,"(2,3,4,9)",0,2,3,3,8,4,4,4,4,1,0,4,0,1,1,4,4
4,10,88,"(2,3,4,9)",1,3,3,3,12,6,6,6,6,1,0,6,0,1,1,6,6
4,10,88,"(2,3,4,9)",2,4,3,3,16,10,6,10,6,1,0,10,0,1,1,10,6
4,10,88,"(2,3,4,9)",3,9,3,3,36,26,10,26,10,1,0,26,0,1,1,26,10
4,10,89,"(2,3,4,10)",0,2,3,3,8,8,0,8,0,1,0,8,0,1,0,8,0
4,10,89,"(2,3,4,10)",1,3,3,3,12,10,2,10,2,1,0,10,0,1,1,10,2
4,10,89,"(2,3,4,10)",2,4,3,3,16,14,2,14,2,1,0,14,0,1,1,14,2
4,10,89,"(2,3,4,10)",3,10,3,3,40,32,8,32,8,1,0,32,0,1,1,32,8
4,10,90,"(2,3,5,6)",0,2,3,3,8,6,2,6,2,1,0,6,0,1,1,6,2
4,10,90,"(2,3,5,6)",1,3,3,3,12,8,4,8,4,1,0,8,0,1,1,8,4
4,10,90,"(2,3,5,6)",2,5,3,3,20,16,4,16,4,1,0,16,0,1,1,16,4
4,10,90,"(2,3,5,6)",3,6,3,3,24,18,6,18,6,1,0,18,0,1,1,18,6
4,10,91,"(2,3,5,7)",0,2,3,3,8,6,2,6,2,1,0,6,0,1,1,6,2
4,10,91,"(2,3,5,7)",1,3,3,3,12,12,0,12,0,1,0,12,0,1,0,12,0
4,10,91,"(2,3,5,7)",2,5,3,3,20,18,2,18,2,1,0,18,0,1,1,18,2
4,10,91,"(2,3,5,7)",3,7,3,3,28,24,4,24,4,1,0,24,0,1,1,24,4
4,10,92,"(2,3,5,8)",0,2,3,3,8,6,2,6,2,1,0,6,0,1,1,6,2
4,10,92,"(2,3,5,8)",1,3,3,3,12,12,0,12,0,1,0,12,0,1,0,12,0
4,10,92,"(2,3,5,8)",2,5,3,3,20,18,2,18,2,1,0,18,0,1,1,18,2
4,10,92,"(2,3,5,8)",3,8,3,3,32,28,4,28,4,1,0,28,0,1,1,28,4
4,10,93,"(2,3,5,9)",0,2,3,3,8,8,0,8,0,1,0,8,0,1,0,8,0
4,10,93,"(2,3,5,9)",1,3,3,3,12,8,4,8,4,1,0,8,0,1,1,8,4
4,10,93,"(2,3,5,9)",2,5,3,3,20,18,2,18,2,1,0,18,0,1,1,18,2
4,10,93,"(2,3,5,9)",3,9,3,3,36,28,8,28,8,1,0,28,0,1,1,28,8
4,10,94,"(2,3,5,10)",0,2,3,3,8,8,0,8,0,1,0,8,0,1,0,8,0
4,10,94,"(2,3,5,10)",1,3,3,3,12,8,4,8,4,1,0,8,0,1,1,8,4
4,10,94,"(2,3,5,10)",2,5,3,3,20,14,6,14,6,1,0,14,0,1,1,14,6
4,10,94,"(2,3,5,10)",3,10,3,3,40,30,10,30,10,1,0,30,0,1,1,30,10
4,10,95,"(2,3,6,7)",0,2,3,3,8,2,6,2,6,1,0,2,0,1,1,2,6
4,10,95,"(2,3,6,7)",1,3,3,3,12,8,4,8,4,1,0,8,0,1,1,8,4
4,10,95,"(2,3,6,7)",2,6,3,3,24,16,8,16,8,1,0,16,0,1,1,16,8
4,10,95,"(2,3,6,7)",3,7,3,3,28,18,10,18,10,1,0,18,0,1,1,18,10
4,10,96,"(2,3,6,8)",0,2,3,3,8,2,6,2,6,1,0,2,0,1,1,2,6
4,10,96,"(2,3,6,8)",1,3,3,3,12,8,4,8,4,1,0,8,0,1,1,8,4
4,10,96,"(2,3,6,8)",2,6,3,3,24,18,6,18,6,1,0,18,0,1,1,18,6
4,10,96,"(2,3,6,8)",3,8,3,3,32,24,8,24,8,1,0,24,0,1,1,24,8
4,10,97,"(2,3,6,9)",0,2,3,3,8,4,4,4,4,1,0,4,0,1,1,4,4
4,10,97,"(2,3,6,9)",1,3,3,3,12,4,8,4,8,1,0,4,0,1,1,4,8
4,10,97,"(2,3,6,9)",2,6,3,3,24,16,8,16,8,1,0,16,0,1,1,16,8
4,10,97,"(2,3,6,9)",3,9,3,3,36,26,10,26,10,1,0,26,0,1,1,26,10
4,10,98,"(2,3,6,10)",0,2,3,3,8,8,0,8,0,1,0,8,0,1,0,8,0
4,10,98,"(2,3,6,10)",1,3,3,3,12,8,4,8,4,1,0,8,0,1,1,8,4
4,10,98,"(2,3,6,10)",2,6,3,3,24,18,6,18,6,1,0,18,0,1,1,18,6
4,10,98,"(2,3,6,10)",3,10,3,3,40,32,8,32,8,1,0,32,0,1,1,32,8
4,10,99,"(2,3,7,8)",0,2,3,3,8,2,6,2,6,1,0,2,0,1,1,2,6
4,10,99,"(2,3,7,8)",1,3,3,3,12,8,4,8,4,1,0,8,0,1,1,8,4
4,10,99,"(2,3,7,8)",2,7,3,3,28,22,6,22,6,1,0,22,0,1,1,22,6
4,10,99,"(2,3,7,8)",3,8,3,3,32,22,10,22,10,1,0,22,0,1,1,22,10
4,10,100,"(2,3,7,9)",0,2,3,3,8,4,4,4,4,1,0,4,0,1,1,4,4
4,10,100,"(2,3,7,9)",1,3,3,3,12,8,4,8,4,1,0,8,0,1,1,8,4
4,10,100,"(2,3,7,9)",2,7,3,3,28,20,8,20,8,1,0,20,0,1,1,20,8
4,10,100,"(2,3,7,9)",3,9,3,3,36,28,8,28,8,1,0,28,0,1,1,28,8
4,10,101,"(2,3,7,10)",0,2,3,3,8,8,0,8,0,1,0,8,0,1,0,8,0
4,10,101,"(2,3,7,10)",1,3,3,3,12,12,0,12,0,1,0,12,0,1,0,12,0
4,10,101,"(2,3,7,10)",2,7,3,3,28,22,6,22,6,1,0,22,0,1,1,22,6
4,10,101,"(2,3,7,10)",3,10,3,3,40,34,6,34,6,1,0,34,0,1,1,34,6
4,10,102,"(2,3,8,9)",0,2,3,3,8,4,4,4,4,1,0,4,0,1,1,4,4
4,10,102,"(2,3,8,9)",1,3,3,3,12,8,4,8,4,1,0,8,0,1,1,8,4
4,10,102,"(2,3,8,9)",2,8,3,3,32,24,8,24,8,1,0,24,0,1,1,24,8
4,10,102,"(2,3,8,9)",3,9,3,3,36,28,8,28,8,1,0,28,0,1,1,28,8
4,10,103,"(2,3,8,10)",0,2,3,3,8,8,0,8,0,1,0,8,0,1,0,8,0
4,10,103,"(2,3,8,10)",1,3,3,3,12,12,0,12,0,1,0,12,0,1,0,12,0
4,10,103,"(2,3,8,10)",2,8,3,3,32,26,6,26,6,1,0,26,0,1,1,26,6
4,10,103,"(2,3,8,10)",3,10,3,3,40,34,6,34,6,1,0,34,0,1,1,34,6
4,10,104,"(2,3,9,10)",0,2,3,3,8,8,0,8,0,1,0,8,0,1,0,8,0
4,10,104,"(2,3,9,10)",1,3,3,3,12,8,4,8,4,1,0,8,0,1,1,8,4
4,10,104,"(2,3,9,10)",2,9,3,3,36,26,10,26,10,1,0,26,0,1,1,26,10
4,10,104,"(2,3,9,10)",3,10,3,3,40,32,8,32,8,1,0,32,0,1,1,32,8
4,10,105,"(2,4,5,6)",0,2,3,3,8,4,4,4,4,1,0,4,0,1,1,4,4
4,10,105,"(2,4,5,6)",1,4,3,3,16,12,4,12,4,1,0,12,0,1,1,12,4
4,10,105,"(2,4,5,6)",2,5,3,3,20,18,2,18,2,1,0,18,0,1,1,18,2
4,10,105,"(2,4,5,6)",3,6,3,3,24,18,6,18,6,1,0,18,0,1,1,18,6
4,10,106,"(2,4,5,7)",0,2,3,3,8,6,2,6,2,1,0,6,0,1,1,6,2
4,10,106,"(2,4,5,7)",1,4,3,3,16,12,4,12,4,1,0,12,0,1,1,12,4
4,10,106,"(2,4,5,7)",2,5,3,3,20,16,4,16,4,1,0,16,0,1,1,16,4
4,10,106,"(2,4,5,7)",3,7,3,3,28,22,6,22,6,1,0,22,0,1,1,22,6
4,10,107,"(2,4,5,8)",0,2,3,3,8,4,4,4,4,1,0,4,0,1,1,4,4
4,10,107,"(2,4,5,8)",1,4,3,3,16,8,8,8,8,1,0,8,0,1,1,8,8
4,10,107,"(2,4,5,8)",2,5,3,3,20,16,4,16,4,1,0,16,0,1,1,16,4
4,10,107,"(2,4,5,8)",3,8,3,3,32,22,10,22,10,1,0,22,0,1,1,22,10
4,10,108,"(2,4,5,9)",0,2,3,3,8,6,2,6,2,1,0,6,0,1,1,6,2
4,10,108,"(2,4,5,9)",1,4,3,3,16,12,4,12,4,1,0,12,0,1,1,12,4
4,10,108,"(2,4,5,9)",2,5,3,3,20,16,4,16,4,1,0,16,0,1,1,16,4
4,10,108,"(2,4,5,9)",3,9,3,3,36,28,8,28,8,1,0,28,0,1,1,28,8
4,10,109,"(2,4,5,10)",0,2,3,3,8,8,0,8,0,1,0,8,0,1,0,8,0
4,10,109,"(2,4,5,10)",1,4,3,3,16,12,4,12,4,1,0,12,0,1,1,12,4
4,10,109,"(2,4,5,10)",2,5,3,3,20,12,8,12,8,1,0,12,0,1,1,12,8
4,10,109,"(2,4,5,10)",3,10,3,3,40,28,12,28,12,1,0,28,0,1,1,28,12
4,10,110,"(2,4,6,7)",0,2,3,3,8,2,6,2,6,1,0,2,0,1,1,2,6
4,10,110,"(2,4,6,7)",1,4,3,3,16,10,6,10,6,1,0,10,0,1,1,10,6
4,10,110,"(2,4,6,7)",2,6,3,3,24,16,8,16,8,1,0,16,0,1,1,16,8
4,10,110,"(2,4,6,7)",3,7,3,3,28,20,8,20,8,1,0,20,0,1,1,20,8
4,10,111,"(2,4,6,9)",0,2,3,3,8,2,6,2,6,1,0,2,0,1,1,2,6
4,10,111,"(2,4,6,9)",1,4,3,3,16,10,6,10,6,1,0,10,0,1,1,10,6
4,10,111,"(2,4,6,9)",2,6,3,3,24,14,10,14,10,1,0,14,0,1,1,14,10
4,10,111,"(2,4,6,9)",3,9,3,3,36,28,8,28,8,1,0,28,0,1,1,28,8
4,10,112,"(2,4,7,8)",0,2,3,3,8,2,6,2,6,1,0,2,0,1,1,2,6
4,10,112,"(2,4,7,8)",1,4,3,3,16,8,8,8,8,1,0,8,0,1,1,8,8
4,10,112,"(2,4,7,8)",2,7,3,3,28,18,10,18,10,1,0,18,0,1,1,18,10
4,10,112,"(2,4,7,8)",3,8,3,3,32,20,12,20,12,1,0,20,0,1,1,20,12
4,10,113,"(2,4,7,9)",0,2,3,3,8,4,4,4,4,1,0,4,0,1,1,4,4
4,10,113,"(2,4,7,9)",1,4,3,3,16,12,4,12,4,1,0,12,0,1,1,12,4
4,10,113,"(2,4,7,9)",2,7,3,3,28,20,8,20,8,1,0,20,0,1,1,20,8
4,10,113,"(2,4,7,9)",3,9,3,3,36,26,10,26,10,1,0,26,0,1,1,26,10
4,10,114,"(2,4,7,10)",0,2,3,3,8,8,0,8,0,1,0,8,0,1,0,8,0
4,10,114,"(2,4,7,10)",1,4,3,3,16,14,2,14,2,1,0,14,0,1,1,14,2
4,10,114,"(2,4,7,10)",2,7,3,3,28,22,6,22,6,1,0,22,0,1,1,22,6
4,10,114,"(2,4,7,10)",3,10,3,3,40,30,10,30,10,1,0,30,0,1,1,30,10
4,10,115,"(2,4,8,9)",0,2,3,3,8,2,6,2,6,1,0,2,0,1,1,2,6
4,10,115,"(2,4,8,9)",1,4,3,3,16,8,8,8,8,1,0,8,0,1,1,8,8
4,10,115,"(2,4,8,9)",2,8,3,3,32,22,10,22,10,1,0,22,0,1,1,22,10
4,10,115,"(2,4,8,9)",3,9,3,3,36,26,10,26,10,1,0,26,0,1,1,26,10
4,10,116,"(2,4,9,10)",0,2,3,3,8,8,0,8,0,1,0,8,0,1,0,8,0
4,10,116,"(2,4,9,10)",1,4,3,3,16,14,2,14,2,1,0,14,0,1,1,14,2
4,10,116,"(2,4,9,10)",2,9,3,3,36,26,10,26,10,1,0,26,0,1,1,26,10
4,10,116,"(2,4,9,10)",3,10,3,3,40,30,10,30,10,1,0,30,0,1,1,30,10
4,10,117,"(2,5,6,7)",0,2,3,3,8,6,2,6,2,1,0,6,0,1,1,6,2
4,10,117,"(2,5,6,7)",1,5,3,3,20,18,2,18,2,1,0,18,0,1,1,18,2
4,10,117,"(2,5,6,7)",2,6,3,3,24,22,2,22,2,1,0,22,0,1,1,22,2
4,10,117,"(2,5,6,7)",3,7,3,3,28,24,4,24,4,1,0,24,0,1,1,24,4
4,10,118,"(2,5,6,8)",0,2,3,3,8,4,4,4,4,1,0,4,0,1,1,4,4
4,10,118,"(2,5,6,8)",1,5,3,3,20,18,2,18,2,1,0,18,0,1,1,18,2
4,10,118,"(2,5,6,8)",2,6,3,3,24,20,4,20,4,1,0,20,0,1,1,20,4
4,10,118,"(2,5,6,8)",3,8,3,3,32,26,6,26,6,1,0,26,0,1,1,26,6
4,10,119,"(2,5,6,9)",0,2,3,3,8,6,2,6,2,1,0,6,0,1,1,6,2
4,10,119,"(2,5,6,9)",1,5,3,3,20,18,2,18,2,1,0,18,0,1,1,18,2
4,10,119,"(2,5,6,9)",2,6,3,3,24,18,6,18,6,1,0,18,0,1,1,18,6
4,10,119,"(2,5,6,9)",3,9,3,3,36,28,8,28,8,1,0,28,0,1,1,28,8
4,10,120,"(2,5,6,10)",0,2,3,3,8,8,0,8,0,1,0,8,0,1,0,8,0
4,10,120,"(2,5,6,10)",1,5,3,3,20,14,6,14,6,1,0,14,0,1,1,14,6
4,10,120,"(2,5,6,10)",2,6,3,3,24,20,4,20,4,1,0,20,0,1,1,20,4
4,10,120,"(2,5,6,10)",3,10,3,3,40,32,8,32,8,1,0,32,0,1,1,32,8
4,10,121,"(2,5,7,8)",0,2,3,3,8,6,2,6,2,1,0,6,0,1,1,6,2
4,10,121,"(2,5,7,8)",1,5,3,3,20,18,2,18,2,1,0,18,0,1,1,18,2
4,10,121,"(2,5,7,8)",2,7,3,3,28,24,4,24,4,1,0,24,0,1,1,24,4
4,10,121,"(2,5,7,8)",3,8,3,3,32,26,6,26,6,1,0,26,0,1,1,26,6
4,10,122,"(2,5,7,9)",0,2,3,3,8,8,0,8,0,1,0,8,0,1,0,8,0
4,10,122,"(2,5,7,9)",1,5,3,3,20,18,2,18,2,1,0,18,0,1,1,18,2
4,10,122,"(2,5,7,9)",2,7,3,3,28,26,2,26,2,1,0,26,0,1,1,26,2
4,10,122,"(2,5,7,9)",3,9,3,3,36,32,4,32,4,1,0,32,0,1,1,32,4
4,10,123,"(2,5,7,10)",0,2,3,3,8,8,0,8,0,1,0,8,0,1,0,8,0
4,10,123,"(2,5,7,10)",1,5,3,3,20,14,6,14,6,1,0,14,0,1,1,14,6
4,10,123,"(2,5,7,10)",2,7,3,3,28,24,4,24,4,1,0,24,0,1,1,24,4
4,10,123,"(2,5,7,10)",3,10,3,3,40,32,8,32,8,1,0,32,0,1,1,32,8
4,10,124,"(2,5,8,9)",0,2,3,3,8,6,2,6,2,1,0,6,0,1,1,6,2
4,10,124,"(2,5,8,9)",1,5,3,3,20,16,4,16,4,1,0,16,0,1,1,16,4
4,10,124,"(2,5,8,9)",2,8,3,3,32,26,6,26,6,1,0,26,0,1,1,26,6
4,10,124,"(2,5,8,9)",3,9,3,3,36,30,6,30,6,1,0,30,0,1,1,30,6
4,10,125,"(2,5,8,10)",0,2,3,3,8,8,0,8,0,1,0,8,0,1,0,8,0
4,10,125,"(2,5,8,10)",1,5,3,3,20,14,6,14,6,1,0,14,0,1,1,14,6
4,10,125,"(2,5,8,10)",2,8,3,3,32,24,8,24,8,1,0,24,0,1,1,24,8
4,10,125,"(2,5,8,10)",3,10,3,3,40,32,8,32,8,1,0,32,0,1,1,32,8
4,10,126,"(2,5,9,10)",0,2,3,3,8,8,0,8,0,1,0,8,0,1,0,8,0
4,10,126,"(2,5,9,10)",1,5,3,3,20,14,6,14,6,1,0,14,0,1,1,14,6
4,10,126,"(2,5,9,10)",2,9,3,3,36,26,10,26,10,1,0,26,0,1,1,26,10
4,10,126,"(2,5,9,10)",3,10,3,3,40,30,10,30,10,1,0,30,0,1,1,30,10
4,10,127,"(2,6,7,8)",0,2,3,3,8,2,6,2,6,1,0,2,0,1,1,2,6
4,10,127,"(2,6,7,8)",1,6,3,3,24,18,6,18,6,1,0,18,0,1,1,18,6
4,10,127,"(2,6,7,8)",2,7,3,3,28,24,4,24,4,1,0,24,0,1,1,24,4
4,10,127,"(2,6,7,8)",3,8,3,3,32,24,8,24,8,1,0,24,0,1,1,24,8
4,10,128,"(2,6,7,9)",0,2,3,3,8,4,4,4,4,1,0,4,0,1,1,4,4
4,10,128,"(2,6,7,9)",1,6,3,3,24,18,6,18,6,1,0,18,0,1,1,18,6
4,10,128,"(2,6,7,9)",2,7,3,3,28,20,8,20,8,1,0,20,0,1,1,20,8
4,10,128,"(2,6,7,9)",3,9,3,3,36,28,8,28,8,1,0,28,0,1,1,28,8
4,10,129,"(2,6,7,10)",0,2,3,3,8,8,0,8,0,1,0,8,0,1,0,8,0
4,10,129,"(2,6,7,10)",1,6,3,3,24,20,4,20,4,1,0,20,0,1,1,20,4
4,10,129,"(2,6,7,10)",2,7,3,3,28,22,6,22,6,1,0,22,0,1,1,22,6
4,10,129,"(2,6,7,10)",3,10,3,3,40,34,6,34,6,1,0,34,0,1,1,34,6
4,10,130,"(2,6,8,9)",0,2,3,3,8,2,6,2,6,1,0,2,0,1,1,2,6
4,10,130,"(2,6,8,9)",1,6,3,3,24,18,6,18,6,1,0,18,0,1,1,18,6
4,10,130,"(2,6,8,9)",2,8,3,3,32,24,8,24,8,1,0,24,0,1,1,24,8
4,10,130,"(2,6,8,9)",3,9,3,3,36,30,6,30,6,1,0,30,0,1,1,30,6
4,10,131,"(2,6,9,10)",0,2,3,3,8,8,0,8,0,1,0,8,0,1,0,8,0
4,10,131,"(2,6,9,10)",1,6,3,3,24,18,6,18,6,1,0,18,0,1,1,18,6
4,10,131,"(2,6,9,10)",2,9,3,3,36,28,8,28,8,1,0,28,0,1,1,28,8
4,10,131,"(2,6,9,10)",3,10,3,3,40,34,6,34,6,1,0,34,0,1,1,34,6
4,10,132,"(2,7,8,9)",0,2,3,3,8,4,4,4,4,1,0,4,0,1,1,4,4
4,10,132,"(2,7,8,9)",1,7,3,3,28,22,6,22,6,1,0,22,0,1,1,22,6
4,10,132,"(2,7,8,9)",2,8,3,3,32,26,6,26,6,1,0,26,0,1,1,26,6
4,10,132,"(2,7,8,9)",3,9,3,3,36,30,6,30,6,1,0,30,0,1,1,30,6
4,10,133,"(2,7,8,10)",0,2,3,3,8,8,0,8,0,1,0,8,0,1,0,8,0
4,10,133,"(2,7,8,10)",1,7,3,3,28,24,4,24,4,1,0,24,0,1,1,24,4
4,10,133,"(2,7,8,10)",2,8,3,3,32,24,8,24,8,1,0,24,0,1,1,24,8
4,10,133,"(2,7,8,10)",3,10,3,3,40,32,8,32,8,1,0,32,0,1,1,32,8
4,10,134,"(2,7,9,10)",0,2,3,3,8,8,0,8,0,1,0,8,0,1,0,8,0
4,10,134,"(2,7,9,10)",1,7,3,3,28,22,6,22,6,1,0,22,0,1,1,22,6
4,10,134,"(2,7,9,10)",2,9,3,3,36,28,8,28,8,1,0,28,0,1,1,28,8
4,10,134,"(2,7,9,10)",3,10,3,3,40,34,6,34,6,1,0,34,0,1,1,34,6
4,10,135,"(2,8,9,10)",0,2,3,3,8,8,0,8,0,1,0,8,0,1,0,8,0
4,10,135,"(2,8,9,10)",1,8,3,3,32,26,6,26,6,1,0,26,0,1,1,26,6
4,10,135,"(2,8,9,10)",2,9,3,3,36,32,4,32,4,1,0,32,0,1,1,32,4
4,10,135,"(2,8,9,10)",3,10,3,3,40,34,6,34,6,1,0,34,0,1,1,34,6
4,10,136,"(3,4,5,6)",0,3,3,3,12,8,4,8,4,1,0,8,0,1,1,8,4
4,10,136,"(3,4,5,6)",1,4,3,3,16,12,4,12,4,1,0,12,0,1,1,12,4
4,10,136,"(3,4,5,6)",2,5,3,3,20,14,6,14,6,1,0,14,0,1,1,14,6
4,10,136,"(3,4,5,6)",3,6,3,3,24,18,6,18,6,1,0,18,0,1,1,18,6
4,10,137,"(3,4,5,7)",0,3,3,3,12,10,2,10,2,1,0,10,0,1,1,10,2
4,10,137,"(3,4,5,7)",1,4,3,3,16,14,2,14,2,1,0,14,0,1,1,14,2
4,10,137,"(3,4,5,7)",2,5,3,3,20,18,2,18,2,1,0,18,0,1,1,18,2
4,10,137,"(3,4,5,7)",3,7,3,3,28,24,4,24,4,1,0,24,0,1,1,24,4
4,10,138,"(3,4,5,8)",0,3,3,3,12,10,2,10,2,1,0,10,0,1,1,10,2
4,10,138,"(3,4,5,8)",1,4,3,3,16,10,6,10,6,1,0,10,0,1,1,10,6
4,10,138,"(3,4,5,8)",2,5,3,3,20,14,6,14,6,1,0,14,0,1,1,14,6
4,10,138,"(3,4,5,8)",3,8,3,3,32,24,8,24,8,1,0,24,0,1,1,24,8
4,10,139,"(3,4,5,9)",0,3,3,3,12,8,4,8,4,1,0,8,0,1,1,8,4
4,10,139,"(3,4,5,9)",1,4,3,3,16,14,2,14,2,1,0,14,0,1,1,14,2
4,10,139,"(3,4,5,9)",2,5,3,3,20,16,4,16,4,1,0,16,0,1,1,16,4
4,10,139,"(3,4,5,9)",3,9,3,3,36,28,8,28,8,1,0,28,0,1,1,28,8
4,10,140,"(3,4,5,10)",0,3,3,3,12,8,4,8,4,1,0,8,0,1,1,8,4
4,10,140,"(3,4,5,10)",1,4,3,3,16,12,4,12,4,1,0,12,0,1,1,12,4
4,10,140,"(3,4,5,10)",2,5,3,3,20,12,8,12,8,1,0,12,0,1,1,12,8
4,10,140,"(3,4,5,10)",3,10,3,3,40,30,10,30,10,1,0,30,0,1,1,30,10
4,10,141,"(3,4,6,7)",0,3,3,3,12,6,6,6,6,1,0,6,0,1,1,6,6
4,10,141,"(3,4,6,7)",1,4,3,3,16,10,6,10,6,1,0,10,0,1,1,10,6
4,10,141,"(3,4,6,7)",2,6,3,3,24,16,8,16,8,1,0,16,0,1,1,16,8
4,10,141,"(3,4,6,7)",3,7,3,3,28,20,8,20,8,1,0,20,0,1,1,20,8
4,10,142,"(3,4,6,8)",0,3,3,3,12,6,6,6,6,1,0,6,0,1,1,6,6
4,10,142,"(3,4,6,8)",1,4,3,3,16,8,8,8,8,1,0,8,0,1,1,8,8
4,10,142,"(3,4,6,8)",2,6,3,3,24,14,10,14,10,1,0,14,0,1,1,14,10
4,10,142,"(3,4,6,8)",3,8,3,3,32,20,12,20,12,1,0,20,0,1,1,20,12
4,10,143,"(3,4,6,9)",0,3,3,3,12,4,8,4,8,1,0,4,0,1,1,4,8
4,10,143,"(3,4,6,9)",1,4,3,3,16,12,4,12,4,1,0,12,0,1,1,12,4
4,10,143,"(3,4,6,9)",2,6,3,3,24,16,8,16,8,1,0,16,0,1,1,16,8
4,10,143,"(3,4,6,9)",3,9,3,3,36,24,12,24,12,1,0,24,0,1,1,24,12
4,10,144,"(3,4,6,10)",0,3,3,3,12,8,4,8,4,1,0,8,0,1,1,8,4
4,10,144,"(3,4,6,10)",1,4,3,3,16,14,2,14,2,1,0,14,0,1,1,14,2
4,10,144,"(3,4,6,10)",2,6,3,3,24,18,6,18,6,1,0,18,0,1,1,18,6
4,10,144,"(3,4,6,10)",3,10,3,3,40,32,8,32,8,1,0,32,0,1,1,32,8
4,10,145,"(3,4,7,8)",0,3,3,3,12,6,6,6,6,1,0,6,0,1,1,6,6
4,10,145,"(3,4,7,8)",1,4,3,3,16,10,6,10,6,1,0,10,0,1,1,10,6
4,10,145,"(3,4,7,8)",2,7,3,3,28,20,8,20,8,1,0,20,0,1,1,20,8
4,10,145,"(3,4,7,8)",3,8,3,3,32,22,10,22,10,1,0,22,0,1,1,22,10
4,10,146,"(3,4,7,9)",0,3,3,3,12,6,6,6,6,1,0,6,0,1,1,6,6
4,10,146,"(3,4,7,9)",1,4,3,3,16,12,4,12,4,1,0,12,0,1,1,12,4
4,10,146,"(3,4,7,9)",2,7,3,3,28,20,8,20,8,1,0,20,0,1,1,20,8
4,10,146,"(3,4,7,9)",3,9,3,3,36,26,10,26,10,1,0,26,0,1,1,26,10
4,10,147,"(3,4,7,10)",0,3,3,3,12,10,2,10,2,1,0,10,0,1,1,10,2
4,10,147,"(3,4,7,10)",1,4,3,3,16,16,0,16,0,1,0,16,0,1,0,16,0
4,10,147,"(3,4,7,10)",2,7,3,3,28,26,2,26,2,1,0,26,0,1,1,26,2
4,10,147,"(3,4,7,10)",3,10,3,3,40,36,4,36,4,1,0,36,0,1,1,36,4
4,10,148,"(3,4,8,9)",0,3,3,3,12,6,6,6,6,1,0,6,0,1,1,6,6
4,10,148,"(3,4,8,9)",1,4,3,3,16,10,6,10,6,1,0,10,0,1,1,10,6
4,10,148,"(3,4,8,9)",2,8,3,3,32,22,10,22,10,1,0,22,0,1,1,22,10
4,10,148,"(3,4,8,9)",3,9,3,3,36,22,14,22,14,1,0,22,0,1,1,22,14
4,10,149,"(3,4,8,10)",0,3,3,3,12,10,2,10,2,1,0,10,0,1,1,10,2
4,10,149,"(3,4,8,10)",1,4,3,3,16,12,4,12,4,1,0,12,0,1,1,12,4
4,10,149,"(3,4,8,10)",2,8,3,3,32,22,10,22,10,1,0,22,0,1,1,22,10
4,10,149,"(3,4,8,10)",3,10,3,3,40,30,10,30,10,1,0,30,0,1,1,30,10
4,10,150,"(3,4,9,10)",0,3,3,3,12,8,4,8,4,1,0,8,0,1,1,8,4
4,10,150,"(3,4,9,10)",1,4,3,3,16,14,2,14,2,1,0,14,0,1,1,14,2
4,10,150,"(3,4,9,10)",2,9,3,3,36,26,10,26,10,1,0,26,0,1,1,26,10
4,10,150,"(3,4,9,10)",3,10,3,3,40,30,10,30,10,1,0,30,0,1,1,30,10
4,10,151,"(3,5,6,7)",0,3,3,3,12,8,4,8,4,1,0,8,0,1,1,8,4
4,10,151,"(3,5,6,7)",1,5,3,3,20,16,4,16,4,1,0,16,0,1,1,16,4
4,10,151,"(3,5,6,7)",2,6,3,3,24,18,6,18,6,1,0,18,0,1,1,18,6
4,10,151,"(3,5,6,7)",3,7,3,3,28,20,8,20,8,1,0,20,0,1,1,20,8
4,10,152,"(3,5,6,8)",0,3,3,3,12,8,4,8,4,1,0,8,0,1,1,8,4
4,10,152,"(3,5,6,8)",1,5,3,3,20,16,4,16,4,1,0,16,0,1,1,16,4
4,10,152,"(3,5,6,8)",2,6,3,3,24,18,6,18,6,1,0,18,0,1,1,18,6
4,10,152,"(3,5,6,8)",3,8,3,3,32,26,6,26,6,1,0,26,0,1,1,26,6
4,10,153,"(3,5,6,9)",0,3,3,3,12,4,8,4,8,1,0,4,0,1,1,4,8
4,10,153,"(3,5,6,9)",1,5,3,3,20,18,2,18,2,1,0,18,0,1,1,18,2
4,10,153,"(3,5,6,9)",2,6,3,3,24,16,8,16,8,1,0,16,0,1,1,16,8
4,10,153,"(3,5,6,9)",3,9,3,3,36,24,12,24,12,1,0,24,0,1,1,24,12
4,10,154,"(3,5,6,10)",0,3,3,3,12,4,8,4,8,1,0,4,0,1,1,4,8
4,10,154,"(3,5,6,10)",1,5,3,3,20,12,8,12,8,1,0,12,0,1,1,12,8
4,10,154,"(3,5,6,10)",2,6,3,3,24,16,8,16,8,1,0,16,0,1,1,16,8
4,10,154,"(3,5,6,10)",3,10,3,3,40,28,12,28,12,1,0,28,0,1,1,28,12
4,10,155,"(3,5,7,8)",0,3,3,3,12,8,4,8,4,1,0,8,0,1,1,8,4
4,10,155,"(3,5,7,8)",1,5,3,3,20,18,2,18,2,1,0,18,0,1,1,18,2
4,10,155,"(3,5,7,8)",2,7,3,3,28,24,4,24,4,1,0,24,0,1,1,24,4
4,10,155,"(3,5,7,8)",3,8,3,3,32,26,6,26,6,1,0,26,0,1,1,26,6
4,10,156,"(3,5,7,9)",0,3,3,3,12,8,4,8,4,1,0,8,0,1,1,8,4
4,10,156,"(3,5,7,9)",1,5,3,3,20,16,4,16,4,1,0,16,0,1,1,16,4
4,10,156,"(3,5,7,9)",2,7,3,3,28,22,6,22,6,1,0,22,0,1,1,22,6
4,10,156,"(3,5,7,9)",3,9,3,3,36,26,10,26,10,1,0,26,0,1,1,26,10
4,10,157,"(3,5,7,10)",0,3,3,3,12,8,4,8,4,1,0,8,0,1,1,8,4
4,10,157,"(3,5,7,10)",1,5,3,3,20,14,6,14,6,1,0,14,0,1,1,14,6
4,10,157,"(3,5,7,10)",2,7,3,3,28,24,4,24,4,1,0,24,0,1,1,24,4
4,10,157,"(3,5,7,10)",3,10,3,3,40,32,8,32,8,1,0,32,0,1,1,32,8
4,10,158,"(3,5,8,9)",0,3,3,3,12,8,4,8,4,1,0,8,0,1,1,8,4
4,10,158,"(3,5,8,9)",1,5,3,3,20,16,4,16,4,1,0,16,0,1,1,16,4
4,10,158,"(3,5,8,9)",2,8,3,3,32,26,6,26,6,1,0,26,0,1,1,26,6
4,10,158,"(3,5,8,9)",3,9,3,3,36,28,8,28,8,1,0,28,0,1,1,28,8
4,10,159,"(3,5,8,10)",0,3,3,3,12,8,4,8,4,1,0,8,0,1,1,8,4
4,10,159,"(3,5,8,10)",1,5,3,3,20,14,6,14,6,1,0,14,0,1,1,14,6
4,10,159,"(3,5,8,10)",2,8,3,3,32,24,8,24,8,1,0,24,0,1,1,24,8
4,10,159,"(3,5,8,10)",3,10,3,3,40,32,8,32,8,1,0,32,0,1,1,32,8
4,10,160,"(3,5,9,10)",0,3,3,3,12,4,8,4,8,1,0,4,0,1,1,4,8
4,10,160,"(3,5,9,10)",1,5,3,3,20,14,6,14,6,1,0,14,0,1,1,14,6
4,10,160,"(3,5,9,10)",2,9,3,3,36,24,12,24,12,1,0,24,0,1,1,24,12
4,10,160,"(3,5,9,10)",3,10,3,3,40,30,10,30,10,1,0,30,0,1,1,30,10
4,10,161,"(3,6,7,8)",0,3,3,3,12,4,8,4,8,1,0,4,0,1,1,4,8
4,10,161,"(3,6,7,8)",1,6,3,3,24,14,10,14,10,1,0,14,0,1,1,14,10
4,10,161,"(3,6,7,8)",2,7,3,3,28,20,8,20,8,1,0,20,0,1,1,20,8
4,10,161,"(3,6,7,8)",3,8,3,3,32,22,10,22,10,1,0,22,0,1,1,22,10
4,10,162,"(3,6,7,9)",0,3,3,3,12,4,8,4,8,1,0,4,0,1,1,4,8
4,10,162,"(3,6,7,9)",1,6,3,3,24,16,8,16,8,1,0,16,0,1,1,16,8
4,10,162,"(3,6,7,9)",2,7,3,3,28,20,8,20,8,1,0,20,0,1,1,20,8
4,10,162,"(3,6,7,9)",3,9,3,3,36,24,12,24,12,1,0,24,0,1,1,24,12
4,10,163,"(3,6,7,10)",0,3,3,3,12,8,4,8,4,1,0,8,0,1,1,8,4
4,10,163,"(3,6,7,10)",1,6,3,3,24,18,6,18,6,1,0,18,0,1,1,18,6
4,10,163,"(3,6,7,10)",2,7,3,3,28,22,6,22,6,1,0,22,0,1,1,22,6
4,10,163,"(3,6,7,10)",3,10,3,3,40,32,8,32,8,1,0,32,0,1,1,32,8
4,10,164,"(3,6,8,9)",0,3,3,3,12,4,8,4,8,1,0,4,0,1,1,4,8
4,10,164,"(3,6,8,9)",1,6,3,3,24,16,8,16,8,1,0,16,0,1,1,16,8
4,10,164,"(3,6,8,9)",2,8,3,3,32,26,6,26,6,1,0,26,0,1,1,26,6
4,10,164,"(3,6,8,9)",3,9,3,3,36,24,12,24,12,1,0,24,0,1,1,24,12
4,10,165,"(3,6,8,10)",0,3,3,3,12,8,4,8,4,1,0,8,0,1,1,8,4
4,10,165,"(3,6,8,10)",1,6,3,3,24,18,6,18,6,1,0,18,0,1,1,18,6
4,10,165,"(3,6,8,10)",2,8,3,3,32,24,8,24,8,1,0,24,0,1,1,24,8
4,10,165,"(3,6,8,10)",3,10,3,3,40,30,10,30,10,1,0,30,0,1,1,30,10
4,10,166,"(3,6,9,10)",0,3,3,3,12,4,8,4,8,1,0,4,0,1,1,4,8
4,10,166,"(3,6,9,10)",1,6,3,3,24,16,8,16,8,1,0,16,0,1,1,16,8
4,10,166,"(3,6,9,10)",2,9,3,3,36,24,12,24,12,1,0,24,0,1,1,24,12
4,10,166,"(3,6,9,10)",3,10,3,3,40,34,6,34,6,1,0,34,0,1,1,34,6
4,10,167,"(3,7,8,9)",0,3,3,3,12,4,8,4,8,1,0,4,0,1,1,4,8
4,10,167,"(3,7,8,9)",1,7,3,3,28,20,8,20,8,1,0,20,0,1,1,20,8
4,10,167,"(3,7,8,9)",2,8,3,3,32,22,10,22,10,1,0,22,0,1,1,22,10
4,10,167,"(3,7,8,9)",3,9,3,3,36,24,12,24,12,1,0,24,0,1,1,24,12
4,10,168,"(3,7,8,10)",0,3,3,3,12,8,4,8,4,1,0,8,0,1,1,8,4
4,10,168,"(3,7,8,10)",1,7,3,3,28,24,4,24,4,1,0,24,0,1,1,24,4
4,10,168,"(3,7,8,10)",2,8,3,3,32,24,8,24,8,1,0,24,0,1,1,24,8
4,10,168,"(3,7,8,10)",3,10,3,3,40,32,8,32,8,1,0,32,0,1,1,32,8
4,10,169,"(3,7,9,10)",0,3,3,3,12,8,4,8,4,1,0,8,0,1,1,8,4
4,10,169,"(3,7,9,10)",1,7,3,3,28,24,4,24,4,1,0,24,0,1,1,24,4
4,10,169,"(3,7,9,10)",2,9,3,3,36,28,8,28,8,1,0,28,0,1,1,28,8
4,10,169,"(3,7,9,10)",3,10,3,3,40,34,6,34,6,1,0,34,0,1,1,34,6
4,10,170,"(3,8,9,10)",0,3,3,3,12,8,4,8,4,1,0,8,0,1,1,8,4
4,10,170,"(3,8,9,10)",1,8,3,3,32,24,8,24,8,1,0,24,0,1,1,24,8
4,10,170,"(3,8,9,10)",2,9,3,3,36,26,10,26,10,1,0,26,0,1,1,26,10
4,10,170,"(3,8,9,10)",3,10,3,3,40,32,8,32,8,1,0,32,0,1,1,32,8
4,10,171,"(4,5,6,7)",0,4,3,3,16,12,4,12,4,1,0,12,0,1,1,12,4
4,10,171,"(4,5,6,7)",1,5,3,3,20,18,2,18,2,1,0,18,0,1,1,18,2
4,10,171,"(4,5,6,7)",2,6,3,3,24,20,4,20,4,1,0,20,0,1,1,20,4
4,10,171,"(4,5,6,7)",3,7,3,3,28,22,6,22,6,1,0,22,0,1,1,22,6
4,10,172,"(4,5,6,8)",0,4,3,3,16,8,8,8,8,1,0,8,0,1,1,8,8
4,10,172,"(4,5,6,8)",1,5,3,3,20,16,4,16,4,1,0,16,0,1,1,16,4
4,10,172,"(4,5,6,8)",2,6,3,3,24,18,6,18,6,1,0,18,0,1,1,18,6
4,10,172,"(4,5,6,8)",3,8,3,3,32,22,10,22,10,1,0,22,0,1,1,22,10
4,10,173,"(4,5,6,9)",0,4,3,3,16,12,4,12,4,1,0,12,0,1,1,12,4
4,10,173,"(4,5,6,9)",1,5,3,3,20,18,2,18,2,1,0,18,0,1,1,18,2
4,10,173,"(4,5,6,9)",2,6,3,3,24,18,6,18,6,1,0,18,0,1,1,18,6
4,10,173,"(4,5,6,9)",3,9,3,3,36,30,6,30,6,1,0,30,0,1,1,30,6
4,10,174,"(4,5,6,10)",0,4,3,3,16,12,4,12,4,1,0,12,0,1,1,12,4
4,10,174,"(4,5,6,10)",1,5,3,3,20,14,6,14,6,1,0,14,0,1,1,14,6
4,10,174,"(4,5,6,10)",2,6,3,3,24,20,4,20,4,1,0,20,0,1,1,20,4
4,10,174,"(4,5,6,10)",3,10,3,3,40,32,8,32,8,1,0,32,0,1,1,32,8
4,10,175,"(4,5,7,8)",0,4,3,3,16,10,6,10,6,1,0,10,0,1,1,10,6
4,10,175,"(4,5,7,8)",1,5,3,3,20,16,4,16,4,1,0,16,0,1,1,16,4
4,10,175,"(4,5,7,8)",2,7,3,3,28,20,8,20,8,1,0,20,0,1,1,20,8
4,10,175,"(4,5,7,8)",3,8,3,3,32,22,10,22,10,1,0,22,0,1,1,22,10
4,10,176,"(4,5,7,9)",0,4,3,3,16,14,2,14,2,1,0,14,0,1,1,14,2
4,10,176,"(4,5,7,9)",1,5,3,3,20,16,4,16,4,1,0,16,0,1,1,16,4
4,10,176,"(4,5,7,9)",2,7,3,3,28,24,4,24,4,1,0,24,0,1,1,24,4
4,10,176,"(4,5,7,9)",3,9,3,3,36,30,6,30,6,1,0,30,0,1,1,30,6
4,10,177,"(4,5,7,10)",0,4,3,3,16,12,4,12,4,1,0,12,0,1,1,12,4
4,10,177,"(4,5,7,10)",1,5,3,3,20,14,6,14,6,1,0,14,0,1,1,14,6
4,10,177,"(4,5,7,10)",2,7,3,3,28,24,4,24,4,1,0,24,0,1,1,24,4
4,10,177,"(4,5,7,10)",3,10,3,3,40,30,10,30,10,1,0,30,0,1,1,30,10
4,10,178,"(4,5,8,9)",0,4,3,3,16,10,6,10,6,1,0,10,0,1,1,10,6
4,10,178,"(4,5,8,9)",1,5,3,3,20,16,4,16,4,1,0,16,0,1,1,16,4
4,10,178,"(4,5,8,9)",2,8,3,3,32,24,8,24,8,1,0,24,0,1,1,24,8
4,10,178,"(4,5,8,9)",3,9,3,3,36,28,8,28,8,1,0,28,0,1,1,28,8
4,10,179,"(4,5,8,10)",0,4,3,3,16,8,8,8,8,1,0,8,0,1,1,8,8
4,10,179,"(4,5,8,10)",1,5,3,3,20,12,8,12,8,1,0,12,0,1,1,12,8
4,10,179,"(4,5,8,10)",2,8,3,3,32,20,12,20,12,1,0,20,0,1,1,20,12
4,10,179,"(4,5,8,10)",3,10,3,3,40,28,12,28,12,1,0,28,0,1,1,28,12
4,10,180,"(4,5,9,10)",0,4,3,3,16,12,4,12,4,1,0,12,0,1,1,12,4
4,10,180,"(4,5,9,10)",1,5,3,3,20,14,6,14,6,1,0,14,0,1,1,14,6
4,10,180,"(4,5,9,10)",2,9,3,3,36,28,8,28,8,1,0,28,0,1,1,28,8
4,10,180,"(4,5,9,10)",3,10,3,3,40,30,10,30,10,1,0,30,0,1,1,30,10
4,10,181,"(4,6,7,8)",0,4,3,3,16,8,8,8,8,1,0,8,0,1,1,8,8
4,10,181,"(4,6,7,8)",1,6,3,3,24,16,8,16,8,1,0,16,0,1,1,16,8
4,10,181,"(4,6,7,8)",2,7,3,3,28,20,8,20,8,1,0,20,0,1,1,20,8
4,10,181,"(4,6,7,8)",3,8,3,3,32,22,10,22,10,1,0,22,0,1,1,22,10
4,10,182,"(4,6,7,9)",0,4,3,3,16,10,6,10,6,1,0,10,0,1,1,10,6
4,10,182,"(4,6,7,9)",1,6,3,3,24,16,8,16,8,1,0,16,0,1,1,16,8
4,10,182,"(4,6,7,9)",2,7,3,3,28,18,10,18,10,1,0,18,0,1,1,18,10
4,10,182,"(4,6,7,9)",3,9,3,3,36,26,10,26,10,1,0,26,0,1,1,26,10
4,10,183,"(4,6,7,10)",0,4,3,3,16,14,2,14,2,1,0,14,0,1,1,14,2
4,10,183,"(4,6,7,10)",1,6,3,3,24,20,4,20,4,1,0,20,0,1,1,20,4
4,10,183,"(4,6,7,10)",2,7,3,3,28,24,4,24,4,1,0,24,0,1,1,24,4
4,10,183,"(4,6,7,10)",3,10,3,3,40,34,6,34,6,1,0,34,0,1,1,34,6
4,10,184,"(4,6,8,9)",0,4,3,3,16,8,8,8,8,1,0,8,0,1,1,8,8
4,10,184,"(4,6,8,9)",1,6,3,3,24,16,8,16,8,1,0,16,0,1,1,16,8
4,10,184,"(4,6,8,9)",2,8,3,3,32,22,10,22,10,1,0,22,0,1,1,22,10
4,10,184,"(4,6,8,9)",3,9,3,3,36,26,10,26,10,1,0,26,0,1,1,26,10
4,10,185,"(4,6,9,10)",0,4,3,3,16,14,2,14,2,1,0,14,0,1,1,14,2
4,10,185,"(4,6,9,10)",1,6,3,3,24,18,6,18,6,1,0,18,0,1,1,18,6
4,10,185,"(4,6,9,10)",2,9,3,3,36,28,8,28,8,1,0,28,0,1,1,28,8
4,10,185,"(4,6,9,10)",3,10,3,3,40,32,8,32,8,1,0,32,0,1,1,32,8
4,10,186,"(4,7,8,9)",0,4,3,3,16,10,6,10,6,1,0,10,0,1,1,10,6
4,10,186,"(4,7,8,9)",1,7,3,3,28,18,10,18,10,1,0,18,0,1,1,18,10
4,10,186,"(4,7,8,9)",2,8,3,3,32,22,10,22,10,1,0,22,0,1,1,22,10
4,10,186,"(4,7,8,9)",3,9,3,3,36,26,10,26,10,1,0,26,0,1,1,26,10
4,10,187,"(4,7,8,10)",0,4,3,3,16,12,4,12,4,1,0,12,0,1,1,12,4
4,10,187,"(4,7,8,10)",1,7,3,3,28,22,6,22,6,1,0,22,0,1,1,22,6
4,10,187,"(4,7,8,10)",2,8,3,3,32,22,10,22,10,1,0,22,0,1,1,22,10
4,10,187,"(4,7,8,10)",3,10,3,3,40,30,10,30,10,1,0,30,0,1,1,30,10
4,10,188,"(4,7,9,10)",0,4,3,3,16,14,2,14,2,1,0,14,0,1,1,14,2
4,10,188,"(4,7,9,10)",1,7,3,3,28,22,6,22,6,1,0,22,0,1,1,22,6
4,10,188,"(4,7,9,10)",2,9,3,3,36,28,8,28,8,1,0,28,0,1,1,28,8
4,10,188,"(4,7,9,10)",3,10,3,3,40,30,10,30,10,1,0,30,0,1,1,30,10
4,10,189,"(4,8,9,10)",0,4,3,3,16,12,4,12,4,1,0,12,0,1,1,12,4
4,10,189,"(4,8,9,10)",1,8,3,3,32,24,8,24,8,1,0,24,0,1,1,24,8
4,10,189,"(4,8,9,10)",2,9,3,3,36,28,8,28,8,1,0,28,0,1,1,28,8
4,10,189,"(4,8,9,10)",3,10,3,3,40,30,10,30,10,1,0,30,0,1,1,30,10
4,10,190,"(5,6,7,8)",0,5,3,3,20,16,4,16,4,1,0,16,0,1,1,16,4
4,10,190,"(5,6,7,8)",1,6,3,3,24,18,6,18,6,1,0,18,0,1,1,18,6
4,10,190,"(5,6,7,8)",2,7,3,3,28,22,6,22,6,1,0,22,0,1,1,22,6
4,10,190,"(5,6,7,8)",3,8,3,3,32,26,6,26,6,1,0,26,0,1,1,26,6
4,10,191,"(5,6,7,9)",0,5,3,3,20,16,4,16,4,1,0,16,0,1,1,16,4
4,10,191,"(5,6,7,9)",1,6,3,3,24,20,4,20,4,1,0,20,0,1,1,20,4
4,10,191,"(5,6,7,9)",2,7,3,3,28,22,6,22,6,1,0,22,0,1,1,22,6
4,10,191,"(5,6,7,9)",3,9,3,3,36,26,10,26,10,1,0,26,0,1,1,26,10
4,10,192,"(5,6,7,10)",0,5,3,3,20,14,6,14,6,1,0,14,0,1,1,14,6
4,10,192,"(5,6,7,10)",1,6,3,3,24,20,4,20,4,1,0,20,0,1,1,20,4
4,10,192,"(5,6,7,10)",2,7,3,3,28,22,6,22,6,1,0,22,0,1,1,22,6
4,10,192,"(5,6,7,10)",3,10,3,3,40,30,10,30,10,1,0,30,0,1,1,30,10
4,10,193,"(5,6,8,9)",0,5,3,3,20,14,6,14,6,1,0,14,0,1,1,14,6
4,10,193,"(5,6,8,9)",1,6,3,3,24,18,6,18,6,1,0,18,0,1,1,18,6
4,10,193,"(5,6,8,9)",2,8,3,3,32,24,8,24,8,1,0,24,0,1,1,24,8
4,10,193,"(5,6,8,9)",3,9,3,3,36,26,10,26,10,1,0,26,0,1,1,26,10
4,10,194,"(5,6,8,10)",0,5,3,3,20,12,8,12,8,1,0,12,0,1,1,12,8
4,10,194,"(5,6,8,10)",1,6,3,3,24,20,4,20,4,1,0,20,0,1,1,20,4
4,10,194,"(5,6,8,10)",2,8,3,3,32,24,8,24,8,1,0,24,0,1,1,24,8
4,10,194,"(5,6,8,10)",3,10,3,3,40,28,12,28,12,1,0,28,0,1,1,28,12
4,10,195,"(5,6,9,10)",0,5,3,3,20,14,6,14,6,1,0,14,0,1,1,14,6
4,10,195,"(5,6,9,10)",1,6,3,3,24,16,8,16,8,1,0,16,0,1,1,16,8
4,10,195,"(5,6,9,10)",2,9,3,3,36,24,12,24,12,1,0,24,0,1,1,24,12
4,10,195,"(5,6,9,10)",3,10,3,3,40,30,10,30,10,1,0,30,0,1,1,30,10
4,10,196,"(5,7,8,9)",0,5,3,3,20,16,4,16,4,1,0,16,0,1,1,16,4
4,10,196,"(5,7,8,9)",1,7,3,3,28,24,4,24,4,1,0,24,0,1,1,24,4
4,10,196,"(5,7,8,9)",2,8,3,3,32,26,6,26,6,1,0,26,0,1,1,26,6
4,10,196,"(5,7,8,9)",3,9,3,3,36,28,8,28,8,1,0,28,0,1,1,28,8
4,10,197,"(5,7,8,10)",0,5,3,3,20,14,6,14,6,1,0,14,0,1,1,14,6
4,10,197,"(5,7,8,10)",1,7,3,3,28,22,6,22,6,1,0,22,0,1,1,22,6
4,10,197,"(5,7,8,10)",2,8,3,3,32,22,10,22,10,1,0,22,0,1,1,22,10
4,10,197,"(5,7,8,10)",3,10,3,3,40,28,12,28,12,1,0,28,0,1,1,28,12
4,10,198,"(5,7,9,10)",0,5,3,3,20,12,8,12,8,1,0,12,0,1,1,12,8
4,10,198,"(5,7,9,10)",1,7,3,3,28,24,4,24,4,1,0,24,0,1,1,24,4
4,10,198,"(5,7,9,10)",2,9,3,3,36,26,10,26,10,1,0,26,0,1,1,26,10
4,10,198,"(5,7,9,10)",3,10,3,3,40,30,10,30,10,1,0,30,0,1,1,30,10
4,10,199,"(5,8,9,10)",0,5,3,3,20,12,8,12,8,1,0,12,0,1,1,12,8
4,10,199,"(5,8,9,10)",1,8,3,3,32,22,10,22,10,1,0,22,0,1,1,22,10
4,10,199,"(5,8,9,10)",2,9,3,3,36,28,8,28,8,1,0,28,0,1,1,28,8
4,10,199,"(5,8,9,10)",3,10,3,3,40,30,10,30,10,1,0,30,0,1,1,30,10
4,10,200,"(6,7,8,9)",0,6,3,3,24,14,10,14,10,1,0,14,0,1,1,14,10
4,10,200,"(6,7,8,9)",1,7,3,3,28,20,8,20,8,1,0,20,0,1,1,20,8
4,10,200,"(6,7,8,9)",2,8,3,3,32,24,8,24,8,1,0,24,0,1,1,24,8
4,10,200,"(6,7,8,9)",3,9,3,3,36,24,12,24,12,1,0,24,0,1,1,24,12
4,10,201,"(6,7,8,10)",0,6,3,3,24,18,6,18,6,1,0,18,0,1,1,18,6
4,10,201,"(6,7,8,10)",1,7,3,3,28,24,4,24,4,1,0,24,0,1,1,24,4
4,10,201,"(6,7,8,10)",2,8,3,3,32,26,6,26,6,1,0,26,0,1,1,26,6
4,10,201,"(6,7,8,10)",3,10,3,3,40,30,10,30,10,1,0,30,0,1,1,30,10
4,10,202,"(6,7,9,10)",0,6,3,3,24,16,8,16,8,1,0,16,0,1,1,16,8
4,10,202,"(6,7,9,10)",1,7,3,3,28,22,6,22,6,1,0,22,0,1,1,22,6
4,10,202,"(6,7,9,10)",2,9,3,3,36,26,10,26,10,1,0,26,0,1,1,26,10
4,10,202,"(6,7,9,10)",3,10,3,3,40,32,8,32,8,1,0,32,0,1,1,32,8
4,10,203,"(6,8,9,10)",0,6,3,3,24,18,6,18,6,1,0,18,0,1,1,18,6
4,10,203,"(6,8,9,10)",1,8,3,3,32,26,6,26,6,1,0,26,0,1,1,26,6
4,10,203,"(6,8,9,10)",2,9,3,3,36,28,8,28,8,1,0,28,0,1,1,28,8
4,10,203,"(6,8,9,10)",3,10,3,3,40,30,10,30,10,1,0,30,0,1,1,30,10
4,10,204,"(7,8,9,10)",0,7,3,3,28,22,6,22,6,1,0,22,0,1,1,22,6
4,10,204,"(7,8,9,10)",1,8,3,3,32,24,8,24,8,1,0,24,0,1,1,24,8
4,10,204,"(7,8,9,10)",2,9,3,3,36,28,8,28,8,1,0,28,0,1,1,28,8
4,10,204,"(7,8,9,10)",3,10,3,3,40,32,8,32,8,1,0,32,0,1,1,32,8
5,10,0,"(1,2,3,4,5)",0,1,4,3,5,3,2,3,2,12,0,3,1,6,1,3,2
5,10,0,"(1,2,3,4,5)",1,2,4,3,10,8,2,8,2,12,0,8,0,1,1,8,2
5,10,0,"(1,2,3,4,5)",2,3,4,3,15,13,2,13,2,12,1,13,5,6,1,13,2
5,10,0,"(1,2,3,4,5)",3,4,4,3,20,18,2,18,2,12,1,18,1,3,1,18,2
5,10,0,"(1,2,3,4,5)",4,5,4,3,25,23,2,23,2,12,0,23,5,6,1,23,2
5,10,1,"(1,2,3,4,6)",0,1,4,3,5,5,0,5,0,12,0,5,1,3,0,5,0
5,10,1,"(1,2,3,4,6)",1,2,4,3,10,8,2,8,2,12,0,8,1,3,1,8,2
5,10,1,"(1,2,3,4,6)",2,3,4,3,15,13,2,13,2,12,0,13,1,3,1,13,2
5,10,1,"(1,2,3,4,6)",3,4,4,3,20,16,4,16,4,12,1,16,1,3,1,16,4
5,10,1,"(1,2,3,4,6)",4,6,4,3,30,24,6,24,6,12,0,24,2,3,1,24,6
5,10,2,"(1,2,3,4,7)",0,1,4,3,5,3,2,3,2,12,0,3,1,6,1,3,2
5,10,2,"(1,2,3,4,7)",1,2,4,3,10,8,2,8,2,12,0,8,0,1,1,8,2
5,10,2,"(1,2,3,4,7)",2,3,4,3,15,11,4,11,4,12,2,11,7,6,1,11,4
5,10,2,"(1,2,3,4,7)",3,4,4,3,20,16,4,16,4,12,1,16,2,3,1,16,4
5,10,2,"(1,2,3,4,7)",4,7,4,3,35,29,6,29,6,12,0,29,5,6,1,29,6
5,10,3,"(1,2,3,4,8)",0,1,4,3,5,3,2,3,2,12,0,3,0,1,1,3,2
5,10,3,"(1,2,3,4,8)",1,2,4,3,10,6,4,6,4,12,1,6,1,3,1,6,4
5,10,3,"(1,2,3,4,8)",2,3,4,3,15,13,2,13,2,12,0,13,2,3,1,13,2
5,10,3,"(1,2,3,4,8)",3,4,4,3,20,14,6,14,6,12,1,14,2,3,1,14,6
5,10,3,"(1,2,3,4,8)",4,8,4,3,40,30,10,30,10,12,0,30,2,3,1,30,10
5,10,4,"(1,2,3,4,9)",0,1,4,3,5,3,2,3,2,12,0,3,1,2,1,3,2
5,10,4,"(1,2,3,4,9)",1,2,4,3,10,6,4,6,4,12,0,6,1,3,1,6,4
5,10,4,"(1,2,3,4,9)",2,3,4,3,15,11,4,11,4,12,5,11,3,2,1,11,4
5,10,4,"(1,2,3,4,9)",3,4,4,3,20,16,4,16,4,12,4,16,1,1,1,16,4
5,10,4,"(1,2,3,4,9)",4,9,4,3,45,35,10,35,10,12,0,35,3,2,1,35,10
5,10,5,"(1,2,3,4,10)",0,1,4,3,5,3,2,3,2,12,0,3,0,1,1,3,2
5,10,5,"(1,2,3,4,10)",1,2,4,3,10,6,4,6,4,12,0,6,0,1,1,6,4
5,10,5,"(1,2,3,4,10)",2,3,4,3,15,13,2,13,2,12,0,13,2,3,1,13,2
5,10,5,"(1,2,3,4,10)",3,4,4,3,20,16,4,16,4,12,1,16,1,3,1,16,4
5,10,5,"(1,2,3,4,10)",4,10,4,3,50,44,6,44,6,12,2,44,4,3,1,44,6
5,10,6,"(1,2,3,5,6)",0,1,4,3,5,5,0,5,0,12,0,5,1,2,0,5,0
5,10,6,"(1,2,3,5,6)",1,2,4,3,10,8,2,8,2,12,0,8,1,3,1,8,2
5,10,6,"(1,2,3,5,6)",2,3,4,3,15,13,2,13,2,12,0,13,1,2,1,13,2
5,10,6,"(1,2,3,5,6)",3,5,4,3,25,21,4,21,4,12,2,21,5,6,1,21,4
5,10,6,"(1,2,3,5,6)",4,6,4,3,30,26,4,26,4,12,0,26,1,3,1,26,4
5,10,7,"(1,2,3,5,7)",0,1,4,3,5,3,2,3,2,12,0,3,0,1,1,3,2
5,10,7,"(1,2,3,5,7)",1,2,4,3,10,6,4,6,4,12,1,6,1,3,1,6,4
5,10,7,"(1,2,3,5,7)",2,3,4,3,15,13,2,13,2,12,0,13,2,3,1,13,2
5,10,7,"(1,2,3,5,7)",3,5,4,3,25,21,4,21,4,12,4,21,4,3,1,21,4
5,10,7,"(1,2,3,5,7)",4,7,4,3,35,29,6,29,6,12,1,29,2,3,1,29,6
5,10,8,"(1,2,3,5,8)",0,1,4,3,5,3,2,3,2,12,0,3,1,6,1,3,2
5,10,8,"(1,2,3,5,8)",1,2,4,3,10,8,2,8,2,12,0,8,0,1,1,8,2
5,10,8,"(1,2,3,5,8)",2,3,4,3,15,11,4,11,4,12,4,11,7,6,1,11,4
5,10,8,"(1,2,3,5,8)",3,5,4,3,25,23,2,23,2,12,4,23,7,6,1,23,2
5,10,8,"(1,2,3,5,8)",4,8,4,3,40,36,4,36,4,12,0,36,1,3,1,36,4
5,10,9,"(1,2,3,5,9)",0,1,4,3,5,3,2,3,2,12,0,3,1,3,1,3,2
5,10,9,"(1,2,3,5,9)",1,2,4,3,10,6,4,6,4,12,0,6,1,3,1,6,4
5,10,9,"(1,2,3,5,9)",2,3,4,3,15,11,4,11,4,12,4,11,4,3,1,11,4
5,10,9,"(1,2,3,5,9)",3,5,4,3,25,21,4,21,4,12,4,21,4,3,1,21,4
5,10,9,"(1,2,3,5,9)",4,9,4,3,45,37,8,37,8,12,2,37,4,3,1,37,8
5,10,10,"(1,2,3,5,10)",0,1,4,3,5,3,2,3,2,12,0,3,1,6,1,3,2
5,10,10,"(1,2,3,5,10)",1,2,4,3,10,6,4,6,4,12,0,6,0,1,1,6,4
5,10,10,"(1,2,3,5,10)",2,3,4,3,15,11,4,11,4,12,4,11,7,6,1,11,4
5,10,10,"(1,2,3,5,10)",3,5,4,3,25,19,6,19,6,12,4,19,7,6,1,19,6
5,10,10,"(1,2,3,5,10)",4,10,4,3,50,42,8,42,8,12,1,42,2,3,1,42,8
5,10,11,"(1,2,3,6,7)",0,1,4,3,5,5,0,5,0,12,0,5,1,2,0,5,0
5,10,11,"(1,2,3,6,7)",1,2,4,3,10,8,2,8,2,12,0,8,1,3,1,8,2
5,10,11,"(1,2,3,6,7)",2,3,4,3,15,11,4,11,4,12,0,11,5,6,1,11,4
5,10,11,"(1,2,3,6,7)",3,6,4,3,30,22,8,22,8,12,4,22,4,3,1,22,8
5,10,11,"(1,2,3,6,7)",4,7,4,3,35,27,8,27,8,12,2,27,11,6,1,27,8
5,10,12,"(1,2,3,6,8)",0,1,4,3,5,5,0,5,0,12,0,5,1,3,0,5,0
5,10,12,"(1,2,3,6,8)",1,2,4,3,10,8,2,8,2,12,0,8,1,3,1,8,2
5,10,12,"(1,2,3,6,8)",2,3,4,3,15,11,4,11,4,12,0,11,2,3,1,11,4
5,10,12,"(1,2,3,6,8)",3,6,4,3,30,22,8,22,8,12,1,22,4,3,1,22,8
5,10,12,"(1,2,3,6,8)",4,8,4,3,40,30,10,30,10,12,4,30,2,1,1,30,10
5,10,13,"(1,2,3,6,9)",0,1,4,3,5,5,0,5,0,12,0,5,1,6,0,5,0
5,10,13,"(1,2,3,6,9)",1,2,4,3,10,6,4,6,4,12,0,6,0,1,1,6,4
5,10,13,"(1,2,3,6,9)",2,3,4,3,15,11,4,11,4,12,0,11,7,6,1,11,4
5,10,13,"(1,2,3,6,9)",3,6,4,3,30,20,10,20,10,12,0,20,1,1,1,20,10
5,10,13,"(1,2,3,6,9)",4,9,4,3,45,33,12,33,12,12,4,33,13,6,1,33,12
5,10,14,"(1,2,3,6,10)",0,1,4,3,5,5,0,5,0,12,0,5,1,3,0,5,0
5,10,14,"(1,2,3,6,10)",1,2,4,3,10,6,4,6,4,12,0,6,1,3,1,6,4
5,10,14,"(1,2,3,6,10)",2,3,4,3,15,11,4,11,4,12,0,11,2,3,1,11,4
5,10,14,"(1,2,3,6,10)",3,6,4,3,30,22,8,22,8,12,1,22,1,1,1,22,8
5,10,14,"(1,2,3,6,10)",4,10,4,3,50,40,10,40,10,12,4,40,2,1,1,40,10
5,10,15,"(1,2,3,7,8)",0,1,4,3,5,3,2,3,2,12,0,3,1,6,1,3,2
5,10,15,"(1,2,3,7,8)",1,2,4,3,10,8,2,8,2,12,0,8,0,1,1,8,2
5,10,15,"(1,2,3,7,8)",2,3,4,3,15,11,4,11,4,12,0,11,7,6,1,11,4
5,10,15,"(1,2,3,7,8)",3,7,4,3,35,27,8,27,8,12,4,27,3,2,1,27,8
5,10,15,"(1,2,3,7,8)",4,8,4,3,40,30,10,30,10,12,4,30,4,3,1,30,10
5,10,16,"(1,2,3,7,9)",0,1,4,3,5,3,2,3,2,12,0,3,1,3,1,3,2
5,10,16,"(1,2,3,7,9)",1,2,4,3,10,6,4,6,4,12,0,6,1,3,1,6,4
5,10,16,"(1,2,3,7,9)",2,3,4,3,15,11,4,11,4,12,0,11,2,3,1,11,4
5,10,16,"(1,2,3,7,9)",3,7,4,3,35,27,8,27,8,12,4,27,5,3,1,27,8
5,10,16,"(1,2,3,7,9)",4,9,4,3,45,33,12,33,12,12,4,33,2,1,1,33,12
5,10,17,"(1,2,3,7,10)",0,1,4,3,5,3,2,3,2,12,0,3,1,6,1,3,2
5,10,17,"(1,2,3,7,10)",1,2,4,3,10,6,4,6,4,12,0,6,0,1,1,6,4
5,10,17,"(1,2,3,7,10)",2,3,4,3,15,11,4,11,4,12,0,11,7,6,1,11,4
5,10,17,"(1,2,3,7,10)",3,7,4,3,35,29,6,29,6,12,4,29,7,6,1,29,6
5,10,17,"(1,2,3,7,10)",4,10,4,3,50,40,10,40,10,12,4,40,2,1,1,40,10
5,10,18,"(1,2,3,8,9)",0,1,4,3,5,3,2,3,2,12,0,3,1,2,1,3,2
5,10,18,"(1,2,3,8,9)",1,2,4,3,10,6,4,6,4,12,0,6,1,3,1,6,4
5,10,18,"(1,2,3,8,9)",2,3,4,3,15,11,4,11,4,12,0,11,5,6,1,11,4
5,10,18,"(1,2,3,8,9)",3,8,4,3,40,30,10,30,10,12,4,30,5,3,1,30,10
5,10,18,"(1,2,3,8,9)",4,9,4,3,45,35,10,35,10,12,4,35,11,6,1,35,10
5,10,19,"(1,2,3,8,10)",0,1,4,3,5,3,2,3,2,12,0,3,0,1,1,3,2
5,10,19,"(1,2,3,8,10)",1,2,4,3,10,6,4,6,4,12,0,6,0,1,1,6,4
5,10,19,"(1,2,3,8,10)",2,3,4,3,15,9,6,9,6,12,1,9,2,3,1,9,6
5,10,19,"(1,2,3,8,10)",3,8,4,3,40,32,8,32,8,12,1,32,4,3,1,32,8
5,10,19,"(1,2,3,8,10)",4,10,4,3,50,42,8,42,8,12,4,42,2,1,1,42,8
5,10,20,"(1,2,3,9,10)",0,1,4,3,5,3,2,3,2,12,0,3,1,2,1,3,2
5,10,20,"(1,2,3,9,10)",1,2,4,3,10,4,6,4,6,12,0,4,1,3,1,4,6
5,10,20,"(1,2,3,9,10)",2,3,4,3,15,11,4,11,4,12,0,11,5,6,1,11,4
5,10,20,"(1,2,3,9,10)",3,9,4,3,45,37,8,37,8,12,4,37,11,6,1,37,8
5,10,20,"(1,2,3,9,10)",4,10,4,3,50,40,10,40,10,12,4,40,7,3,1,40,10
5,10,21,"(1,2,4,5,6)",0,1,4,3,5,5,0,5,0,12,0,5,0,1,0,5,0
5,10,21,"(1,2,4,5,6)",1,2,4,3,10,10,0,10,0,12,0,10,0,1,0,10,0
5,10,21,"(1,2,4,5,6)",2,4,4,3,20,18,2,18,2,12,0,18,1,3,1,18,2
5,10,21,"(1,2,4,5,6)",3,5,4,3,25,21,4,21,4,12,0,21,2,3,1,21,4
5,10,21,"(1,2,4,5,6)",4,6,4,3,30,26,4,26,4,12,1,26,1,1,1,26,4
5,10,22,"(1,2,4,5,7)",0,1,4,3,5,1,4,1,4,12,0,1,1,6,1,1,4
5,10,22,"(1,2,4,5,7)",1,2,4,3,10,6,4,6,4,12,1,6,1,3,1,6,4
5,10,22,"(1,2,4,5,7)",2,4,4,3,20,16,4,16,4,12,1,16,1,1,1,16,4
5,10,22,"(1,2,4,5,7)",3,5,4,3,25,19,6,19,6,12,5,19,11,6,1,19,6
5,10,22,"(1,2,4,5,7)",4,7,4,3,35,27,8,27,8,12,1,27,3,2,1,27,8
5,10,23,"(1,2,4,5,8)",0,1,4,3,5,1,4,1,4,12,0,1,0,1,1,1,4
5,10,23,"(1,2,4,5,8)",1,2,4,3,10,6,4,6,4,12,0,6,1,3,1,6,4
5,10,23,"(1,2,4,5,8)",2,4,4,3,20,14,6,14,6,12,1,14,1,1,1,14,6
5,10,23,"(1,2,4,5,8)",3,5,4,3,25,19,6,19,6,12,1,19,5,3,1,19,6
5,10,23,"(1,2,4,5,8)",4,8,4,3,40,30,10,30,10,12,1,30,4,3,1,30,10
5,10,24,"(1,2,4,5,9)",0,1,4,3,5,3,2,3,2,12,0,3,1,6,1,3,2
5,10,24,"(1,2,4,5,9)",1,2,4,3,10,8,2,8,2,12,0,8,0,1,1,8,2
5,10,24,"(1,2,4,5,9)",2,4,4,3,20,16,4,16,4,12,4,16,4,3,1,16,4
5,10,24,"(1,2,4,5,9)",3,5,4,3,25,19,6,19,6,12,5,19,11,6,1,19,6
5,10,24,"(1,2,4,5,9)",4,9,4,3,45,37,8,37,8,12,0,37,11,6,1,37,8
5,10,25,"(1,2,4,5,10)",0,1,4,3,5,1,4,1,4,12,0,1,0,1,1,1,4
5,10,25,"(1,2,4,5,10)",1,2,4,3,10,6,4,6,4,12,0,6,0,1,1,6,4
5,10,25,"(1,2,4,5,10)",2,4,4,3,20,16,4,16,4,12,1,16,2,3,1,16,4
5,10,25,"(1,2,4,5,10)",3,5,4,3,25,19,6,19,6,12,0,19,1,1,1,19,6
5,10,25,"(1,2,4,5,10)",4,10,4,3,50,40,10,40,10,12,1,40,5,3,1,40,10
5,10,26,"(1,2,4,6,7)",0,1,4,3,5,5,0,5,0,12,0,5,0,1,0,5,0
5,10,26,"(1,2,4,6,7)",1,2,4,3,10,10,0,10,0,12,0,10,0,1,0,10,0
5,10,26,"(1,2,4,6,7)",2,4,4,3,20,16,4,16,4,12,0,16,2,3,1,16,4
5,10,26,"(1,2,4,6,7)",3,6,4,3,30,24,6,24,6,12,5,24,5,3,1,24,6
5,10,26,"(1,2,4,6,7)",4,7,4,3,35,31,4,31,4,12,0,31,2,3,1,31,4
5,10,27,"(1,2,4,6,8)",0,1,4,3,5,5,0,5,0,12,0,5,0,1,0,5,0
5,10,27,"(1,2,4,6,8)",1,2,4,3,10,8,2,8,2,12,0,8,1,3,1,8,2
5,10,27,"(1,2,4,6,8)",2,4,4,3,20,14,6,14,6,12,0,14,2,3,1,14,6
5,10,27,"(1,2,4,6,8)",3,6,4,3,30,24,6,24,6,12,1,24,5,3,1,24,6
5,10,27,"(1,2,4,6,8)",4,8,4,3,40,32,8,32,8,12,0,32,1,1,1,32,8
5,10,28,"(1,2,4,6,9)",0,1,4,3,5,5,0,5,0,12,1,5,1,3,0,5,0
5,10,28,"(1,2,4,6,9)",1,2,4,3,10,8,2,8,2,12,1,8,1,3,1,8,2
5,10,28,"(1,2,4,6,9)",2,4,4,3,20,14,6,14,6,12,4,14,4,3,1,14,6
5,10,28,"(1,2,4,6,9)",3,6,4,3,30,20,10,20,10,12,5,20,5,3,1,20,10
5,10,28,"(1,2,4,6,9)",4,9,4,3,45,35,10,35,10,12,0,35,4,3,1,35,10
5,10,29,"(1,2,4,6,10)",0,1,4,3,5,5,0,5,0,12,0,5,0,1,0,5,0
5,10,29,"(1,2,4,6,10)",1,2,4,3,10,8,2,8,2,12,0,8,0,1,1,8,2
5,10,29,"(1,2,4,6,10)",2,4,4,3,20,16,4,16,4,12,0,16,1,3,1,16,4
5,10,29,"(1,2,4,6,10)",3,6,4,3,30,26,4,26,4,12,0,26,1,1,1,26,4
5,10,29,"(1,2,4,6,10)",4,10,4,3,50,44,6,44,6,12,0,44,4,3,1,44,6
5,10,30,"(1,2,4,7,8)",0,1,4,3,5,1,4,1,4,12,0,1,0,1,1,1,4
5,10,30,"(1,2,4,7,8)",1,2,4,3,10,6,4,6,4,12,0,6,1,3,1,6,4
5,10,30,"(1,2,4,7,8)",2,4,4,3,20,14,6,14,6,12,0,14,1,3,1,14,6
5,10,30,"(1,2,4,7,8)",3,7,4,3,35,25,10,25,10,12,1,25,2,1,1,25,10
5,10,30,"(1,2,4,7,8)",4,8,4,3,40,26,14,26,14,12,5,26,2,1,1,26,14
5,10,31,"(1,2,4,7,9)",0,1,4,3,5,3,2,3,2,12,0,3,1,6,1,3,2
5,10,31,"(1,2,4,7,9)",1,2,4,3,10,8,2,8,2,12,0,8,0,1,1,8,2
5,10,31,"(1,2,4,7,9)",2,4,4,3,20,16,4,16,4,12,0,16,2,3,1,16,4
5,10,31,"(1,2,4,7,9)",3,7,4,3,35,23,12,23,12,12,5,23,17,6,1,23,12
5,10,31,"(1,2,4,7,9)",4,9,4,3,45,31,14,31,14,12,5,31,17,6,1,31,14
5,10,32,"(1,2,4,7,10)",0,1,4,3,5,1,4,1,4,12,0,1,0,1,1,1,4
5,10,32,"(1,2,4,7,10)",1,2,4,3,10,6,4,6,4,12,0,6,0,1,1,6,4
5,10,32,"(1,2,4,7,10)",2,4,4,3,20,14,6,14,6,12,1,14,1,1,1,14,6
5,10,32,"(1,2,4,7,10)",3,7,4,3,35,27,8,27,8,12,1,27,5,3,1,27,8
5,10,32,"(1,2,4,7,10)",4,10,4,3,50,36,14,36,14,12,5,36,10,3,1,36,14
5,10,33,"(1,2,4,8,9)",0,1,4,3,5,3,2,3,2,12,0,3,0,1,1,3,2
5,10,33,"(1,2,4,8,9)",1,2,4,3,10,6,4,6,4,12,0,6,1,3,1,6,4
5,10,33,"(1,2,4,8,9)",2,4,4,3,20,14,6,14,6,12,0,14,2,3,1,14,6
5,10,33,"(1,2,4,8,9)",3,8,4,3,40,26,14,26,14,12,5,26,7,3,1,26,14
5,10,33,"(1,2,4,8,9)",4,9,4,3,45,31,14,31,14,12,1,31,2,1,1,31,14
5,10,34,"(1,2,4,8,10)",0,1,4,3,5,1,4,1,4,12,0,1,0,1,1,1,4
5,10,34,"(1,2,4,8,10)",1,2,4,3,10,4,6,4,6,12,0,4,1,3,1,4,6
5,10,34,"(1,2,4,8,10)",2,4,4,3,20,14,6,14,6,12,0,14,2,3,1,14,6
5,10,34,"(1,2,4,8,10)",3,8,4,3,40,32,8,32,8,12,0,32,4,3,1,32,8
5,10,34,"(1,2,4,8,10)",4,10,4,3,50,38,12,38,12,12,1,38,8,3,1,38,12
5,10,35,"(1,2,4,9,10)",0,1,4,3,5,3,2,3,2,12,0,3,0,1,1,3,2
5,10,35,"(1,2,4,9,10)",1,2,4,3,10,6,4,6,4,12,0,6,0,1,1,6,4
5,10,35,"(1,2,4,9,10)",2,4,4,3,20,14,6,14,6,12,1,14,4,3,1,14,6
5,10,35,"(1,2,4,9,10)",3,9,4,3,45,39,6,39,6,12,0,39,5,3,1,39,6
5,10,35,"(1,2,4,9,10)",4,10,4,3,50,40,10,40,10,12,5,40,3,1,1,40,10
5,10,36,"(1,2,5,6,7)",0,1,4,3,5,5,0,5,0,12,0,5,1,6,0,5,0
5,10,36,"(1,2,5,6,7)",1,2,4,3,10,8,2,8,2,12,0,8,1,3,1,8,2
5,10,36,"(1,2,5,6,7)",2,5,4,3,25,21,4,21,4,12,0,21,3,2,1,21,4
5,10,36,"(1,2,5,6,7)",3,6,4,3,30,26,4,26,4,12,4,26,4,3,1,26,4
5,10,36,"(1,2,5,6,7)",4,7,4,3,35,31,4,31,4,12,2,31,3,2,1,31,4
5,10,37,"(1,2,5,6,8)",0,1,4,3,5,5,0,5,0,12,0,5,0,1,0,5,0
5,10,37,"(1,2,5,6,8)",1,2,4,3,10,10,0,10,0,12,0,10,0,1,0,10,0
5,10,37,"(1,2,5,6,8)",2,5,4,3,25,23,2,23,2,12,0,23,1,1,1,23,2
5,10,37,"(1,2,5,6,8)",3,6,4,3,30,26,4,26,4,12,1,26,4,3,1,26,4
5,10,37,"(1,2,5,6,8)",4,8,4,3,40,36,4,36,4,12,4,36,5,3,1,36,4
5,10,38,"(1,2,5,6,9)",0,1,4,3,5,5,0,5,0,12,1,5,1,2,0,5,0
5,10,38,"(1,2,5,6,9)",1,2,4,3,10,8,2,8,2,12,1,8,1,3,1,8,2
5,10,38,"(1,2,5,6,9)",2,5,4,3,25,19,6,19,6,12,5,19,11,6,1,19,6
5,10,38,"(1,2,5,6,9)",3,6,4,3,30,22,8,22,8,12,4,22,4,3,1,22,8
5,10,38,"(1,2,5,6,9)",4,9,4,3,45,37,8,37,8,12,5,37,5,2,1,37,8
5,10,39,"(1,2,5,6,10)",0,1,4,3,5,5,0,5,0,12,0,5,0,1,0,5,0
5,10,39,"(1,2,5,6,10)",1,2,4,3,10,8,2,8,2,12,0,8,0,1,1,8,2
5,10,39,"(1,2,5,6,10)",2,5,4,3,25,19,6,19,6,12,0,19,1,1,1,19,6
5,10,39,"(1,2,5,6,10)",3,6,4,3,30,24,6,24,6,12,1,24,4,3,1,24,6
5,10,39,"(1,2,5,6,10)",4,10,4,3,50,40,10,40,10,12,4,40,2,1,1,40,10
5,10,40,"(1,2,5,7,8)",0,1,4,3,5,1,4,1,4,12,0,1,1,6,1,1,4
5,10,40,"(1,2,5,7,8)",1,2,4,3,10,6,4,6,4,12,0,6,1,3,1,6,4
5,10,40,"(1,2,5,7,8)",2,5,4,3,25,21,4,21,4,12,2,21,3,2,1,21,4
5,10,40,"(1,2,5,7,8)",3,7,4,3,35,29,6,29,6,12,4,29,3,2,1,29,6
5,10,40,"(1,2,5,7,8)",4,8,4,3,40,32,8,32,8,12,4,32,5,3,1,32,8
5,10,41,"(1,2,5,7,9)",0,1,4,3,5,3,2,3,2,12,0,3,0,1,1,3,2
5,10,41,"(1,2,5,7,9)",1,2,4,3,10,6,4,6,4,12,0,6,1,3,1,6,4
5,10,41,"(1,2,5,7,9)",2,5,4,3,25,21,4,21,4,12,0,21,4,3,1,21,4
5,10,41,"(1,2,5,7,9)",3,7,4,3,35,27,8,27,8,12,4,27,2,1,1,27,8
5,10,41,"(1,2,5,7,9)",4,9,4,3,45,35,10,35,10,12,1,35,2,1,1,35,10
5,10,42,"(1,2,5,7,10)",0,1,4,3,5,1,4,1,4,12,0,1,1,6,1,1,4
5,10,42,"(1,2,5,7,10)",1,2,4,3,10,4,6,4,6,12,0,4,1,3,1,4,6
5,10,42,"(1,2,5,7,10)",2,5,4,3,25,17,8,18,7,12,1,18,13,6,1,18,7
5,10,42,"(1,2,5,7,10)",3,7,4,3,35,25,10,25,10,12,4,25,13,6,1,25,10
5,10,42,"(1,2,5,7,10)",4,10,4,3,50,36,14,36,14,12,4,36,8,3,1,36,14
5,10,43,"(1,2,5,8,9)",0,1,4,3,5,3,2,3,2,12,0,3,1,6,1,3,2
5,10,43,"(1,2,5,8,9)",1,2,4,3,10,8,2,8,2,12,0,8,0,1,1,8,2
5,10,43,"(1,2,5,8,9)",2,5,4,3,25,21,4,22,3,12,4,22,13,6,1,22,3
5,10,43,"(1,2,5,8,9)",3,8,4,3,40,30,10,30,10,12,4,30,7,3,1,30,10
5,10,43,"(1,2,5,8,9)",4,9,4,3,45,35,10,35,10,12,5,35,17,6,1,35,10
5,10,44,"(1,2,5,8,10)",0,1,4,3,5,1,4,1,4,12,0,1,0,1,1,1,4
5,10,44,"(1,2,5,8,10)",1,2,4,3,10,6,4,6,4,12,0,6,0,1,1,6,4
5,10,44,"(1,2,5,8,10)",2,5,4,3,25,21,4,21,4,12,0,21,4,3,1,21,4
5,10,44,"(1,2,5,8,10)",3,8,4,3,40,32,8,32,8,12,1,32,2,1,1,32,8
5,10,44,"(1,2,5,8,10)",4,10,4,3,50,40,10,40,10,12,4,40,7,3,1,40,10
5,10,45,"(1,2,5,9,10)",0,1,4,3,5,3,2,3,2,12,0,3,1,6,1,3,2
5,10,45,"(1,2,5,9,10)",1,2,4,3,10,6,4,6,4,12,0,6,0,1,1,6,4
5,10,45,"(1,2,5,9,10)",2,5,4,3,25,19,6,19,6,12,0,19,7,6,1,19,6
5,10,45,"(1,2,5,9,10)",3,9,4,3,45,35,10,35,10,12,5,35,19,6,1,35,10
5,10,45,"(1,2,5,9,10)",4,10,4,3,50,40,10,40,10,12,4,40,7,3,1,40,10
5,10,46,"(1,2,6,7,8)",0,1,4,3,5,5,0,5,0,12,0,5,0,1,0,5,0
5,10,46,"(1,2,6,7,8)",1,2,4,3,10,10,0,10,0,12,0,10,0,1,0,10,0
5,10,46,"(1,2,6,7,8)",2,6,4,3,30,26,4,26,4,12,0,26,4,3,1,26,4
5,10,46,"(1,2,6,7,8)",3,7,4,3,35,31,4,31,4,12,1,31,5,3,1,31,4
5,10,46,"(1,2,6,7,8)",4,8,4,3,40,34,6,34,6,12,0,34,4,3,1,34,6
5,10,47,"(1,2,6,7,9)",0,1,4,3,5,5,0,5,0,12,0,5,1,2,0,5,0
5,10,47,"(1,2,6,7,9)",1,2,4,3,10,8,2,8,2,12,0,8,1,3,1,8,2
5,10,47,"(1,2,6,7,9)",2,6,4,3,30,22,8,22,8,12,0,22,4,3,1,22,8
5,10,47,"(1,2,6,7,9)",3,7,4,3,35,29,6,29,6,12,5,29,5,2,1,29,6
5,10,47,"(1,2,6,7,9)",4,9,4,3,45,35,10,35,10,12,0,35,13,6,1,35,10
5,10,48,"(1,2,6,7,10)",0,1,4,3,5,5,0,5,0,12,0,5,0,1,0,5,0
5,10,48,"(1,2,6,7,10)",1,2,4,3,10,8,2,8,2,12,0,8,0,1,1,8,2
5,10,48,"(1,2,6,7,10)",2,6,4,3,30,24,6,24,6,12,1,24,2,1,1,24,6
5,10,48,"(1,2,6,7,10)",3,7,4,3,35,29,6,29,6,12,1,29,2,1,1,29,6
5,10,48,"(1,2,6,7,10)",4,10,4,3,50,40,10,40,10,12,0,40,7,3,1,40,10
5,10,49,"(1,2,6,8,9)",0,1,4,3,5,5,0,5,0,12,0,5,1,3,0,5,0
5,10,49,"(1,2,6,8,9)",1,2,4,3,10,8,2,8,2,12,0,8,1,3,1,8,2
5,10,49,"(1,2,6,8,9)",2,6,4,3,30,22,8,22,8,12,0,22,4,3,1,22,8
5,10,49,"(1,2,6,8,9)",3,8,4,3,40,32,8,34,6,12,0,34,8,3,1,34,6
5,10,49,"(1,2,6,8,9)",4,9,4,3,45,37,8,37,8,12,0,37,5,3,1,37,8
5,10,50,"(1,2,6,8,10)",0,1,4,3,5,5,0,5,0,12,0,5,0,1,0,5,0
5,10,50,"(1,2,6,8,10)",1,2,4,3,10,8,2,8,2,12,0,8,0,1,1,8,2
5,10,50,"(1,2,6,8,10)",2,6,4,3,30,24,6,24,6,12,1,24,4,3,1,24,6
5,10,50,"(1,2,6,8,10)",3,8,4,3,40,34,6,34,6,12,1,34,7,3,1,34,6
5,10,50,"(1,2,6,8,10)",4,10,4,3,50,44,6,44,6,12,0,44,2,1,1,44,6
5,10,51,"(1,2,6,9,10)",0,1,4,3,5,5,0,5,0,12,0,5,1,3,0,5,0
5,10,51,"(1,2,6,9,10)",1,2,4,3,10,6,4,6,4,12,0,6,1,3,1,6,4
5,10,51,"(1,2,6,9,10)",2,6,4,3,30,22,8,22,8,12,0,22,1,1,1,22,8
5,10,51,"(1,2,6,9,10)",3,9,4,3,45,37,8,37,8,12,1,37,8,3,1,37,8
5,10,51,"(1,2,6,9,10)",4,10,4,3,50,38,12,40,10,12,2,40,11,3,1,40,10
5,10,52,"(1,2,7,8,9)",0,1,4,3,5,3,2,3,2,12,0,3,1,6,1,3,2
5,10,52,"(1,2,7,8,9)",1,2,4,3,10,8,2,8,2,12,0,8,0,1,1,8,2
5,10,52,"(1,2,7,8,9)",2,7,4,3,35,27,8,27,8,12,5,27,13,6,1,27,8
5,10,52,"(1,2,7,8,9)",3,8,4,3,40,30,10,30,10,12,0,30,5,3,1,30,10
5,10,52,"(1,2,7,8,9)",4,9,4,3,45,35,10,35,10,12,0,35,13,6,1,35,10
5,10,53,"(1,2,7,8,10)",0,1,4,3,5,1,4,1,4,12,0,1,0,1,1,1,4
5,10,53,"(1,2,7,8,10)",1,2,4,3,10,6,4,6,4,12,0,6,0,1,1,6,4
5,10,53,"(1,2,7,8,10)",2,7,4,3,35,31,4,31,4,12,0,31,5,3,1,31,4
5,10,53,"(1,2,7,8,10)",3,8,4,3,40,32,8,32,8,12,1,32,2,1,1,32,8
5,10,53,"(1,2,7,8,10)",4,10,4,3,50,38,12,40,10,12,0,40,3,1,1,40,10
5,10,54,"(1,2,7,9,10)",0,1,4,3,5,3,2,3,2,12,0,3,1,6,1,3,2
5,10,54,"(1,2,7,9,10)",1,2,4,3,10,6,4,6,4,12,0,6,0,1,1,6,4
5,10,54,"(1,2,7,9,10)",2,7,4,3,35,27,8,27,8,12,2,27,13,6,1,27,8
5,10,54,"(1,2,7,9,10)",3,9,4,3,45,35,10,36,9,12,1,36,19,6,1,36,9
5,10,54,"(1,2,7,9,10)",4,10,4,3,50,40,10,40,10,12,0,40,2,1,1,40,10
5,10,55,"(1,2,8,9,10)",0,1,4,3,5,3,2,3,2,12,0,3,0,1,1,3,2
5,10,55,"(1,2,8,9,10)",1,2,4,3,10,6,4,6,4,12,0,6,0,1,1,6,4
5,10,55,"(1,2,8,9,10)",2,8,4,3,40,32,8,32,8,12,1,32,2,1,1,32,8
5,10,55,"(1,2,8,9,10)",3,9,4,3,45,39,6,39,6,12,1,39,7,3,1,39,6
5,10,55,"(1,2,8,9,10)",4,10,4,3,50,42,8,42,8,12,2,42,8,3,1,42,8
5,10,56,"(1,3,4,5,6)",0,1,4,3,5,5,0,5,0,12,0,5,1,2,0,5,0
5,10,56,"(1,3,4,5,6)",1,3,4,3,15,13,2,13,2,12,0,13,1,2,1,13,2
5,10,56,"(1,3,4,5,6)",2,4,4,3,20,18,2,18,2,12,0,18,1,1,1,18,2
5,10,56,"(1,3,4,5,6)",3,5,4,3,25,23,2,23,2,12,2,23,1,2,1,23,2
5,10,56,"(1,3,4,5,6)",4,6,4,3,30,28,2,28,2,12,1,28,1,3,1,28,2
5,10,57,"(1,3,4,5,7)",0,1,4,3,5,3,2,3,2,12,0,3,0,1,1,3,2
5,10,57,"(1,3,4,5,7)",1,3,4,3,15,13,2,13,2,12,0,13,2,3,1,13,2
5,10,57,"(1,3,4,5,7)",2,4,4,3,20,16,4,16,4,12,5,16,5,3,1,16,4
5,10,57,"(1,3,4,5,7)",3,5,4,3,25,23,2,23,2,12,4,23,1,1,1,23,2
5,10,57,"(1,3,4,5,7)",4,7,4,3,35,31,4,31,4,12,2,31,1,1,1,31,4
5,10,58,"(1,3,4,5,8)",0,1,4,3,5,3,2,3,2,12,0,3,1,6,1,3,2
5,10,58,"(1,3,4,5,8)",1,3,4,3,15,11,4,11,4,12,5,11,7,6,1,11,4
5,10,58,"(1,3,4,5,8)",2,4,4,3,20,16,4,16,4,12,0,16,2,3,1,16,4
5,10,58,"(1,3,4,5,8)",3,5,4,3,25,21,4,21,4,12,4,21,3,2,1,21,4
5,10,58,"(1,3,4,5,8)",4,8,4,3,40,34,6,34,6,12,1,34,2,3,1,34,6
5,10,59,"(1,3,4,5,9)",0,1,4,3,5,3,2,3,2,12,0,3,1,3,1,3,2
5,10,59,"(1,3,4,5,9)",1,3,4,3,15,13,2,13,2,12,0,13,1,3,1,13,2
5,10,59,"(1,3,4,5,9)",2,4,4,3,20,18,2,18,2,12,5,18,5,3,1,18,2
5,10,59,"(1,3,4,5,9)",3,5,4,3,25,23,2,23,2,12,4,23,1,1,1,23,2
5,10,59,"(1,3,4,5,9)",4,9,4,3,45,43,2,43,2,12,0,43,1,3,1,43,2
5,10,60,"(1,3,4,5,10)",0,1,4,3,5,3,2,3,2,12,0,3,1,6,1,3,2
5,10,60,"(1,3,4,5,10)",1,3,4,3,15,11,4,11,4,12,5,11,7,6,1,11,4
5,10,60,"(1,3,4,5,10)",2,4,4,3,20,16,4,16,4,12,2,16,4,3,1,16,4
5,10,60,"(1,3,4,5,10)",3,5,4,3,25,21,4,21,4,12,4,21,5,6,1,21,4
5,10,60,"(1,3,4,5,10)",4,10,4,3,50,44,6,44,6,12,2,44,4,3,1,44,6
5,10,61,"(1,3,4,6,7)",0,1,4,3,5,5,0,5,0,12,0,5,1,2,0,5,0
5,10,61,"(1,3,4,6,7)",1,3,4,3,15,13,2,13,2,12,0,13,1,2,1,13,2
5,10,61,"(1,3,4,6,7)",2,4,4,3,20,16,4,16,4,12,0,16,4,3,1,16,4
5,10,61,"(1,3,4,6,7)",3,6,4,3,30,26,4,26,4,12,4,26,1,1,1,26,4
5,10,61,"(1,3,4,6,7)",4,7,4,3,35,31,4,31,4,12,2,31,11,6,1,31,4
5,10,62,"(1,3,4,6,8)",0,1,4,3,5,5,0,5,0,12,0,5,1,3,0,5,0
5,10,62,"(1,3,4,6,8)",1,3,4,3,15,13,2,13,2,12,0,13,1,3,1,13,2
5,10,62,"(1,3,4,6,8)",2,4,4,3,20,14,6,14,6,12,0,14,4,3,1,14,6
5,10,62,"(1,3,4,6,8)",3,6,4,3,30,24,6,24,6,12,4,24,4,3,1,24,6
5,10,62,"(1,3,4,6,8)",4,8,4,3,40,30,10,30,10,12,4,30,2,1,1,30,10
5,10,63,"(1,3,4,6,9)",0,1,4,3,5,5,0,5,0,12,0,5,1,6,0,5,0
5,10,63,"(1,3,4,6,9)",1,3,4,3,15,13,2,13,2,12,0,13,5,6,1,13,2
5,10,63,"(1,3,4,6,9)",2,4,4,3,20,18,2,18,2,12,0,18,2,3,1,18,2
5,10,63,"(1,3,4,6,9)",3,6,4,3,30,24,6,24,6,12,1,24,2,3,1,24,6
5,10,63,"(1,3,4,6,9)",4,9,4,3,45,37,8,37,8,12,4,37,3,2,1,37,8
5,10,64,"(1,3,4,6,10)",0,1,4,3,5,5,0,5,0,12,0,5,1,3,0,5,0
5,10,64,"(1,3,4,6,10)",1,3,4,3,15,13,2,13,2,12,0,13,1,3,1,13,2
5,10,64,"(1,3,4,6,10)",2,4,4,3,20,16,4,16,4,12,0,16,1,1,1,16,4
5,10,64,"(1,3,4,6,10)",3,6,4,3,30,26,4,26,4,12,0,26,2,3,1,26,4
5,10,64,"(1,3,4,6,10)",4,10,4,3,50,44,6,44,6,12,5,44,7,3,1,44,6
5,10,65,"(1,3,4,7,8)",0,1,4,3,5,3,2,3,2,12,0,3,1,6,1,3,2
5,10,65,"(1,3,4,7,8)",1,3,4,3,15,13,2,13,2,12,0,13,5,6,1,13,2
5,10,65,"(1,3,4,7,8)",2,4,4,3,20,14,6,14,6,12,0,14,1,1,1,14,6
5,10,65,"(1,3,4,7,8)",3,7,4,3,35,27,8,27,8,12,4,27,13,6,1,27,8
5,10,65,"(1,3,4,7,8)",4,8,4,3,40,30,10,30,10,12,4,30,4,3,1,30,10
5,10,66,"(1,3,4,7,9)",0,1,4,3,5,3,2,3,2,12,0,3,1,3,1,3,2
5,10,66,"(1,3,4,7,9)",1,3,4,3,15,11,4,11,4,12,5,11,4,3,1,11,4
5,10,66,"(1,3,4,7,9)",2,4,4,3,20,18,2,18,2,12,0,18,1,1,1,18,2
5,10,66,"(1,3,4,7,9)",3,7,4,3,35,29,6,29,6,12,4,29,2,1,1,29,6
5,10,66,"(1,3,4,7,9)",4,9,4,3,45,37,8,37,8,12,4,37,4,3,1,37,8
5,10,67,"(1,3,4,7,10)",0,1,4,3,5,3,2,3,2,12,0,3,1,6,1,3,2
5,10,67,"(1,3,4,7,10)",1,3,4,3,15,13,2,13,2,12,0,13,5,6,1,13,2
5,10,67,"(1,3,4,7,10)",2,4,4,3,20,16,4,16,4,12,0,16,2,3,1,16,4
5,10,67,"(1,3,4,7,10)",3,7,4,3,35,31,4,31,4,12,4,31,3,2,1,31,4
5,10,67,"(1,3,4,7,10)",4,10,4,3,50,46,4,46,4,12,1,46,4,3,1,46,4
5,10,68,"(1,3,4,8,9)",0,1,4,3,5,3,2,3,2,12,0,3,1,2,1,3,2
5,10,68,"(1,3,4,8,9)",1,3,4,3,15,13,2,13,2,12,0,13,1,2,1,13,2
5,10,68,"(1,3,4,8,9)",2,4,4,3,20,16,4,16,4,12,0,16,1,1,1,16,4
5,10,68,"(1,3,4,8,9)",3,8,4,3,40,32,8,32,8,12,4,32,4,3,1,32,8
5,10,68,"(1,3,4,8,9)",4,9,4,3,45,35,10,35,10,12,4,35,11,6,1,35,10
5,10,69,"(1,3,4,8,10)",0,1,4,3,5,3,2,3,2,12,0,3,0,1,1,3,2
5,10,69,"(1,3,4,8,10)",1,3,4,3,15,11,4,11,4,12,1,11,1,3,1,11,4
5,10,69,"(1,3,4,8,10)",2,4,4,3,20,14,6,14,6,12,0,14,4,3,1,14,6
5,10,69,"(1,3,4,8,10)",3,8,4,3,40,32,8,32,8,12,0,32,4,3,1,32,8
5,10,69,"(1,3,4,8,10)",4,10,4,3,50,40,10,40,10,12,5,40,10,3,1,40,10
5,10,70,"(1,3,4,9,10)",0,1,4,3,5,3,2,3,2,12,0,3,1,2,1,3,2
5,10,70,"(1,3,4,9,10)",1,3,4,3,15,13,2,13,2,12,0,13,1,2,1,13,2
5,10,70,"(1,3,4,9,10)",2,4,4,3,20,16,4,16,4,12,2,16,5,3,1,16,4
5,10,70,"(1,3,4,9,10)",3,9,4,3,45,41,4,41,4,12,4,41,7,6,1,41,4
5,10,70,"(1,3,4,9,10)",4,10,4,3,50,44,6,44,6,12,5,44,8,3,1,44,6
5,10,71,"(1,3,5,6,7)",0,1,4,3,5,5,0,5,0,12,0,5,1,3,0,5,0
5,10,71,"(1,3,5,6,7)",1,3,4,3,15,15,0,15,0,12,0,15,0,1,0,15,0
5,10,71,"(1,3,5,6,7)",2,5,4,3,25,21,4,21,4,12,0,21,4,3,1,21,4
5,10,71,"(1,3,5,6,7)",3,6,4,3,30,26,4,26,4,12,4,26,1,1,1,26,4
5,10,71,"(1,3,5,6,7)",4,7,4,3,35,29,6,29,6,12,2,29,2,1,1,29,6
5,10,72,"(1,3,5,6,8)",0,1,4,3,5,5,0,5,0,12,1,5,1,2,0,5,0
5,10,72,"(1,3,5,6,8)",1,3,4,3,15,11,4,11,4,12,4,11,5,6,1,11,4
5,10,72,"(1,3,5,6,8)",2,5,4,3,25,21,4,21,4,12,5,21,3,2,1,21,4
5,10,72,"(1,3,5,6,8)",3,6,4,3,30,24,6,24,6,12,4,24,4,3,1,24,6
5,10,72,"(1,3,5,6,8)",4,8,4,3,40,34,6,34,6,12,4,34,2,1,1,34,6
5,10,73,"(1,3,5,6,9)",0,1,4,3,5,5,0,5,0,12,0,5,0,1,0,5,0
5,10,73,"(1,3,5,6,9)",1,3,4,3,15,13,2,13,2,12,0,13,2,3,1,13,2
5,10,73,"(1,3,5,6,9)",2,5,4,3,25,21,4,21,4,12,0,21,2,3,1,21,4
5,10,73,"(1,3,5,6,9)",3,6,4,3,30,24,6,24,6,12,1,24,2,3,1,24,6
5,10,73,"(1,3,5,6,9)",4,9,4,3,45,37,8,37,8,12,5,37,2,1,1,37,8
5,10,74,"(1,3,5,6,10)",0,1,4,3,5,5,0,5,0,12,1,5,1,2,0,5,0
5,10,74,"(1,3,5,6,10)",1,3,4,3,15,11,4,11,4,12,4,11,5,6,1,11,4
5,10,74,"(1,3,5,6,10)",2,5,4,3,25,17,8,17,8,12,5,17,3,2,1,17,8
5,10,74,"(1,3,5,6,10)",3,6,4,3,30,22,8,22,8,12,4,22,4,3,1,22,8
5,10,74,"(1,3,5,6,10)",4,10,4,3,50,38,12,38,12,12,5,38,8,3,1,38,12
5,10,75,"(1,3,5,7,8)",0,1,4,3,5,3,2,3,2,12,0,3,0,1,1,3,2
5,10,75,"(1,3,5,7,8)",1,3,4,3,15,13,2,13,2,12,0,13,2,3,1,13,2
5,10,75,"(1,3,5,7,8)",2,5,4,3,25,21,4,21,4,12,2,21,4,3,1,21,4
5,10,75,"(1,3,5,7,8)",3,7,4,3,35,29,6,29,6,12,0,29,1,1,1,29,6
5,10,75,"(1,3,5,7,8)",4,8,4,3,40,34,6,34,6,12,4,34,4,3,1,34,6
5,10,76,"(1,3,5,7,9)",0,1,4,3,5,2,3,2,3,12,0,2,1,3,1,2,3
5,10,76,"(1,3,5,7,9)",1,3,4,3,15,12,3,12,3,12,4,12,1,1,1,12,3
5,10,76,"(1,3,5,7,9)",2,5,4,3,25,20,5,22,3,12,0,22,2,1,1,22,3
5,10,76,"(1,3,5,7,9)",3,7,4,3,35,28,7,28,7,12,5,28,2,1,1,28,7
5,10,76,"(1,3,5,7,9)",4,9,4,3,45,34,11,34,11,12,5,34,7,3,1,34,11
5,10,77,"(1,3,5,7,10)",0,1,4,3,5,3,2,3,2,12,0,3,0,1,1,3,2
5,10,77,"(1,3,5,7,10)",1,3,4,3,15,13,2,13,2,12,0,13,2,3,1,13,2
5,10,77,"(1,3,5,7,10)",2,5,4,3,25,19,6,19,6,12,0,19,1,1,1,19,6
5,10,77,"(1,3,5,7,10)",3,7,4,3,35,25,10,25,10,12,5,25,7,3,1,25,10
5,10,77,"(1,3,5,7,10)",4,10,4,3,50,40,10,40,10,12,5,40,7,3,1,40,10
5,10,78,"(1,3,5,8,9)",0,1,4,3,5,3,2,3,2,12,0,3,1,3,1,3,2
5,10,78,"(1,3,5,8,9)",1,3,4,3,15,11,4,11,4,12,0,11,2,3,1,11,4
5,10,78,"(1,3,5,8,9)",2,5,4,3,25,21,4,23,2,12,0,23,2,1,1,23,2
5,10,78,"(1,3,5,8,9)",3,8,4,3,40,34,6,34,6,12,4,34,5,3,1,34,6
5,10,78,"(1,3,5,8,9)",4,9,4,3,45,39,6,39,6,12,1,39,1,1,1,39,6
5,10,79,"(1,3,5,8,10)",0,1,4,3,5,3,2,3,2,12,1,3,1,6,1,3,2
5,10,79,"(1,3,5,8,10)",1,3,4,3,15,9,6,9,6,12,1,9,1,6,1,9,6
5,10,79,"(1,3,5,8,10)",2,5,4,3,25,19,6,20,5,12,0,20,11,6,1,20,5
5,10,79,"(1,3,5,8,10)",3,8,4,3,40,30,10,30,10,12,4,30,7,3,1,30,10
5,10,79,"(1,3,5,8,10)",4,10,4,3,50,42,8,42,8,12,0,42,5,3,1,42,8
5,10,80,"(1,3,5,9,10)",0,1,4,3,5,3,2,3,2,12,0,3,1,3,1,3,2
5,10,80,"(1,3,5,9,10)",1,3,4,3,15,11,4,11,4,12,0,11,2,3,1,11,4
5,10,80,"(1,3,5,9,10)",2,5,4,3,25,19,6,19,6,12,0,19,1,1,1,19,6
5,10,80,"(1,3,5,9,10)",3,9,4,3,45,33,12,33,12,12,5,33,3,1,1,33,12
5,10,80,"(1,3,5,9,10)",4,10,4,3,50,40,10,40,10,12,5,40,8,3,1,40,10
5,10,81,"(1,3,6,7,8)",0,1,4,3,5,5,0,5,0,12,0,5,1,2,0,5,0
5,10,81,"(1,3,6,7,8)",1,3,4,3,15,13,2,13,2,12,0,13,1,2,1,13,2
5,10,81,"(1,3,6,7,8)",2,6,4,3,30,24,6,24,6,12,0,24,4,3,1,24,6
5,10,81,"(1,3,6,7,8)",3,7,4,3,35,29,6,29,6,12,5,29,11,6,1,29,6
5,10,81,"(1,3,6,7,8)",4,8,4,3,40,32,8,32,8,12,0,32,5,3,1,32,8
5,10,82,"(1,3,6,7,9)",0,1,4,3,5,5,0,5,0,12,0,5,0,1,0,5,0
5,10,82,"(1,3,6,7,9)",1,3,4,3,15,13,2,13,2,12,1,13,2,3,1,13,2
5,10,82,"(1,3,6,7,9)",2,6,4,3,30,22,8,22,8,12,1,22,5,3,1,22,8
5,10,82,"(1,3,6,7,9)",3,7,4,3,35,31,4,31,4,12,0,31,5,3,1,31,4
5,10,82,"(1,3,6,7,9)",4,9,4,3,45,35,10,35,10,12,0,35,5,3,1,35,10
5,10,83,"(1,3,6,7,10)",0,1,4,3,5,5,0,5,0,12,0,5,1,2,0,5,0
5,10,83,"(1,3,6,7,10)",1,3,4,3,15,13,2,13,2,12,0,13,1,2,1,13,2
5,10,83,"(1,3,6,7,10)",2,6,4,3,30,24,6,24,6,12,0,24,1,1,1,24,6
5,10,83,"(1,3,6,7,10)",3,7,4,3,35,29,6,29,6,12,1,29,11,6,1,29,6
5,10,83,"(1,3,6,7,10)",4,10,4,3,50,42,8,42,8,12,0,42,7,3,1,42,8
5,10,84,"(1,3,6,8,9)",0,1,4,3,5,5,0,5,0,12,0,5,1,6,0,5,0
5,10,84,"(1,3,6,8,9)",1,3,4,3,15,13,2,13,2,12,0,13,1,6,1,13,2
5,10,84,"(1,3,6,8,9)",2,6,4,3,30,22,8,22,8,12,0,22,1,1,1,22,8
5,10,84,"(1,3,6,8,9)",3,8,4,3,40,34,6,34,6,12,0,34,5,3,1,34,6
5,10,84,"(1,3,6,8,9)",4,9,4,3,45,35,10,37,8,12,1,37,5,2,1,37,8
5,10,85,"(1,3,6,8,10)",0,1,4,3,5,5,0,5,0,12,0,5,1,3,0,5,0
5,10,85,"(1,3,6,8,10)",1,3,4,3,15,9,6,9,6,12,1,9,1,3,1,9,6
5,10,85,"(1,3,6,8,10)",2,6,4,3,30,20,10,20,10,12,2,20,5,3,1,20,10
5,10,85,"(1,3,6,8,10)",3,8,4,3,40,30,10,32,8,12,0,32,7,3,1,32,8
5,10,85,"(1,3,6,8,10)",4,10,4,3,50,40,10,42,8,12,0,42,11,3,1,42,8
5,10,86,"(1,3,6,9,10)",0,1,4,3,5,5,0,5,0,12,0,5,1,6,0,5,0
5,10,86,"(1,3,6,9,10)",1,3,4,3,15,13,2,13,2,12,0,13,1,6,1,13,2
5,10,86,"(1,3,6,9,10)",2,6,4,3,30,22,8,22,8,12,0,22,2,3,1,22,8
5,10,86,"(1,3,6,9,10)",3,9,4,3,45,35,10,37,8,12,1,37,13,6,1,37,8
5,10,86,"(1,3,6,9,10)",4,10,4,3,50,42,8,42,8,12,0,42,4,3,1,42,8
5,10,87,"(1,3,7,8,9)",0,1,4,3,5,3,2,3,2,12,0,3,1,3,1,3,2
5,10,87,"(1,3,7,8,9)",1,3,4,3,15,13,2,13,2,12,0,13,1,3,1,13,2
5,10,87,"(1,3,7,8,9)",2,7,4,3,35,27,8,27,8,12,5,27,7,3,1,27,8
5,10,87,"(1,3,7,8,9)",3,8,4,3,40,32,8,34,6,12,0,34,2,1,1,34,6
5,10,87,"(1,3,7,8,9)",4,9,4,3,45,37,8,37,8,12,0,37,4,3,1,37,8
5,10,88,"(1,3,7,8,10)",0,1,4,3,5,3,2,3,2,12,1,3,1,6,1,3,2
5,10,88,"(1,3,7,8,10)",1,3,4,3,15,11,4,11,4,12,1,11,1,2,1,11,4
5,10,88,"(1,3,7,8,10)",2,7,4,3,35,29,6,30,5,12,0,30,5,2,1,30,5
5,10,88,"(1,3,7,8,10)",3,8,4,3,40,32,8,32,8,12,0,32,4,3,1,32,8
5,10,88,"(1,3,7,8,10)",4,10,4,3,50,42,8,44,6,12,0,44,8,3,1,44,6
5,10,89,"(1,3,7,9,10)",0,1,4,3,5,3,2,3,2,12,0,3,1,3,1,3,2
5,10,89,"(1,3,7,9,10)",1,3,4,3,15,13,2,13,2,12,0,13,1,3,1,13,2
5,10,89,"(1,3,7,9,10)",2,7,4,3,35,29,6,29,6,12,2,29,2,1,1,29,6
5,10,89,"(1,3,7,9,10)",3,9,4,3,45,35,10,35,10,12,4,35,2,1,1,35,10
5,10,89,"(1,3,7,9,10)",4,10,4,3,50,40,10,42,8,12,2,42,11,3,1,42,8
5,10,90,"(1,3,8,9,10)",0,1,4,3,5,3,2,3,2,12,0,3,1,2,1,3,2
5,10,90,"(1,3,8,9,10)",1,3,4,3,15,11,4,11,4,12,0,11,1,2,1,11,4
5,10,90,"(1,3,8,9,10)",2,8,4,3,40,32,8,32,8,12,2,32,2,1,1,32,8
5,10,90,"(1,3,8,9,10)",3,9,4,3,45,37,8,39,6,12,2,39,5,2,1,39,6
5,10,90,"(1,3,8,9,10)",4,10,4,3,50,42,8,42,8,12,2,42,3,1,1,42,8
5,10,91,"(1,4,5,6,7)",0,1,4,3,5,5,0,5,0,12,0,5,1,6,0,5,0
5,10,91,"(1,4,5,6,7)",1,4,4,3,20,18,2,18,2,12,0,18,2,3,1,18,2
5,10,91,"(1,4,5,6,7)",2,5,4,3,25,23,2,23,2,12,0,23,7,6,1,23,2
5,10,91,"(1,4,5,6,7)",3,6,4,3,30,28,2,28,2,12,5,28,4,3,1,28,2
5,10,91,"(1,4,5,6,7)",4,7,4,3,35,33,2,33,2,12,2,33,7,6,1,33,2
5,10,92,"(1,4,5,6,8)",0,1,4,3,5,5,0,5,0,12,0,5,0,1,0,5,0
5,10,92,"(1,4,5,6,8)",1,4,4,3,20,16,4,16,4,12,0,16,2,3,1,16,4
5,10,92,"(1,4,5,6,8)",2,5,4,3,25,21,4,21,4,12,0,21,4,3,1,21,4
5,10,92,"(1,4,5,6,8)",3,6,4,3,30,26,4,26,4,12,5,26,5,3,1,26,4
5,10,92,"(1,4,5,6,8)",4,8,4,3,40,34,6,34,6,12,5,34,4,3,1,34,6
5,10,93,"(1,4,5,6,9)",0,1,4,3,5,5,0,5,0,12,1,5,1,2,0,5,0
5,10,93,"(1,4,5,6,9)",1,4,4,3,20,18,2,18,2,12,4,18,1,1,1,18,2
5,10,93,"(1,4,5,6,9)",2,5,4,3,25,21,4,21,4,12,5,21,3,2,1,21,4
5,10,93,"(1,4,5,6,9)",3,6,4,3,30,26,4,26,4,12,0,26,1,3,1,26,4
5,10,93,"(1,4,5,6,9)",4,9,4,3,45,43,2,43,2,12,4,43,3,2,1,43,2
5,10,94,"(1,4,5,6,10)",0,1,4,3,5,5,0,5,0,12,0,5,0,1,0,5,0
5,10,94,"(1,4,5,6,10)",1,4,4,3,20,18,2,18,2,12,0,18,1,3,1,18,2
5,10,94,"(1,4,5,6,10)",2,5,4,3,25,21,4,21,4,12,0,21,2,3,1,21,4
5,10,94,"(1,4,5,6,10)",3,6,4,3,30,26,4,26,4,12,1,26,4,3,1,26,4
5,10,94,"(1,4,5,6,10)",4,10,4,3,50,44,6,44,6,12,5,44,5,3,1,44,6
5,10,95,"(1,4,5,7,8)",0,1,4,3,5,1,4,1,4,12,0,1,1,6,1,1,4
5,10,95,"(1,4,5,7,8)",1,4,4,3,20,14,6,14,6,12,0,14,2,3,1,14,6
5,10,95,"(1,4,5,7,8)",2,5,4,3,25,21,4,21,4,12,0,21,5,6,1,21,4
5,10,95,"(1,4,5,7,8)",3,7,4,3,35,27,8,27,8,12,5,27,11,6,1,27,8
5,10,95,"(1,4,5,7,8)",4,8,4,3,40,30,10,30,10,12,5,30,4,3,1,30,10
5,10,96,"(1,4,5,7,9)",0,1,4,3,5,3,2,3,2,12,0,3,0,1,1,3,2
5,10,96,"(1,4,5,7,9)",1,4,4,3,20,18,2,18,2,12,0,18,2,3,1,18,2
5,10,96,"(1,4,5,7,9)",2,5,4,3,25,21,4,23,2,12,0,23,2,1,1,23,2
5,10,96,"(1,4,5,7,9)",3,7,4,3,35,29,6,29,6,12,0,29,1,1,1,29,6
5,10,96,"(1,4,5,7,9)",4,9,4,3,45,39,6,39,6,12,4,39,2,1,1,39,6
5,10,97,"(1,4,5,7,10)",0,1,4,3,5,1,4,1,4,12,0,1,1,6,1,1,4
5,10,97,"(1,4,5,7,10)",1,4,4,3,20,14,6,14,6,12,2,14,4,3,1,14,6
5,10,97,"(1,4,5,7,10)",2,5,4,3,25,19,6,20,5,12,1,20,11,6,1,20,5
5,10,97,"(1,4,5,7,10)",3,7,4,3,35,27,8,27,8,12,4,27,7,6,1,27,8
5,10,97,"(1,4,5,7,10)",4,10,4,3,50,40,10,40,10,12,5,40,7,3,1,40,10
5,10,98,"(1,4,5,8,9)",0,1,4,3,5,3,2,3,2,12,0,3,1,6,1,3,2
5,10,98,"(1,4,5,8,9)",1,4,4,3,20,16,4,16,4,12,0,16,2,3,1,16,4
5,10,98,"(1,4,5,8,9)",2,5,4,3,25,21,4,21,4,12,0,21,3,2,1,21,4
5,10,98,"(1,4,5,8,9)",3,8,4,3,40,32,8,32,8,12,1,32,2,3,1,32,8
5,10,98,"(1,4,5,8,9)",4,9,4,3,45,37,8,37,8,12,4,37,5,2,1,37,8
5,10,99,"(1,4,5,8,10)",0,1,4,3,5,1,4,1,4,12,0,1,0,1,1,1,4
5,10,99,"(1,4,5,8,10)",1,4,4,3,20,14,6,14,6,12,0,14,1,1,1,14,6
5,10,99,"(1,4,5,8,10)",2,5,4,3,25,19,6,19,6,12,0,19,5,3,1,19,6
5,10,99,"(1,4,5,8,10)",3,8,4,3,40,30,10,30,10,12,1,30,5,3,1,30,10
5,10,99,"(1,4,5,8,10)",4,10,4,3,50,38,12,38,12,12,5,38,3,1,1,38,12
5,10,100,"(1,4,5,9,10)",0,1,4,3,5,3,2,3,2,12,0,3,1,6,1,3,2
5,10,100,"(1,4,5,9,10)",1,4,4,3,20,18,2,18,2,12,0,18,1,3,1,18,2
5,10,100,"(1,4,5,9,10)",2,5,4,3,25,21,4,21,4,12,0,21,5,6,1,21,4
5,10,100,"(1,4,5,9,10)",3,9,4,3,45,41,4,41,4,12,4,41,13,6,1,41,4
5,10,100,"(1,4,5,9,10)",4,10,4,3,50,46,4,46,4,12,0,46,1,1,1,46,4
5,10,101,"(1,4,6,7,8)",0,1,4,3,5,5,0,5,0,12,0,5,0,1,0,5,0
5,10,101,"(1,4,6,7,8)",1,4,4,3,20,16,4,16,4,12,0,16,0,1,1,16,4
5,10,101,"(1,4,6,7,8)",2,6,4,3,30,28,2,28,2,12,0,28,4,3,1,28,2
5,10,101,"(1,4,6,7,8)",3,7,4,3,35,31,4,31,4,12,5,31,5,3,1,31,4
5,10,101,"(1,4,6,7,8)",4,8,4,3,40,34,6,34,6,12,0,34,2,3,1,34,6
5,10,102,"(1,4,6,7,9)",0,1,4,3,5,5,0,5,0,12,0,5,1,2,0,5,0
5,10,102,"(1,4,6,7,9)",1,4,4,3,20,18,2,18,2,12,0,18,1,3,1,18,2
5,10,102,"(1,4,6,7,9)",2,6,4,3,30,24,6,26,4,12,0,26,2,1,1,26,4
5,10,102,"(1,4,6,7,9)",3,7,4,3,35,31,4,31,4,12,5,31,13,6,1,31,4
5,10,102,"(1,4,6,7,9)",4,9,4,3,45,39,6,39,6,12,0,39,3,2,1,39,6
5,10,103,"(1,4,6,7,10)",0,1,4,3,5,5,0,5,0,12,0,5,0,1,0,5,0
5,10,103,"(1,4,6,7,10)",1,4,4,3,20,16,4,16,4,12,1,16,2,3,1,16,4
5,10,103,"(1,4,6,7,10)",2,6,4,3,30,28,2,28,2,12,1,28,5,3,1,28,2
5,10,103,"(1,4,6,7,10)",3,7,4,3,35,31,4,31,4,12,5,31,5,3,1,31,4
5,10,103,"(1,4,6,7,10)",4,10,4,3,50,46,4,46,4,12,0,46,5,3,1,46,4
5,10,104,"(1,4,6,8,9)",0,1,4,3,5,5,0,5,0,12,0,5,1,3,0,5,0
5,10,104,"(1,4,6,8,9)",1,4,4,3,20,16,4,16,4,12,0,16,1,3,1,16,4
5,10,104,"(1,4,6,8,9)",2,6,4,3,30,24,6,24,6,12,0,24,4,3,1,24,6
5,10,104,"(1,4,6,8,9)",3,8,4,3,40,34,6,34,6,12,8,34,5,3,1,34,6
5,10,104,"(1,4,6,8,9)",4,9,4,3,45,37,8,37,8,12,0,37,5,3,1,37,8
5,10,105,"(1,4,6,8,10)",0,1,4,3,5,5,0,5,0,12,0,5,0,1,0,5,0
5,10,105,"(1,4,6,8,10)",1,4,4,3,20,16,4,16,4,12,0,16,1,3,1,16,4
5,10,105,"(1,4,6,8,10)",2,6,4,3,30,26,4,26,4,12,1,26,4,3,1,26,4
5,10,105,"(1,4,6,8,10)",3,8,4,3,40,34,6,34,6,12,1,34,5,3,1,34,6
5,10,105,"(1,4,6,8,10)",4,10,4,3,50,44,6,44,6,12,0,44,7,3,1,44,6
5,10,106,"(1,4,6,9,10)",0,1,4,3,5,5,0,5,0,12,0,5,1,3,0,5,0
5,10,106,"(1,4,6,9,10)",1,4,4,3,20,16,4,16,4,12,1,16,1,1,1,16,4
5,10,106,"(1,4,6,9,10)",2,6,4,3,30,26,4,26,4,12,0,26,2,3,1,26,4
5,10,106,"(1,4,6,9,10)",3,9,4,3,45,41,4,41,4,12,1,41,2,1,1,41,4
5,10,106,"(1,4,6,9,10)",4,10,4,3,50,44,6,46,4,12,2,46,3,1,1,46,4
5,10,107,"(1,4,7,8,9)",0,1,4,3,5,3,2,3,2,12,0,3,1,6,1,3,2
5,10,107,"(1,4,7,8,9)",1,4,4,3,20,18,2,18,2,12,0,18,0,1,1,18,2
5,10,107,"(1,4,7,8,9)",2,7,4,3,35,27,8,27,8,12,0,27,3,2,1,27,8
5,10,107,"(1,4,7,8,9)",3,8,4,3,40,30,10,30,10,12,8,30,5,3,1,30,10
5,10,107,"(1,4,7,8,9)",4,9,4,3,45,35,10,35,10,12,0,35,13,6,1,35,10
5,10,108,"(1,4,7,8,10)",0,1,4,3,5,1,4,1,4,12,0,1,0,1,1,1,4
5,10,108,"(1,4,7,8,10)",1,4,4,3,20,14,6,14,6,12,0,14,1,3,1,14,6
5,10,108,"(1,4,7,8,10)",2,7,4,3,35,29,6,29,6,12,0,29,2,1,1,29,6
5,10,108,"(1,4,7,8,10)",3,8,4,3,40,32,8,32,8,12,1,32,4,3,1,32,8
5,10,108,"(1,4,7,8,10)",4,10,4,3,50,40,10,40,10,12,0,40,7,3,1,40,10
5,10,109,"(1,4,7,9,10)",0,1,4,3,5,3,2,3,2,12,0,3,1,6,1,3,2
5,10,109,"(1,4,7,9,10)",1,4,4,3,20,16,4,16,4,12,2,16,2,3,1,16,4
5,10,109,"(1,4,7,9,10)",2,7,4,3,35,29,6,29,6,12,0,29,7,6,1,29,6
5,10,109,"(1,4,7,9,10)",3,9,4,3,45,39,6,40,5,12,1,40,5,2,1,40,5
5,10,109,"(1,4,7,9,10)",4,10,4,3,50,42,8,44,6,12,2,44,10,3,1,44,6
5,10,110,"(1,4,8,9,10)",0,1,4,3,5,3,2,3,2,12,0,3,0,1,1,3,2
5,10,110,"(1,4,8,9,10)",1,4,4,3,20,16,4,16,4,12,1,16,1,3,1,16,4
5,10,110,"(1,4,8,9,10)",2,8,4,3,40,34,6,34,6,12,1,34,1,1,1,34,6
5,10,110,"(1,4,8,9,10)",3,9,4,3,45,39,6,39,6,12,1,39,7,3,1,39,6
5,10,110,"(1,4,8,9,10)",4,10,4,3,50,44,6,44,6,12,0,44,2,1,1,44,6
5,10,111,"(1,5,6,7,8)",0,1,4,3,5,5,0,5,0,12,0,5,1,6,0,5,0
5,10,111,"(1,5,6,7,8)",1,5,4,3,25,23,2,23,2,12,2,23,1,2,1,23,2
5,10,111,"(1,5,6,7,8)",2,6,4,3,30,28,2,28,2,12,0,28,4,3,1,28,2
5,10,111,"(1,5,6,7,8)",3,7,4,3,35,33,2,33,2,12,5,33,3,2,1,33,2
5,10,111,"(1,5,6,7,8)",4,8,4,3,40,38,2,38,2,12,0,38,2,3,1,38,2
5,10,112,"(1,5,6,7,9)",0,1,4,3,5,5,0,5,0,12,0,5,1,3,0,5,0
5,10,112,"(1,5,6,7,9)",1,5,4,3,25,21,4,21,4,12,4,21,4,3,1,21,4
5,10,112,"(1,5,6,7,9)",2,6,4,3,30,24,6,26,4,12,0,26,2,1,1,26,4
5,10,112,"(1,5,6,7,9)",3,7,4,3,35,33,2,33,2,12,5,33,5,3,1,33,2
5,10,112,"(1,5,6,7,9)",4,9,4,3,45,39,6,39,6,12,0,39,4,3,1,39,6
5,10,113,"(1,5,6,7,10)",0,1,4,3,5,5,0,5,0,12,0,5,1,6,0,5,0
5,10,113,"(1,5,6,7,10)",1,5,4,3,25,19,6,19,6,12,4,19,7,6,1,19,6
5,10,113,"(1,5,6,7,10)",2,6,4,3,30,24,6,26,4,12,0,26,7,3,1,26,4
5,10,113,"(1,5,6,7,10)",3,7,4,3,35,29,6,29,6,12,4,29,3,2,1,29,6
5,10,113,"(1,5,6,7,10)",4,10,4,3,50,42,8,42,8,12,0,42,1,1,1,42,8
5,10,114,"(1,5,6,8,9)",0,1,4,3,5,5,0,5,0,12,0,5,1,2,0,5,0
5,10,114,"(1,5,6,8,9)",1,5,4,3,25,21,4,21,4,12,8,21,3,2,1,21,4
5,10,114,"(1,5,6,8,9)",2,6,4,3,30,24,6,24,6,12,0,24,4,3,1,24,6
5,10,114,"(1,5,6,8,9)",3,8,4,3,40,36,4,36,4,12,8,36,2,1,1,36,4
5,10,114,"(1,5,6,8,9)",4,9,4,3,45,39,6,39,6,12,8,39,13,6,1,39,6
5,10,115,"(1,5,6,8,10)",0,1,4,3,5,5,0,5,0,12,0,5,0,1,0,5,0
5,10,115,"(1,5,6,8,10)",1,5,4,3,25,21,4,21,4,12,0,21,2,3,1,21,4
5,10,115,"(1,5,6,8,10)",2,6,4,3,30,24,6,24,6,12,0,24,1,1,1,24,6
5,10,115,"(1,5,6,8,10)",3,8,4,3,40,34,6,34,6,12,4,34,5,3,1,34,6
5,10,115,"(1,5,6,8,10)",4,10,4,3,50,42,8,42,8,12,8,42,2,1,1,42,8
5,10,116,"(1,5,6,9,10)",0,1,4,3,5,5,0,5,0,12,0,5,1,2,0,5,0
5,10,116,"(1,5,6,9,10)",1,5,4,3,25,19,6,19,6,12,0,19,1,2,1,19,6
5,10,116,"(1,5,6,9,10)",2,6,4,3,30,22,8,22,8,12,0,22,4,3,1,22,8
5,10,116,"(1,5,6,9,10)",3,9,4,3,45,37,8,37,8,12,4,37,13,6,1,37,8
5,10,116,"(1,5,6,9,10)",4,10,4,3,50,40,10,40,10,12,8,40,7,3,1,40,10
5,10,117,"(1,5,7,8,9)",0,1,4,3,5,3,2,3,2,12,0,3,0,1,1,3,2
5,10,117,"(1,5,7,8,9)",1,5,4,3,25,21,4,21,4,12,5,21,4,3,1,21,4
5,10,117,"(1,5,7,8,9)",2,7,4,3,35,29,6,29,6,12,5,29,5,3,1,29,6
5,10,117,"(1,5,7,8,9)",3,8,4,3,40,32,8,32,8,12,8,32,2,1,1,32,8
5,10,117,"(1,5,7,8,9)",4,9,4,3,45,37,8,37,8,12,0,37,5,3,1,37,8
5,10,118,"(1,5,7,8,10)",0,1,4,3,5,1,4,1,4,12,1,1,1,6,1,1,4
5,10,118,"(1,5,7,8,10)",1,5,4,3,25,19,6,19,6,12,5,19,7,6,1,19,6
5,10,118,"(1,5,7,8,10)",2,7,4,3,35,27,8,28,7,12,0,28,5,2,1,28,7
5,10,118,"(1,5,7,8,10)",3,8,4,3,40,30,10,30,10,12,8,30,7,3,1,30,10
5,10,118,"(1,5,7,8,10)",4,10,4,3,50,40,10,40,10,12,8,40,5,3,1,40,10
5,10,119,"(1,5,7,9,10)",0,1,4,3,5,3,2,3,2,12,0,3,0,1,1,3,2
5,10,119,"(1,5,7,9,10)",1,5,4,3,25,19,6,19,6,12,0,19,1,1,1,19,6
5,10,119,"(1,5,7,9,10)",2,7,4,3,35,27,8,27,8,12,0,27,4,3,1,27,8
5,10,119,"(1,5,7,9,10)",3,9,4,3,45,33,12,33,12,12,8,33,8,3,1,33,12
5,10,119,"(1,5,7,9,10)",4,10,4,3,50,40,10,40,10,12,8,40,7,3,1,40,10
5,10,120,"(1,5,8,9,10)",0,1,4,3,5,3,2,3,2,12,0,3,1,6,1,3,2
5,10,120,"(1,5,8,9,10)",1,5,4,3,25,21,4,21,4,12,0,21,5,6,1,21,4
5,10,120,"(1,5,8,9,10)",2,8,4,3,40,32,8,32,8,12,0,32,4,3,1,32,8
5,10,120,"(1,5,8,9,10)",3,9,4,3,45,37,8,37,8,12,8,37,13,6,1,37,8
5,10,120,"(1,5,8,9,10)",4,10,4,3,50,44,6,44,6,12,2,44,4,3,1,44,6
5,10,121,"(1,6,7,8,9)",0,1,4,3,5,5,0,5,0,12,0,5,1,2,0,5,0
5,10,121,"(1,6,7,8,9)",1,6,4,3,30,26,4,26,4,12,0,26,1,3,1,26,4
5,10,121,"(1,6,7,8,9)",2,7,4,3,35,33,2,33,2,12,5,33,11,6,1,33,2
5,10,121,"(1,6,7,8,9)",3,8,4,3,40,38,2,38,2,12,4,38,1,1,1,38,2
5,10,121,"(1,6,7,8,9)",4,9,4,3,45,41,4,41,4,12,0,41,1,2,1,41,4
5,10,122,"(1,6,7,8,10)",0,1,4,3,5,5,0,5,0,12,0,5,0,1,0,5,0
5,10,122,"(1,6,7,8,10)",1,6,4,3,30,26,4,26,4,12,2,26,2,3,1,26,4
5,10,122,"(1,6,7,8,10)",2,7,4,3,35,33,2,33,2,12,0,33,2,1,0,33,2
5,10,122,"(1,6,7,8,10)",3,8,4,3,40,36,4,36,4,12,4,36,4,3,1,36,4
5,10,122,"(1,6,7,8,10)",4,10,4,3,50,46,4,46,4,12,4,46,1,1,1,46,4
5,10,123,"(1,6,7,9,10)",0,1,4,3,5,5,0,5,0,12,0,5,1,2,0,5,0
5,10,123,"(1,6,7,9,10)",1,6,4,3,30,24,6,24,6,12,0,24,1,1,1,24,6
5,10,123,"(1,6,7,9,10)",2,7,4,3,35,31,4,31,4,12,2,31,13,6,1,31,4
5,10,123,"(1,6,7,9,10)",3,9,4,3,45,37,8,37,8,12,4,37,13,6,1,37,8
5,10,123,"(1,6,7,9,10)",4,10,4,3,50,42,8,42,8,12,4,42,7,3,1,42,8
5,10,124,"(1,6,8,9,10)",0,1,4,3,5,5,0,5,0,12,0,5,1,3,0,5,0
5,10,124,"(1,6,8,9,10)",1,6,4,3,30,24,6,24,6,12,0,24,2,3,1,24,6
5,10,124,"(1,6,8,9,10)",2,8,4,3,40,36,4,36,4,12,2,36,2,1,1,36,4
5,10,124,"(1,6,8,9,10)",3,9,4,3,45,39,6,41,4,12,0,41,7,3,1,41,4
5,10,124,"(1,6,8,9,10)",4,10,4,3,50,44,6,44,6,12,2,44,7,3,1,44,6
5,10,125,"(1,7,8,9,10)",0,1,4,3,5,3,2,3,2,12,0,3,1,6,1,3,2
5,10,125,"(1,7,8,9,10)",1,7,4,3,35,31,4,31,4,12,2,31,5,6,1,31,4
5,10,125,"(1,7,8,9,10)",2,8,4,3,40,34,6,34,6,12,2,34,5,3,1,34,6
5,10,125,"(1,7,8,9,10)",3,9,4,3,45,39,6,39,6,12,4,39,11,6,1,39,6
5,10,125,"(1,7,8,9,10)",4,10,4,3,50,44,6,44,6,12,2,44,5,3,1,44,6
5,10,126,"(2,3,4,5,6)",0,2,4,3,10,8,2,8,2,12,0,8,1,3,1,8,2
5,10,126,"(2,3,4,5,6)",1,3,4,3,15,13,2,13,2,12,0,13,1,3,1,13,2
5,10,126,"(2,3,4,5,6)",2,4,4,3,20,16,4,16,4,12,0,16,1,1,1,16,4
5,10,126,"(2,3,4,5,6)",3,5,4,3,25,21,4,21,4,12,0,21,2,3,1,21,4
5,10,126,"(2,3,4,5,6)",4,6,4,3,30,24,6,24,6,12,1,24,2,3,1,24,6
5,10,127,"(2,3,4,5,7)",0,2,4,3,10,6,4,6,4,12,1,6,1,3,1,6,4
5,10,127,"(2,3,4,5,7)",1,3,4,3,15,11,4,11,4,12,0,11,7,6,1,11,4
5,10,127,"(2,3,4,5,7)",2,4,4,3,20,16,4,16,4,12,2,16,4,3,1,16,4
5,10,127,"(2,3,4,5,7)",3,5,4,3,25,21,4,21,4,12,4,21,3,2,1,21,4
5,10,127,"(2,3,4,5,7)",4,7,4,3,35,29,6,29,6,12,2,29,3,2,1,29,6
5,10,128,"(2,3,4,5,8)",0,2,4,3,10,6,4,6,4,12,0,6,1,3,1,6,4
5,10,128,"(2,3,4,5,8)",1,3,4,3,15,13,2,13,2,12,1,13,2,3,1,13,2
5,10,128,"(2,3,4,5,8)",2,4,4,3,20,16,4,16,4,12,0,16,1,3,1,16,4
5,10,128,"(2,3,4,5,8)",3,5,4,3,25,21,4,21,4,12,2,21,4,3,1,21,4
5,10,128,"(2,3,4,5,8)",4,8,4,3,40,32,8,32,8,12,1,32,1,1,1,32,8
5,10,129,"(2,3,4,5,9)",0,2,4,3,10,6,4,6,4,12,0,6,1,3,1,6,4
5,10,129,"(2,3,4,5,9)",1,3,4,3,15,13,2,13,2,12,0,13,1,2,1,13,2
5,10,129,"(2,3,4,5,9)",2,4,4,3,20,16,4,16,4,12,5,16,5,3,1,16,4
5,10,129,"(2,3,4,5,9)",3,5,4,3,25,21,4,21,4,12,4,21,3,2,1,21,4
5,10,129,"(2,3,4,5,9)",4,9,4,3,45,37,8,37,8,12,0,37,3,2,1,37,8
5,10,130,"(2,3,4,5,10)",0,2,4,3,10,6,4,6,4,12,0,6,0,1,1,6,4
5,10,130,"(2,3,4,5,10)",1,3,4,3,15,13,2,13,2,12,1,13,2,3,1,13,2
5,10,130,"(2,3,4,5,10)",2,4,4,3,20,14,6,14,6,12,2,14,4,3,1,14,6
5,10,130,"(2,3,4,5,10)",3,5,4,3,25,21,4,21,4,12,0,21,2,3,1,21,4
5,10,130,"(2,3,4,5,10)",4,10,4,3,50,40,10,40,10,12,2,40,2,1,1,40,10
5,10,131,"(2,3,4,6,7)",0,2,4,3,10,8,2,8,2,12,0,8,1,3,1,8,2
5,10,131,"(2,3,4,6,7)",1,3,4,3,15,11,4,11,4,12,0,11,2,3,1,11,4
5,10,131,"(2,3,4,6,7)",2,4,4,3,20,16,4,16,4,12,0,16,1,1,1,16,4
5,10,131,"(2,3,4,6,7)",3,6,4,3,30,22,8,22,8,12,4,22,4,3,1,22,8
5,10,131,"(2,3,4,6,7)",4,7,4,3,35,29,6,29,6,12,0,29,4,3,1,29,6
5,10,132,"(2,3,4,6,8)",0,2,4,3,10,6,4,6,4,12,0,6,2,3,1,6,4
5,10,132,"(2,3,4,6,8)",1,3,4,3,15,15,0,15,0,12,0,15,0,1,0,15,0
5,10,132,"(2,3,4,6,8)",2,4,4,3,20,14,6,14,6,12,0,14,1,1,1,14,6
5,10,132,"(2,3,4,6,8)",3,6,4,3,30,24,6,24,6,12,2,24,1,1,1,24,6
5,10,132,"(2,3,4,6,8)",4,8,4,3,40,30,10,30,10,12,0,30,4,3,1,30,10
5,10,133,"(2,3,4,6,9)",0,2,4,3,10,6,4,6,4,12,0,6,0,1,1,6,4
5,10,133,"(2,3,4,6,9)",1,3,4,3,15,13,2,13,2,12,0,13,2,3,1,13,2
5,10,133,"(2,3,4,6,9)",2,4,4,3,20,16,4,16,4,12,0,16,2,3,1,16,4
5,10,133,"(2,3,4,6,9)",3,6,4,3,30,20,10,20,10,12,1,20,1,1,1,20,10
5,10,133,"(2,3,4,6,9)",4,9,4,3,45,35,10,35,10,12,0,35,1,1,1,35,10
5,10,134,"(2,3,4,6,10)",0,2,4,3,10,6,4,6,4,12,0,6,1,3,1,6,4
5,10,134,"(2,3,4,6,10)",1,3,4,3,15,15,0,15,0,12,0,15,0,1,0,15,0
5,10,134,"(2,3,4,6,10)",2,4,4,3,20,14,6,14,6,12,0,14,1,1,1,14,6
5,10,134,"(2,3,4,6,10)",3,6,4,3,30,24,6,24,6,12,0,24,2,3,1,24,6
5,10,134,"(2,3,4,6,10)",4,10,4,3,50,42,8,42,8,12,0,42,2,1,1,42,8
5,10,135,"(2,3,4,7,8)",0,2,4,3,10,6,4,6,4,12,0,6,1,3,1,6,4
5,10,135,"(2,3,4,7,8)",1,3,4,3,15,13,2,13,2,12,0,13,2,3,1,13,2
5,10,135,"(2,3,4,7,8)",2,4,4,3,20,14,6,14,6,12,2,14,4,3,1,14,6
5,10,135,"(2,3,4,7,8)",3,7,4,3,35,27,8,27,8,12,2,27,2,1,1,27,8
5,10,135,"(2,3,4,7,8)",4,8,4,3,40,28,12,28,12,12,4,28,5,3,1,28,12
5,10,136,"(2,3,4,7,9)",0,2,4,3,10,6,4,6,4,12,0,6,1,3,1,6,4
5,10,136,"(2,3,4,7,9)",1,3,4,3,15,11,4,11,4,12,0,11,5,6,1,11,4
5,10,136,"(2,3,4,7,9)",2,4,4,3,20,16,4,16,4,12,5,16,5,3,1,16,4
5,10,136,"(2,3,4,7,9)",3,7,4,3,35,29,6,29,6,12,4,29,13,6,1,29,6
5,10,136,"(2,3,4,7,9)",4,9,4,3,45,35,10,35,10,12,4,35,11,6,1,35,10
5,10,137,"(2,3,4,7,10)",0,2,4,3,10,6,4,6,4,12,0,6,0,1,1,6,4
5,10,137,"(2,3,4,7,10)",1,3,4,3,15,13,2,13,2,12,0,13,2,3,1,13,2
5,10,137,"(2,3,4,7,10)",2,4,4,3,20,16,4,16,4,12,0,16,1,3,1,16,4
5,10,137,"(2,3,4,7,10)",3,7,4,3,35,31,4,31,4,12,2,31,4,3,1,31,4
5,10,137,"(2,3,4,7,10)",4,10,4,3,50,42,8,42,8,12,1,42,2,1,1,42,8
5,10,138,"(2,3,4,8,9)",0,2,4,3,10,4,6,4,6,12,0,4,2,3,1,4,6
5,10,138,"(2,3,4,8,9)",1,3,4,3,15,13,2,13,2,12,4,13,1,1,1,13,2
5,10,138,"(2,3,4,8,9)",2,4,4,3,20,14,6,14,6,12,5,14,5,3,1,14,6
5,10,138,"(2,3,4,8,9)",3,8,4,3,40,28,12,28,12,12,4,28,2,1,1,28,12
5,10,138,"(2,3,4,8,9)",4,9,4,3,45,33,12,33,12,12,2,33,4,3,1,33,12
5,10,139,"(2,3,4,8,10)",0,2,4,3,10,4,6,4,6,12,0,4,1,3,1,4,6
5,10,139,"(2,3,4,8,10)",1,3,4,3,15,13,2,13,2,12,1,13,2,3,1,13,2
5,10,139,"(2,3,4,8,10)",2,4,4,3,20,14,6,14,6,12,0,14,1,1,1,14,6
5,10,139,"(2,3,4,8,10)",3,8,4,3,40,32,8,32,8,12,0,32,4,3,1,32,8
5,10,139,"(2,3,4,8,10)",4,10,4,3,50,40,10,40,10,12,2,40,8,3,1,40,10
5,10,140,"(2,3,4,9,10)",0,2,4,3,10,4,6,4,6,12,0,4,1,3,1,4,6
5,10,140,"(2,3,4,9,10)",1,3,4,3,15,13,2,13,2,12,1,13,1,1,1,13,2
5,10,140,"(2,3,4,9,10)",2,4,4,3,20,14,6,14,6,12,2,14,5,3,1,14,6
5,10,140,"(2,3,4,9,10)",3,9,4,3,45,39,6,39,6,12,0,39,4,3,1,39,6
5,10,140,"(2,3,4,9,10)",4,10,4,3,50,38,12,40,10,12,4,40,11,3,1,40,10
5,10,141,"(2,3,5,6,7)",0,2,4,3,10,6,4,6,4,12,0,6,2,3,1,6,4
5,10,141,"(2,3,5,6,7)",1,3,4,3,15,13,2,13,2,12,0,13,1,2,1,13,2
5,10,141,"(2,3,5,6,7)",2,5,4,3,25,21,4,21,4,12,0,21,3,2,1,21,4
5,10,141,"(2,3,5,6,7)",3,6,4,3,30,24,6,24,6,12,4,24,1,1,1,24,6
5,10,141,"(2,3,5,6,7)",4,7,4,3,35,27,8,27,8,12,5,27,5,2,1,27,8
5,10,142,"(2,3,5,6,8)",0,2,4,3,10,8,2,8,2,12,0,8,1,3,1,8,2
5,10,142,"(2,3,5,6,8)",1,3,4,3,15,13,2,13,2,12,0,13,1,3,1,13,2
5,10,142,"(2,3,5,6,8)",2,5,4,3,25,23,2,23,2,12,0,23,1,1,1,23,2
5,10,142,"(2,3,5,6,8)",3,6,4,3,30,26,4,26,4,12,2,26,2,3,1,26,4
5,10,142,"(2,3,5,6,8)",4,8,4,3,40,34,6,34,6,12,4,34,2,1,1,34,6
5,10,143,"(2,3,5,6,9)",0,2,4,3,10,6,4,6,4,12,0,6,0,1,1,6,4
5,10,143,"(2,3,5,6,9)",1,3,4,3,15,13,2,13,2,12,0,13,5,6,1,13,2
5,10,143,"(2,3,5,6,9)",2,5,4,3,25,21,4,21,4,12,0,21,5,6,1,21,4
5,10,143,"(2,3,5,6,9)",3,6,4,3,30,22,8,22,8,12,1,22,2,3,1,22,8
5,10,143,"(2,3,5,6,9)",4,9,4,3,45,35,10,37,8,12,0,37,5,2,1,37,8
5,10,144,"(2,3,5,6,10)",0,2,4,3,10,6,4,6,4,12,0,6,1,3,1,6,4
5,10,144,"(2,3,5,6,10)",1,3,4,3,15,13,2,13,2,12,0,13,1,3,1,13,2
5,10,144,"(2,3,5,6,10)",2,5,4,3,25,19,6,19,6,12,0,19,1,1,1,19,6
5,10,144,"(2,3,5,6,10)",3,6,4,3,30,22,8,22,8,12,2,22,1,1,1,22,8
5,10,144,"(2,3,5,6,10)",4,10,4,3,50,38,12,38,12,12,5,38,8,3,1,38,12
5,10,145,"(2,3,5,7,8)",0,2,4,3,10,6,4,6,4,12,0,6,1,3,1,6,4
5,10,145,"(2,3,5,7,8)",1,3,4,3,15,13,2,13,2,12,0,13,5,6,1,13,2
5,10,145,"(2,3,5,7,8)",2,5,4,3,25,21,4,22,3,12,2,22,13,6,1,22,3
5,10,145,"(2,3,5,7,8)",3,7,4,3,35,31,4,31,4,12,0,31,5,6,1,31,4
5,10,145,"(2,3,5,7,8)",4,8,4,3,40,34,6,34,6,12,4,34,4,3,1,34,6
5,10,146,"(2,3,5,7,9)",0,2,4,3,10,4,6,4,6,12,0,4,2,3,1,4,6
5,10,146,"(2,3,5,7,9)",1,3,4,3,15,13,2,13,2,12,0,13,1,3,1,13,2
5,10,146,"(2,3,5,7,9)",2,5,4,3,25,23,2,23,2,12,0,23,1,1,1,23,2
5,10,146,"(2,3,5,7,9)",3,7,4,3,35,31,4,31,4,12,5,31,5,3,1,31,4
5,10,146,"(2,3,5,7,9)",4,9,4,3,45,37,8,37,8,12,2,37,4,3,1,37,8
5,10,147,"(2,3,5,7,10)",0,2,4,3,10,4,6,4,6,12,0,4,1,3,1,4,6
5,10,147,"(2,3,5,7,10)",1,3,4,3,15,13,2,13,2,12,0,13,5,6,1,13,2
5,10,147,"(2,3,5,7,10)",2,5,4,3,25,21,4,21,4,12,0,21,5,6,1,21,4
5,10,147,"(2,3,5,7,10)",3,7,4,3,35,27,8,27,8,12,5,27,13,6,1,27,8
5,10,147,"(2,3,5,7,10)",4,10,4,3,50,40,10,40,10,12,5,40,7,3,1,40,10
5,10,148,"(2,3,5,8,9)",0,2,4,3,10,6,4,6,4,12,0,6,1,3,1,6,4
5,10,148,"(2,3,5,8,9)",1,3,4,3,15,11,4,11,4,12,8,11,3,2,1,11,4
5,10,148,"(2,3,5,8,9)",2,5,4,3,25,23,2,24,1,12,5,24,11,6,1,24,1
5,10,148,"(2,3,5,8,9)",3,8,4,3,40,32,8,32,8,12,4,32,2,1,1,32,8
5,10,148,"(2,3,5,8,9)",4,9,4,3,45,37,8,37,8,12,1,37,3,2,1,37,8
5,10,149,"(2,3,5,8,10)",0,2,4,3,10,6,4,6,4,12,0,6,0,1,1,6,4
5,10,149,"(2,3,5,8,10)",1,3,4,3,15,11,4,11,4,12,1,11,1,3,1,11,4
5,10,149,"(2,3,5,8,10)",2,5,4,3,25,23,2,23,2,12,0,23,1,1,1,23,2
5,10,149,"(2,3,5,8,10)",3,8,4,3,40,32,8,32,8,12,2,32,2,1,1,32,8
5,10,149,"(2,3,5,8,10)",4,10,4,3,50,44,6,44,6,12,0,44,4,3,1,44,6
5,10,150,"(2,3,5,9,10)",0,2,4,3,10,4,6,4,6,12,0,4,1,3,1,4,6
5,10,150,"(2,3,5,9,10)",1,3,4,3,15,11,4,11,4,12,8,11,3,2,1,11,4
5,10,150,"(2,3,5,9,10)",2,5,4,3,25,19,6,20,5,12,2,20,11,6,1,20,5
5,10,150,"(2,3,5,9,10)",3,9,4,3,45,33,12,34,11,12,2,34,19,6,1,34,11
5,10,150,"(2,3,5,9,10)",4,10,4,3,50,38,12,38,12,12,5,38,3,1,1,38,12
5,10,151,"(2,3,6,7,8)",0,2,4,3,10,8,2,8,2,12,0,8,1,3,1,8,2
5,10,151,"(2,3,6,7,8)",1,3,4,3,15,13,2,13,2,12,0,13,1,3,1,13,2
5,10,151,"(2,3,6,7,8)",2,6,4,3,30,24,6,24,6,12,2,24,5,3,1,24,6
5,10,151,"(2,3,6,7,8)",3,7,4,3,35,29,6,29,6,12,0,29,5,3,1,29,6
5,10,151,"(2,3,6,7,8)",4,8,4,3,40,30,10,32,8,12,0,32,8,3,1,32,8
5,10,152,"(2,3,6,7,9)",0,2,4,3,10,6,4,6,4,12,0,6,0,1,1,6,4
5,10,152,"(2,3,6,7,9)",1,3,4,3,15,13,2,13,2,12,0,13,1,6,1,13,2
5,10,152,"(2,3,6,7,9)",2,6,4,3,30,22,8,22,8,12,0,22,2,3,1,22,8
5,10,152,"(2,3,6,7,9)",3,7,4,3,35,31,4,31,4,12,0,31,11,6,1,31,4
5,10,152,"(2,3,6,7,9)",4,9,4,3,45,35,10,37,8,12,0,37,5,2,1,37,8
5,10,153,"(2,3,6,7,10)",0,2,4,3,10,6,4,6,4,12,0,6,1,3,1,6,4
5,10,153,"(2,3,6,7,10)",1,3,4,3,15,13,2,13,2,12,0,13,1,3,1,13,2
5,10,153,"(2,3,6,7,10)",2,6,4,3,30,24,6,24,6,12,0,24,2,3,1,24,6
5,10,153,"(2,3,6,7,10)",3,7,4,3,35,29,6,29,6,12,1,29,5,3,1,29,6
5,10,153,"(2,3,6,7,10)",4,10,4,3,50,40,10,42,8,12,0,42,10,3,1,42,8
5,10,154,"(2,3,6,8,9)",0,2,4,3,10,6,4,6,4,12,0,6,0,1,1,6,4
5,10,154,"(2,3,6,8,9)",1,3,4,3,15,13,2,13,2,12,1,13,2,3,1,13,2
5,10,154,"(2,3,6,8,9)",2,6,4,3,30,22,8,22,8,12,1,22,4,3,1,22,8
5,10,154,"(2,3,6,8,9)",3,8,4,3,40,32,8,32,8,12,0,32,2,1,1,32,8
5,10,154,"(2,3,6,8,9)",4,9,4,3,45,37,8,37,8,12,0,37,4,3,1,37,8
5,10,155,"(2,3,6,8,10)",0,2,4,3,10,6,4,6,4,12,0,6,1,3,1,6,4
5,10,155,"(2,3,6,8,10)",1,3,4,3,15,11,4,11,4,12,1,11,2,3,1,11,4
5,10,155,"(2,3,6,8,10)",2,6,4,3,30,22,8,22,8,12,2,22,5,3,1,22,8
5,10,155,"(2,3,6,8,10)",3,8,4,3,40,32,8,32,8,12,2,32,2,1,1,32,8
5,10,155,"(2,3,6,8,10)",4,10,4,3,50,44,6,44,6,12,0,44,7,3,1,44,6
5,10,156,"(2,3,6,9,10)",0,2,4,3,10,4,6,4,6,12,0,4,0,1,1,4,6
5,10,156,"(2,3,6,9,10)",1,3,4,3,15,13,2,13,2,12,1,13,2,3,1,13,2
5,10,156,"(2,3,6,9,10)",2,6,4,3,30,20,10,20,10,12,2,20,4,3,1,20,10
5,10,156,"(2,3,6,9,10)",3,9,4,3,45,37,8,37,8,12,2,37,5,3,1,37,8
5,10,156,"(2,3,6,9,10)",4,10,4,3,50,40,10,40,10,12,0,40,5,3,1,40,10
5,10,157,"(2,3,7,8,9)",0,2,4,3,10,6,4,6,4,12,0,6,1,3,1,6,4
5,10,157,"(2,3,7,8,9)",1,3,4,3,15,13,2,13,2,12,1,13,1,2,1,13,2
5,10,157,"(2,3,7,8,9)",2,7,4,3,35,29,6,30,5,12,5,30,17,6,1,30,5
5,10,157,"(2,3,7,8,9)",3,8,4,3,40,32,8,32,8,12,0,32,4,3,1,32,8
5,10,157,"(2,3,7,8,9)",4,9,4,3,45,37,8,39,6,12,0,39,13,6,1,39,6
5,10,158,"(2,3,7,8,10)",0,2,4,3,10,6,4,6,4,12,0,6,0,1,1,6,4
5,10,158,"(2,3,7,8,10)",1,3,4,3,15,11,4,11,4,12,1,11,1,1,1,11,4
5,10,158,"(2,3,7,8,10)",2,7,4,3,35,33,2,33,2,12,0,33,5,3,1,33,2
5,10,158,"(2,3,7,8,10)",3,8,4,3,40,34,6,34,6,12,0,34,1,1,1,34,6
5,10,158,"(2,3,7,8,10)",4,10,4,3,50,42,8,44,6,12,2,44,10,3,1,44,6
5,10,159,"(2,3,7,9,10)",0,2,4,3,10,4,6,4,6,12,0,4,1,3,1,4,6
5,10,159,"(2,3,7,9,10)",1,3,4,3,15,13,2,13,2,12,1,13,1,2,1,13,2
5,10,159,"(2,3,7,9,10)",2,7,4,3,35,31,4,32,3,12,2,32,5,2,1,32,3
5,10,159,"(2,3,7,9,10)",3,9,4,3,45,39,6,39,6,12,4,39,3,2,1,39,6
5,10,159,"(2,3,7,9,10)",4,10,4,3,50,42,8,42,8,12,0,42,2,1,1,42,8
5,10,160,"(2,3,8,9,10)",0,2,4,3,10,4,6,4,6,12,0,4,1,3,1,4,6
5,10,160,"(2,3,8,9,10)",1,3,4,3,15,11,4,11,4,12,0,11,2,3,1,11,4
5,10,160,"(2,3,8,9,10)",2,8,4,3,40,30,10,30,10,12,2,30,3,1,1,30,10
5,10,160,"(2,3,8,9,10)",3,9,4,3,45,39,6,39,6,12,2,39,2,1,1,39,6
5,10,160,"(2,3,8,9,10)",4,10,4,3,50,40,10,42,8,12,5,42,4,1,1,42,8
5,10,161,"(2,4,5,6,7)",0,2,4,3,10,8,2,8,2,12,0,8,1,3,1,8,2
5,10,161,"(2,4,5,6,7)",1,4,4,3,20,18,2,18,2,12,0,18,1,3,1,18,2
5,10,161,"(2,4,5,6,7)",2,5,4,3,25,21,4,21,4,12,0,21,4,3,1,21,4
5,10,161,"(2,4,5,6,7)",3,6,4,3,30,24,6,24,6,12,5,24,5,3,1,24,6
5,10,161,"(2,4,5,6,7)",4,7,4,3,35,31,4,31,4,12,1,31,2,3,1,31,4
5,10,162,"(2,4,5,6,8)",0,2,4,3,10,8,2,8,2,12,0,8,1,3,1,8,2
5,10,162,"(2,4,5,6,8)",1,4,4,3,20,16,4,16,4,12,0,16,1,3,1,16,4
5,10,162,"(2,4,5,6,8)",2,5,4,3,25,21,4,21,4,12,0,21,4,3,1,21,4
5,10,162,"(2,4,5,6,8)",3,6,4,3,30,26,4,26,4,12,2,26,4,3,1,26,4
5,10,162,"(2,4,5,6,8)",4,8,4,3,40,34,6,34,6,12,1,34,2,3,1,34,6
5,10,163,"(2,4,5,6,9)",0,2,4,3,10,8,2,8,2,12,1,8,1,3,1,8,2
5,10,163,"(2,4,5,6,9)",1,4,4,3,20,16,4,16,4,12,4,16,1,1,1,16,4
5,10,163,"(2,4,5,6,9)",2,5,4,3,25,19,6,19,6,12,4,19,5,3,1,19,6
5,10,163,"(2,4,5,6,9)",3,6,4,3,30,22,8,22,8,12,0,22,2,3,1,22,8
5,10,163,"(2,4,5,6,9)",4,9,4,3,45,39,6,39,6,12,1,39,4,3,1,39,6
5,10,164,"(2,4,5,6,10)",0,2,4,3,10,8,2,8,2,12,0,8,0,1,1,8,2
5,10,164,"(2,4,5,6,10)",1,4,4,3,20,16,4,16,4,12,0,16,1,3,1,16,4
5,10,164,"(2,4,5,6,10)",2,5,4,3,25,21,4,21,4,12,0,21,2,3,1,21,4
5,10,164,"(2,4,5,6,10)",3,6,4,3,30,24,6,24,6,12,1,24,4,3,1,24,6
5,10,164,"(2,4,5,6,10)",4,10,4,3,50,42,8,42,8,12,1,42,4,3,1,42,8
5,10,165,"(2,4,5,7,8)",0,2,4,3,10,4,6,4,6,12,0,4,2,3,1,4,6
5,10,165,"(2,4,5,7,8)",1,4,4,3,20,14,6,14,6,12,2,14,1,1,1,14,6
5,10,165,"(2,4,5,7,8)",2,5,4,3,25,19,6,19,6,12,2,19,5,3,1,19,6
5,10,165,"(2,4,5,7,8)",3,7,4,3,35,27,8,27,8,12,2,27,5,3,1,27,8
5,10,165,"(2,4,5,7,8)",4,8,4,3,40,28,12,28,12,12,5,28,5,3,1,28,12
5,10,166,"(2,4,5,7,9)",0,2,4,3,10,6,4,6,4,12,0,6,1,3,1,6,4
5,10,166,"(2,4,5,7,9)",1,4,4,3,20,16,4,16,4,12,5,16,4,3,1,16,4
5,10,166,"(2,4,5,7,9)",2,5,4,3,25,21,4,21,4,12,0,21,3,2,1,21,4
5,10,166,"(2,4,5,7,9)",3,7,4,3,35,29,6,29,6,12,0,29,7,6,1,29,6
5,10,166,"(2,4,5,7,9)",4,9,4,3,45,37,8,37,8,12,2,37,11,6,1,37,8
5,10,167,"(2,4,5,7,10)",0,2,4,3,10,4,6,4,6,12,0,4,1,3,1,4,6
5,10,167,"(2,4,5,7,10)",1,4,4,3,20,14,6,14,6,12,2,14,1,1,1,14,6
5,10,167,"(2,4,5,7,10)",2,5,4,3,25,19,6,19,6,12,1,19,5,3,1,19,6
5,10,167,"(2,4,5,7,10)",3,7,4,3,35,27,8,27,8,12,1,27,1,1,1,27,8
5,10,167,"(2,4,5,7,10)",4,10,4,3,50,36,14,36,14,12,5,36,3,1,1,36,14
5,10,168,"(2,4,5,8,9)",0,2,4,3,10,6,4,6,4,12,0,6,1,3,1,6,4
5,10,168,"(2,4,5,8,9)",1,4,4,3,20,14,6,14,6,12,5,14,4,3,1,14,6
5,10,168,"(2,4,5,8,9)",2,5,4,3,25,21,4,21,4,12,0,21,4,3,1,21,4
5,10,168,"(2,4,5,8,9)",3,8,4,3,40,28,12,28,12,12,1,28,4,3,1,28,12
5,10,168,"(2,4,5,8,9)",4,9,4,3,45,33,12,33,12,12,2,33,7,3,1,33,12
5,10,169,"(2,4,5,8,10)",0,2,4,3,10,4,6,4,6,12,0,4,1,3,1,4,6
5,10,169,"(2,4,5,8,10)",1,4,4,3,20,14,6,14,6,12,0,14,2,3,1,14,6
5,10,169,"(2,4,5,8,10)",2,5,4,3,25,21,4,21,4,12,0,21,4,3,1,21,4
5,10,169,"(2,4,5,8,10)",3,8,4,3,40,30,10,30,10,12,1,30,5,3,1,30,10
5,10,169,"(2,4,5,8,10)",4,10,4,3,50,38,12,38,12,12,2,38,7,3,1,38,12
5,10,170,"(2,4,5,9,10)",0,2,4,3,10,6,4,6,4,12,0,6,0,1,1,6,4
5,10,170,"(2,4,5,9,10)",1,4,4,3,20,16,4,16,4,12,0,16,1,3,1,16,4
5,10,170,"(2,4,5,9,10)",2,5,4,3,25,19,6,19,6,12,1,19,5,3,1,19,6
5,10,170,"(2,4,5,9,10)",3,9,4,3,45,37,8,37,8,12,1,37,8,3,1,37,8
5,10,170,"(2,4,5,9,10)",4,10,4,3,50,40,10,40,10,12,0,40,2,1,1,40,10
5,10,171,"(2,4,6,7,8)",0,2,4,3,10,8,2,8,2,12,0,8,1,3,1,8,2
5,10,171,"(2,4,6,7,8)",1,4,4,3,20,16,4,16,4,12,1,16,1,3,1,16,4
5,10,171,"(2,4,6,7,8)",2,6,4,3,30,26,4,26,4,12,2,26,2,1,1,26,4
5,10,171,"(2,4,6,7,8)",3,7,4,3,35,31,4,31,4,12,2,31,1,1,1,31,4
5,10,171,"(2,4,6,7,8)",4,8,4,3,40,32,8,32,8,12,4,32,1,1,1,32,8
5,10,172,"(2,4,6,7,9)",0,2,4,3,10,8,2,8,2,12,0,8,1,3,1,8,2
5,10,172,"(2,4,6,7,9)",1,4,4,3,20,16,4,16,4,12,4,16,1,1,1,16,4
5,10,172,"(2,4,6,7,9)",2,6,4,3,30,22,8,22,8,12,0,22,4,3,1,22,8
5,10,172,"(2,4,6,7,9)",3,7,4,3,35,31,4,31,4,12,4,31,4,3,1,31,4
5,10,172,"(2,4,6,7,9)",4,9,4,3,45,37,8,37,8,12,4,37,5,3,1,37,8
5,10,173,"(2,4,6,7,10)",0,2,4,3,10,8,2,8,2,12,0,8,0,1,1,8,2
5,10,173,"(2,4,6,7,10)",1,4,4,3,20,16,4,16,4,12,1,16,1,3,1,16,4
5,10,173,"(2,4,6,7,10)",2,6,4,3,30,26,4,26,4,12,1,26,5,3,1,26,4
5,10,173,"(2,4,6,7,10)",3,7,4,3,35,31,4,31,4,12,2,31,1,1,1,31,4
5,10,173,"(2,4,6,7,10)",4,10,4,3,50,42,8,42,8,12,4,42,7,3,1,42,8
5,10,174,"(2,4,6,8,9)",0,2,4,3,10,6,4,6,4,12,0,6,2,3,1,6,4
5,10,174,"(2,4,6,8,9)",1,4,4,3,20,14,6,14,6,12,4,14,1,1,1,14,6
5,10,174,"(2,4,6,8,9)",2,6,4,3,30,22,8,22,8,12,5,22,2,1,1,22,8
5,10,174,"(2,4,6,8,9)",3,8,4,3,40,32,8,32,8,12,4,32,4,3,1,32,8
5,10,174,"(2,4,6,8,9)",4,9,4,3,45,37,8,37,8,12,0,37,4,3,1,37,8
5,10,175,"(2,4,6,9,10)",0,2,4,3,10,6,4,6,4,12,0,6,1,3,1,6,4
5,10,175,"(2,4,6,9,10)",1,4,4,3,20,14,6,14,6,12,1,14,1,1,1,14,6
5,10,175,"(2,4,6,9,10)",2,6,4,3,30,22,8,22,8,12,1,22,5,3,1,22,8
5,10,175,"(2,4,6,9,10)",3,9,4,3,45,41,4,41,4,12,1,41,4,3,1,41,4
5,10,175,"(2,4,6,9,10)",4,10,4,3,50,40,10,40,10,12,4,40,3,1,1,40,10
5,10,176,"(2,4,7,8,9)",0,2,4,3,10,6,4,6,4,12,0,6,1,3,1,6,4
5,10,176,"(2,4,7,8,9)",1,4,4,3,20,16,4,16,4,12,0,16,1,3,1,16,4
5,10,176,"(2,4,7,8,9)",2,7,4,3,35,27,8,27,8,12,5,27,2,1,1,27,8
5,10,176,"(2,4,7,8,9)",3,8,4,3,40,28,12,28,12,12,0,28,4,3,1,28,12
5,10,176,"(2,4,7,8,9)",4,9,4,3,45,33,12,33,12,12,2,33,7,3,1,33,12
5,10,177,"(2,4,7,8,10)",0,2,4,3,10,4,6,4,6,12,0,4,1,3,1,4,6
5,10,177,"(2,4,7,8,10)",1,4,4,3,20,14,6,14,6,12,0,14,2,3,1,14,6
5,10,177,"(2,4,7,8,10)",2,7,4,3,35,31,4,31,4,12,0,31,5,3,1,31,4
5,10,177,"(2,4,7,8,10)",3,8,4,3,40,32,8,32,8,12,1,32,4,3,1,32,8
5,10,177,"(2,4,7,8,10)",4,10,4,3,50,38,12,38,12,12,2,38,8,3,1,38,12
5,10,178,"(2,4,7,9,10)",0,2,4,3,10,6,4,6,4,12,0,6,0,1,1,6,4
5,10,178,"(2,4,7,9,10)",1,4,4,3,20,14,6,14,6,12,2,14,4,3,1,14,6
5,10,178,"(2,4,7,9,10)",2,7,4,3,35,29,6,29,6,12,1,29,5,3,1,29,6
5,10,178,"(2,4,7,9,10)",3,9,4,3,45,39,6,39,6,12,1,39,7,3,1,39,6
5,10,178,"(2,4,7,9,10)",4,10,4,3,50,40,10,40,10,12,0,40,7,3,1,40,10
5,10,179,"(2,4,8,9,10)",0,2,4,3,10,4,6,4,6,12,0,4,1,3,1,4,6
5,10,179,"(2,4,8,9,10)",1,4,4,3,20,14,6,14,6,12,1,14,1,1,1,14,6
5,10,179,"(2,4,8,9,10)",2,8,4,3,40,30,10,30,10,12,1,30,7,3,1,30,10
5,10,179,"(2,4,8,9,10)",3,9,4,3,45,39,6,39,6,12,1,39,5,3,1,39,6
5,10,179,"(2,4,8,9,10)",4,10,4,3,50,40,10,40,10,12,5,40,8,3,1,40,10
5,10,180,"(2,5,6,7,8)",0,2,4,3,10,8,2,8,2,12,0,8,1,3,1,8,2
5,10,180,"(2,5,6,7,8)",1,5,4,3,25,23,2,23,2,12,1,23,1,1,1,23,2
5,10,180,"(2,5,6,7,8)",2,6,4,3,30,28,2,28,2,12,2,28,5,3,1,28,2
5,10,180,"(2,5,6,7,8)",3,7,4,3,35,33,2,33,2,12,2,33,4,3,1,33,2
5,10,180,"(2,5,6,7,8)",4,8,4,3,40,36,4,36,4,12,8,36,5,3,1,36,4
5,10,181,"(2,5,6,7,9)",0,2,4,3,10,6,4,6,4,12,0,6,2,3,1,6,4
5,10,181,"(2,5,6,7,9)",1,5,4,3,25,23,2,23,2,12,0,23,1,2,1,23,2
5,10,181,"(2,5,6,7,9)",2,6,4,3,30,24,6,24,6,12,0,24,1,1,1,24,6
5,10,181,"(2,5,6,7,9)",3,7,4,3,35,33,2,33,2,12,8,33,11,6,1,33,2
5,10,181,"(2,5,6,7,9)",4,9,4,3,45,39,6,39,6,12,2,39,3,2,1,39,6
5,10,182,"(2,5,6,7,10)",0,2,4,3,10,6,4,6,4,12,0,6,1,3,1,6,4
5,10,182,"(2,5,6,7,10)",1,5,4,3,25,21,4,21,4,12,1,21,2,3,1,21,4
5,10,182,"(2,5,6,7,10)",2,6,4,3,30,24,6,24,6,12,2,24,2,1,1,24,6
5,10,182,"(2,5,6,7,10)",3,7,4,3,35,29,6,29,6,12,2,29,4,3,1,29,6
5,10,182,"(2,5,6,7,10)",4,10,4,3,50,40,10,40,10,12,8,40,2,1,1,40,10
5,10,183,"(2,5,6,8,9)",0,2,4,3,10,8,2,8,2,12,0,8,1,3,1,8,2
5,10,183,"(2,5,6,8,9)",1,5,4,3,25,23,2,23,2,12,4,23,1,1,1,23,2
5,10,183,"(2,5,6,8,9)",2,6,4,3,30,24,6,24,6,12,5,24,5,3,1,24,6
5,10,183,"(2,5,6,8,9)",3,8,4,3,40,34,6,34,6,12,8,34,7,3,1,34,6
5,10,183,"(2,5,6,8,9)",4,9,4,3,45,39,6,39,6,12,0,39,4,3,1,39,6
5,10,184,"(2,5,6,8,10)",0,2,4,3,10,8,2,8,2,12,0,8,0,1,1,8,2
5,10,184,"(2,5,6,8,10)",1,5,4,3,25,25,0,25,0,12,0,25,0,1,0,25,0
5,10,184,"(2,5,6,8,10)",2,6,4,3,30,26,4,26,4,12,2,26,1,1,1,26,4
5,10,184,"(2,5,6,8,10)",3,8,4,3,40,36,4,36,4,12,2,36,4,3,1,36,4
5,10,184,"(2,5,6,8,10)",4,10,4,3,50,46,4,46,4,12,0,46,2,3,1,46,4
5,10,185,"(2,5,6,9,10)",0,2,4,3,10,6,4,6,4,12,0,6,1,3,1,6,4
5,10,185,"(2,5,6,9,10)",1,5,4,3,25,19,6,19,6,12,1,19,1,1,1,19,6
5,10,185,"(2,5,6,9,10)",2,6,4,3,30,20,10,20,10,12,2,20,2,1,1,20,10
5,10,185,"(2,5,6,9,10)",3,9,4,3,45,37,8,37,8,12,2,37,2,1,1,37,8
5,10,185,"(2,5,6,9,10)",4,10,4,3,50,38,12,38,12,12,8,38,8,3,1,38,12
5,10,186,"(2,5,7,8,9)",0,2,4,3,10,6,4,6,4,12,0,6,1,3,1,6,4
5,10,186,"(2,5,7,8,9)",1,5,4,3,25,23,2,23,2,12,1,23,7,6,1,23,2
5,10,186,"(2,5,7,8,9)",2,7,4,3,35,31,4,32,3,12,5,32,13,6,1,32,3
5,10,186,"(2,5,7,8,9)",3,8,4,3,40,32,8,32,8,12,0,32,4,3,1,32,8
5,10,186,"(2,5,7,8,9)",4,9,4,3,45,37,8,37,8,12,5,37,11,6,1,37,8
5,10,187,"(2,5,7,8,10)",0,2,4,3,10,4,6,4,6,12,0,4,1,3,1,4,6
5,10,187,"(2,5,7,8,10)",1,5,4,3,25,21,4,21,4,12,0,21,4,3,1,21,4
5,10,187,"(2,5,7,8,10)",2,7,4,3,35,31,4,31,4,12,0,31,5,3,1,31,4
5,10,187,"(2,5,7,8,10)",3,8,4,3,40,32,8,32,8,12,2,32,2,1,1,32,8
5,10,187,"(2,5,7,8,10)",4,10,4,3,50,40,10,40,10,12,8,40,7,3,1,40,10
5,10,188,"(2,5,7,9,10)",0,2,4,3,10,4,6,4,6,12,0,4,1,3,1,4,6
5,10,188,"(2,5,7,9,10)",1,5,4,3,25,21,4,21,4,12,4,21,5,6,1,21,4
5,10,188,"(2,5,7,9,10)",2,7,4,3,35,29,6,29,6,12,4,29,11,6,1,29,6
5,10,188,"(2,5,7,9,10)",3,9,4,3,45,37,8,37,8,12,4,37,3,2,1,37,8
5,10,188,"(2,5,7,9,10)",4,10,4,3,50,42,8,42,8,12,0,42,2,3,1,42,8
5,10,189,"(2,5,8,9,10)",0,2,4,3,10,6,4,6,4,12,0,6,0,1,1,6,4
5,10,189,"(2,5,8,9,10)",1,5,4,3,25,23,2,23,2,12,1,23,1,1,1,23,2
5,10,189,"(2,5,8,9,10)",2,8,4,3,40,30,10,30,10,12,2,30,7,3,1,30,10
5,10,189,"(2,5,8,9,10)",3,9,4,3,45,37,8,37,8,12,0,37,2,1,1,37,8
5,10,189,"(2,5,8,9,10)",4,10,4,3,50,42,8,42,8,12,8,42,7,3,1,42,8
5,10,190,"(2,6,7,8,9)",0,2,4,3,10,8,2,8,2,12,0,8,1,3,1,8,2
5,10,190,"(2,6,7,8,9)",1,6,4,3,30,26,4,26,4,12,1,26,2,3,1,26,4
5,10,190,"(2,6,7,8,9)",2,7,4,3,35,33,2,33,2,12,5,33,7,3,0,33,2
5,10,190,"(2,6,7,8,9)",3,8,4,3,40,36,4,36,4,12,0,36,4,3,1,36,4
5,10,190,"(2,6,7,8,9)",4,9,4,3,45,41,4,41,4,12,1,41,1,1,1,41,4
5,10,191,"(2,6,7,8,10)",0,2,4,3,10,8,2,8,2,12,0,8,0,1,1,8,2
5,10,191,"(2,6,7,8,10)",1,6,4,3,30,26,4,26,4,12,2,26,5,3,1,26,4
5,10,191,"(2,6,7,8,10)",2,7,4,3,35,35,0,35,0,12,0,35,5,3,0,35,0
5,10,191,"(2,6,7,8,10)",3,8,4,3,40,36,4,36,4,12,2,36,2,1,1,36,4
5,10,191,"(2,6,7,8,10)",4,10,4,3,50,46,4,46,4,12,1,46,5,3,1,46,4
5,10,192,"(2,6,7,9,10)",0,2,4,3,10,6,4,6,4,12,0,6,1,3,1,6,4
5,10,192,"(2,6,7,9,10)",1,6,4,3,30,24,6,24,6,12,2,24,2,3,1,24,6
5,10,192,"(2,6,7,9,10)",2,7,4,3,35,31,4,31,4,12,2,31,8,3,1,31,4
5,10,192,"(2,6,7,9,10)",3,9,4,3,45,39,6,39,6,12,2,39,7,3,1,39,6
5,10,192,"(2,6,7,9,10)",4,10,4,3,50,42,8,42,8,12,0,42,5,3,1,42,8
5,10,193,"(2,6,8,9,10)",0,2,4,3,10,6,4,6,4,12,0,6,1,3,1,6,4
5,10,193,"(2,6,8,9,10)",1,6,4,3,30,24,6,24,6,12,0,24,2,3,1,24,6
5,10,193,"(2,6,8,9,10)",2,8,4,3,40,34,6,34,6,12,2,34,3,1,1,34,6
5,10,193,"(2,6,8,9,10)",3,9,4,3,45,43,2,43,2,12,2,43,1,1,1,43,2
5,10,193,"(2,6,8,9,10)",4,10,4,3,50,44,6,44,6,12,4,44,7,3,1,44,6
5,10,194,"(2,7,8,9,10)",0,2,4,3,10,6,4,6,4,12,0,6,0,1,1,6,4
5,10,194,"(2,7,8,9,10)",1,7,4,3,35,33,2,33,2,12,1,33,5,3,1,33,2
5,10,194,"(2,7,8,9,10)",2,8,4,3,40,34,6,34,6,12,2,34,5,3,1,34,6
5,10,194,"(2,7,8,9,10)",3,9,4,3,45,41,4,41,4,12,2,41,2,1,1,41,4
5,10,194,"(2,7,8,9,10)",4,10,4,3,50,44,6,44,6,12,1,44,5,3,1,44,6
5,10,195,"(3,4,5,6,7)",0,3,4,3,15,11,4,11,4,12,0,11,5,6,1,11,4
5,10,195,"(3,4,5,6,7)",1,4,4,3,20,16,4,16,4,12,0,16,4,3,1,16,4
5,10,195,"(3,4,5,6,7)",2,5,4,3,25,21,4,21,4,12,0,21,3,2,1,21,4
5,10,195,"(3,4,5,6,7)",3,6,4,3,30,24,6,24,6,12,5,24,4,3,1,24,6
5,10,195,"(3,4,5,6,7)",4,7,4,3,35,27,8,27,8,12,8,27,5,2,1,27,8
5,10,196,"(3,4,5,6,8)",0,3,4,3,15,11,4,11,4,12,0,11,2,3,1,11,4
5,10,196,"(3,4,5,6,8)",1,4,4,3,20,16,4,16,4,12,0,16,1,3,1,16,4
5,10,196,"(3,4,5,6,8)",2,5,4,3,25,19,6,19,6,12,0,19,5,3,1,19,6
5,10,196,"(3,4,5,6,8)",3,6,4,3,30,24,6,24,6,12,5,24,4,3,1,24,6
5,10,196,"(3,4,5,6,8)",4,8,4,3,40,30,10,30,10,12,5,30,2,1,1,30,10
5,10,197,"(3,4,5,6,9)",0,3,4,3,15,13,2,13,2,12,0,13,1,6,1,13,2
5,10,197,"(3,4,5,6,9)",1,4,4,3,20,18,2,18,2,12,0,18,2,3,1,18,2
5,10,197,"(3,4,5,6,9)",2,5,4,3,25,21,4,21,4,12,0,21,5,6,1,21,4
5,10,197,"(3,4,5,6,9)",3,6,4,3,30,24,6,24,6,12,0,24,0,1,1,24,6
5,10,197,"(3,4,5,6,9)",4,9,4,3,45,37,8,37,8,12,4,37,13,6,1,37,8
5,10,198,"(3,4,5,6,10)",0,3,4,3,15,11,4,11,4,12,0,11,2,3,1,11,4
5,10,198,"(3,4,5,6,10)",1,4,4,3,20,14,6,14,6,12,0,14,4,3,1,14,6
5,10,198,"(3,4,5,6,10)",2,5,4,3,25,19,6,19,6,12,0,19,1,1,1,19,6
5,10,198,"(3,4,5,6,10)",3,6,4,3,30,22,8,22,8,12,1,22,4,3,1,22,8
5,10,198,"(3,4,5,6,10)",4,10,4,3,50,38,12,40,10,12,0,40,3,1,1,40,10
5,10,199,"(3,4,5,7,8)",0,3,4,3,15,11,4,11,4,12,0,11,7,6,1,11,4
5,10,199,"(3,4,5,7,8)",1,4,4,3,20,14,6,14,6,12,1,14,1,1,1,14,6
5,10,199,"(3,4,5,7,8)",2,5,4,3,25,19,6,19,6,12,4,19,11,6,1,19,6
5,10,199,"(3,4,5,7,8)",3,7,4,3,35,27,8,27,8,12,0,27,3,2,1,27,8
5,10,199,"(3,4,5,7,8)",4,8,4,3,40,30,10,30,10,12,5,30,4,3,1,30,10
5,10,200,"(3,4,5,7,9)",0,3,4,3,15,11,4,11,4,12,1,11,2,3,1,11,4
5,10,200,"(3,4,5,7,9)",1,4,4,3,20,16,4,18,2,12,0,18,2,1,1,18,2
5,10,200,"(3,4,5,7,9)",2,5,4,3,25,21,4,23,2,12,0,23,2,1,1,23,2
5,10,200,"(3,4,5,7,9)",3,7,4,3,35,31,4,31,4,12,0,31,1,1,1,31,4
5,10,200,"(3,4,5,7,9)",4,9,4,3,45,37,8,37,8,12,4,37,2,1,1,37,8
5,10,201,"(3,4,5,7,10)",0,3,4,3,15,11,4,11,4,12,0,11,7,6,1,11,4
5,10,201,"(3,4,5,7,10)",1,4,4,3,20,14,6,14,6,12,0,14,1,1,1,14,6
5,10,201,"(3,4,5,7,10)",2,5,4,3,25,21,4,21,4,12,0,21,5,6,1,21,4
5,10,201,"(3,4,5,7,10)",3,7,4,3,35,27,8,27,8,12,4,27,3,2,1,27,8
5,10,201,"(3,4,5,7,10)",4,10,4,3,50,42,8,42,8,12,2,42,5,3,1,42,8
5,10,202,"(3,4,5,8,9)",0,3,4,3,15,11,4,11,4,12,1,11,5,6,1,11,4
5,10,202,"(3,4,5,8,9)",1,4,4,3,20,16,4,16,4,12,4,16,1,1,1,16,4
5,10,202,"(3,4,5,8,9)",2,5,4,3,25,21,4,21,4,12,0,21,3,2,1,21,4
5,10,202,"(3,4,5,8,9)",3,8,4,3,40,32,8,32,8,12,1,32,2,3,1,32,8
5,10,202,"(3,4,5,8,9)",4,9,4,3,45,35,10,35,10,12,2,35,11,6,1,35,10
5,10,203,"(3,4,5,8,10)",0,3,4,3,15,9,6,9,6,12,1,9,2,3,1,9,6
5,10,203,"(3,4,5,8,10)",1,4,4,3,20,14,6,14,6,12,0,14,2,3,1,14,6
5,10,203,"(3,4,5,8,10)",2,5,4,3,25,19,6,19,6,12,0,19,5,3,1,19,6
5,10,203,"(3,4,5,8,10)",3,8,4,3,40,28,12,28,12,12,1,28,2,1,1,28,12
5,10,203,"(3,4,5,8,10)",4,10,4,3,50,38,12,38,12,12,0,38,8,3,1,38,12
5,10,204,"(3,4,5,9,10)",0,3,4,3,15,11,4,11,4,12,4,11,5,6,1,11,4
5,10,204,"(3,4,5,9,10)",1,4,4,3,20,16,4,16,4,12,0,16,1,1,1,16,4
5,10,204,"(3,4,5,9,10)",2,5,4,3,25,19,6,20,5,12,1,20,11,6,1,20,5
5,10,204,"(3,4,5,9,10)",3,9,4,3,45,35,10,35,10,12,4,35,17,6,1,35,10
5,10,204,"(3,4,5,9,10)",4,10,4,3,50,40,10,40,10,12,0,40,7,3,1,40,10
5,10,205,"(3,4,6,7,8)",0,3,4,3,15,13,2,13,2,12,0,13,1,3,1,13,2
5,10,205,"(3,4,6,7,8)",1,4,4,3,20,14,6,14,6,12,1,14,4,3,1,14,6
5,10,205,"(3,4,6,7,8)",2,6,4,3,30,24,6,26,4,12,0,26,2,1,1,26,4
5,10,205,"(3,4,6,7,8)",3,7,4,3,35,27,8,27,8,12,0,27,2,1,1,27,8
5,10,205,"(3,4,6,7,8)",4,8,4,3,40,28,12,28,12,12,8,28,7,3,1,28,12
5,10,206,"(3,4,6,7,9)",0,3,4,3,15,11,4,11,4,12,1,11,7,6,1,11,4
5,10,206,"(3,4,6,7,9)",1,4,4,3,20,18,2,18,2,12,1,18,2,3,1,18,2
5,10,206,"(3,4,6,7,9)",2,6,4,3,30,22,8,22,8,12,2,22,5,3,1,22,8
5,10,206,"(3,4,6,7,9)",3,7,4,3,35,31,4,31,4,12,0,31,11,6,1,31,4
5,10,206,"(3,4,6,7,9)",4,9,4,3,45,35,10,37,8,12,0,37,5,2,1,37,8
5,10,207,"(3,4,6,7,10)",0,3,4,3,15,13,2,13,2,12,0,13,1,3,1,13,2
5,10,207,"(3,4,6,7,10)",1,4,4,3,20,16,4,16,4,12,0,16,1,3,1,16,4
5,10,207,"(3,4,6,7,10)",2,6,4,3,30,26,4,26,4,12,0,26,2,3,1,26,4
5,10,207,"(3,4,6,7,10)",3,7,4,3,35,29,6,29,6,12,2,29,5,3,1,29,6
5,10,207,"(3,4,6,7,10)",4,10,4,3,50,44,6,44,6,12,2,44,7,3,1,44,6
5,10,208,"(3,4,6,8,9)",0,3,4,3,15,13,2,13,2,12,1,13,2,3,1,13,2
5,10,208,"(3,4,6,8,9)",1,4,4,3,20,16,4,16,4,12,1,16,2,3,1,16,4
5,10,208,"(3,4,6,8,9)",2,6,4,3,30,22,8,22,8,12,2,22,5,3,1,22,8
5,10,208,"(3,4,6,8,9)",3,8,4,3,40,32,8,32,8,12,0,32,4,3,1,32,8
5,10,208,"(3,4,6,8,9)",4,9,4,3,45,33,12,33,12,12,0,33,2,1,1,33,12
5,10,209,"(3,4,6,8,10)",0,3,4,3,15,11,4,11,4,12,1,11,2,3,1,11,4
5,10,209,"(3,4,6,8,10)",1,4,4,3,20,14,6,14,6,12,0,14,1,1,1,14,6
5,10,209,"(3,4,6,8,10)",2,6,4,3,30,22,8,22,8,12,1,22,2,1,1,22,8
5,10,209,"(3,4,6,8,10)",3,8,4,3,40,30,10,30,10,12,1,30,5,3,1,30,10
5,10,209,"(3,4,6,8,10)",4,10,4,3,50,40,10,40,10,12,0,40,10,3,1,40,10
5,10,210,"(3,4,6,9,10)",0,3,4,3,15,13,2,13,2,12,1,13,2,3,1,13,2
5,10,210,"(3,4,6,9,10)",1,4,4,3,20,16,4,16,4,12,1,16,2,3,1,16,4
5,10,210,"(3,4,6,9,10)",2,6,4,3,30,22,8,22,8,12,1,22,4,3,1,22,8
5,10,210,"(3,4,6,9,10)",3,9,4,3,45,37,8,37,8,12,1,37,5,3,1,37,8
5,10,210,"(3,4,6,9,10)",4,10,4,3,50,42,8,42,8,12,0,42,5,3,1,42,8
5,10,211,"(3,4,7,8,9)",0,3,4,3,15,11,4,11,4,12,4,11,3,2,1,11,4
5,10,211,"(3,4,7,8,9)",1,4,4,3,20,16,4,16,4,12,0,16,1,1,1,16,4
5,10,211,"(3,4,7,8,9)",2,7,4,3,35,27,8,29,6,12,0,29,5,2,1,29,6
5,10,211,"(3,4,7,8,9)",3,8,4,3,40,30,10,30,10,12,8,30,5,3,1,30,10
5,10,211,"(3,4,7,8,9)",4,9,4,3,45,33,12,35,10,12,0,35,17,6,1,35,10
5,10,212,"(3,4,7,8,10)",0,3,4,3,15,11,4,11,4,12,1,11,1,1,1,11,4
5,10,212,"(3,4,7,8,10)",1,4,4,3,20,14,6,14,6,12,0,14,2,3,1,14,6
5,10,212,"(3,4,7,8,10)",2,7,4,3,35,29,6,29,6,12,0,29,7,3,1,29,6
5,10,212,"(3,4,7,8,10)",3,8,4,3,40,32,8,32,8,12,0,32,2,3,1,32,8
5,10,212,"(3,4,7,8,10)",4,10,4,3,50,42,8,42,8,12,4,42,7,3,1,42,8
5,10,213,"(3,4,7,9,10)",0,3,4,3,15,11,4,11,4,12,1,11,3,2,1,11,4
5,10,213,"(3,4,7,9,10)",1,4,4,3,20,16,4,16,4,12,1,16,1,1,1,16,4
5,10,213,"(3,4,7,9,10)",2,7,4,3,35,31,4,32,3,12,1,32,11,6,1,32,3
5,10,213,"(3,4,7,9,10)",3,9,4,3,45,39,6,39,6,12,5,39,3,2,1,39,6
5,10,213,"(3,4,7,9,10)",4,10,4,3,50,42,8,42,8,12,5,42,3,1,1,42,8
5,10,214,"(3,4,8,9,10)",0,3,4,3,15,11,4,11,4,12,0,11,2,3,1,11,4
5,10,214,"(3,4,8,9,10)",1,4,4,3,20,14,6,14,6,12,1,14,5,3,1,14,6
5,10,214,"(3,4,8,9,10)",2,8,4,3,40,30,10,30,10,12,1,30,7,3,1,30,10
5,10,214,"(3,4,8,9,10)",3,9,4,3,45,35,10,35,10,12,1,35,8,3,1,35,10
5,10,214,"(3,4,8,9,10)",4,10,4,3,50,38,12,40,10,12,0,40,4,1,1,40,10
5,10,215,"(3,5,6,7,8)",0,3,4,3,15,13,2,13,2,12,0,13,1,2,1,13,2
5,10,215,"(3,5,6,7,8)",1,5,4,3,25,19,6,19,6,12,4,19,11,6,1,19,6
5,10,215,"(3,5,6,7,8)",2,6,4,3,30,24,6,26,4,12,0,26,2,1,1,26,4
5,10,215,"(3,5,6,7,8)",3,7,4,3,35,29,6,29,6,12,1,29,7,6,1,29,6
5,10,215,"(3,5,6,7,8)",4,8,4,3,40,32,8,32,8,12,8,32,7,3,1,32,8
5,10,216,"(3,5,6,7,9)",0,3,4,3,15,13,2,13,2,12,1,13,2,3,1,13,2
5,10,216,"(3,5,6,7,9)",1,5,4,3,25,21,4,21,4,12,1,21,2,3,1,21,4
5,10,216,"(3,5,6,7,9)",2,6,4,3,30,22,8,22,8,12,2,22,5,3,1,22,8
5,10,216,"(3,5,6,7,9)",3,7,4,3,35,31,4,31,4,12,0,31,5,3,1,31,4
5,10,216,"(3,5,6,7,9)",4,9,4,3,45,33,12,35,10,12,0,35,8,3,1,35,10
5,10,217,"(3,5,6,7,10)",0,3,4,3,15,13,2,13,2,12,0,13,1,2,1,13,2
5,10,217,"(3,5,6,7,10)",1,5,4,3,25,19,6,19,6,12,0,19,1,2,1,19,6
5,10,217,"(3,5,6,7,10)",2,6,4,3,30,22,8,22,8,12,0,22,4,3,1,22,8
5,10,217,"(3,5,6,7,10)",3,7,4,3,35,25,10,25,10,12,2,25,11,6,1,25,10
5,10,217,"(3,5,6,7,10)",4,10,4,3,50,38,12,40,10,12,0,40,8,3,1,40,10
5,10,218,"(3,5,6,8,9)",0,3,4,3,15,11,4,11,4,12,1,11,7,6,1,11,4
5,10,218,"(3,5,6,8,9)",1,5,4,3,25,21,4,21,4,12,1,21,5,6,1,21,4
5,10,218,"(3,5,6,8,9)",2,6,4,3,30,22,8,22,8,12,2,22,5,3,1,22,8
5,10,218,"(3,5,6,8,9)",3,8,4,3,40,34,6,34,6,12,0,34,5,3,1,34,6
5,10,218,"(3,5,6,8,9)",4,9,4,3,45,35,10,35,10,12,2,35,11,6,1,35,10
5,10,219,"(3,5,6,8,10)",0,3,4,3,15,9,6,9,6,12,1,9,1,3,1,9,6
5,10,219,"(3,5,6,8,10)",1,5,4,3,25,19,6,19,6,12,0,19,1,1,1,19,6
5,10,219,"(3,5,6,8,10)",2,6,4,3,30,20,10,20,10,12,4,20,5,3,1,20,10
5,10,219,"(3,5,6,8,10)",3,8,4,3,40,30,10,30,10,12,0,30,5,3,1,30,10
5,10,219,"(3,5,6,8,10)",4,10,4,3,50,40,10,40,10,12,1,40,2,1,1,40,10
5,10,220,"(3,5,6,9,10)",0,3,4,3,15,11,4,11,4,12,4,11,7,6,1,11,4
5,10,220,"(3,5,6,9,10)",1,5,4,3,25,17,8,17,8,12,4,17,5,6,1,17,8
5,10,220,"(3,5,6,9,10)",2,6,4,3,30,18,12,18,12,12,5,18,2,1,1,18,12
5,10,220,"(3,5,6,9,10)",3,9,4,3,45,31,14,31,14,12,4,31,13,6,1,31,14
5,10,220,"(3,5,6,9,10)",4,10,4,3,50,38,12,38,12,12,0,38,1,1,1,38,12
5,10,221,"(3,5,7,8,9)",0,3,4,3,15,11,4,11,4,12,4,11,4,3,1,11,4
5,10,221,"(3,5,7,8,9)",1,5,4,3,25,19,6,21,4,12,0,21,7,3,1,21,4
5,10,221,"(3,5,7,8,9)",2,7,4,3,35,29,6,29,6,12,4,29,2,1,1,29,6
5,10,221,"(3,5,7,8,9)",3,8,4,3,40,32,8,32,8,12,8,32,2,1,1,32,8
5,10,221,"(3,5,7,8,9)",4,9,4,3,45,35,10,35,10,12,2,35,5,3,1,35,10
5,10,222,"(3,5,7,8,10)",0,3,4,3,15,11,4,11,4,12,1,11,1,2,1,11,4
5,10,222,"(3,5,7,8,10)",1,5,4,3,25,19,6,19,6,12,1,19,7,6,1,19,6
5,10,222,"(3,5,7,8,10)",2,7,4,3,35,27,8,27,8,12,4,27,13,6,1,27,8
5,10,222,"(3,5,7,8,10)",3,8,4,3,40,30,10,30,10,12,0,30,5,3,1,30,10
5,10,222,"(3,5,7,8,10)",4,10,4,3,50,42,8,42,8,12,1,42,5,3,1,42,8
5,10,223,"(3,5,7,9,10)",0,3,4,3,15,11,4,11,4,12,1,11,4,3,1,11,4
5,10,223,"(3,5,7,9,10)",1,5,4,3,25,19,6,19,6,12,1,19,1,1,1,19,6
5,10,223,"(3,5,7,9,10)",2,7,4,3,35,27,8,27,8,12,4,27,7,3,1,27,8
5,10,223,"(3,5,7,9,10)",3,9,4,3,45,31,14,31,14,12,0,31,2,1,1,31,14
5,10,223,"(3,5,7,9,10)",4,10,4,3,50,38,12,40,10,12,1,40,3,1,1,40,10
5,10,224,"(3,5,8,9,10)",0,3,4,3,15,9,6,9,6,12,0,9,1,2,1,9,6
5,10,224,"(3,5,8,9,10)",1,5,4,3,25,19,6,20,5,12,1,20,11,6,1,20,5
5,10,224,"(3,5,8,9,10)",2,8,4,3,40,28,12,30,10,12,0,30,8,3,1,30,10
5,10,224,"(3,5,8,9,10)",3,9,4,3,45,33,12,33,12,12,4,33,11,6,1,33,12
5,10,224,"(3,5,8,9,10)",4,10,4,3,50,40,10,40,10,12,4,40,7,3,1,40,10
5,10,225,"(3,6,7,8,9)",0,3,4,3,15,13,2,13,2,12,2,13,5,6,1,13,2
5,10,225,"(3,6,7,8,9)",1,6,4,3,30,22,8,22,8,12,2,22,5,3,1,22,8
5,10,225,"(3,6,7,8,9)",2,7,4,3,35,31,4,31,4,12,1,31,11,6,1,31,4
5,10,225,"(3,6,7,8,9)",3,8,4,3,40,34,6,34,6,12,1,34,5,3,1,34,6
5,10,225,"(3,6,7,8,9)",4,9,4,3,45,35,10,37,8,12,0,37,5,2,1,37,8
5,10,226,"(3,6,7,8,10)",0,3,4,3,15,11,4,11,4,12,1,11,2,3,1,11,4
5,10,226,"(3,6,7,8,10)",1,6,4,3,30,22,8,22,8,12,1,22,4,3,1,22,8
5,10,226,"(3,6,7,8,10)",2,7,4,3,35,31,4,31,4,12,0,31,4,3,1,31,4
5,10,226,"(3,6,7,8,10)",3,8,4,3,40,32,8,32,8,12,0,32,4,3,1,32,8
5,10,226,"(3,6,7,8,10)",4,10,4,3,50,42,8,44,6,12,1,44,10,3,1,44,6
5,10,227,"(3,6,7,9,10)",0,3,4,3,15,13,2,13,2,12,1,13,5,6,1,13,2
5,10,227,"(3,6,7,9,10)",1,6,4,3,30,22,8,22,8,12,1,22,2,3,1,22,8
5,10,227,"(3,6,7,9,10)",2,7,4,3,35,31,4,31,4,12,2,31,11,6,1,31,4
5,10,227,"(3,6,7,9,10)",3,9,4,3,45,35,10,35,10,12,2,35,3,2,1,35,10
5,10,227,"(3,6,7,9,10)",4,10,4,3,50,42,8,42,8,12,1,42,4,3,1,42,8
5,10,228,"(3,6,8,9,10)",0,3,4,3,15,11,4,11,4,12,0,11,1,3,1,11,4
5,10,228,"(3,6,8,9,10)",1,6,4,3,30,20,10,20,10,12,0,20,1,1,1,20,10
5,10,228,"(3,6,8,9,10)",2,8,4,3,40,32,8,32,8,12,4,32,2,1,1,32,8
5,10,228,"(3,6,8,9,10)",3,9,4,3,45,35,10,37,8,12,0,37,2,1,1,37,8
5,10,228,"(3,6,8,9,10)",4,10,4,3,50,42,8,42,8,12,1,42,5,3,1,42,8
5,10,229,"(3,7,8,9,10)",0,3,4,3,15,11,4,11,4,12,0,11,5,6,1,11,4
5,10,229,"(3,7,8,9,10)",1,7,4,3,35,29,6,30,5,12,1,30,17,6,1,30,5
5,10,229,"(3,7,8,9,10)",2,8,4,3,40,32,8,32,8,12,1,32,2,1,1,32,8
5,10,229,"(3,7,8,9,10)",3,9,4,3,45,37,8,37,8,12,8,37,11,6,1,37,8
5,10,229,"(3,7,8,9,10)",4,10,4,3,50,40,10,42,8,12,8,42,4,1,1,42,8
5,10,230,"(4,5,6,7,8)",0,4,4,3,20,14,6,14,6,12,1,14,1,1,1,14,6
5,10,230,"(4,5,6,7,8)",1,5,4,3,25,21,4,21,4,12,1,21,2,3,1,21,4
5,10,230,"(4,5,6,7,8)",2,6,4,3,30,26,4,28,2,12,0,28,7,3,1,28,2
5,10,230,"(4,5,6,7,8)",3,7,4,3,35,27,8,29,6,12,0,29,7,3,1,29,6
5,10,230,"(4,5,6,7,8)",4,8,4,3,40,30,10,32,8,12,0,32,2,1,1,32,8
5,10,231,"(4,5,6,7,9)",0,4,4,3,20,16,4,16,4,12,4,16,4,3,1,16,4
5,10,231,"(4,5,6,7,9)",1,5,4,3,25,21,4,21,4,12,4,21,3,2,1,21,4
5,10,231,"(4,5,6,7,9)",2,6,4,3,30,24,6,24,6,12,1,24,4,3,1,24,6
5,10,231,"(4,5,6,7,9)",3,7,4,3,35,31,4,31,4,12,1,31,3,2,1,31,4
5,10,231,"(4,5,6,7,9)",4,9,4,3,45,39,6,39,6,12,8,39,13,6,1,39,6
5,10,232,"(4,5,6,7,10)",0,4,4,3,20,14,6,14,6,12,1,14,1,1,1,14,6
5,10,232,"(4,5,6,7,10)",1,5,4,3,25,21,4,21,4,12,1,21,2,3,1,21,4
5,10,232,"(4,5,6,7,10)",2,6,4,3,30,24,6,24,6,12,2,24,7,3,1,24,6
5,10,232,"(4,5,6,7,10)",3,7,4,3,35,27,8,27,8,12,2,27,1,1,1,27,8
5,10,232,"(4,5,6,7,10)",4,10,4,3,50,40,10,42,8,12,0,42,7,3,1,42,8
5,10,233,"(4,5,6,8,9)",0,4,4,3,20,14,6,14,6,12,4,14,4,3,1,14,6
5,10,233,"(4,5,6,8,9)",1,5,4,3,25,21,4,21,4,12,0,21,2,3,1,21,4
5,10,233,"(4,5,6,8,9)",2,6,4,3,30,24,6,24,6,12,1,24,4,3,1,24,6
5,10,233,"(4,5,6,8,9)",3,8,4,3,40,32,8,32,8,12,2,32,4,3,1,32,8
5,10,233,"(4,5,6,8,9)",4,9,4,3,45,37,8,37,8,12,0,37,5,3,1,37,8
5,10,234,"(4,5,6,8,10)",0,4,4,3,20,14,6,14,6,12,0,14,2,3,1,14,6
5,10,234,"(4,5,6,8,10)",1,5,4,3,25,21,4,21,4,12,0,21,2,3,1,21,4
5,10,234,"(4,5,6,8,10)",2,6,4,3,30,24,6,24,6,12,2,24,5,3,1,24,6
5,10,234,"(4,5,6,8,10)",3,8,4,3,40,30,10,30,10,12,2,30,5,3,1,30,10
5,10,234,"(4,5,6,8,10)",4,10,4,3,50,40,10,40,10,12,0,40,2,1,1,40,10
5,10,235,"(4,5,6,9,10)",0,4,4,3,20,16,4,16,4,12,0,16,1,3,1,16,4
5,10,235,"(4,5,6,9,10)",1,5,4,3,25,19,6,19,6,12,1,19,1,1,1,19,6
5,10,235,"(4,5,6,9,10)",2,6,4,3,30,22,8,22,8,12,2,22,4,3,1,22,8
5,10,235,"(4,5,6,9,10)",3,9,4,3,45,39,6,39,6,12,2,39,5,3,1,39,6
5,10,235,"(4,5,6,9,10)",4,10,4,3,50,40,10,40,10,12,1,40,2,1,1,40,10
5,10,236,"(4,5,7,8,9)",0,4,4,3,20,14,6,14,6,12,0,14,1,1,1,14,6
5,10,236,"(4,5,7,8,9)",1,5,4,3,25,21,4,21,4,12,0,21,5,6,1,21,4
5,10,236,"(4,5,7,8,9)",2,7,4,3,35,27,8,27,8,12,1,27,3,2,1,27,8
5,10,236,"(4,5,7,8,9)",3,8,4,3,40,28,12,28,12,12,2,28,4,3,1,28,12
5,10,236,"(4,5,7,8,9)",4,9,4,3,45,33,12,33,12,12,8,33,19,6,1,33,12
5,10,237,"(4,5,7,8,10)",0,4,4,3,20,10,10,10,10,12,0,10,5,3,1,10,10
5,10,237,"(4,5,7,8,10)",1,5,4,3,25,19,6,19,6,12,0,19,1,1,1,19,6
5,10,237,"(4,5,7,8,10)",2,7,4,3,35,25,10,25,10,12,0,25,2,1,1,25,10
5,10,237,"(4,5,7,8,10)",3,8,4,3,40,26,14,26,14,12,2,26,7,3,1,26,14
5,10,237,"(4,5,7,8,10)",4,10,4,3,50,36,14,38,12,12,0,38,8,3,1,38,12
5,10,238,"(4,5,7,9,10)",0,4,4,3,20,14,6,14,6,12,0,14,1,1,1,14,6
5,10,238,"(4,5,7,9,10)",1,5,4,3,25,19,6,20,5,12,2,20,11,6,1,20,5
5,10,238,"(4,5,7,9,10)",2,7,4,3,35,27,8,27,8,12,4,27,11,6,1,27,8
5,10,238,"(4,5,7,9,10)",3,9,4,3,45,37,8,37,8,12,8,37,13,6,1,37,8
5,10,238,"(4,5,7,9,10)",4,10,4,3,50,40,10,40,10,12,1,40,2,1,1,40,10
5,10,239,"(4,5,8,9,10)",0,4,4,3,20,14,6,14,6,12,0,14,2,3,1,14,6
5,10,239,"(4,5,8,9,10)",1,5,4,3,25,21,4,21,4,12,1,21,2,3,1,21,4
5,10,239,"(4,5,8,9,10)",2,8,4,3,40,28,12,28,12,12,2,28,4,3,1,28,12
5,10,239,"(4,5,8,9,10)",3,9,4,3,45,35,10,35,10,12,0,35,7,3,1,35,10
5,10,239,"(4,5,8,9,10)",4,10,4,3,50,40,10,40,10,12,1,40,5,3,1,40,10
5,10,240,"(4,6,7,8,9)",0,4,4,3,20,16,4,16,4,12,0,16,1,3,1,16,4
5,10,240,"(4,6,7,8,9)",1,6,4,3,30,24,6,26,4,12,0,26,2,1,1,26,4
5,10,240,"(4,6,7,8,9)",2,7,4,3,35,29,6,31,4,12,0,31,7,3,1,31,4
5,10,240,"(4,6,7,8,9)",3,8,4,3,40,32,8,34,6,12,0,34,2,1,1,34,6
5,10,240,"(4,6,7,8,9)",4,9,4,3,45,37,8,37,8,12,1,37,5,3,1,37,8
5,10,241,"(4,6,7,8,10)",0,4,4,3,20,14,6,14,6,12,0,14,2,3,1,14,6
5,10,241,"(4,6,7,8,10)",1,6,4,3,30,26,4,26,4,12,2,26,2,1,1,26,4
5,10,241,"(4,6,7,8,10)",2,7,4,3,35,29,6,29,6,12,0,29,8,3,1,29,6
5,10,241,"(4,6,7,8,10)",3,8,4,3,40,32,8,32,8,12,2,32,2,1,1,32,8
5,10,241,"(4,6,7,8,10)",4,10,4,3,50,44,6,44,6,12,1,44,5,3,1,44,6
5,10,242,"(4,6,7,9,10)",0,4,4,3,20,14,6,14,6,12,2,14,4,3,1,14,6
5,10,242,"(4,6,7,9,10)",1,6,4,3,30,24,6,24,6,12,2,24,5,3,1,24,6
5,10,242,"(4,6,7,9,10)",2,7,4,3,35,29,6,29,6,12,2,29,7,3,1,29,6
5,10,242,"(4,6,7,9,10)",3,9,4,3,45,39,6,39,6,12,2,39,7,3,1,39,6
5,10,242,"(4,6,7,9,10)",4,10,4,3,50,40,10,42,8,12,4,42,11,3,1,42,8
5,10,243,"(4,6,8,9,10)",0,4,4,3,20,14,6,14,6,12,1,14,1,1,1,14,6
5,10,243,"(4,6,8,9,10)",1,6,4,3,30,24,6,24,6,12,0,24,1,1,1,24,6
5,10,243,"(4,6,8,9,10)",2,8,4,3,40,32,8,32,8,12,2,32,8,3,1,32,8
5,10,243,"(4,6,8,9,10)",3,9,4,3,45,39,6,39,6,12,2,39,5,3,1,39,6
5,10,243,"(4,6,8,9,10)",4,10,4,3,50,42,8,42,8,12,4,42,7,3,1,42,8
5,10,244,"(4,7,8,9,10)",0,4,4,3,20,14,6,14,6,12,1,14,2,3,1,14,6
5,10,244,"(4,7,8,9,10)",1,7,4,3,35,29,6,29,6,12,1,29,1,1,1,29,6
5,10,244,"(4,7,8,9,10)",2,8,4,3,40,30,10,30,10,12,2,30,7,3,1,30,10
5,10,244,"(4,7,8,9,10)",3,9,4,3,45,37,8,37,8,12,2,37,8,3,1,37,8
5,10,244,"(4,7,8,9,10)",4,10,4,3,50,40,10,42,8,12,0,42,8,3,1,42,8
5,10,245,"(5,6,7,8,9)",0,5,4,3,25,19,6,19,6,12,8,19,11,6,1,19,6
5,10,245,"(5,6,7,8,9)",1,6,4,3,30,24,6,26,4,12,0,26,2,1,1,26,4
5,10,245,"(5,6,7,8,9)",2,7,4,3,35,31,4,33,2,12,1,33,17,6,1,33,2
5,10,245,"(5,6,7,8,9)",3,8,4,3,40,34,6,36,4,12,0,36,7,3,1,36,4
5,10,245,"(5,6,7,8,9)",4,9,4,3,45,35,10,37,8,12,0,37,17,6,1,37,8
5,10,246,"(5,6,7,8,10)",0,5,4,3,25,19,6,19,6,12,0,19,1,1,1,19,6
5,10,246,"(5,6,7,8,10)",1,6,4,3,30,24,6,24,6,12,5,24,5,3,1,24,6
5,10,246,"(5,6,7,8,10)",2,7,4,3,35,29,6,29,6,12,0,29,2,1,1,29,6
5,10,246,"(5,6,7,8,10)",3,8,4,3,40,32,8,32,8,12,8,32,2,1,1,32,8
5,10,246,"(5,6,7,8,10)",4,10,4,3,50,40,10,42,8,12,1,42,7,3,1,42,8
5,10,247,"(5,6,7,9,10)",0,5,4,3,25,17,8,17,8,12,8,17,3,2,1,17,8
5,10,247,"(5,6,7,9,10)",1,6,4,3,30,20,10,22,8,12,0,22,7,3,1,22,8
5,10,247,"(5,6,7,9,10)",2,7,4,3,35,29,6,29,6,12,5,29,11,6,1,29,6
5,10,247,"(5,6,7,9,10)",3,9,4,3,45,33,12,33,12,12,8,33,13,6,1,33,12
5,10,247,"(5,6,7,9,10)",4,10,4,3,50,36,14,38,12,12,2,38,3,1,1,38,12
5,10,248,"(5,6,8,9,10)",0,5,4,3,25,19,6,19,6,12,1,19,1,1,1,19,6
5,10,248,"(5,6,8,9,10)",1,6,4,3,30,22,8,22,8,12,0,22,2,3,1,22,8
5,10,248,"(5,6,8,9,10)",2,8,4,3,40,32,8,34,6,12,0,34,2,1,1,34,6
5,10,248,"(5,6,8,9,10)",3,9,4,3,45,35,10,35,10,12,0,35,5,3,1,35,10
5,10,248,"(5,6,8,9,10)",4,10,4,3,50,38,12,40,10,12,2,40,3,1,1,40,10
5,10,249,"(5,7,8,9,10)",0,5,4,3,25,17,8,18,7,12,1,18,13,6,1,18,7
5,10,249,"(5,7,8,9,10)",1,7,4,3,35,27,8,27,8,12,5,27,13,6,1,27,8
5,10,249,"(5,7,8,9,10)",2,8,4,3,40,28,12,30,10,12,0,30,8,3,1,30,10
5,10,249,"(5,7,8,9,10)",3,9,4,3,45,33,12,34,11,12,0,34,13,6,1,34,11
5,10,249,"(5,7,8,9,10)",4,10,4,3,50,38,12,40,10,12,2,40,3,1,1,40,10
5,10,250,"(6,7,8,9,10)",0,6,4,3,30,22,8,22,8,12,0,22,4,3,1,22,8
5,10,250,"(6,7,8,9,10)",1,7,4,3,35,31,4,31,4,12,1,31,8,3,1,31,4
5,10,250,"(6,7,8,9,10)",2,8,4,3,40,34,6,36,4,12,1,36,3,1,1,36,4
5,10,250,"(6,7,8,9,10)",3,9,4,3,45,37,8,39,6,12,0,39,8,3,1,39,6
5,10,250,"(6,7,8,9,10)",4,10,4,3,50,40,10,42,8,12,5,42,11,3,1,42,8
6,10,0,"(1,2,3,4,5,6)",0,1,5,4,6,0,6,0,6,20,0,0,0,1,1,0,6
6,10,0,"(1,2,3,4,5,6)",1,2,5,4,12,6,6,6,6,20,0,6,0,1,1,6,6
6,10,0,"(1,2,3,4,5,6)",2,3,5,4,18,12,6,12,6,20,0,12,2,5,1,12,6
6,10,0,"(1,2,3,4,5,6)",3,4,5,4,24,18,6,18,6,20,2,18,2,5,1,18,6
6,10,0,"(1,2,3,4,5,6)",4,5,5,4,30,24,6,24,6,20,0,24,3,5,1,24,6
6,10,0,"(1,2,3,4,5,6)",5,6,5,4,36,30,6,30,6,20,0,30,2,5,1,30,6
6,10,1,"(1,2,3,4,5,7)",0,1,5,4,6,6,0,6,0,20,0,6,0,1,0,6,0
6,10,1,"(1,2,3,4,5,7)",1,2,5,4,12,12,0,12,0,20,0,12,0,1,0,12,0
6,10,1,"(1,2,3,4,5,7)",2,3,5,4,18,18,0,18,0,20,0,18,2,5,0,18,0
6,10,1,"(1,2,3,4,5,7)",3,4,5,4,24,24,0,24,0,20,0,24,0,1,0,24,0
6,10,1,"(1,2,3,4,5,7)",4,5,5,4,30,28,2,28,2,20,0,28,2,5,1,28,2
6,10,1,"(1,2,3,4,5,7)",5,7,5,4,42,40,2,40,2,20,1,40,4,5,1,40,2
6,10,2,"(1,2,3,4,5,8)",0,1,5,4,6,0,6,0,6,20,0,0,0,1,1,0,6
6,10,2,"(1,2,3,4,5,8)",1,2,5,4,12,6,6,6,6,20,0,6,0,1,1,6,6
6,10,2,"(1,2,3,4,5,8)",2,3,5,4,18,12,6,12,6,20,2,12,4,5,1,12,6
6,10,2,"(1,2,3,4,5,8)",3,4,5,4,24,18,6,18,6,20,0,18,0,1,1,18,6
6,10,2,"(1,2,3,4,5,8)",4,5,5,4,30,22,8,22,8,20,2,22,4,5,1,22,8
6,10,2,"(1,2,3,4,5,8)",5,8,5,4,48,40,8,40,8,20,0,40,2,5,1,40,8
6,10,3,"(1,2,3,4,5,9)",0,1,5,4,6,0,6,0,6,20,0,0,0,1,1,0,6
6,10,3,"(1,2,3,4,5,9)",1,2,5,4,12,6,6,6,6,20,1,6,1,5,1,6,6
6,10,3,"(1,2,3,4,5,9)",2,3,5,4,18,12,6,12,6,20,0,12,2,5,1,12,6
6,10,3,"(1,2,3,4,5,9)",3,4,5,4,24,18,6,18,6,20,2,18,3,5,1,18,6
6,10,3,"(1,2,3,4,5,9)",4,5,5,4,30,22,8,22,8,20,5,22,6,5,1,22,8
6,10,3,"(1,2,3,4,5,9)",5,9,5,4,54,46,8,46,8,20,0,46,4,5,1,46,8
6,10,4,"(1,2,3,4,5,10)",0,1,5,4,6,0,6,0,6,20,0,0,0,1,1,0,6
6,10,4,"(1,2,3,4,5,10)",1,2,5,4,12,6,6,6,6,20,0,6,0,1,1,6,6
6,10,4,"(1,2,3,4,5,10)",2,3,5,4,18,12,6,12,6,20,1,12,4,5,1,12,6
6,10,4,"(1,2,3,4,5,10)",3,4,5,4,24,18,6,18,6,20,1,18,2,5,1,18,6
6,10,4,"(1,2,3,4,5,10)",4,5,5,4,30,22,8,22,8,20,0,22,2,5,1,22,8
6,10,4,"(1,2,3,4,5,10)",5,10,5,4,60,50,10,50,10,20,0,50,3,5,1,50,10
6,10,5,"(1,2,3,4,6,7)",0,1,5,4,6,6,0,6,0,20,0,6,0,1,0,6,0
6,10,5,"(1,2,3,4,6,7)",1,2,5,4,12,10,2,10,2,20,0,10,0,1,1,10,2
6,10,5,"(1,2,3,4,6,7)",2,3,5,4,18,14,4,14,4,20,0,14,2,5,1,14,4
6,10,5,"(1,2,3,4,6,7)",3,4,5,4,24,20,4,20,4,20,0,20,1,5,1,20,4
6,10,5,"(1,2,3,4,6,7)",4,6,5,4,36,28,8,28,8,20,0,28,2,5,1,28,8
6,10,5,"(1,2,3,4,6,7)",5,7,5,4,42,36,6,36,6,20,0,36,4,5,1,36,6
6,10,6,"(1,2,3,4,6,8)",0,1,5,4,6,0,6,0,6,20,0,0,0,1,1,0,6
6,10,6,"(1,2,3,4,6,8)",1,2,5,4,12,4,8,4,8,20,0,4,0,1,1,4,8
6,10,6,"(1,2,3,4,6,8)",2,3,5,4,18,10,8,10,8,20,0,10,3,5,1,10,8
6,10,6,"(1,2,3,4,6,8)",3,4,5,4,24,14,10,14,10,20,0,14,1,5,1,14,10
6,10,6,"(1,2,3,4,6,8)",4,6,5,4,36,24,12,24,12,20,1,24,1,1,1,24,12
6,10,6,"(1,2,3,4,6,8)",5,8,5,4,48,34,14,34,14,20,0,34,3,5,1,34,14
6,10,7,"(1,2,3,4,6,9)",0,1,5,4,6,0,6,0,6,20,0,0,0,1,1,0,6
6,10,7,"(1,2,3,4,6,9)",1,2,5,4,12,6,6,6,6,20,0,6,0,1,1,6,6
6,10,7,"(1,2,3,4,6,9)",2,3,5,4,18,8,10,8,10,20,0,8,2,5,1,8,10
6,10,7,"(1,2,3,4,6,9)",3,4,5,4,24,16,8,16,8,20,0,16,1,5,1,16,8
6,10,7,"(1,2,3,4,6,9)",4,6,5,4,36,24,12,24,12,20,0,24,4,5,1,24,12
6,10,7,"(1,2,3,4,6,9)",5,9,5,4,54,38,16,38,16,20,0,38,1,1,1,38,16
6,10,8,"(1,2,3,4,6,10)",0,1,5,4,6,0,6,0,6,20,0,0,0,1,1,0,6
6,10,8,"(1,2,3,4,6,10)",1,2,5,4,12,4,8,4,8,20,0,4,0,1,1,4,8
6,10,8,"(1,2,3,4,6,10)",2,3,5,4,18,10,8,10,8,20,0,10,3,5,1,10,8
6,10,8,"(1,2,3,4,6,10)",3,4,5,4,24,16,8,16,8,20,0,16,2,5,1,16,8
6,10,8,"(1,2,3,4,6,10)",4,6,5,4,36,26,10,26,10,20,0,26,4,5,1,26,10
6,10,8,"(1,2,3,4,6,10)",5,10,5,4,60,48,12,48,12,20,0,48,1,1,1,48,12
6,10,9,"(1,2,3,4,7,8)",0,1,5,4,6,6,0,6,0,20,0,6,0,1,0,6,0
6,10,9,"(1,2,3,4,7,8)",1,2,5,4,12,10,2,10,2,20,0,10,0,1,1,10,2
6,10,9,"(1,2,3,4,7,8)",2,3,5,4,18,16,2,16,2,20,0,16,3,5,1,16,2
6,10,9,"(1,2,3,4,7,8)",3,4,5,4,24,18,6,18,6,20,0,18,0,1,1,18,6
6,10,9,"(1,2,3,4,7,8)",4,7,5,4,42,34,8,34,8,20,2,34,6,5,1,34,8
6,10,9,"(1,2,3,4,7,8)",5,8,5,4,48,40,8,40,8,20,3,40,1,1,1,40,8
6,10,10,"(1,2,3,4,7,9)",0,1,5,4,6,6,0,6,0,20,0,6,0,1,0,6,0
6,10,10,"(1,2,3,4,7,9)",1,2,5,4,12,12,0,12,0,20,0,12,0,1,0,12,0
6,10,10,"(1,2,3,4,7,9)",2,3,5,4,18,14,4,14,4,20,0,14,2,5,1,14,4
6,10,10,"(1,2,3,4,7,9)",3,4,5,4,24,20,4,20,4,20,0,20,2,5,1,20,4
6,10,10,"(1,2,3,4,7,9)",4,7,5,4,42,32,10,32,10,20,5,32,9,5,1,32,10
6,10,10,"(1,2,3,4,7,9)",5,9,5,4,54,44,10,44,10,20,2,44,7,5,1,44,10
6,10,11,"(1,2,3,4,7,10)",0,1,5,4,6,6,0,6,0,20,0,6,0,1,0,6,0
6,10,11,"(1,2,3,4,7,10)",1,2,5,4,12,10,2,10,2,20,0,10,0,1,1,10,2
6,10,11,"(1,2,3,4,7,10)",2,3,5,4,18,16,2,16,2,20,0,16,3,5,1,16,2
6,10,11,"(1,2,3,4,7,10)",3,4,5,4,24,20,4,20,4,20,0,20,1,5,1,20,4
6,10,11,"(1,2,3,4,7,10)",4,7,5,4,42,38,4,38,4,20,0,38,4,5,1,38,4
6,10,11,"(1,2,3,4,7,10)",5,10,5,4,60,52,8,52,8,20,1,52,6,5,1,52,8
6,10,12,"(1,2,3,4,8,9)",0,1,5,4,6,0,6,0,6,20,0,0,0,1,1,0,6
6,10,12,"(1,2,3,4,8,9)",1,2,5,4,12,6,6,6,6,20,0,6,0,1,1,6,6
6,10,12,"(1,2,3,4,8,9)",2,3,5,4,18,10,8,10,8,20,0,10,3,5,1,10,8
6,10,12,"(1,2,3,4,8,9)",3,4,5,4,24,14,10,14,10,20,0,14,2,5,1,14,10
6,10,12,"(1,2,3,4,8,9)",4,8,5,4,48,32,16,32,16,20,5,32,7,5,1,32,16
6,10,12,"(1,2,3,4,8,9)",5,9,5,4,54,36,18,36,18,20,2,36,7,5,1,36,18
6,10,13,"(1,2,3,4,8,10)",0,1,5,4,6,0,6,0,6,20,0,0,0,1,1,0,6
6,10,13,"(1,2,3,4,8,10)",1,2,5,4,12,4,8,4,8,20,0,4,0,1,1,4,8
6,10,13,"(1,2,3,4,8,10)",2,3,5,4,18,12,6,12,6,20,0,12,4,5,1,12,6
6,10,13,"(1,2,3,4,8,10)",3,4,5,4,24,14,10,14,10,20,0,14,1,5,1,14,10
6,10,13,"(1,2,3,4,8,10)",4,8,5,4,48,36,12,36,12,20,0,36,1,1,1,36,12
6,10,13,"(1,2,3,4,8,10)",5,10,5,4,60,44,16,44,16,20,2,44,7,5,1,44,16
6,10,14,"(1,2,3,4,9,10)",0,1,5,4,6,0,6,0,6,20,0,0,0,1,1,0,6
6,10,14,"(1,2,3,4,9,10)",1,2,5,4,12,6,6,6,6,20,0,6,0,1,1,6,6
6,10,14,"(1,2,3,4,9,10)",2,3,5,4,18,10,8,10,8,20,0,10,3,5,1,10,8
6,10,14,"(1,2,3,4,9,10)",3,4,5,4,24,16,8,16,8,20,0,16,1,5,1,16,8
6,10,14,"(1,2,3,4,9,10)",4,9,5,4,54,42,12,42,12,20,0,42,1,1,1,42,12
6,10,14,"(1,2,3,4,9,10)",5,10,5,4,60,44,16,44,16,20,5,44,9,5,1,44,16
6,10,15,"(1,2,3,5,6,7)",0,1,5,4,6,6,0,6,0,20,0,6,0,1,0,6,0
6,10,15,"(1,2,3,5,6,7)",1,2,5,4,12,12,0,12,0,20,0,12,0,1,0,12,0
6,10,15,"(1,2,3,5,6,7)",2,3,5,4,18,16,2,16,2,20,0,16,1,5,1,16,2
6,10,15,"(1,2,3,5,6,7)",3,5,5,4,30,26,4,26,4,20,0,26,4,5,1,26,4
6,10,15,"(1,2,3,5,6,7)",4,6,5,4,36,32,4,32,4,20,0,32,1,5,1,32,4
6,10,15,"(1,2,3,5,6,7)",5,7,5,4,42,38,4,38,4,20,3,38,1,1,1,38,4
6,10,16,"(1,2,3,5,6,8)",0,1,5,4,6,0,6,0,6,20,0,0,0,1,1,0,6
6,10,16,"(1,2,3,5,6,8)",1,2,5,4,12,6,6,6,6,20,0,6,0,1,1,6,6
6,10,16,"(1,2,3,5,6,8)",2,3,5,4,18,12,6,12,6,20,0,12,2,5,1,12,6
6,10,16,"(1,2,3,5,6,8)",3,5,5,4,30,22,8,22,8,20,0,22,1,1,1,22,8
6,10,16,"(1,2,3,5,6,8)",4,6,5,4,36,30,6,30,6,20,1,30,3,5,1,30,6
6,10,16,"(1,2,3,5,6,8)",5,8,5,4,48,38,10,38,10,20,3,38,1,1,1,38,10
6,10,17,"(1,2,3,5,6,9)",0,1,5,4,6,0,6,0,6,20,0,0,0,1,1,0,6
6,10,17,"(1,2,3,5,6,9)",1,2,5,4,12,6,6,6,6,20,0,6,1,5,1,6,6
6,10,17,"(1,2,3,5,6,9)",2,3,5,4,18,10,8,10,8,20,0,10,1,5,1,10,8
6,10,17,"(1,2,3,5,6,9)",3,5,5,4,30,22,8,22,8,20,0,22,1,1,1,22,8
6,10,17,"(1,2,3,5,6,9)",4,6,5,4,36,26,10,26,10,20,1,26,4,5,1,26,10
6,10,17,"(1,2,3,5,6,9)",5,9,5,4,54,42,12,42,12,20,3,42,6,5,1,42,12
6,10,18,"(1,2,3,5,6,10)",0,1,5,4,6,0,6,0,6,20,0,0,0,1,1,0,6
6,10,18,"(1,2,3,5,6,10)",1,2,5,4,12,6,6,6,6,20,0,6,0,1,1,6,6
6,10,18,"(1,2,3,5,6,10)",2,3,5,4,18,10,8,10,8,20,0,10,3,5,1,10,8
6,10,18,"(1,2,3,5,6,10)",3,5,5,4,30,20,10,20,10,20,0,20,4,5,1,20,10
6,10,18,"(1,2,3,5,6,10)",4,6,5,4,36,26,10,26,10,20,2,26,1,1,1,26,10
6,10,18,"(1,2,3,5,6,10)",5,10,5,4,60,46,14,46,14,20,3,46,6,5,1,46,14
6,10,19,"(1,2,3,5,7,8)",0,1,5,4,6,6,0,6,0,20,0,6,0,1,0,6,0
6,10,19,"(1,2,3,5,7,8)",1,2,5,4,12,12,0,12,0,20,0,12,0,1,0,12,0
6,10,19,"(1,2,3,5,7,8)",2,3,5,4,18,18,0,18,0,20,0,18,2,5,0,18,0
6,10,19,"(1,2,3,5,7,8)",3,5,5,4,30,26,4,26,4,20,0,26,4,5,1,26,4
6,10,19,"(1,2,3,5,7,8)",4,7,5,4,42,40,2,40,2,20,5,40,1,1,1,40,2
6,10,19,"(1,2,3,5,7,8)",5,8,5,4,48,46,2,46,2,20,3,46,4,5,1,46,2
6,10,20,"(1,2,3,5,7,9)",0,1,5,4,6,6,0,6,0,20,0,6,0,1,0,6,0
6,10,20,"(1,2,3,5,7,9)",1,2,5,4,12,12,0,12,0,20,0,12,1,5,0,12,0
6,10,20,"(1,2,3,5,7,9)",2,3,5,4,18,16,2,16,2,20,0,16,1,5,1,16,2
6,10,20,"(1,2,3,5,7,9)",3,5,5,4,30,26,4,26,4,20,0,26,4,5,1,26,4
6,10,20,"(1,2,3,5,7,9)",4,7,5,4,42,36,6,36,6,20,5,36,7,5,1,36,6
6,10,20,"(1,2,3,5,7,9)",5,9,5,4,54,50,4,50,4,20,2,50,1,1,1,50,4
6,10,21,"(1,2,3,5,7,10)",0,1,5,4,6,6,0,6,0,20,0,6,0,1,0,6,0
6,10,21,"(1,2,3,5,7,10)",1,2,5,4,12,12,0,12,0,20,0,12,0,1,0,12,0
6,10,21,"(1,2,3,5,7,10)",2,3,5,4,18,16,2,16,2,20,0,16,3,5,1,16,2
6,10,21,"(1,2,3,5,7,10)",3,5,5,4,30,24,6,24,6,20,0,24,1,5,1,24,6
6,10,21,"(1,2,3,5,7,10)",4,7,5,4,42,36,6,36,6,20,5,36,7,5,1,36,6
6,10,21,"(1,2,3,5,7,10)",5,10,5,4,60,52,8,52,8,20,1,52,4,5,1,52,8
6,10,22,"(1,2,3,5,8,9)",0,1,5,4,6,0,6,0,6,20,0,0,0,1,1,0,6
6,10,22,"(1,2,3,5,8,9)",1,2,5,4,12,6,6,6,6,20,0,6,1,5,1,6,6
6,10,22,"(1,2,3,5,8,9)",2,3,5,4,18,12,6,12,6,20,0,12,2,5,1,12,6
6,10,22,"(1,2,3,5,8,9)",3,5,5,4,30,22,8,22,8,20,0,22,1,1,1,22,8
6,10,22,"(1,2,3,5,8,9)",4,8,5,4,48,38,10,38,10,20,5,38,6,5,1,38,10
6,10,22,"(1,2,3,5,8,9)",5,9,5,4,54,44,10,44,10,20,5,44,6,5,1,44,10
6,10,23,"(1,2,3,5,8,10)",0,1,5,4,6,0,6,0,6,20,0,0,0,1,1,0,6
6,10,23,"(1,2,3,5,8,10)",1,2,5,4,12,6,6,6,6,20,0,6,0,1,1,6,6
6,10,23,"(1,2,3,5,8,10)",2,3,5,4,18,12,6,12,6,20,0,12,4,5,1,12,6
6,10,23,"(1,2,3,5,8,10)",3,5,5,4,30,20,10,20,10,20,0,20,4,5,1,20,10
6,10,23,"(1,2,3,5,8,10)",4,8,5,4,48,36,12,36,12,20,2,36,7,5,1,36,12
6,10,23,"(1,2,3,5,8,10)",5,10,5,4,60,46,14,46,14,20,5,46,6,5,1,46,14
6,10,24,"(1,2,3,5,9,10)",0,1,5,4,6,0,6,0,6,20,0,0,0,1,1,0,6
6,10,24,"(1,2,3,5,9,10)",1,2,5,4,12,6,6,6,6,20,0,6,1,5,1,6,6
6,10,24,"(1,2,3,5,9,10)",2,3,5,4,18,10,8,10,8,20,0,10,3,5,1,10,8
6,10,24,"(1,2,3,5,9,10)",3,5,5,4,30,20,10,20,10,20,0,20,4,5,1,20,10
6,10,24,"(1,2,3,5,9,10)",4,9,5,4,54,40,14,40,14,20,5,40,9,5,1,40,14
6,10,24,"(1,2,3,5,9,10)",5,10,5,4,60,44,16,44,16,20,5,44,7,5,1,44,16
6,10,25,"(1,2,3,6,7,8)",0,1,5,4,6,6,0,6,0,20,0,6,0,1,0,6,0
6,10,25,"(1,2,3,6,7,8)",1,2,5,4,12,10,2,10,2,20,0,10,0,1,1,10,2
6,10,25,"(1,2,3,6,7,8)",2,3,5,4,18,16,2,16,2,20,0,16,1,5,1,16,2
6,10,25,"(1,2,3,6,7,8)",3,6,5,4,36,30,6,30,6,20,0,30,2,5,1,30,6
6,10,25,"(1,2,3,6,7,8)",4,7,5,4,42,36,6,36,6,20,0,36,1,1,1,36,6
6,10,25,"(1,2,3,6,7,8)",5,8,5,4,48,40,8,40,8,20,3,40,7,5,1,40,8
6,10,26,"(1,2,3,6,7,9)",0,1,5,4,6,6,0,6,0,20,0,6,0,1,0,6,0
6,10,26,"(1,2,3,6,7,9)",1,2,5,4,12,12,0,12,0,20,0,12,0,1,0,12,0
6,10,26,"(1,2,3,6,7,9)",2,3,5,4,18,12,6,12,6,20,0,12,1,5,1,12,6
6,10,26,"(1,2,3,6,7,9)",3,6,5,4,36,26,10,26,10,20,0,26,3,5,1,26,10
6,10,26,"(1,2,3,6,7,9)",4,7,5,4,42,32,10,32,10,20,0,32,1,1,1,32,10
6,10,26,"(1,2,3,6,7,9)",5,9,5,4,54,42,12,42,12,20,2,42,8,5,1,42,12
6,10,27,"(1,2,3,6,7,10)",0,1,5,4,6,6,0,6,0,20,0,6,0,1,0,6,0
6,10,27,"(1,2,3,6,7,10)",1,2,5,4,12,10,2,10,2,20,0,10,0,1,1,10,2
6,10,27,"(1,2,3,6,7,10)",2,3,5,4,18,14,4,14,4,20,0,14,2,5,1,14,4
6,10,27,"(1,2,3,6,7,10)",3,6,5,4,36,28,8,28,8,20,0,28,3,5,1,28,8
6,10,27,"(1,2,3,6,7,10)",4,7,5,4,42,36,6,36,6,20,0,36,1,1,1,36,6
6,10,27,"(1,2,3,6,7,10)",5,10,5,4,60,50,10,50,10,20,1,50,8,5,1,50,10
6,10,28,"(1,2,3,6,8,9)",0,1,5,4,6,0,6,0,6,20,0,0,0,1,1,0,6
6,10,28,"(1,2,3,6,8,9)",1,2,5,4,12,6,6,6,6,20,0,6,0,1,1,6,6
6,10,28,"(1,2,3,6,8,9)",2,3,5,4,18,10,8,10,8,20,0,10,1,5,1,10,8
6,10,28,"(1,2,3,6,8,9)",3,6,5,4,36,26,10,26,10,20,0,26,2,5,1,26,10
6,10,28,"(1,2,3,6,8,9)",4,8,5,4,48,34,14,34,14,20,0,34,4,5,1,34,14
6,10,28,"(1,2,3,6,8,9)",5,9,5,4,54,38,16,38,16,20,0,38,6,5,1,38,16
6,10,29,"(1,2,3,6,8,10)",0,1,5,4,6,0,6,0,6,20,0,0,0,1,1,0,6
6,10,29,"(1,2,3,6,8,10)",1,2,5,4,12,4,8,4,8,20,0,4,0,1,1,4,8
6,10,29,"(1,2,3,6,8,10)",2,3,5,4,18,12,6,12,6,20,0,12,2,5,1,12,6
6,10,29,"(1,2,3,6,8,10)",3,6,5,4,36,28,8,28,8,20,0,28,4,5,1,28,8
6,10,29,"(1,2,3,6,8,10)",4,8,5,4,48,36,12,36,12,20,0,36,7,5,1,36,12
6,10,29,"(1,2,3,6,8,10)",5,10,5,4,60,46,14,46,14,20,0,46,7,5,1,46,14
6,10,30,"(1,2,3,6,9,10)",0,1,5,4,6,0,6,0,6,20,0,0,0,1,1,0,6
6,10,30,"(1,2,3,6,9,10)",1,2,5,4,12,6,6,6,6,20,0,6,0,1,1,6,6
6,10,30,"(1,2,3,6,9,10)",2,3,5,4,18,8,10,8,10,20,0,8,2,5,1,8,10
6,10,30,"(1,2,3,6,9,10)",3,6,5,4,36,24,12,24,12,20,0,24,1,1,1,24,12
6,10,30,"(1,2,3,6,9,10)",4,9,5,4,54,40,14,40,14,20,0,40,6,5,1,40,14
6,10,30,"(1,2,3,6,9,10)",5,10,5,4,60,44,16,44,16,20,0,44,6,5,1,44,16
6,10,31,"(1,2,3,7,8,9)",0,1,5,4,6,6,0,6,0,20,0,6,0,1,0,6,0
6,10,31,"(1,2,3,7,8,9)",1,2,5,4,12,12,0,12,0,20,0,12,0,1,0,12,0
6,10,31,"(1,2,3,7,8,9)",2,3,5,4,18,16,2,16,2,20,0,16,1,5,1,16,2
6,10,31,"(1,2,3,7,8,9)",3,7,5,4,42,34,8,34,8,20,0,34,7,5,1,34,8
6,10,31,"(1,2,3,7,8,9)",4,8,5,4,48,42,6,42,6,20,0,42,1,1,1,42,6
6,10,31,"(1,2,3,7,8,9)",5,9,5,4,54,46,8,46,8,20,0,46,1,1,1,46,8
6,10,32,"(1,2,3,7,8,10)",0,1,5,4,6,6,0,6,0,20,0,6,0,1,0,6,0
6,10,32,"(1,2,3,7,8,10)",1,2,5,4,12,10,2,10,2,20,0,10,0,1,1,10,2
6,10,32,"(1,2,3,7,8,10)",2,3,5,4,18,18,0,18,0,20,0,18,2,5,0,18,0
6,10,32,"(1,2,3,7,8,10)",3,7,5,4,42,36,6,36,6,20,2,36,6,5,1,36,6
6,10,32,"(1,2,3,7,8,10)",4,8,5,4,48,42,6,42,6,20,1,42,1,1,1,42,6
6,10,32,"(1,2,3,7,8,10)",5,10,5,4,60,52,8,52,8,20,0,52,1,1,1,52,8
6,10,33,"(1,2,3,7,9,10)",0,1,5,4,6,6,0,6,0,20,0,6,0,1,0,6,0
6,10,33,"(1,2,3,7,9,10)",1,2,5,4,12,12,0,12,0,20,0,12,0,1,0,12,0
6,10,33,"(1,2,3,7,9,10)",2,3,5,4,18,14,4,14,4,20,0,14,2,5,1,14,4
6,10,33,"(1,2,3,7,9,10)",3,7,5,4,42,34,8,34,8,20,0,34,7,5,1,34,8
6,10,33,"(1,2,3,7,9,10)",4,9,5,4,54,46,8,46,8,20,1,46,6,5,1,46,8
6,10,33,"(1,2,3,7,9,10)",5,10,5,4,60,50,10,50,10,20,0,50,6,5,1,50,10
6,10,34,"(1,2,3,8,9,10)",0,1,5,4,6,0,6,0,6,20,0,0,0,1,1,0,6
6,10,34,"(1,2,3,8,9,10)",1,2,5,4,12,6,6,6,6,20,0,6,0,1,1,6,6
6,10,34,"(1,2,3,8,9,10)",2,3,5,4,18,12,6,12,6,20,0,12,2,5,1,12,6
6,10,34,"(1,2,3,8,9,10)",3,8,5,4,48,36,12,36,12,20,0,36,6,5,1,36,12
6,10,34,"(1,2,3,8,9,10)",4,9,5,4,54,42,12,42,12,20,0,42,6,5,1,42,12
6,10,34,"(1,2,3,8,9,10)",5,10,5,4,60,44,16,44,16,20,0,44,8,5,1,44,16
6,10,35,"(1,2,4,5,6,7)",0,1,5,4,6,6,0,6,0,20,0,6,0,1,0,6,0
6,10,35,"(1,2,4,5,6,7)",1,2,5,4,12,10,2,10,2,20,0,10,0,1,1,10,2
6,10,35,"(1,2,4,5,6,7)",2,4,5,4,24,22,2,22,2,20,0,22,2,5,1,22,2
6,10,35,"(1,2,4,5,6,7)",3,5,5,4,30,28,2,28,2,20,0,28,1,5,1,28,2
6,10,35,"(1,2,4,5,6,7)",4,6,5,4,36,32,4,32,4,20,0,32,2,5,1,32,4
6,10,35,"(1,2,4,5,6,7)",5,7,5,4,42,38,4,38,4,20,1,38,1,1,1,38,4
6,10,36,"(1,2,4,5,6,8)",0,1,5,4,6,0,6,0,6,20,0,0,0,1,1,0,6
6,10,36,"(1,2,4,5,6,8)",1,2,5,4,12,4,8,4,8,20,0,4,0,1,1,4,8
6,10,36,"(1,2,4,5,6,8)",2,4,5,4,24,16,8,16,8,20,0,16,2,5,1,16,8
6,10,36,"(1,2,4,5,6,8)",3,5,5,4,30,24,6,24,6,20,0,24,3,5,1,24,6
6,10,36,"(1,2,4,5,6,8)",4,6,5,4,36,26,10,26,10,20,2,26,6,5,1,26,10
6,10,36,"(1,2,4,5,6,8)",5,8,5,4,48,38,10,38,10,20,1,38,3,5,1,38,10
6,10,37,"(1,2,4,5,6,9)",0,1,5,4,6,0,6,0,6,20,0,0,0,1,1,0,6
6,10,37,"(1,2,4,5,6,9)",1,2,5,4,12,4,8,4,8,20,0,4,1,5,1,4,8
6,10,37,"(1,2,4,5,6,9)",2,4,5,4,24,16,8,16,8,20,2,16,1,1,1,16,8
6,10,37,"(1,2,4,5,6,9)",3,5,5,4,30,22,8,22,8,20,5,22,1,1,1,22,8
6,10,37,"(1,2,4,5,6,9)",4,6,5,4,36,26,10,26,10,20,1,26,1,1,1,26,10
6,10,37,"(1,2,4,5,6,9)",5,9,5,4,54,44,10,44,10,20,1,44,4,5,1,44,10
6,10,38,"(1,2,4,5,6,10)",0,1,5,4,6,0,6,0,6,20,0,0,0,1,1,0,6
6,10,38,"(1,2,4,5,6,10)",1,2,5,4,12,4,8,4,8,20,0,4,0,1,1,4,8
6,10,38,"(1,2,4,5,6,10)",2,4,5,4,24,16,8,16,8,20,0,16,4,5,1,16,8
6,10,38,"(1,2,4,5,6,10)",3,5,5,4,30,22,8,22,8,20,0,22,1,5,1,22,8
6,10,38,"(1,2,4,5,6,10)",4,6,5,4,36,28,8,28,8,20,1,28,1,1,1,28,8
6,10,38,"(1,2,4,5,6,10)",5,10,5,4,60,50,10,50,10,20,1,50,4,5,1,50,10
6,10,39,"(1,2,4,5,7,8)",0,1,5,4,6,6,0,6,0,20,0,6,0,1,0,6,0
6,10,39,"(1,2,4,5,7,8)",1,2,5,4,12,10,2,10,2,20,0,10,0,1,1,10,2
6,10,39,"(1,2,4,5,7,8)",2,4,5,4,24,20,4,20,4,20,0,20,1,5,1,20,4
6,10,39,"(1,2,4,5,7,8)",3,5,5,4,30,24,6,24,6,20,0,24,3,5,1,24,6
6,10,39,"(1,2,4,5,7,8)",4,7,5,4,42,34,8,34,8,20,2,34,8,5,1,34,8
6,10,39,"(1,2,4,5,7,8)",5,8,5,4,48,42,6,42,6,20,3,42,6,5,1,42,6
6,10,40,"(1,2,4,5,7,9)",0,1,5,4,6,6,0,6,0,20,0,6,0,1,0,6,0
6,10,40,"(1,2,4,5,7,9)",1,2,5,4,12,10,2,10,2,20,0,10,1,5,1,10,2
6,10,40,"(1,2,4,5,7,9)",2,4,5,4,24,22,2,22,2,20,0,22,3,5,1,22,2
6,10,40,"(1,2,4,5,7,9)",3,5,5,4,30,24,6,24,6,20,0,24,1,1,1,24,6
6,10,40,"(1,2,4,5,7,9)",4,7,5,4,42,36,6,36,6,20,0,36,7,5,1,36,6
6,10,40,"(1,2,4,5,7,9)",5,9,5,4,54,48,6,48,6,20,2,48,7,5,1,48,6
6,10,41,"(1,2,4,5,7,10)",0,1,5,4,6,6,0,6,0,20,0,6,0,1,0,6,0
6,10,41,"(1,2,4,5,7,10)",1,2,5,4,12,10,2,10,2,20,0,10,0,1,1,10,2
6,10,41,"(1,2,4,5,7,10)",2,4,5,4,24,20,4,20,4,20,0,20,3,5,1,20,4
6,10,41,"(1,2,4,5,7,10)",3,5,5,4,30,22,8,22,8,20,0,22,2,5,1,22,8
6,10,41,"(1,2,4,5,7,10)",4,7,5,4,42,34,8,34,8,20,1,34,8,5,1,34,8
6,10,41,"(1,2,4,5,7,10)",5,10,5,4,60,48,12,48,12,20,5,48,8,5,1,48,12
6,10,42,"(1,2,4,5,8,9)",0,1,5,4,6,0,6,0,6,20,0,0,0,1,1,0,6
6,10,42,"(1,2,4,5,8,9)",1,2,5,4,12,4,8,4,8,20,0,4,1,5,1,4,8
6,10,42,"(1,2,4,5,8,9)",2,4,5,4,24,16,8,16,8,20,0,16,3,5,1,16,8
6,10,42,"(1,2,4,5,8,9)",3,5,5,4,30,20,10,20,10,20,0,20,4,5,1,20,10
6,10,42,"(1,2,4,5,8,9)",4,8,5,4,48,36,12,36,12,20,5,36,7,5,1,36,12
6,10,42,"(1,2,4,5,8,9)",5,9,5,4,54,40,14,40,14,20,2,40,7,5,1,40,14
6,10,43,"(1,2,4,5,8,10)",0,1,5,4,6,0,6,0,6,20,0,0,0,1,1,0,6
6,10,43,"(1,2,4,5,8,10)",1,2,5,4,12,4,8,4,8,20,0,4,0,1,1,4,8
6,10,43,"(1,2,4,5,8,10)",2,4,5,4,24,14,10,14,10,20,0,14,3,5,1,14,10
6,10,43,"(1,2,4,5,8,10)",3,5,5,4,30,18,12,18,12,20,0,18,3,5,1,18,12
6,10,43,"(1,2,4,5,8,10)",4,8,5,4,48,34,14,34,14,20,1,34,8,5,1,34,14
6,10,43,"(1,2,4,5,8,10)",5,10,5,4,60,42,18,42,18,20,2,42,8,5,1,42,18
6,10,44,"(1,2,4,5,9,10)",0,1,5,4,6,0,6,0,6,20,0,0,0,1,1,0,6
6,10,44,"(1,2,4,5,9,10)",1,2,5,4,12,4,8,4,8,20,0,4,1,5,1,4,8
6,10,44,"(1,2,4,5,9,10)",2,4,5,4,24,16,8,16,8,20,0,16,3,5,1,16,8
6,10,44,"(1,2,4,5,9,10)",3,5,5,4,30,18,12,18,12,20,0,18,1,1,1,18,12
6,10,44,"(1,2,4,5,9,10)",4,9,5,4,54,40,14,40,14,20,1,40,8,5,1,40,14
6,10,44,"(1,2,4,5,9,10)",5,10,5,4,60,44,16,44,16,20,5,44,9,5,1,44,16
6,10,45,"(1,2,4,6,7,8)",0,1,5,4,6,6,0,6,0,20,0,6,0,1,0,6,0
6,10,45,"(1,2,4,6,7,8)",1,2,5,4,12,8,4,8,4,20,0,8,0,1,1,8,4
6,10,45,"(1,2,4,6,7,8)",2,4,5,4,24,18,6,18,6,20,0,18,1,5,1,18,6
6,10,45,"(1,2,4,6,7,8)",3,6,5,4,36,26,10,26,10,20,0,26,1,1,1,26,10
6,10,45,"(1,2,4,6,7,8)",4,7,5,4,42,36,6,36,6,20,0,36,6,5,1,36,6
6,10,45,"(1,2,4,6,7,8)",5,8,5,4,48,40,8,40,8,20,3,40,1,1,1,40,8
6,10,46,"(1,2,4,6,7,9)",0,1,5,4,6,6,0,6,0,20,0,6,0,1,0,6,0
6,10,46,"(1,2,4,6,7,9)",1,2,5,4,12,10,2,10,2,20,0,10,0,1,1,10,2
6,10,46,"(1,2,4,6,7,9)",2,4,5,4,24,20,4,20,4,20,0,20,3,5,1,20,4
6,10,46,"(1,2,4,6,7,9)",3,6,5,4,36,26,10,26,10,20,0,26,4,5,1,26,10
6,10,46,"(1,2,4,6,7,9)",4,7,5,4,42,32,10,32,10,20,5,32,9,5,1,32,10
6,10,46,"(1,2,4,6,7,9)",5,9,5,4,54,44,10,44,10,20,2,44,6,5,1,44,10
6,10,47,"(1,2,4,6,7,10)",0,1,5,4,6,6,0,6,0,20,0,6,0,1,0,6,0
6,10,47,"(1,2,4,6,7,10)",1,2,5,4,12,8,4,8,4,20,0,8,0,1,1,8,4
6,10,47,"(1,2,4,6,7,10)",2,4,5,4,24,20,4,20,4,20,0,20,2,5,1,20,4
6,10,47,"(1,2,4,6,7,10)",3,6,5,4,36,30,6,30,6,20,0,30,3,5,1,30,6
6,10,47,"(1,2,4,6,7,10)",4,7,5,4,42,40,2,40,2,20,0,40,4,5,1,40,2
6,10,47,"(1,2,4,6,7,10)",5,10,5,4,60,52,8,52,8,20,5,52,7,5,1,52,8
6,10,48,"(1,2,4,6,8,9)",0,1,5,4,6,0,6,0,6,20,0,0,0,1,1,0,6
6,10,48,"(1,2,4,6,8,9)",1,2,5,4,12,4,8,4,8,20,0,4,0,1,1,4,8
6,10,48,"(1,2,4,6,8,9)",2,4,5,4,24,14,10,14,10,20,0,14,3,5,1,14,10
6,10,48,"(1,2,4,6,8,9)",3,6,5,4,36,22,14,22,14,20,0,22,1,1,1,22,14
6,10,48,"(1,2,4,6,8,9)",4,8,5,4,48,32,16,32,16,20,5,32,7,5,1,32,16
6,10,48,"(1,2,4,6,8,9)",5,9,5,4,54,38,16,38,16,20,0,38,6,5,1,38,16
6,10,49,"(1,2,4,6,8,10)",0,1,5,4,6,0,6,0,6,20,0,0,0,1,1,0,6
6,10,49,"(1,2,4,6,8,10)",1,2,5,4,12,2,10,2,10,20,0,2,0,1,1,2,10
6,10,49,"(1,2,4,6,8,10)",2,4,5,4,24,14,10,14,10,20,0,14,2,5,1,14,10
6,10,49,"(1,2,4,6,8,10)",3,6,5,4,36,26,10,26,10,20,0,26,6,5,1,26,10
6,10,49,"(1,2,4,6,8,10)",4,8,5,4,48,38,10,38,10,20,0,38,4,5,1,38,10
6,10,49,"(1,2,4,6,8,10)",5,10,5,4,60,48,12,48,12,20,0,48,7,5,1,48,12
6,10,50,"(1,2,4,6,9,10)",0,1,5,4,6,0,6,0,6,20,0,0,0,1,1,0,6
6,10,50,"(1,2,4,6,9,10)",1,2,5,4,12,4,8,4,8,20,0,4,0,1,1,4,8
6,10,50,"(1,2,4,6,9,10)",2,4,5,4,24,16,8,16,8,20,0,16,2,5,1,16,8
6,10,50,"(1,2,4,6,9,10)",3,6,5,4,36,26,10,26,10,20,0,26,1,1,1,26,10
6,10,50,"(1,2,4,6,9,10)",4,9,5,4,54,44,10,44,10,20,0,44,4,5,1,44,10
6,10,50,"(1,2,4,6,9,10)",5,10,5,4,60,46,14,46,14,20,5,46,9,5,1,46,14
6,10,51,"(1,2,4,7,8,9)",0,1,5,4,6,6,0,6,0,20,0,6,0,1,0,6,0
6,10,51,"(1,2,4,7,8,9)",1,2,5,4,12,10,2,10,2,20,0,10,0,1,1,10,2
6,10,51,"(1,2,4,7,8,9)",2,4,5,4,24,18,6,18,6,20,0,18,2,5,1,18,6
6,10,51,"(1,2,4,7,8,9)",3,7,5,4,42,32,10,32,10,20,0,32,8,5,1,32,10
6,10,51,"(1,2,4,7,8,9)",4,8,5,4,48,40,8,40,8,20,0,40,6,5,1,40,8
6,10,51,"(1,2,4,7,8,9)",5,9,5,4,54,42,12,42,12,20,0,42,6,5,1,42,12
6,10,52,"(1,2,4,7,8,10)",0,1,5,4,6,6,0,6,0,20,0,6,0,1,0,6,0
6,10,52,"(1,2,4,7,8,10)",1,2,5,4,12,8,4,8,4,20,0,8,0,1,1,8,4
6,10,52,"(1,2,4,7,8,10)",2,4,5,4,24,16,8,16,8,20,0,16,2,5,1,16,8
6,10,52,"(1,2,4,7,8,10)",3,7,5,4,42,34,8,34,8,20,1,34,8,5,1,34,8
6,10,52,"(1,2,4,7,8,10)",4,8,5,4,48,38,10,38,10,20,1,38,9,5,1,38,10
6,10,52,"(1,2,4,7,8,10)",5,10,5,4,60,46,14,46,14,20,0,46,8,5,1,46,14
6,10,53,"(1,2,4,7,9,10)",0,1,5,4,6,6,0,6,0,20,0,6,0,1,0,6,0
6,10,53,"(1,2,4,7,9,10)",1,2,5,4,12,10,2,10,2,20,0,10,0,1,1,10,2
6,10,53,"(1,2,4,7,9,10)",2,4,5,4,24,20,4,20,4,20,0,20,1,5,1,20,4
6,10,53,"(1,2,4,7,9,10)",3,7,5,4,42,36,6,36,6,20,0,36,6,5,1,36,6
6,10,53,"(1,2,4,7,9,10)",4,9,5,4,54,44,10,44,10,20,1,44,8,5,1,44,10
6,10,53,"(1,2,4,7,9,10)",5,10,5,4,60,48,12,48,12,20,0,48,9,5,1,48,12
6,10,54,"(1,2,4,8,9,10)",0,1,5,4,6,0,6,0,6,20,0,0,0,1,1,0,6
6,10,54,"(1,2,4,8,9,10)",1,2,5,4,12,4,8,4,8,20,0,4,0,1,1,4,8
6,10,54,"(1,2,4,8,9,10)",2,4,5,4,24,14,10,14,10,20,0,14,1,5,1,14,10
6,10,54,"(1,2,4,8,9,10)",3,8,5,4,48,36,12,36,12,20,0,36,6,5,1,36,12
6,10,54,"(1,2,4,8,9,10)",4,9,5,4,54,40,14,40,14,20,0,40,7,5,1,40,14
6,10,54,"(1,2,4,8,9,10)",5,10,5,4,60,42,18,42,18,20,0,42,9,5,1,42,18
6,10,55,"(1,2,5,6,7,8)",0,1,5,4,6,6,0,6,0,20,0,6,0,1,0,6,0
6,10,55,"(1,2,5,6,7,8)",1,2,5,4,12,10,2,10,2,20,0,10,0,1,1,10,2
6,10,55,"(1,2,5,6,7,8)",2,5,5,4,30,28,2,28,2,20,0,28,3,5,1,28,2
6,10,55,"(1,2,5,6,7,8)",3,6,5,4,36,32,4,32,4,20,0,32,3,5,1,32,4
6,10,55,"(1,2,5,6,7,8)",4,7,5,4,42,40,2,40,2,20,0,40,1,1,1,40,2
6,10,55,"(1,2,5,6,7,8)",5,8,5,4,48,44,4,44,4,20,3,44,7,5,1,44,4
6,10,56,"(1,2,5,6,7,9)",0,1,5,4,6,6,0,6,0,20,0,6,0,1,0,6,0
6,10,56,"(1,2,5,6,7,9)",1,2,5,4,12,10,2,10,2,20,0,10,1,5,1,10,2
6,10,56,"(1,2,5,6,7,9)",2,5,5,4,30,26,4,26,4,20,0,26,6,5,1,26,4
6,10,56,"(1,2,5,6,7,9)",3,6,5,4,36,28,8,28,8,20,0,28,4,5,1,28,8
6,10,56,"(1,2,5,6,7,9)",4,7,5,4,42,34,8,34,8,20,7,34,2,1,1,34,8
6,10,56,"(1,2,5,6,7,9)",5,9,5,4,54,48,6,48,6,20,2,48,8,5,1,48,6
6,10,57,"(1,2,5,6,7,10)",0,1,5,4,6,6,0,6,0,20,0,6,0,1,0,6,0
6,10,57,"(1,2,5,6,7,10)",1,2,5,4,12,10,2,10,2,20,0,10,0,1,1,10,2
6,10,57,"(1,2,5,6,7,10)",2,5,5,4,30,24,6,24,6,20,0,24,3,5,1,24,6
6,10,57,"(1,2,5,6,7,10)",3,6,5,4,36,30,6,30,6,20,0,30,4,5,1,30,6
6,10,57,"(1,2,5,6,7,10)",4,7,5,4,42,36,6,36,6,20,0,36,7,5,1,36,6
6,10,57,"(1,2,5,6,7,10)",5,10,5,4,60,50,10,50,10,20,7,50,9,5,1,50,10
6,10,58,"(1,2,5,6,8,9)",0,1,5,4,6,0,6,0,6,20,0,0,0,1,1,0,6
6,10,58,"(1,2,5,6,8,9)",1,2,5,4,12,4,8,4,8,20,0,4,1,5,1,4,8
6,10,58,"(1,2,5,6,8,9)",2,5,5,4,30,24,6,24,6,20,0,24,4,5,1,24,6
6,10,58,"(1,2,5,6,8,9)",3,6,5,4,36,26,10,26,10,20,0,26,4,5,1,26,10
6,10,58,"(1,2,5,6,8,9)",4,8,5,4,48,36,12,36,12,20,7,36,9,5,1,36,12
6,10,58,"(1,2,5,6,8,9)",5,9,5,4,54,44,10,44,10,20,0,44,6,5,1,44,10
6,10,59,"(1,2,5,6,8,10)",0,1,5,4,6,0,6,0,6,20,0,0,0,1,1,0,6
6,10,59,"(1,2,5,6,8,10)",1,2,5,4,12,4,8,4,8,20,0,4,0,1,1,4,8
6,10,59,"(1,2,5,6,8,10)",2,5,5,4,30,22,8,22,8,20,0,22,3,5,1,22,8
6,10,59,"(1,2,5,6,8,10)",3,6,5,4,36,28,8,28,8,20,0,28,6,5,1,28,8
6,10,59,"(1,2,5,6,8,10)",4,8,5,4,48,36,12,36,12,20,0,36,9,5,1,36,12
6,10,59,"(1,2,5,6,8,10)",5,10,5,4,60,48,12,48,12,20,0,48,7,5,1,48,12
6,10,60,"(1,2,5,6,9,10)",0,1,5,4,6,0,6,0,6,20,0,0,0,1,1,0,6
6,10,60,"(1,2,5,6,9,10)",1,2,5,4,12,4,8,4,8,20,0,4,1,5,1,4,8
6,10,60,"(1,2,5,6,9,10)",2,5,5,4,30,20,10,20,10,20,0,20,6,5,1,20,10
6,10,60,"(1,2,5,6,9,10)",3,6,5,4,36,24,12,24,12,20,0,24,7,5,1,24,12
6,10,60,"(1,2,5,6,9,10)",4,9,5,4,54,40,14,40,14,20,0,40,9,5,1,40,14
6,10,60,"(1,2,5,6,9,10)",5,10,5,4,60,44,16,44,16,20,7,44,11,5,1,44,16
6,10,61,"(1,2,5,7,8,9)",0,1,5,4,6,6,0,6,0,20,0,6,0,1,0,6,0
6,10,61,"(1,2,5,7,8,9)",1,2,5,4,12,10,2,10,2,20,0,10,1,5,1,10,2
6,10,61,"(1,2,5,7,8,9)",2,5,5,4,30,26,4,26,4,20,0,26,4,5,1,26,4
6,10,61,"(1,2,5,7,8,9)",3,7,5,4,42,38,4,38,4,20,0,38,7,5,1,38,4
6,10,61,"(1,2,5,7,8,9)",4,8,5,4,48,46,2,46,2,20,0,46,1,1,1,46,2
6,10,61,"(1,2,5,7,8,9)",5,9,5,4,54,50,4,50,4,20,0,50,6,5,1,50,4
6,10,62,"(1,2,5,7,8,10)",0,1,5,4,6,6,0,6,0,20,0,6,0,1,0,6,0
6,10,62,"(1,2,5,7,8,10)",1,2,5,4,12,10,2,10,2,20,0,10,0,1,1,10,2
6,10,62,"(1,2,5,7,8,10)",2,5,5,4,30,22,8,22,8,20,0,22,4,5,1,22,8
6,10,62,"(1,2,5,7,8,10)",3,7,5,4,42,36,6,36,6,20,0,36,6,5,1,36,6
6,10,62,"(1,2,5,7,8,10)",4,8,5,4,48,40,8,40,8,20,2,40,8,5,1,40,8
6,10,62,"(1,2,5,7,8,10)",5,10,5,4,60,48,12,48,12,20,0,48,8,5,1,48,12
6,10,63,"(1,2,5,7,9,10)",0,1,5,4,6,6,0,6,0,20,0,6,0,1,0,6,0
6,10,63,"(1,2,5,7,9,10)",1,2,5,4,12,10,2,10,2,20,0,10,1,5,1,10,2
6,10,63,"(1,2,5,7,9,10)",2,5,5,4,30,22,8,22,8,20,0,22,4,5,1,22,8
6,10,63,"(1,2,5,7,9,10)",3,7,5,4,42,34,8,34,8,20,0,34,9,5,1,34,8
6,10,63,"(1,2,5,7,9,10)",4,9,5,4,54,44,10,44,10,20,5,44,2,1,1,44,10
6,10,63,"(1,2,5,7,9,10)",5,10,5,4,60,48,12,48,12,20,0,48,8,5,1,48,12
6,10,64,"(1,2,5,8,9,10)",0,1,5,4,6,0,6,0,6,20,0,0,0,1,1,0,6
6,10,64,"(1,2,5,8,9,10)",1,2,5,4,12,4,8,4,8,20,0,4,1,5,1,4,8
6,10,64,"(1,2,5,8,9,10)",2,5,5,4,30,20,10,20,10,20,0,20,4,5,1,20,10
6,10,64,"(1,2,5,8,9,10)",3,8,5,4,48,36,12,36,12,20,0,36,8,5,1,36,12
6,10,64,"(1,2,5,8,9,10)",4,9,5,4,54,40,14,40,14,20,0,40,2,1,1,40,14
6,10,64,"(1,2,5,8,9,10)",5,10,5,4,60,44,16,44,16,20,0,44,9,5,1,44,16
6,10,65,"(1,2,6,7,8,9)",0,1,5,4,6,6,0,6,0,20,0,6,0,1,0,6,0
6,10,65,"(1,2,6,7,8,9)",1,2,5,4,12,10,2,10,2,20,0,10,0,1,1,10,2
6,10,65,"(1,2,6,7,8,9)",2,6,5,4,36,28,8,28,8,20,0,28,3,5,1,28,8
6,10,65,"(1,2,6,7,8,9)",3,7,5,4,42,36,6,36,6,20,0,36,6,5,1,36,6
6,10,65,"(1,2,6,7,8,9)",4,8,5,4,48,42,6,42,6,20,0,42,7,5,1,42,6
6,10,65,"(1,2,6,7,8,9)",5,9,5,4,54,48,6,48,6,20,0,48,4,5,1,48,6
6,10,66,"(1,2,6,7,8,10)",0,1,5,4,6,6,0,6,0,20,0,6,0,1,0,6,0
6,10,66,"(1,2,6,7,8,10)",1,2,5,4,12,8,4,8,4,20,0,8,0,1,1,8,4
6,10,66,"(1,2,6,7,8,10)",2,6,5,4,36,32,4,32,4,20,0,32,4,5,1,32,4
6,10,66,"(1,2,6,7,8,10)",3,7,5,4,42,40,2,40,2,20,1,40,1,1,1,40,2
6,10,66,"(1,2,6,7,8,10)",4,8,5,4,48,42,6,42,6,20,1,42,9,5,1,42,6
6,10,66,"(1,2,6,7,8,10)",5,10,5,4,60,54,6,54,6,20,0,54,6,5,1,54,6
6,10,67,"(1,2,6,7,9,10)",0,1,5,4,6,6,0,6,0,20,0,6,0,1,0,6,0
6,10,67,"(1,2,6,7,9,10)",1,2,5,4,12,10,2,10,2,20,0,10,0,1,1,10,2
6,10,67,"(1,2,6,7,9,10)",2,6,5,4,36,28,8,28,8,20,0,28,1,1,1,28,8
6,10,67,"(1,2,6,7,9,10)",3,7,5,4,42,36,6,36,6,20,0,36,6,5,1,36,6
6,10,67,"(1,2,6,7,9,10)",4,9,5,4,54,46,8,46,8,20,1,46,8,5,1,46,8
6,10,67,"(1,2,6,7,9,10)",5,10,5,4,60,50,10,50,10,20,0,50,2,1,1,50,10
6,10,68,"(1,2,6,8,9,10)",0,1,5,4,6,0,6,0,6,20,0,0,0,1,1,0,6
6,10,68,"(1,2,6,8,9,10)",1,2,5,4,12,4,8,4,8,20,0,4,0,1,1,4,8
6,10,68,"(1,2,6,8,9,10)",2,6,5,4,36,28,8,28,8,20,0,28,4,5,1,28,8
6,10,68,"(1,2,6,8,9,10)",3,8,5,4,48,38,10,38,10,20,0,38,7,5,1,38,10
6,10,68,"(1,2,6,8,9,10)",4,9,5,4,54,46,8,46,8,20,0,46,1,1,1,46,8
6,10,68,"(1,2,6,8,9,10)",5,10,5,4,60,48,12,48,12,20,0,48,8,5,1,48,12
6,10,69,"(1,2,7,8,9,10)",0,1,5,4,6,6,0,6,0,20,0,6,0,1,0,6,0
6,10,69,"(1,2,7,8,9,10)",1,2,5,4,12,10,2,10,2,20,0,10,0,1,1,10,2
6,10,69,"(1,2,7,8,9,10)",2,7,5,4,42,38,4,38,4,20,0,38,1,1,1,38,4
6,10,69,"(1,2,7,8,9,10)",3,8,5,4,48,44,4,44,4,20,0,44,1,1,1,44,4
6,10,69,"(1,2,7,8,9,10)",4,9,5,4,54,48,6,48,6,20,0,48,6,5,1,48,6
6,10,69,"(1,2,7,8,9,10)",5,10,5,4,60,52,8,52,8,20,0,52,1,1,1,52,8
6,10,70,"(1,3,4,5,6,7)",0,1,5,4,6,6,0,6,0,20,0,6,0,1,0,6,0
6,10,70,"(1,3,4,5,6,7)",1,3,5,4,18,18,0,18,0,20,0,18,0,1,0,18,0
6,10,70,"(1,3,4,5,6,7)",2,4,5,4,24,22,2,22,2,20,0,22,3,5,1,22,2
6,10,70,"(1,3,4,5,6,7)",3,5,5,4,30,28,2,28,2,20,0,28,3,5,1,28,2
6,10,70,"(1,3,4,5,6,7)",4,6,5,4,36,34,2,34,2,20,0,34,0,1,1,34,2
6,10,70,"(1,3,4,5,6,7)",5,7,5,4,42,40,2,40,2,20,3,40,6,5,1,40,2
6,10,71,"(1,3,4,5,6,8)",0,1,5,4,6,0,6,0,6,20,0,0,0,1,1,0,6
6,10,71,"(1,3,4,5,6,8)",1,3,5,4,18,12,6,12,6,20,0,12,2,5,1,12,6
6,10,71,"(1,3,4,5,6,8)",2,4,5,4,24,16,8,16,8,20,0,16,3,5,1,16,8
6,10,71,"(1,3,4,5,6,8)",3,5,5,4,30,22,8,22,8,20,0,22,1,1,1,22,8
6,10,71,"(1,3,4,5,6,8)",4,6,5,4,36,28,8,28,8,20,2,28,4,5,1,28,8
6,10,71,"(1,3,4,5,6,8)",5,8,5,4,48,38,10,38,10,20,3,38,1,1,1,38,10
6,10,72,"(1,3,4,5,6,9)",0,1,5,4,6,0,6,0,6,20,0,0,0,1,1,0,6
6,10,72,"(1,3,4,5,6,9)",1,3,5,4,18,12,6,12,6,20,0,12,0,1,1,12,6
6,10,72,"(1,3,4,5,6,9)",2,4,5,4,24,16,8,16,8,20,0,16,4,5,1,16,8
6,10,72,"(1,3,4,5,6,9)",3,5,5,4,30,24,6,24,6,20,0,24,4,5,1,24,6
6,10,72,"(1,3,4,5,6,9)",4,6,5,4,36,30,6,30,6,20,1,30,2,5,1,30,6
6,10,72,"(1,3,4,5,6,9)",5,9,5,4,54,46,8,46,8,20,3,46,4,5,1,46,8
6,10,73,"(1,3,4,5,6,10)",0,1,5,4,6,0,6,0,6,20,0,0,0,1,1,0,6
6,10,73,"(1,3,4,5,6,10)",1,3,5,4,18,12,6,12,6,20,0,12,2,5,1,12,6
6,10,73,"(1,3,4,5,6,10)",2,4,5,4,24,16,8,16,8,20,0,16,1,1,1,16,8
6,10,73,"(1,3,4,5,6,10)",3,5,5,4,30,22,8,22,8,20,0,22,3,5,1,22,8
6,10,73,"(1,3,4,5,6,10)",4,6,5,4,36,28,8,28,8,20,1,28,4,5,1,28,8
6,10,73,"(1,3,4,5,6,10)",5,10,5,4,60,50,10,50,10,20,3,50,6,5,1,50,10
6,10,74,"(1,3,4,5,7,8)",0,1,5,4,6,6,0,6,0,20,0,6,0,1,0,6,0
6,10,74,"(1,3,4,5,7,8)",1,3,5,4,18,18,0,18,0,20,0,18,2,5,0,18,0
6,10,74,"(1,3,4,5,7,8)",2,4,5,4,24,22,2,22,2,20,0,22,1,5,1,22,2
6,10,74,"(1,3,4,5,7,8)",3,5,5,4,30,26,4,26,4,20,0,26,4,5,1,26,4
6,10,74,"(1,3,4,5,7,8)",4,7,5,4,42,38,4,38,4,20,6,38,8,5,1,38,4
6,10,74,"(1,3,4,5,7,8)",5,8,5,4,48,46,2,46,2,20,3,46,4,5,1,46,2
6,10,75,"(1,3,4,5,7,9)",0,1,5,4,6,6,0,6,0,20,0,6,0,1,0,6,0
6,10,75,"(1,3,4,5,7,9)",1,3,5,4,18,18,0,18,0,20,0,18,0,1,0,18,0
6,10,75,"(1,3,4,5,7,9)",2,4,5,4,24,22,2,22,2,20,0,22,4,5,1,22,2
6,10,75,"(1,3,4,5,7,9)",3,5,5,4,30,28,2,28,2,20,0,28,3,5,1,28,2
6,10,75,"(1,3,4,5,7,9)",4,7,5,4,42,40,2,40,2,20,0,40,1,1,1,40,2
6,10,75,"(1,3,4,5,7,9)",5,9,5,4,54,52,2,52,2,20,5,52,4,5,1,52,2
6,10,76,"(1,3,4,5,7,10)",0,1,5,4,6,6,0,6,0,20,0,6,0,1,0,6,0
6,10,76,"(1,3,4,5,7,10)",1,3,5,4,18,18,0,18,0,20,0,18,2,5,0,18,0
6,10,76,"(1,3,4,5,7,10)",2,4,5,4,24,22,2,22,2,20,0,22,3,5,1,22,2
6,10,76,"(1,3,4,5,7,10)",3,5,5,4,30,26,4,26,4,20,0,26,0,1,1,26,4
6,10,76,"(1,3,4,5,7,10)",4,7,5,4,42,38,4,38,4,20,6,38,8,5,1,38,4
6,10,76,"(1,3,4,5,7,10)",5,10,5,4,60,56,4,56,4,20,2,56,4,5,1,56,4
6,10,77,"(1,3,4,5,8,9)",0,1,5,4,6,0,6,0,6,20,0,0,0,1,1,0,6
6,10,77,"(1,3,4,5,8,9)",1,3,5,4,18,12,6,12,6,20,0,12,2,5,1,12,6
6,10,77,"(1,3,4,5,8,9)",2,4,5,4,24,16,8,16,8,20,0,16,4,5,1,16,8
6,10,77,"(1,3,4,5,8,9)",3,5,5,4,30,22,8,22,8,20,0,22,1,1,1,22,8
6,10,77,"(1,3,4,5,8,9)",4,8,5,4,48,38,10,38,10,20,5,38,6,5,1,38,10
6,10,77,"(1,3,4,5,8,9)",5,9,5,4,54,44,10,44,10,20,5,44,6,5,1,44,10
6,10,78,"(1,3,4,5,8,10)",0,1,5,4,6,0,6,0,6,20,0,0,0,1,1,0,6
6,10,78,"(1,3,4,5,8,10)",1,3,5,4,18,12,6,12,6,20,0,12,4,5,1,12,6
6,10,78,"(1,3,4,5,8,10)",2,4,5,4,24,16,8,16,8,20,0,16,3,5,1,16,8
6,10,78,"(1,3,4,5,8,10)",3,5,5,4,30,20,10,20,10,20,0,20,4,5,1,20,10
6,10,78,"(1,3,4,5,8,10)",4,8,5,4,48,36,12,36,12,20,1,36,7,5,1,36,12
6,10,78,"(1,3,4,5,8,10)",5,10,5,4,60,46,14,46,14,20,5,46,8,5,1,46,14
6,10,79,"(1,3,4,5,9,10)",0,1,5,4,6,0,6,0,6,20,0,0,0,1,1,0,6
6,10,79,"(1,3,4,5,9,10)",1,3,5,4,18,12,6,12,6,20,0,12,2,5,1,12,6
6,10,79,"(1,3,4,5,9,10)",2,4,5,4,24,16,8,16,8,20,0,16,4,5,1,16,8
6,10,79,"(1,3,4,5,9,10)",3,5,5,4,30,22,8,22,8,20,0,22,3,5,1,22,8
6,10,79,"(1,3,4,5,9,10)",4,9,5,4,54,44,10,44,10,20,5,44,7,5,1,44,10
6,10,79,"(1,3,4,5,9,10)",5,10,5,4,60,50,10,50,10,20,5,50,6,5,1,50,10
6,10,80,"(1,3,4,6,7,8)",0,1,5,4,6,6,0,6,0,20,0,6,0,1,0,6,0
6,10,80,"(1,3,4,6,7,8)",1,3,5,4,18,16,2,16,2,20,0,16,1,5,1,16,2
6,10,80,"(1,3,4,6,7,8)",2,4,5,4,24,18,6,18,6,20,0,18,2,5,1,18,6
6,10,80,"(1,3,4,6,7,8)",3,6,5,4,36,28,8,28,8,20,0,28,3,5,1,28,8
6,10,80,"(1,3,4,6,7,8)",4,7,5,4,42,36,6,36,6,20,0,36,7,5,1,36,6
6,10,80,"(1,3,4,6,7,8)",5,8,5,4,48,40,8,40,8,20,3,40,7,5,1,40,8
6,10,81,"(1,3,4,6,7,9)",0,1,5,4,6,6,0,6,0,20,0,6,0,1,0,6,0
6,10,81,"(1,3,4,6,7,9)",1,3,5,4,18,14,4,14,4,20,0,14,0,1,1,14,4
6,10,81,"(1,3,4,6,7,9)",2,4,5,4,24,20,4,20,4,20,0,20,2,5,1,20,4
6,10,81,"(1,3,4,6,7,9)",3,6,5,4,36,30,6,30,6,20,0,30,1,5,1,30,6
6,10,81,"(1,3,4,6,7,9)",4,7,5,4,42,36,6,36,6,20,0,36,1,1,1,36,6
6,10,81,"(1,3,4,6,7,9)",5,9,5,4,54,44,10,44,10,20,7,44,7,5,1,44,10
6,10,82,"(1,3,4,6,7,10)",0,1,5,4,6,6,0,6,0,20,0,6,0,1,0,6,0
6,10,82,"(1,3,4,6,7,10)",1,3,5,4,18,16,2,16,2,20,0,16,1,5,1,16,2
6,10,82,"(1,3,4,6,7,10)",2,4,5,4,24,20,4,20,4,20,0,20,3,5,1,20,4
6,10,82,"(1,3,4,6,7,10)",3,6,5,4,36,30,6,30,6,20,0,30,2,5,1,30,6
6,10,82,"(1,3,4,6,7,10)",4,7,5,4,42,40,2,40,2,20,0,40,1,1,1,40,2
6,10,82,"(1,3,4,6,7,10)",5,10,5,4,60,54,6,54,6,20,2,54,8,5,1,54,6
6,10,83,"(1,3,4,6,8,9)",0,1,5,4,6,0,6,0,6,20,0,0,0,1,1,0,6
6,10,83,"(1,3,4,6,8,9)",1,3,5,4,18,10,8,10,8,20,0,10,1,5,1,10,8
6,10,83,"(1,3,4,6,8,9)",2,4,5,4,24,14,10,14,10,20,0,14,2,5,1,14,10
6,10,83,"(1,3,4,6,8,9)",3,6,5,4,36,26,10,26,10,20,0,26,2,5,1,26,10
6,10,83,"(1,3,4,6,8,9)",4,8,5,4,48,34,14,34,14,20,0,34,4,5,1,34,14
6,10,83,"(1,3,4,6,8,9)",5,9,5,4,54,38,16,38,16,20,0,38,6,5,1,38,16
6,10,84,"(1,3,4,6,8,10)",0,1,5,4,6,0,6,0,6,20,0,0,0,1,1,0,6
6,10,84,"(1,3,4,6,8,10)",1,3,5,4,18,12,6,12,6,20,0,12,2,5,1,12,6
6,10,84,"(1,3,4,6,8,10)",2,4,5,4,24,14,10,14,10,20,0,14,3,5,1,14,10
6,10,84,"(1,3,4,6,8,10)",3,6,5,4,36,26,10,26,10,20,0,26,1,1,1,26,10
6,10,84,"(1,3,4,6,8,10)",4,8,5,4,48,36,12,36,12,20,0,36,7,5,1,36,12
6,10,84,"(1,3,4,6,8,10)",5,10,5,4,60,46,14,46,14,20,0,46,9,5,1,46,14
6,10,85,"(1,3,4,6,9,10)",0,1,5,4,6,0,6,0,6,20,0,0,0,1,1,0,6
6,10,85,"(1,3,4,6,9,10)",1,3,5,4,18,10,8,10,8,20,0,10,1,5,1,10,8
6,10,85,"(1,3,4,6,9,10)",2,4,5,4,24,16,8,16,8,20,0,16,1,5,1,16,8
6,10,85,"(1,3,4,6,9,10)",3,6,5,4,36,28,8,28,8,20,0,28,3,5,1,28,8
6,10,85,"(1,3,4,6,9,10)",4,9,5,4,54,44,10,44,10,20,0,44,4,5,1,44,10
6,10,85,"(1,3,4,6,9,10)",5,10,5,4,60,50,10,50,10,20,0,50,1,1,1,50,10
6,10,86,"(1,3,4,7,8,9)",0,1,5,4,6,6,0,6,0,20,0,6,0,1,0,6,0
6,10,86,"(1,3,4,7,8,9)",1,3,5,4,18,16,2,16,2,20,0,16,1,5,1,16,2
6,10,86,"(1,3,4,7,8,9)",2,4,5,4,24,18,6,18,6,20,0,18,3,5,1,18,6
6,10,86,"(1,3,4,7,8,9)",3,7,5,4,42,34,8,34,8,20,0,34,9,5,1,34,8
6,10,86,"(1,3,4,7,8,9)",4,8,5,4,48,40,8,40,8,20,7,40,8,5,1,40,8
6,10,86,"(1,3,4,7,8,9)",5,9,5,4,54,44,10,44,10,20,0,44,6,5,1,44,10
6,10,87,"(1,3,4,7,8,10)",0,1,5,4,6,6,0,6,0,20,0,6,0,1,0,6,0
6,10,87,"(1,3,4,7,8,10)",1,3,5,4,18,18,0,18,0,20,0,18,2,5,0,18,0
6,10,87,"(1,3,4,7,8,10)",2,4,5,4,24,18,6,18,6,20,0,18,2,5,1,18,6
6,10,87,"(1,3,4,7,8,10)",3,7,5,4,42,36,6,36,6,20,1,36,8,5,1,36,6
6,10,87,"(1,3,4,7,8,10)",4,8,5,4,48,42,6,42,6,20,1,42,1,1,1,42,6
6,10,87,"(1,3,4,7,8,10)",5,10,5,4,60,52,8,52,8,20,0,52,7,5,1,52,8
6,10,88,"(1,3,4,7,9,10)",0,1,5,4,6,6,0,6,0,20,0,6,0,1,0,6,0
6,10,88,"(1,3,4,7,9,10)",1,3,5,4,18,16,2,16,2,20,0,16,1,5,1,16,2
6,10,88,"(1,3,4,7,9,10)",2,4,5,4,24,20,4,20,4,20,0,20,2,5,1,20,4
6,10,88,"(1,3,4,7,9,10)",3,7,5,4,42,38,4,38,4,20,0,38,7,5,1,38,4
6,10,88,"(1,3,4,7,9,10)",4,9,5,4,54,48,6,48,6,20,2,48,1,1,1,48,6
6,10,88,"(1,3,4,7,9,10)",5,10,5,4,60,54,6,54,6,20,6,54,8,5,1,54,6
6,10,89,"(1,3,4,8,9,10)",0,1,5,4,6,0,6,0,6,20,0,0,0,1,1,0,6
6,10,89,"(1,3,4,8,9,10)",1,3,5,4,18,12,6,12,6,20,0,12,2,5,1,12,6
6,10,89,"(1,3,4,8,9,10)",2,4,5,4,24,14,10,14,10,20,0,14,2,5,1,14,10
6,10,89,"(1,3,4,8,9,10)",3,8,5,4,48,36,12,36,12,20,0,36,6,5,1,36,12
6,10,89,"(1,3,4,8,9,10)",4,9,5,4,54,42,12,42,12,20,0,42,6,5,1,42,12
6,10,89,"(1,3,4,8,9,10)",5,10,5,4,60,46,14,46,14,20,0,46,9,5,1,46,14
6,10,90,"(1,3,5,6,7,8)",0,1,5,4,6,6,0,6,0,20,0,6,0,1,0,6,0
6,10,90,"(1,3,5,6,7,8)",1,3,5,4,18,16,2,16,2,20,0,16,1,5,1,16,2
6,10,90,"(1,3,5,6,7,8)",2,5,5,4,30,26,4,26,4,20,0,26,6,5,1,26,4
6,10,90,"(1,3,5,6,7,8)",3,6,5,4,36,32,4,32,4,20,0,32,2,5,1,32,4
6,10,90,"(1,3,5,6,7,8)",4,7,5,4,42,38,4,38,4,20,7,38,8,5,1,38,4
6,10,90,"(1,3,5,6,7,8)",5,8,5,4,48,44,4,44,4,20,3,44,7,5,1,44,4
6,10,91,"(1,3,5,6,7,9)",0,1,5,4,6,6,0,6,0,20,0,6,0,1,0,6,0
6,10,91,"(1,3,5,6,7,9)",1,3,5,4,18,14,4,14,4,20,0,14,0,1,1,14,4
6,10,91,"(1,3,5,6,7,9)",2,5,5,4,30,28,2,28,2,20,0,28,3,5,1,28,2
6,10,91,"(1,3,5,6,7,9)",3,6,5,4,36,30,6,30,6,20,0,30,2,5,1,30,6
6,10,91,"(1,3,5,6,7,9)",4,7,5,4,42,36,6,36,6,20,0,36,1,1,1,36,6
6,10,91,"(1,3,5,6,7,9)",5,9,5,4,54,46,8,46,8,20,7,46,8,5,1,46,8
6,10,92,"(1,3,5,6,7,10)",0,1,5,4,6,6,0,6,0,20,0,6,0,1,0,6,0
6,10,92,"(1,3,5,6,7,10)",1,3,5,4,18,14,4,14,4,20,0,14,2,5,1,14,4
6,10,92,"(1,3,5,6,7,10)",2,5,5,4,30,24,6,24,6,20,0,24,3,5,1,24,6
6,10,92,"(1,3,5,6,7,10)",3,6,5,4,36,28,8,28,8,20,0,28,4,5,1,28,8
6,10,92,"(1,3,5,6,7,10)",4,7,5,4,42,34,8,34,8,20,7,34,2,1,1,34,8
6,10,92,"(1,3,5,6,7,10)",5,10,5,4,60,50,10,50,10,20,2,50,9,5,1,50,10
6,10,93,"(1,3,5,6,8,9)",0,1,5,4,6,0,6,0,6,20,0,0,0,1,1,0,6
6,10,93,"(1,3,5,6,8,9)",1,3,5,4,18,10,8,10,8,20,0,10,1,5,1,10,8
6,10,93,"(1,3,5,6,8,9)",2,5,5,4,30,24,6,24,6,20,0,24,4,5,1,24,6
6,10,93,"(1,3,5,6,8,9)",3,6,5,4,36,28,8,28,8,20,0,28,2,5,1,28,8
6,10,93,"(1,3,5,6,8,9)",4,8,5,4,48,38,10,38,10,20,0,38,4,5,1,38,10
6,10,93,"(1,3,5,6,8,9)",5,9,5,4,54,42,12,42,12,20,7,42,8,5,1,42,12
6,10,94,"(1,3,5,6,8,10)",0,1,5,4,6,0,6,0,6,20,0,0,0,1,1,0,6
6,10,94,"(1,3,5,6,8,10)",1,3,5,4,18,10,8,10,8,20,0,10,3,5,1,10,8
6,10,94,"(1,3,5,6,8,10)",2,5,5,4,30,20,10,20,10,20,0,20,6,5,1,20,10
6,10,94,"(1,3,5,6,8,10)",3,6,5,4,36,26,10,26,10,20,0,26,6,5,1,26,10
6,10,94,"(1,3,5,6,8,10)",4,8,5,4,48,34,14,34,14,20,0,34,2,1,1,34,14
6,10,94,"(1,3,5,6,8,10)",5,10,5,4,60,44,16,44,16,20,7,44,11,5,1,44,16
6,10,95,"(1,3,5,6,9,10)",0,1,5,4,6,0,6,0,6,20,0,0,0,1,1,0,6
6,10,95,"(1,3,5,6,9,10)",1,3,5,4,18,8,10,8,10,20,0,8,2,5,1,8,10
6,10,95,"(1,3,5,6,9,10)",2,5,5,4,30,22,8,22,8,20,0,22,3,5,1,22,8
6,10,95,"(1,3,5,6,9,10)",3,6,5,4,36,24,12,24,12,20,0,24,6,5,1,24,12
6,10,95,"(1,3,5,6,9,10)",4,9,5,4,54,38,16,38,16,20,7,38,11,5,1,38,16
6,10,95,"(1,3,5,6,9,10)",5,10,5,4,60,46,14,46,14,20,0,46,6,5,1,46,14
6,10,96,"(1,3,5,7,8,9)",0,1,5,4,6,6,0,6,0,20,0,6,0,1,0,6,0
6,10,96,"(1,3,5,7,8,9)",1,3,5,4,18,16,2,16,2,20,0,16,1,5,1,16,2
6,10,96,"(1,3,5,7,8,9)",2,5,5,4,30,28,2,28,2,20,0,28,3,5,1,28,2
6,10,96,"(1,3,5,7,8,9)",3,7,5,4,42,38,4,38,4,20,0,38,7,5,1,38,4
6,10,96,"(1,3,5,7,8,9)",4,8,5,4,48,44,4,44,4,20,7,44,8,5,1,44,4
6,10,96,"(1,3,5,7,8,9)",5,9,5,4,54,50,4,50,4,20,0,50,1,1,1,50,4
6,10,97,"(1,3,5,7,8,10)",0,1,5,4,6,6,0,6,0,20,0,6,0,1,0,6,0
6,10,97,"(1,3,5,7,8,10)",1,3,5,4,18,16,2,16,2,20,0,16,3,5,1,16,2
6,10,97,"(1,3,5,7,8,10)",2,5,5,4,30,24,6,24,6,20,0,24,3,5,1,24,6
6,10,97,"(1,3,5,7,8,10)",3,7,5,4,42,36,6,36,6,20,5,36,8,5,1,36,6
6,10,97,"(1,3,5,7,8,10)",4,8,5,4,48,42,6,42,6,20,0,42,1,1,1,42,6
6,10,97,"(1,3,5,7,8,10)",5,10,5,4,60,52,8,52,8,20,0,52,6,5,1,52,8
6,10,98,"(1,3,5,7,9,10)",0,1,5,4,6,6,0,6,0,20,0,6,0,1,0,6,0
6,10,98,"(1,3,5,7,9,10)",1,3,5,4,18,14,4,14,4,20,0,14,2,5,1,14,4
6,10,98,"(1,3,5,7,9,10)",2,5,5,4,30,24,6,24,6,20,0,24,3,5,1,24,6
6,10,98,"(1,3,5,7,9,10)",3,7,5,4,42,34,8,34,8,20,0,34,9,5,1,34,8
6,10,98,"(1,3,5,7,9,10)",4,9,5,4,54,46,8,46,8,20,0,46,6,5,1,46,8
6,10,98,"(1,3,5,7,9,10)",5,10,5,4,60,50,10,50,10,20,6,50,9,5,1,50,10
6,10,99,"(1,3,5,8,9,10)",0,1,5,4,6,0,6,0,6,20,0,0,0,1,1,0,6
6,10,99,"(1,3,5,8,9,10)",1,3,5,4,18,10,8,10,8,20,0,10,3,5,1,10,8
6,10,99,"(1,3,5,8,9,10)",2,5,5,4,30,22,8,22,8,20,0,22,3,5,1,22,8
6,10,99,"(1,3,5,8,9,10)",3,8,5,4,48,34,14,34,14,20,0,34,9,5,1,34,14
6,10,99,"(1,3,5,8,9,10)",4,9,5,4,54,40,14,40,14,20,10,40,11,5,1,40,14
6,10,99,"(1,3,5,8,9,10)",5,10,5,4,60,46,14,46,14,20,0,46,8,5,1,46,14
6,10,100,"(1,3,6,7,8,9)",0,1,5,4,6,6,0,6,0,20,0,6,0,1,0,6,0
6,10,100,"(1,3,6,7,8,9)",1,3,5,4,18,14,4,14,4,20,0,14,0,1,1,14,4
6,10,100,"(1,3,6,7,8,9)",2,6,5,4,36,30,6,30,6,20,0,30,1,5,1,30,6
6,10,100,"(1,3,6,7,8,9)",3,7,5,4,42,36,6,36,6,20,0,36,4,5,1,36,6
6,10,100,"(1,3,6,7,8,9)",4,8,5,4,48,42,6,42,6,20,1,42,1,1,1,42,6
6,10,100,"(1,3,6,7,8,9)",5,9,5,4,54,44,10,44,10,20,0,44,7,5,1,44,10
6,10,101,"(1,3,6,7,8,10)",0,1,5,4,6,6,0,6,0,20,0,6,0,1,0,6,0
6,10,101,"(1,3,6,7,8,10)",1,3,5,4,18,16,2,16,2,20,0,16,1,5,1,16,2
6,10,101,"(1,3,6,7,8,10)",2,6,5,4,36,30,6,30,6,20,0,30,4,5,1,30,6
6,10,101,"(1,3,6,7,8,10)",3,7,5,4,42,36,6,36,6,20,1,36,8,5,1,36,6
6,10,101,"(1,3,6,7,8,10)",4,8,5,4,48,42,6,42,6,20,1,42,7,5,1,42,6
6,10,101,"(1,3,6,7,8,10)",5,10,5,4,60,52,8,52,8,20,0,52,9,5,1,52,8
6,10,102,"(1,3,6,7,9,10)",0,1,5,4,6,6,0,6,0,20,0,6,0,1,0,6,0
6,10,102,"(1,3,6,7,9,10)",1,3,5,4,18,12,6,12,6,20,0,12,1,5,1,12,6
6,10,102,"(1,3,6,7,9,10)",2,6,5,4,36,28,8,28,8,20,0,28,4,5,1,28,8
6,10,102,"(1,3,6,7,9,10)",3,7,5,4,42,36,6,36,6,20,0,36,4,5,1,36,6
6,10,102,"(1,3,6,7,9,10)",4,9,5,4,54,44,10,44,10,20,2,44,8,5,1,44,10
6,10,102,"(1,3,6,7,9,10)",5,10,5,4,60,52,8,52,8,20,1,52,7,5,1,52,8
6,10,103,"(1,3,6,8,9,10)",0,1,5,4,6,0,6,0,6,20,0,0,0,1,1,0,6
6,10,103,"(1,3,6,8,9,10)",1,3,5,4,18,10,8,10,8,20,0,10,1,5,1,10,8
6,10,103,"(1,3,6,8,9,10)",2,6,5,4,36,28,8,28,8,20,0,28,3,5,1,28,8
6,10,103,"(1,3,6,8,9,10)",3,8,5,4,48,38,10,38,10,20,0,38,3,5,1,38,10
6,10,103,"(1,3,6,8,9,10)",4,9,5,4,54,42,12,42,12,20,0,42,7,5,1,42,12
6,10,103,"(1,3,6,8,9,10)",5,10,5,4,60,48,12,48,12,20,0,48,6,5,1,48,12
6,10,104,"(1,3,7,8,9,10)",0,1,5,4,6,6,0,6,0,20,0,6,0,1,0,6,0
6,10,104,"(1,3,7,8,9,10)",1,3,5,4,18,16,2,16,2,20,0,16,1,5,1,16,2
6,10,104,"(1,3,7,8,9,10)",2,7,5,4,42,36,6,36,6,20,0,36,8,5,1,36,6
6,10,104,"(1,3,7,8,9,10)",3,8,5,4,48,42,6,42,6,20,0,42,6,5,1,42,6
6,10,104,"(1,3,7,8,9,10)",4,9,5,4,54,48,6,48,6,20,2,48,1,1,1,48,6
6,10,104,"(1,3,7,8,9,10)",5,10,5,4,60,54,6,54,6,20,0,54,6,5,1,54,6
6,10,105,"(1,4,5,6,7,8)",0,1,5,4,6,6,0,6,0,20,0,6,0,1,0,6,0
6,10,105,"(1,4,5,6,7,8)",1,4,5,4,24,20,4,20,4,20,0,20,1,5,1,20,4
6,10,105,"(1,4,5,6,7,8)",2,5,5,4,30,28,2,28,2,20,0,28,3,5,1,28,2
6,10,105,"(1,4,5,6,7,8)",3,6,5,4,36,30,6,30,6,20,0,30,4,5,1,30,6
6,10,105,"(1,4,5,6,7,8)",4,7,5,4,42,38,4,38,4,20,0,38,6,5,1,38,4
6,10,105,"(1,4,5,6,7,8)",5,8,5,4,48,44,4,44,4,20,3,44,1,1,1,44,4
6,10,106,"(1,4,5,6,7,9)",0,1,5,4,6,6,0,6,0,20,0,6,0,1,0,6,0
6,10,106,"(1,4,5,6,7,9)",1,4,5,4,24,20,4,20,4,20,0,20,4,5,1,20,4
6,10,106,"(1,4,5,6,7,9)",2,5,5,4,30,28,2,28,2,20,0,28,1,1,1,28,2
6,10,106,"(1,4,5,6,7,9)",3,6,5,4,36,32,4,32,4,20,0,32,2,5,1,32,4
6,10,106,"(1,4,5,6,7,9)",4,7,5,4,42,38,4,38,4,20,1,38,6,5,1,38,4
6,10,106,"(1,4,5,6,7,9)",5,9,5,4,54,50,4,50,4,20,7,50,7,5,1,50,4
6,10,107,"(1,4,5,6,7,10)",0,1,5,4,6,6,0,6,0,20,0,6,0,1,0,6,0
6,10,107,"(1,4,5,6,7,10)",1,4,5,4,24,20,4,20,4,20,0,20,3,5,1,20,4
6,10,107,"(1,4,5,6,7,10)",2,5,5,4,30,26,4,26,4,20,0,26,2,5,1,26,4
6,10,107,"(1,4,5,6,7,10)",3,6,5,4,36,32,4,32,4,20,0,32,3,5,1,32,4
6,10,107,"(1,4,5,6,7,10)",4,7,5,4,42,38,4,38,4,20,0,38,6,5,1,38,4
6,10,107,"(1,4,5,6,7,10)",5,10,5,4,60,54,6,54,6,20,7,54,7,5,1,54,6
6,10,108,"(1,4,5,6,8,9)",0,1,5,4,6,0,6,0,6,20,0,0,0,1,1,0,6
6,10,108,"(1,4,5,6,8,9)",1,4,5,4,24,14,10,14,10,20,0,14,4,5,1,14,10
6,10,108,"(1,4,5,6,8,9)",2,5,5,4,30,24,6,24,6,20,0,24,4,5,1,24,6
6,10,108,"(1,4,5,6,8,9)",3,6,5,4,36,26,10,26,10,20,0,26,4,5,1,26,10
6,10,108,"(1,4,5,6,8,9)",4,8,5,4,48,36,12,36,12,20,7,36,7,5,1,36,12
6,10,108,"(1,4,5,6,8,9)",5,9,5,4,54,44,10,44,10,20,0,44,6,5,1,44,10
6,10,109,"(1,4,5,6,8,10)",0,1,5,4,6,0,6,0,6,20,0,0,0,1,1,0,6
6,10,109,"(1,4,5,6,8,10)",1,4,5,4,24,14,10,14,10,20,0,14,3,5,1,14,10
6,10,109,"(1,4,5,6,8,10)",2,5,5,4,30,22,8,22,8,20,0,22,3,5,1,22,8
6,10,109,"(1,4,5,6,8,10)",3,6,5,4,36,26,10,26,10,20,0,26,7,5,1,26,10
6,10,109,"(1,4,5,6,8,10)",4,8,5,4,48,36,12,36,12,20,0,36,7,5,1,36,12
6,10,109,"(1,4,5,6,8,10)",5,10,5,4,60,48,12,48,12,20,0,48,7,5,1,48,12
6,10,110,"(1,4,5,6,9,10)",0,1,5,4,6,0,6,0,6,20,0,0,0,1,1,0,6
6,10,110,"(1,4,5,6,9,10)",1,4,5,4,24,14,10,14,10,20,0,14,4,5,1,14,10
6,10,110,"(1,4,5,6,9,10)",2,5,5,4,30,22,8,22,8,20,0,22,1,1,1,22,8
6,10,110,"(1,4,5,6,9,10)",3,6,5,4,36,28,8,28,8,20,0,28,1,1,1,28,8
6,10,110,"(1,4,5,6,9,10)",4,9,5,4,54,44,10,44,10,20,0,44,7,5,1,44,10
6,10,110,"(1,4,5,6,9,10)",5,10,5,4,60,50,10,50,10,20,7,50,8,5,1,50,10
6,10,111,"(1,4,5,7,8,9)",0,1,5,4,6,6,0,6,0,20,0,6,0,1,0,6,0
6,10,111,"(1,4,5,7,8,9)",1,4,5,4,24,20,4,20,4,20,0,20,2,5,1,20,4
6,10,111,"(1,4,5,7,8,9)",2,5,5,4,30,26,4,26,4,20,0,26,4,5,1,26,4
6,10,111,"(1,4,5,7,8,9)",3,7,5,4,42,38,4,38,4,20,0,38,1,1,1,38,4
6,10,111,"(1,4,5,7,8,9)",4,8,5,4,48,44,4,44,4,20,7,44,6,5,1,44,4
6,10,111,"(1,4,5,7,8,9)",5,9,5,4,54,48,6,48,6,20,0,48,7,5,1,48,6
6,10,112,"(1,4,5,7,8,10)",0,1,5,4,6,6,0,6,0,20,0,6,0,1,0,6,0
6,10,112,"(1,4,5,7,8,10)",1,4,5,4,24,18,6,18,6,20,0,18,2,5,1,18,6
6,10,112,"(1,4,5,7,8,10)",2,5,5,4,30,22,8,22,8,20,0,22,4,5,1,22,8
6,10,112,"(1,4,5,7,8,10)",3,7,5,4,42,34,8,34,8,20,0,34,7,5,1,34,8
6,10,112,"(1,4,5,7,8,10)",4,8,5,4,48,40,8,40,8,20,2,40,6,5,1,40,8
6,10,112,"(1,4,5,7,8,10)",5,10,5,4,60,48,12,48,12,20,0,48,8,5,1,48,12
6,10,113,"(1,4,5,7,9,10)",0,1,5,4,6,6,0,6,0,20,0,6,0,1,0,6,0
6,10,113,"(1,4,5,7,9,10)",1,4,5,4,24,20,4,20,4,20,0,20,2,5,1,20,4
6,10,113,"(1,4,5,7,9,10)",2,5,5,4,30,24,6,24,6,20,0,24,3,5,1,24,6
6,10,113,"(1,4,5,7,9,10)",3,7,5,4,42,38,4,38,4,20,0,38,1,1,1,38,4
6,10,113,"(1,4,5,7,9,10)",4,9,5,4,54,46,8,46,8,20,5,46,9,5,1,46,8
6,10,113,"(1,4,5,7,9,10)",5,10,5,4,60,52,8,52,8,20,10,52,8,5,1,52,8
6,10,114,"(1,4,5,8,9,10)",0,1,5,4,6,0,6,0,6,20,0,0,0,1,1,0,6
6,10,114,"(1,4,5,8,9,10)",1,4,5,4,24,14,10,14,10,20,0,14,2,5,1,14,10
6,10,114,"(1,4,5,8,9,10)",2,5,5,4,30,20,10,20,10,20,0,20,4,5,1,20,10
6,10,114,"(1,4,5,8,9,10)",3,8,5,4,48,36,12,36,12,20,0,36,6,5,1,36,12
6,10,114,"(1,4,5,8,9,10)",4,9,5,4,54,40,14,40,14,20,0,40,2,1,1,40,14
6,10,114,"(1,4,5,8,9,10)",5,10,5,4,60,46,14,46,14,20,0,46,8,5,1,46,14
6,10,115,"(1,4,6,7,8,9)",0,1,5,4,6,6,0,6,0,20,0,6,0,1,0,6,0
6,10,115,"(1,4,6,7,8,9)",1,4,5,4,24,18,6,18,6,20,0,18,2,5,1,18,6
6,10,115,"(1,4,6,7,8,9)",2,6,5,4,36,28,8,28,8,20,0,28,3,5,1,28,8
6,10,115,"(1,4,6,7,8,9)",3,7,5,4,42,36,6,36,6,20,0,36,6,5,1,36,6
6,10,115,"(1,4,6,7,8,9)",4,8,5,4,48,40,8,40,8,20,7,40,8,5,1,40,8
6,10,115,"(1,4,6,7,8,9)",5,9,5,4,54,46,8,46,8,20,0,46,1,1,1,46,8
6,10,116,"(1,4,6,7,8,10)",0,1,5,4,6,6,0,6,0,20,0,6,0,1,0,6,0
6,10,116,"(1,4,6,7,8,10)",1,4,5,4,24,18,6,18,6,20,0,18,1,5,1,18,6
6,10,116,"(1,4,6,7,8,10)",2,6,5,4,36,30,6,30,6,20,0,30,1,1,1,30,6
6,10,116,"(1,4,6,7,8,10)",3,7,5,4,42,40,2,40,2,20,1,40,1,1,1,40,2
6,10,116,"(1,4,6,7,8,10)",4,8,5,4,48,42,6,42,6,20,1,42,7,5,1,42,6
6,10,116,"(1,4,6,7,8,10)",5,10,5,4,60,54,6,54,6,20,0,54,6,5,1,54,6
6,10,117,"(1,4,6,7,9,10)",0,1,5,4,6,6,0,6,0,20,0,6,0,1,0,6,0
6,10,117,"(1,4,6,7,9,10)",1,4,5,4,24,20,4,20,4,20,0,20,1,5,1,20,4
6,10,117,"(1,4,6,7,9,10)",2,6,5,4,36,32,4,32,4,20,0,32,3,5,1,32,4
6,10,117,"(1,4,6,7,9,10)",3,7,5,4,42,40,2,40,2,20,0,40,4,5,1,40,2
6,10,117,"(1,4,6,7,9,10)",4,9,5,4,54,48,6,48,6,20,1,48,7,5,1,48,6
6,10,117,"(1,4,6,7,9,10)",5,10,5,4,60,54,6,54,6,20,11,54,2,1,1,54,6
6,10,118,"(1,4,6,8,9,10)",0,1,5,4,6,0,6,0,6,20,0,0,0,1,1,0,6
6,10,118,"(1,4,6,8,9,10)",1,4,5,4,24,14,10,14,10,20,0,14,1,5,1,14,10
6,10,118,"(1,4,6,8,9,10)",2,6,5,4,36,28,8,28,8,20,0,28,4,5,1,28,8
6,10,118,"(1,4,6,8,9,10)",3,8,5,4,48,38,10,38,10,20,0,38,1,1,1,38,10
6,10,118,"(1,4,6,8,9,10)",4,9,5,4,54,46,8,46,8,20,0,46,1,1,1,46,8
6,10,118,"(1,4,6,8,9,10)",5,10,5,4,60,50,10,50,10,20,0,50,7,5,1,50,10
6,10,119,"(1,4,7,8,9,10)",0,1,5,4,6,6,0,6,0,20,0,6,0,1,0,6,0
6,10,119,"(1,4,7,8,9,10)",1,4,5,4,24,18,6,18,6,20,0,18,0,1,1,18,6
6,10,119,"(1,4,7,8,9,10)",2,7,5,4,42,38,4,38,4,20,0,38,1,1,1,38,4
6,10,119,"(1,4,7,8,9,10)",3,8,5,4,48,42,6,42,6,20,0,42,6,5,1,42,6
6,10,119,"(1,4,7,8,9,10)",4,9,5,4,54,46,8,46,8,20,0,46,7,5,1,46,8
6,10,119,"(1,4,7,8,9,10)",5,10,5,4,60,52,8,52,8,20,0,52,7,5,1,52,8
6,10,120,"(1,5,6,7,8,9)",0,1,5,4,6,6,0,6,0,20,0,6,0,1,0,6,0
6,10,120,"(1,5,6,7,8,9)",1,5,5,4,30,30,0,30,0,20,0,30,2,5,0,30,0
6,10,120,"(1,5,6,7,8,9)",2,6,5,4,36,30,6,30,6,20,0,30,3,5,1,30,6
6,10,120,"(1,5,6,7,8,9)",3,7,5,4,42,38,4,38,4,20,0,38,7,5,1,38,4
6,10,120,"(1,5,6,7,8,9)",4,8,5,4,48,44,4,44,4,20,7,44,8,5,1,44,4
6,10,120,"(1,5,6,7,8,9)",5,9,5,4,54,50,4,50,4,20,0,50,1,1,1,50,4
6,10,121,"(1,5,6,7,8,10)",0,1,5,4,6,6,0,6,0,20,0,6,0,1,0,6,0
6,10,121,"(1,5,6,7,8,10)",1,5,5,4,30,26,4,26,4,20,0,26,2,5,1,26,4
6,10,121,"(1,5,6,7,8,10)",2,6,5,4,36,30,6,30,6,20,0,30,6,5,1,30,6
6,10,121,"(1,5,6,7,8,10)",3,7,5,4,42,38,4,38,4,20,0,38,1,1,1,38,4
6,10,121,"(1,5,6,7,8,10)",4,8,5,4,48,42,6,42,6,20,1,42,7,5,1,42,6
6,10,121,"(1,5,6,7,8,10)",5,10,5,4,60,52,8,52,8,20,0,52,6,5,1,52,8
6,10,122,"(1,5,6,7,9,10)",0,1,5,4,6,6,0,6,0,20,0,6,0,1,0,6,0
6,10,122,"(1,5,6,7,9,10)",1,5,5,4,30,26,4,26,4,20,0,26,2,5,1,26,4
6,10,122,"(1,5,6,7,9,10)",2,6,5,4,36,28,8,28,8,20,0,28,6,5,1,28,8
6,10,122,"(1,5,6,7,9,10)",3,7,5,4,42,34,8,34,8,20,0,34,9,5,1,34,8
6,10,122,"(1,5,6,7,9,10)",4,9,5,4,54,44,10,44,10,20,6,44,9,5,1,44,10
6,10,122,"(1,5,6,7,9,10)",5,10,5,4,60,50,10,50,10,20,11,50,9,5,1,50,10
6,10,123,"(1,5,6,8,9,10)",0,1,5,4,6,0,6,0,6,20,0,0,0,1,1,0,6
6,10,123,"(1,5,6,8,9,10)",1,5,5,4,30,24,6,24,6,20,0,24,2,5,1,24,6
6,10,123,"(1,5,6,8,9,10)",2,6,5,4,36,26,10,26,10,20,0,26,6,5,1,26,10
6,10,123,"(1,5,6,8,9,10)",3,8,5,4,48,36,12,36,12,20,0,36,8,5,1,36,12
6,10,123,"(1,5,6,8,9,10)",4,9,5,4,54,42,12,42,12,20,0,42,8,5,1,42,12
6,10,123,"(1,5,6,8,9,10)",5,10,5,4,60,48,12,48,12,20,0,48,7,5,1,48,12
6,10,124,"(1,5,7,8,9,10)",0,1,5,4,6,6,0,6,0,20,0,6,0,1,0,6,0
6,10,124,"(1,5,7,8,9,10)",1,5,5,4,30,26,4,26,4,20,0,26,0,1,1,26,4
6,10,124,"(1,5,7,8,9,10)",2,7,5,4,42,38,4,38,4,20,0,38,1,1,1,38,4
6,10,124,"(1,5,7,8,9,10)",3,8,5,4,48,42,6,42,6,20,0,42,6,5,1,42,6
6,10,124,"(1,5,7,8,9,10)",4,9,5,4,54,46,8,46,8,20,5,46,7,5,1,46,8
6,10,124,"(1,5,7,8,9,10)",5,10,5,4,60,52,8,52,8,20,0,52,4,5,1,52,8
6,10,125,"(1,6,7,8,9,10)",0,1,5,4,6,6,0,6,0,20,0,6,0,1,0,6,0
6,10,125,"(1,6,7,8,9,10)",1,6,5,4,36,32,4,32,4,20,0,32,1,5,1,32,4
6,10,125,"(1,6,7,8,9,10)",2,7,5,4,42,40,2,40,2,20,0,40,4,5,1,40,2
6,10,125,"(1,6,7,8,9,10)",3,8,5,4,48,44,4,44,4,20,0,44,7,5,1,44,4
6,10,125,"(1,6,7,8,9,10)",4,9,5,4,54,50,4,50,4,20,0,50,4,5,1,50,4
6,10,125,"(1,6,7,8,9,10)",5,10,5,4,60,56,4,56,4,20,0,56,1,1,1,56,4
6,10,126,"(2,3,4,5,6,7)",0,2,5,4,12,10,2,10,2,20,0,10,0,1,1,10,2
6,10,126,"(2,3,4,5,6,7)",1,3,5,4,18,16,2,16,2,20,0,16,1,5,1,16,2
6,10,126,"(2,3,4,5,6,7)",2,4,5,4,24,20,4,20,4,20,0,20,3,5,1,20,4
6,10,126,"(2,3,4,5,6,7)",3,5,5,4,30,26,4,26,4,20,0,26,2,5,1,26,4
6,10,126,"(2,3,4,5,6,7)",4,6,5,4,36,30,6,30,6,20,0,30,1,5,1,30,6
6,10,126,"(2,3,4,5,6,7)",5,7,5,4,42,36,6,36,6,20,1,36,6,5,1,36,6
6,10,127,"(2,3,4,5,6,8)",0,2,5,4,12,4,8,4,8,20,0,4,0,1,1,4,8
6,10,127,"(2,3,4,5,6,8)",1,3,5,4,18,10,8,10,8,20,0,10,3,5,1,10,8
6,10,127,"(2,3,4,5,6,8)",2,4,5,4,24,14,10,14,10,20,0,14,3,5,1,14,10
6,10,127,"(2,3,4,5,6,8)",3,5,5,4,30,22,8,22,8,20,0,22,4,5,1,22,8
6,10,127,"(2,3,4,5,6,8)",4,6,5,4,36,26,10,26,10,20,2,26,4,5,1,26,10
6,10,127,"(2,3,4,5,6,8)",5,8,5,4,48,36,12,36,12,20,1,36,4,5,1,36,12
6,10,128,"(2,3,4,5,6,9)",0,2,5,4,12,4,8,4,8,20,0,4,1,5,1,4,8
6,10,128,"(2,3,4,5,6,9)",1,3,5,4,18,10,8,10,8,20,0,10,1,5,1,10,8
6,10,128,"(2,3,4,5,6,9)",2,4,5,4,24,16,8,16,8,20,0,16,3,5,1,16,8
6,10,128,"(2,3,4,5,6,9)",3,5,5,4,30,22,8,22,8,20,0,22,3,5,1,22,8
6,10,128,"(2,3,4,5,6,9)",4,6,5,4,36,26,10,26,10,20,1,26,3,5,1,26,10
6,10,128,"(2,3,4,5,6,9)",5,9,5,4,54,42,12,42,12,20,1,42,4,5,1,42,12
6,10,129,"(2,3,4,5,6,10)",0,2,5,4,12,4,8,4,8,20,0,4,0,1,1,4,8
6,10,129,"(2,3,4,5,6,10)",1,3,5,4,18,12,6,12,6,20,0,12,2,5,1,12,6
6,10,129,"(2,3,4,5,6,10)",2,4,5,4,24,16,8,16,8,20,0,16,4,5,1,16,8
6,10,129,"(2,3,4,5,6,10)",3,5,5,4,30,20,10,20,10,20,0,20,2,5,1,20,10
6,10,129,"(2,3,4,5,6,10)",4,6,5,4,36,26,10,26,10,20,1,26,4,5,1,26,10
6,10,129,"(2,3,4,5,6,10)",5,10,5,4,60,46,14,46,14,20,1,46,6,5,1,46,14
6,10,130,"(2,3,4,5,7,8)",0,2,5,4,12,10,2,10,2,20,0,10,0,1,1,10,2
6,10,130,"(2,3,4,5,7,8)",1,3,5,4,18,16,2,16,2,20,0,16,3,5,1,16,2
6,10,130,"(2,3,4,5,7,8)",2,4,5,4,24,20,4,20,4,20,0,20,1,5,1,20,4
6,10,130,"(2,3,4,5,7,8)",3,5,5,4,30,26,4,26,4,20,0,26,2,5,1,26,4
6,10,130,"(2,3,4,5,7,8)",4,7,5,4,42,36,6,36,6,20,3,36,7,5,1,36,6
6,10,130,"(2,3,4,5,7,8)",5,8,5,4,48,42,6,42,6,20,5,42,6,5,1,42,6
6,10,131,"(2,3,4,5,7,9)",0,2,5,4,12,10,2,10,2,20,0,10,1,5,1,10,2
6,10,131,"(2,3,4,5,7,9)",1,3,5,4,18,16,2,16,2,20,0,16,1,5,1,16,2
6,10,131,"(2,3,4,5,7,9)",2,4,5,4,24,22,2,22,2,20,0,22,3,5,1,22,2
6,10,131,"(2,3,4,5,7,9)",3,5,5,4,30,26,4,26,4,20,0,26,4,5,1,26,4
6,10,131,"(2,3,4,5,7,9)",4,7,5,4,42,38,4,38,4,20,0,38,6,5,1,38,4
6,10,131,"(2,3,4,5,7,9)",5,9,5,4,54,50,4,50,4,20,3,50,1,1,1,50,4
6,10,132,"(2,3,4,5,7,10)",0,2,5,4,12,10,2,10,2,20,0,10,0,1,1,10,2
6,10,132,"(2,3,4,5,7,10)",1,3,5,4,18,18,0,18,0,20,0,18,2,5,0,18,0
6,10,132,"(2,3,4,5,7,10)",2,4,5,4,24,22,2,22,2,20,0,22,2,5,1,22,2
6,10,132,"(2,3,4,5,7,10)",3,5,5,4,30,24,6,24,6,20,0,24,1,5,1,24,6
6,10,132,"(2,3,4,5,7,10)",4,7,5,4,42,36,6,36,6,20,1,36,7,5,1,36,6
6,10,132,"(2,3,4,5,7,10)",5,10,5,4,60,52,8,52,8,20,2,52,6,5,1,52,8
6,10,133,"(2,3,4,5,8,9)",0,2,5,4,12,4,8,4,8,20,0,4,1,5,1,4,8
6,10,133,"(2,3,4,5,8,9)",1,3,5,4,18,10,8,10,8,20,0,10,3,5,1,10,8
6,10,133,"(2,3,4,5,8,9)",2,4,5,4,24,16,8,16,8,20,0,16,3,5,1,16,8
6,10,133,"(2,3,4,5,8,9)",3,5,5,4,30,20,10,20,10,20,7,20,6,5,1,20,10
6,10,133,"(2,3,4,5,8,9)",4,8,5,4,48,36,12,36,12,20,5,36,7,5,1,36,12
6,10,133,"(2,3,4,5,8,9)",5,9,5,4,54,42,12,42,12,20,3,42,1,1,1,42,12
6,10,134,"(2,3,4,5,8,10)",0,2,5,4,12,4,8,4,8,20,0,4,0,1,1,4,8
6,10,134,"(2,3,4,5,8,10)",1,3,5,4,18,12,6,12,6,20,0,12,4,5,1,12,6
6,10,134,"(2,3,4,5,8,10)",2,4,5,4,24,16,8,16,8,20,0,16,2,5,1,16,8
6,10,134,"(2,3,4,5,8,10)",3,5,5,4,30,20,10,20,10,20,0,20,2,5,1,20,10
6,10,134,"(2,3,4,5,8,10)",4,8,5,4,48,38,10,38,10,20,1,38,6,5,1,38,10
6,10,134,"(2,3,4,5,8,10)",5,10,5,4,60,46,14,46,14,20,3,46,6,5,1,46,14
6,10,135,"(2,3,4,5,9,10)",0,2,5,4,12,4,8,4,8,20,0,4,1,5,1,4,8
6,10,135,"(2,3,4,5,9,10)",1,3,5,4,18,12,6,12,6,20,0,12,2,5,1,12,6
6,10,135,"(2,3,4,5,9,10)",2,4,5,4,24,16,8,16,8,20,2,16,1,1,1,16,8
6,10,135,"(2,3,4,5,9,10)",3,5,5,4,30,20,10,20,10,20,0,20,4,5,1,20,10
6,10,135,"(2,3,4,5,9,10)",4,9,5,4,54,42,12,42,12,20,1,42,6,5,1,42,12
6,10,135,"(2,3,4,5,9,10)",5,10,5,4,60,44,16,44,16,20,5,44,9,5,1,44,16
6,10,136,"(2,3,4,6,7,8)",0,2,5,4,12,8,4,8,4,20,0,8,0,1,1,8,4
6,10,136,"(2,3,4,6,7,8)",1,3,5,4,18,14,4,14,4,20,0,14,2,5,1,14,4
6,10,136,"(2,3,4,6,7,8)",2,4,5,4,24,16,8,16,8,20,0,16,2,5,1,16,8
6,10,136,"(2,3,4,6,7,8)",3,6,5,4,36,26,10,26,10,20,0,26,3,5,1,26,10
6,10,136,"(2,3,4,6,7,8)",4,7,5,4,42,34,8,34,8,20,0,34,7,5,1,34,8
6,10,136,"(2,3,4,6,7,8)",5,8,5,4,48,36,12,36,12,20,5,36,7,5,1,36,12
6,10,137,"(2,3,4,6,7,9)",0,2,5,4,12,10,2,10,2,20,0,10,0,1,1,10,2
6,10,137,"(2,3,4,6,7,9)",1,3,5,4,18,12,6,12,6,20,0,12,1,5,1,12,6
6,10,137,"(2,3,4,6,7,9)",2,4,5,4,24,20,4,20,4,20,0,20,1,5,1,20,4
6,10,137,"(2,3,4,6,7,9)",3,6,5,4,36,26,10,26,10,20,0,26,2,5,1,26,10
6,10,137,"(2,3,4,6,7,9)",4,7,5,4,42,34,8,34,8,20,0,34,4,5,1,34,8
6,10,137,"(2,3,4,6,7,9)",5,9,5,4,54,42,12,42,12,20,3,42,6,5,1,42,12
6,10,138,"(2,3,4,6,7,10)",0,2,5,4,12,8,4,8,4,20,0,8,0,1,1,8,4
6,10,138,"(2,3,4,6,7,10)",1,3,5,4,18,16,2,16,2,20,0,16,1,5,1,16,2
6,10,138,"(2,3,4,6,7,10)",2,4,5,4,24,20,4,20,4,20,0,20,2,5,1,20,4
6,10,138,"(2,3,4,6,7,10)",3,6,5,4,36,28,8,28,8,20,0,28,2,5,1,28,8
6,10,138,"(2,3,4,6,7,10)",4,7,5,4,42,38,4,38,4,20,0,38,1,1,1,38,4
6,10,138,"(2,3,4,6,7,10)",5,10,5,4,60,50,10,50,10,20,2,50,8,5,1,50,10
6,10,139,"(2,3,4,6,8,9)",0,2,5,4,12,4,8,4,8,20,0,4,0,1,1,4,8
6,10,139,"(2,3,4,6,8,9)",1,3,5,4,18,8,10,8,10,20,0,8,2,5,1,8,10
6,10,139,"(2,3,4,6,8,9)",2,4,5,4,24,14,10,14,10,20,0,14,1,5,1,14,10
6,10,139,"(2,3,4,6,8,9)",3,6,5,4,36,22,14,22,14,20,1,22,1,1,1,22,14
6,10,139,"(2,3,4,6,8,9)",4,8,5,4,48,32,16,32,16,20,0,32,3,5,1,32,16
6,10,139,"(2,3,4,6,8,9)",5,9,5,4,54,36,18,36,18,20,0,36,6,5,1,36,18
6,10,140,"(2,3,4,6,8,10)",0,2,5,4,12,2,10,2,10,20,0,2,0,1,1,2,10
6,10,140,"(2,3,4,6,8,10)",1,3,5,4,18,12,6,12,6,20,0,12,2,5,1,12,6
6,10,140,"(2,3,4,6,8,10)",2,4,5,4,24,14,10,14,10,20,0,14,2,5,1,14,10
6,10,140,"(2,3,4,6,8,10)",3,6,5,4,36,26,10,26,10,20,0,26,4,5,1,26,10
6,10,140,"(2,3,4,6,8,10)",4,8,5,4,48,38,10,38,10,20,0,38,4,5,1,38,10
6,10,140,"(2,3,4,6,8,10)",5,10,5,4,60,46,14,46,14,20,0,46,8,5,1,46,14
6,10,141,"(2,3,4,6,9,10)",0,2,5,4,12,4,8,4,8,20,0,4,0,1,1,4,8
6,10,141,"(2,3,4,6,9,10)",1,3,5,4,18,10,8,10,8,20,0,10,1,5,1,10,8
6,10,141,"(2,3,4,6,9,10)",2,4,5,4,24,16,8,16,8,20,1,16,2,5,1,16,8
6,10,141,"(2,3,4,6,9,10)",3,6,5,4,36,26,10,26,10,20,0,26,3,5,1,26,10
6,10,141,"(2,3,4,6,9,10)",4,9,5,4,54,42,12,42,12,20,0,42,4,5,1,42,12
6,10,141,"(2,3,4,6,9,10)",5,10,5,4,60,44,16,44,16,20,0,44,6,5,1,44,16
6,10,142,"(2,3,4,7,8,9)",0,2,5,4,12,10,2,10,2,20,0,10,0,1,1,10,2
6,10,142,"(2,3,4,7,8,9)",1,3,5,4,18,14,4,14,4,20,0,14,2,5,1,14,4
6,10,142,"(2,3,4,7,8,9)",2,4,5,4,24,18,6,18,6,20,0,18,2,5,1,18,6
6,10,142,"(2,3,4,7,8,9)",3,7,5,4,42,32,10,32,10,20,7,32,2,1,1,32,10
6,10,142,"(2,3,4,7,8,9)",4,8,5,4,48,38,10,38,10,20,0,38,7,5,1,38,10
6,10,142,"(2,3,4,7,8,9)",5,9,5,4,54,42,12,42,12,20,3,42,7,5,1,42,12
6,10,143,"(2,3,4,7,8,10)",0,2,5,4,12,8,4,8,4,20,0,8,0,1,1,8,4
6,10,143,"(2,3,4,7,8,10)",1,3,5,4,18,18,0,18,0,20,0,18,2,5,0,18,0
6,10,143,"(2,3,4,7,8,10)",2,4,5,4,24,18,6,18,6,20,0,18,1,5,1,18,6
6,10,143,"(2,3,4,7,8,10)",3,7,5,4,42,36,6,36,6,20,1,36,7,5,1,36,6
6,10,143,"(2,3,4,7,8,10)",4,8,5,4,48,42,6,42,6,20,1,42,1,1,1,42,6
6,10,143,"(2,3,4,7,8,10)",5,10,5,4,60,50,10,50,10,20,3,50,8,5,1,50,10
6,10,144,"(2,3,4,7,9,10)",0,2,5,4,12,10,2,10,2,20,0,10,0,1,1,10,2
6,10,144,"(2,3,4,7,9,10)",1,3,5,4,18,16,2,16,2,20,0,16,1,5,1,16,2
6,10,144,"(2,3,4,7,9,10)",2,4,5,4,24,20,4,20,4,20,1,20,3,5,1,20,4
6,10,144,"(2,3,4,7,9,10)",3,7,5,4,42,36,6,36,6,20,1,36,8,5,1,36,6
6,10,144,"(2,3,4,7,9,10)",4,9,5,4,54,48,6,48,6,20,1,48,3,5,1,48,6
6,10,144,"(2,3,4,7,9,10)",5,10,5,4,60,50,10,50,10,20,0,50,8,5,1,50,10
6,10,145,"(2,3,4,8,9,10)",0,2,5,4,12,4,8,4,8,20,0,4,0,1,1,4,8
6,10,145,"(2,3,4,8,9,10)",1,3,5,4,18,12,6,12,6,20,0,12,2,5,1,12,6
6,10,145,"(2,3,4,8,9,10)",2,4,5,4,24,14,10,14,10,20,1,14,3,5,1,14,10
6,10,145,"(2,3,4,8,9,10)",3,8,5,4,48,36,12,36,12,20,1,36,8,5,1,36,12
6,10,145,"(2,3,4,8,9,10)",4,9,5,4,54,42,12,42,12,20,0,42,1,1,1,42,12
6,10,145,"(2,3,4,8,9,10)",5,10,5,4,60,42,18,42,18,20,7,42,11,5,1,42,18
6,10,146,"(2,3,5,6,7,8)",0,2,5,4,12,10,2,10,2,20,0,10,0,1,1,10,2
6,10,146,"(2,3,5,6,7,8)",1,3,5,4,18,16,2,16,2,20,0,16,1,5,1,16,2
6,10,146,"(2,3,5,6,7,8)",2,5,5,4,30,26,4,26,4,20,0,26,4,5,1,26,4
6,10,146,"(2,3,5,6,7,8)",3,6,5,4,36,32,4,32,4,20,0,32,1,5,1,32,4
6,10,146,"(2,3,5,6,7,8)",4,7,5,4,42,38,4,38,4,20,0,38,6,5,1,38,4
6,10,146,"(2,3,5,6,7,8)",5,8,5,4,48,40,8,40,8,20,10,40,9,5,1,40,8
6,10,147,"(2,3,5,6,7,9)",0,2,5,4,12,10,2,10,2,20,0,10,1,5,1,10,2
6,10,147,"(2,3,5,6,7,9)",1,3,5,4,18,14,4,14,4,20,0,14,0,1,1,14,4
6,10,147,"(2,3,5,6,7,9)",2,5,5,4,30,26,4,26,4,20,0,26,4,5,1,26,4
6,10,147,"(2,3,5,6,7,9)",3,6,5,4,36,28,8,28,8,20,0,28,2,5,1,28,8
6,10,147,"(2,3,5,6,7,9)",4,7,5,4,42,36,6,36,6,20,0,36,1,1,1,36,6
6,10,147,"(2,3,5,6,7,9)",5,9,5,4,54,46,8,46,8,20,3,46,8,5,1,46,8
6,10,148,"(2,3,5,6,7,10)",0,2,5,4,12,10,2,10,2,20,0,10,0,1,1,10,2
6,10,148,"(2,3,5,6,7,10)",1,3,5,4,18,16,2,16,2,20,0,16,1,5,1,16,2
6,10,148,"(2,3,5,6,7,10)",2,5,5,4,30,22,8,22,8,20,0,22,4,5,1,22,8
6,10,148,"(2,3,5,6,7,10)",3,6,5,4,36,28,8,28,8,20,0,28,3,5,1,28,8
6,10,148,"(2,3,5,6,7,10)",4,7,5,4,42,34,8,34,8,20,0,34,8,5,1,34,8
6,10,148,"(2,3,5,6,7,10)",5,10,5,4,60,48,12,48,12,20,2,48,2,1,1,48,12
6,10,149,"(2,3,5,6,8,9)",0,2,5,4,12,4,8,4,8,20,0,4,1,5,1,4,8
6,10,149,"(2,3,5,6,8,9)",1,3,5,4,18,10,8,10,8,20,0,10,1,5,1,10,8
6,10,149,"(2,3,5,6,8,9)",2,5,5,4,30,22,8,22,8,20,1,22,1,1,1,22,8
6,10,149,"(2,3,5,6,8,9)",3,6,5,4,36,26,10,26,10,20,2,26,4,5,1,26,10
6,10,149,"(2,3,5,6,8,9)",4,8,5,4,48,36,12,36,12,20,0,36,1,1,1,36,12
6,10,149,"(2,3,5,6,8,9)",5,9,5,4,54,42,12,42,12,20,0,42,6,5,1,42,12
6,10,150,"(2,3,5,6,8,10)",0,2,5,4,12,4,8,4,8,20,0,4,0,1,1,4,8
6,10,150,"(2,3,5,6,8,10)",1,3,5,4,18,12,6,12,6,20,0,12,2,5,1,12,6
6,10,150,"(2,3,5,6,8,10)",2,5,5,4,30,20,10,20,10,20,0,20,4,5,1,20,10
6,10,150,"(2,3,5,6,8,10)",3,6,5,4,36,28,8,28,8,20,0,28,4,5,1,28,8
6,10,150,"(2,3,5,6,8,10)",4,8,5,4,48,36,12,36,12,20,0,36,9,5,1,36,12
6,10,150,"(2,3,5,6,8,10)",5,10,5,4,60,46,14,46,14,20,0,46,8,5,1,46,14
6,10,151,"(2,3,5,6,9,10)",0,2,5,4,12,4,8,4,8,20,0,4,1,5,1,4,8
6,10,151,"(2,3,5,6,9,10)",1,3,5,4,18,10,8,10,8,20,0,10,1,5,1,10,8
6,10,151,"(2,3,5,6,9,10)",2,5,5,4,30,20,10,20,10,20,0,20,4,5,1,20,10
6,10,151,"(2,3,5,6,9,10)",3,6,5,4,36,24,12,24,12,20,0,24,1,1,1,24,12
6,10,151,"(2,3,5,6,9,10)",4,9,5,4,54,38,16,38,16,20,0,38,9,5,1,38,16
6,10,151,"(2,3,5,6,9,10)",5,10,5,4,60,42,18,42,18,20,0,42,8,5,1,42,18
6,10,152,"(2,3,5,7,8,9)",0,2,5,4,12,10,2,10,2,20,0,10,1,5,1,10,2
6,10,152,"(2,3,5,7,8,9)",1,3,5,4,18,16,2,16,2,20,0,16,1,5,1,16,2
6,10,152,"(2,3,5,7,8,9)",2,5,5,4,30,26,4,26,4,20,1,26,6,5,1,26,4
6,10,152,"(2,3,5,7,8,9)",3,7,5,4,42,38,4,38,4,20,10,38,9,5,1,38,4
6,10,152,"(2,3,5,7,8,9)",4,8,5,4,48,44,4,44,4,20,0,44,6,5,1,44,4
6,10,152,"(2,3,5,7,8,9)",5,9,5,4,54,50,4,50,4,20,7,50,7,5,1,50,4
6,10,153,"(2,3,5,7,8,10)",0,2,5,4,12,10,2,10,2,20,0,10,0,1,1,10,2
6,10,153,"(2,3,5,7,8,10)",1,3,5,4,18,18,0,18,0,20,0,18,2,5,0,18,0
6,10,153,"(2,3,5,7,8,10)",2,5,5,4,30,24,6,24,6,20,0,24,3,5,1,24,6
6,10,153,"(2,3,5,7,8,10)",3,7,5,4,42,38,4,38,4,20,0,38,1,1,1,38,4
6,10,153,"(2,3,5,7,8,10)",4,8,5,4,48,44,4,44,4,20,0,44,4,5,1,44,4
6,10,153,"(2,3,5,7,8,10)",5,10,5,4,60,52,8,52,8,20,6,52,8,5,1,52,8
6,10,154,"(2,3,5,7,9,10)",0,2,5,4,12,10,2,10,2,20,0,10,1,5,1,10,2
6,10,154,"(2,3,5,7,9,10)",1,3,5,4,18,16,2,16,2,20,0,16,1,5,1,16,2
6,10,154,"(2,3,5,7,9,10)",2,5,5,4,30,24,6,24,6,20,0,24,3,5,1,24,6
6,10,154,"(2,3,5,7,9,10)",3,7,5,4,42,34,8,34,8,20,10,34,11,5,1,34,8
6,10,154,"(2,3,5,7,9,10)",4,9,5,4,54,48,6,48,6,20,0,48,1,1,1,48,6
6,10,154,"(2,3,5,7,9,10)",5,10,5,4,60,50,10,50,10,20,0,50,7,5,1,50,10
6,10,155,"(2,3,5,8,9,10)",0,2,5,4,12,4,8,4,8,20,0,4,1,5,1,4,8
6,10,155,"(2,3,5,8,9,10)",1,3,5,4,18,12,6,12,6,20,0,12,2,5,1,12,6
6,10,155,"(2,3,5,8,9,10)",2,5,5,4,30,20,10,20,10,20,0,20,6,5,1,20,10
6,10,155,"(2,3,5,8,9,10)",3,8,5,4,48,36,12,36,12,20,3,36,2,1,1,36,12
6,10,155,"(2,3,5,8,9,10)",4,9,5,4,54,42,12,42,12,20,0,42,8,5,1,42,12
6,10,155,"(2,3,5,8,9,10)",5,10,5,4,60,44,16,44,16,20,10,44,11,5,1,44,16
6,10,156,"(2,3,6,7,8,9)",0,2,5,4,12,10,2,10,2,20,0,10,0,1,1,10,2
6,10,156,"(2,3,6,7,8,9)",1,3,5,4,18,14,4,14,4,20,0,14,0,1,1,14,4
6,10,156,"(2,3,6,7,8,9)",2,6,5,4,36,28,8,28,8,20,1,28,3,5,1,28,8
6,10,156,"(2,3,6,7,8,9)",3,7,5,4,42,36,6,36,6,20,1,36,4,5,1,36,6
6,10,156,"(2,3,6,7,8,9)",4,8,5,4,48,40,8,40,8,20,0,40,4,5,1,40,8
6,10,156,"(2,3,6,7,8,9)",5,9,5,4,54,44,10,44,10,20,1,44,7,5,1,44,10
6,10,157,"(2,3,6,7,8,10)",0,2,5,4,12,8,4,8,4,20,0,8,0,1,1,8,4
6,10,157,"(2,3,6,7,8,10)",1,3,5,4,18,18,0,18,0,20,0,18,0,1,0,18,0
6,10,157,"(2,3,6,7,8,10)",2,6,5,4,36,32,4,32,4,20,0,32,2,5,1,32,4
6,10,157,"(2,3,6,7,8,10)",3,7,5,4,42,38,4,38,4,20,1,38,6,5,1,38,4
6,10,157,"(2,3,6,7,8,10)",4,8,5,4,48,42,6,42,6,20,1,42,7,5,1,42,6
6,10,157,"(2,3,6,7,8,10)",5,10,5,4,60,52,8,52,8,20,1,52,9,5,1,52,8
6,10,158,"(2,3,6,7,9,10)",0,2,5,4,12,10,2,10,2,20,0,10,0,1,1,10,2
6,10,158,"(2,3,6,7,9,10)",1,3,5,4,18,14,4,14,4,20,0,14,0,1,1,14,4
6,10,158,"(2,3,6,7,9,10)",2,6,5,4,36,28,8,28,8,20,0,28,3,5,1,28,8
6,10,158,"(2,3,6,7,9,10)",3,7,5,4,42,36,6,36,6,20,1,36,4,5,1,36,6
6,10,158,"(2,3,6,7,9,10)",4,9,5,4,54,46,8,46,8,20,1,46,1,1,1,46,8
6,10,158,"(2,3,6,7,9,10)",5,10,5,4,60,50,10,50,10,20,0,50,6,5,1,50,10
6,10,159,"(2,3,6,8,9,10)",0,2,5,4,12,4,8,4,8,20,0,4,0,1,1,4,8
6,10,159,"(2,3,6,8,9,10)",1,3,5,4,18,12,6,12,6,20,0,12,0,1,1,12,6
6,10,159,"(2,3,6,8,9,10)",2,6,5,4,36,28,8,28,8,20,0,28,4,5,1,28,8
6,10,159,"(2,3,6,8,9,10)",3,8,5,4,48,38,10,38,10,20,1,38,1,1,1,38,10
6,10,159,"(2,3,6,8,9,10)",4,9,5,4,54,44,10,44,10,20,0,44,1,1,1,44,10
6,10,159,"(2,3,6,8,9,10)",5,10,5,4,60,46,14,46,14,20,1,46,7,5,1,46,14
6,10,160,"(2,3,7,8,9,10)",0,2,5,4,12,10,2,10,2,20,0,10,0,1,1,10,2
6,10,160,"(2,3,7,8,9,10)",1,3,5,4,18,18,0,18,0,20,0,18,0,1,0,18,0
6,10,160,"(2,3,7,8,9,10)",2,7,5,4,42,36,6,36,6,20,3,36,2,1,1,36,6
6,10,160,"(2,3,7,8,9,10)",3,8,5,4,48,44,4,44,4,20,2,44,1,1,1,44,4
6,10,160,"(2,3,7,8,9,10)",4,9,5,4,54,50,4,50,4,20,0,50,4,5,1,50,4
6,10,160,"(2,3,7,8,9,10)",5,10,5,4,60,52,8,52,8,20,1,52,9,5,1,52,8
6,10,161,"(2,4,5,6,7,8)",0,2,5,4,12,8,4,8,4,20,0,8,0,1,1,8,4
6,10,161,"(2,4,5,6,7,8)",1,4,5,4,24,18,6,18,6,20,0,18,1,5,1,18,6
6,10,161,"(2,4,5,6,7,8)",2,5,5,4,30,28,2,28,2,20,0,28,2,5,1,28,2
6,10,161,"(2,4,5,6,7,8)",3,6,5,4,36,28,8,28,8,20,0,28,4,5,1,28,8
6,10,161,"(2,4,5,6,7,8)",4,7,5,4,42,36,6,36,6,20,0,36,6,5,1,36,6
6,10,161,"(2,4,5,6,7,8)",5,8,5,4,48,40,8,40,8,20,6,40,1,1,1,40,8
6,10,162,"(2,4,5,6,7,9)",0,2,5,4,12,8,4,8,4,20,0,8,1,5,1,8,4
6,10,162,"(2,4,5,6,7,9)",1,4,5,4,24,20,4,20,4,20,0,20,3,5,1,20,4
6,10,162,"(2,4,5,6,7,9)",2,5,5,4,30,26,4,26,4,20,0,26,4,5,1,26,4
6,10,162,"(2,4,5,6,7,9)",3,6,5,4,36,28,8,28,8,20,0,28,3,5,1,28,8
6,10,162,"(2,4,5,6,7,9)",4,7,5,4,42,36,6,36,6,20,1,36,1,1,1,36,6
6,10,162,"(2,4,5,6,7,9)",5,9,5,4,54,48,6,48,6,20,3,48,6,5,1,48,6
6,10,163,"(2,4,5,6,7,10)",0,2,5,4,12,8,4,8,4,20,0,8,0,1,1,8,4
6,10,163,"(2,4,5,6,7,10)",1,4,5,4,24,20,4,20,4,20,0,20,2,5,1,20,4
6,10,163,"(2,4,5,6,7,10)",2,5,5,4,30,24,6,24,6,20,0,24,1,5,1,24,6
6,10,163,"(2,4,5,6,7,10)",3,6,5,4,36,30,6,30,6,20,0,30,3,5,1,30,6
6,10,163,"(2,4,5,6,7,10)",4,7,5,4,42,36,6,36,6,20,0,36,6,5,1,36,6
6,10,163,"(2,4,5,6,7,10)",5,10,5,4,60,50,10,50,10,20,6,50,7,5,1,50,10
6,10,164,"(2,4,5,6,8,9)",0,2,5,4,12,2,10,2,10,20,0,2,1,5,1,2,10
6,10,164,"(2,4,5,6,8,9)",1,4,5,4,24,14,10,14,10,20,0,14,3,5,1,14,10
6,10,164,"(2,4,5,6,8,9)",2,5,5,4,30,22,8,22,8,20,5,22,6,5,1,22,8
6,10,164,"(2,4,5,6,8,9)",3,6,5,4,36,22,14,22,14,20,2,22,7,5,1,22,14
6,10,164,"(2,4,5,6,8,9)",4,8,5,4,48,34,14,34,14,20,6,34,6,5,1,34,14
6,10,164,"(2,4,5,6,8,9)",5,9,5,4,54,42,12,42,12,20,0,42,6,5,1,42,12
6,10,165,"(2,4,5,6,8,10)",0,2,5,4,12,2,10,2,10,20,0,2,0,1,1,2,10
6,10,165,"(2,4,5,6,8,10)",1,4,5,4,24,14,10,14,10,20,0,14,2,5,1,14,10
6,10,165,"(2,4,5,6,8,10)",2,5,5,4,30,22,8,22,8,20,0,22,2,5,1,22,8
6,10,165,"(2,4,5,6,8,10)",3,6,5,4,36,26,10,26,10,20,0,26,6,5,1,26,10
6,10,165,"(2,4,5,6,8,10)",4,8,5,4,48,38,10,38,10,20,0,38,4,5,1,38,10
6,10,165,"(2,4,5,6,8,10)",5,10,5,4,60,48,12,48,12,20,0,48,6,5,1,48,12
6,10,166,"(2,4,5,6,9,10)",0,2,5,4,12,2,10,2,10,20,0,2,1,5,1,2,10
6,10,166,"(2,4,5,6,9,10)",1,4,5,4,24,14,10,14,10,20,1,14,1,1,1,14,10
6,10,166,"(2,4,5,6,9,10)",2,5,5,4,30,20,10,20,10,20,0,20,4,5,1,20,10
6,10,166,"(2,4,5,6,9,10)",3,6,5,4,36,26,10,26,10,20,0,26,1,1,1,26,10
6,10,166,"(2,4,5,6,9,10)",4,9,5,4,54,42,12,42,12,20,0,42,7,5,1,42,12
6,10,166,"(2,4,5,6,9,10)",5,10,5,4,60,44,16,44,16,20,6,44,9,5,1,44,16
6,10,167,"(2,4,5,7,8,9)",0,2,5,4,12,8,4,8,4,20,0,8,1,5,1,8,4
6,10,167,"(2,4,5,7,8,9)",1,4,5,4,24,20,4,20,4,20,0,20,1,5,1,20,4
6,10,167,"(2,4,5,7,8,9)",2,5,5,4,30,24,6,24,6,20,1,24,1,1,1,24,6
6,10,167,"(2,4,5,7,8,9)",3,7,5,4,42,36,6,36,6,20,1,36,6,5,1,36,6
6,10,167,"(2,4,5,7,8,9)",4,8,5,4,48,42,6,42,6,20,0,42,1,1,1,42,6
6,10,167,"(2,4,5,7,8,9)",5,9,5,4,54,46,8,46,8,20,3,46,8,5,1,46,8
6,10,168,"(2,4,5,7,8,10)",0,2,5,4,12,8,4,8,4,20,0,8,0,1,1,8,4
6,10,168,"(2,4,5,7,8,10)",1,4,5,4,24,18,6,18,6,20,0,18,1,5,1,18,6
6,10,168,"(2,4,5,7,8,10)",2,5,5,4,30,22,8,22,8,20,0,22,2,5,1,22,8
6,10,168,"(2,4,5,7,8,10)",3,7,5,4,42,34,8,34,8,20,0,34,6,5,1,34,8
6,10,168,"(2,4,5,7,8,10)",4,8,5,4,48,40,8,40,8,20,2,40,6,5,1,40,8
6,10,168,"(2,4,5,7,8,10)",5,10,5,4,60,46,14,46,14,20,3,46,9,5,1,46,14
6,10,169,"(2,4,5,7,9,10)",0,2,5,4,12,8,4,8,4,20,0,8,1,5,1,8,4
6,10,169,"(2,4,5,7,9,10)",1,4,5,4,24,20,4,20,4,20,1,20,3,5,1,20,4
6,10,169,"(2,4,5,7,9,10)",2,5,5,4,30,22,8,22,8,20,0,22,4,5,1,22,8
6,10,169,"(2,4,5,7,9,10)",3,7,5,4,42,36,6,36,6,20,2,36,6,5,1,36,6
6,10,169,"(2,4,5,7,9,10)",4,9,5,4,54,46,8,46,8,20,2,46,7,5,1,46,8
6,10,169,"(2,4,5,7,9,10)",5,10,5,4,60,48,12,48,12,20,0,48,8,5,1,48,12
6,10,170,"(2,4,5,8,9,10)",0,2,5,4,12,2,10,2,10,20,0,2,1,5,1,2,10
6,10,170,"(2,4,5,8,9,10)",1,4,5,4,24,14,10,14,10,20,1,14,3,5,1,14,10
6,10,170,"(2,4,5,8,9,10)",2,5,5,4,30,18,12,18,12,20,0,18,1,1,1,18,12
6,10,170,"(2,4,5,8,9,10)",3,8,5,4,48,36,12,36,12,20,2,36,8,5,1,36,12
6,10,170,"(2,4,5,8,9,10)",4,9,5,4,54,40,14,40,14,20,0,40,9,5,1,40,14
6,10,170,"(2,4,5,8,9,10)",5,10,5,4,60,42,18,42,18,20,7,42,2,1,1,42,18
6,10,171,"(2,4,6,7,8,9)",0,2,5,4,12,8,4,8,4,20,0,8,0,1,1,8,4
6,10,171,"(2,4,6,7,8,9)",1,4,5,4,24,18,6,18,6,20,0,18,1,5,1,18,6
6,10,171,"(2,4,6,7,8,9)",2,6,5,4,36,24,12,24,12,20,1,24,6,5,1,24,12
6,10,171,"(2,4,6,7,8,9)",3,7,5,4,42,34,8,34,8,20,5,34,8,5,1,34,8
6,10,171,"(2,4,6,7,8,9)",4,8,5,4,48,38,10,38,10,20,0,38,1,1,1,38,10
6,10,171,"(2,4,6,7,8,9)",5,9,5,4,54,44,10,44,10,20,1,44,7,5,1,44,10
6,10,172,"(2,4,6,7,8,10)",0,2,5,4,12,6,6,6,6,20,0,6,0,1,1,6,6
6,10,172,"(2,4,6,7,8,10)",1,4,5,4,24,18,6,18,6,20,0,18,0,1,1,18,6
6,10,172,"(2,4,6,7,8,10)",2,6,5,4,36,30,6,30,6,20,0,30,4,5,1,30,6
6,10,172,"(2,4,6,7,8,10)",3,7,5,4,42,40,2,40,2,20,1,40,4,5,1,40,2
6,10,172,"(2,4,6,7,8,10)",4,8,5,4,48,42,6,42,6,20,1,42,1,1,1,42,6
6,10,172,"(2,4,6,7,8,10)",5,10,5,4,60,52,8,52,8,20,1,52,8,5,1,52,8
6,10,173,"(2,4,6,7,9,10)",0,2,5,4,12,8,4,8,4,20,0,8,0,1,1,8,4
6,10,173,"(2,4,6,7,9,10)",1,4,5,4,24,20,4,20,4,20,1,20,2,5,1,20,4
6,10,173,"(2,4,6,7,9,10)",2,6,5,4,36,30,6,30,6,20,0,30,3,5,1,30,6
6,10,173,"(2,4,6,7,9,10)",3,7,5,4,42,38,4,38,4,20,1,38,6,5,1,38,4
6,10,173,"(2,4,6,7,9,10)",4,9,5,4,54,48,6,48,6,20,1,48,6,5,1,48,6
6,10,173,"(2,4,6,7,9,10)",5,10,5,4,60,50,10,50,10,20,0,50,8,5,1,50,10
6,10,174,"(2,4,6,8,9,10)",0,2,5,4,12,2,10,2,10,20,0,2,0,1,1,2,10
6,10,174,"(2,4,6,8,9,10)",1,4,5,4,24,14,10,14,10,20,1,14,2,5,1,14,10
6,10,174,"(2,4,6,8,9,10)",2,6,5,4,36,26,10,26,10,20,0,26,6,5,1,26,10
6,10,174,"(2,4,6,8,9,10)",3,8,5,4,48,38,10,38,10,20,1,38,1,1,1,38,10
6,10,174,"(2,4,6,8,9,10)",4,9,5,4,54,46,8,46,8,20,0,46,4,5,1,46,8
6,10,174,"(2,4,6,8,9,10)",5,10,5,4,60,46,14,46,14,20,5,46,2,1,1,46,14
6,10,175,"(2,4,7,8,9,10)",0,2,5,4,12,8,4,8,4,20,0,8,0,1,1,8,4
6,10,175,"(2,4,7,8,9,10)",1,4,5,4,24,18,6,18,6,20,1,18,1,5,1,18,6
6,10,175,"(2,4,7,8,9,10)",2,7,5,4,42,36,6,36,6,20,2,36,9,5,1,36,6
6,10,175,"(2,4,7,8,9,10)",3,8,5,4,48,42,6,42,6,20,2,42,6,5,1,42,6
6,10,175,"(2,4,7,8,9,10)",4,9,5,4,54,46,8,46,8,20,0,46,8,5,1,46,8
6,10,175,"(2,4,7,8,9,10)",5,10,5,4,60,48,12,48,12,20,1,48,9,5,1,48,12
6,10,176,"(2,5,6,7,8,9)",0,2,5,4,12,8,4,8,4,20,0,8,1,5,1,8,4
6,10,176,"(2,5,6,7,8,9)",1,5,5,4,30,28,2,28,2,20,1,28,3,5,1,28,2
6,10,176,"(2,5,6,7,8,9)",2,6,5,4,36,28,8,28,8,20,1,28,1,1,1,28,8
6,10,176,"(2,5,6,7,8,9)",3,7,5,4,42,38,4,38,4,20,5,38,7,5,1,38,4
6,10,176,"(2,5,6,7,8,9)",4,8,5,4,48,42,6,42,6,20,0,42,7,5,1,42,6
6,10,176,"(2,5,6,7,8,9)",5,9,5,4,54,50,4,50,4,20,1,50,1,1,1,50,4
6,10,177,"(2,5,6,7,8,10)",0,2,5,4,12,8,4,8,4,20,0,8,0,1,1,8,4
6,10,177,"(2,5,6,7,8,10)",1,5,5,4,30,26,4,26,4,20,0,26,0,1,1,26,4
6,10,177,"(2,5,6,7,8,10)",2,6,5,4,36,32,4,32,4,20,0,32,4,5,1,32,4
6,10,177,"(2,5,6,7,8,10)",3,7,5,4,42,40,2,40,2,20,0,40,3,5,1,40,2
6,10,177,"(2,5,6,7,8,10)",4,8,5,4,48,42,6,42,6,20,1,42,7,5,1,42,6
6,10,177,"(2,5,6,7,8,10)",5,10,5,4,60,52,8,52,8,20,1,52,6,5,1,52,8
6,10,178,"(2,5,6,7,9,10)",0,2,5,4,12,8,4,8,4,20,0,8,1,5,1,8,4
6,10,178,"(2,5,6,7,9,10)",1,5,5,4,30,24,6,24,6,20,0,24,3,5,1,24,6
6,10,178,"(2,5,6,7,9,10)",2,6,5,4,36,28,8,28,8,20,0,28,1,1,1,28,8
6,10,178,"(2,5,6,7,9,10)",3,7,5,4,42,34,8,34,8,20,1,34,9,5,1,34,8
6,10,178,"(2,5,6,7,9,10)",4,9,5,4,54,46,8,46,8,20,1,46,6,5,1,46,8
6,10,178,"(2,5,6,7,9,10)",5,10,5,4,60,48,12,48,12,20,0,48,8,5,1,48,12
6,10,179,"(2,5,6,8,9,10)",0,2,5,4,12,2,10,2,10,20,0,2,1,5,1,2,10
6,10,179,"(2,5,6,8,9,10)",1,5,5,4,30,22,8,22,8,20,0,22,3,5,1,22,8
6,10,179,"(2,5,6,8,9,10)",2,6,5,4,36,26,10,26,10,20,0,26,7,5,1,26,10
6,10,179,"(2,5,6,8,9,10)",3,8,5,4,48,36,12,36,12,20,1,36,2,1,1,36,12
6,10,179,"(2,5,6,8,9,10)",4,9,5,4,54,44,10,44,10,20,0,44,6,5,1,44,10
6,10,179,"(2,5,6,8,9,10)",5,10,5,4,60,46,14,46,14,20,5,46,8,5,1,46,14
6,10,180,"(2,5,7,8,9,10)",0,2,5,4,12,8,4,8,4,20,0,8,1,5,1,8,4
6,10,180,"(2,5,7,8,9,10)",1,5,5,4,30,24,6,24,6,20,0,24,3,5,1,24,6
6,10,180,"(2,5,7,8,9,10)",2,7,5,4,42,38,4,38,4,20,1,38,7,5,1,38,4
6,10,180,"(2,5,7,8,9,10)",3,8,5,4,48,44,4,44,4,20,3,44,1,1,1,44,4
6,10,180,"(2,5,7,8,9,10)",4,9,5,4,54,48,6,48,6,20,0,48,6,5,1,48,6
6,10,180,"(2,5,7,8,9,10)",5,10,5,4,60,50,10,50,10,20,1,50,7,5,1,50,10
6,10,181,"(2,6,7,8,9,10)",0,2,5,4,12,8,4,8,4,20,0,8,0,1,1,8,4
6,10,181,"(2,6,7,8,9,10)",1,6,5,4,36,32,4,32,4,20,0,32,2,5,1,32,4
6,10,181,"(2,6,7,8,9,10)",2,7,5,4,42,40,2,40,2,20,2,40,7,5,1,40,2
6,10,181,"(2,6,7,8,9,10)",3,8,5,4,48,44,4,44,4,20,2,44,7,5,1,44,4
6,10,181,"(2,6,7,8,9,10)",4,9,5,4,54,52,2,52,2,20,0,52,4,5,1,52,2
6,10,181,"(2,6,7,8,9,10)",5,10,5,4,60,54,6,54,6,20,1,54,6,5,1,54,6
6,10,182,"(3,4,5,6,7,8)",0,3,5,4,18,14,4,14,4,20,0,14,2,5,1,14,4
6,10,182,"(3,4,5,6,7,8)",1,4,5,4,24,18,6,18,6,20,0,18,2,5,1,18,6
6,10,182,"(3,4,5,6,7,8)",2,5,5,4,30,24,6,24,6,20,0,24,1,1,1,24,6
6,10,182,"(3,4,5,6,7,8)",3,6,5,4,36,28,8,28,8,20,0,28,3,5,1,28,8
6,10,182,"(3,4,5,6,7,8)",4,7,5,4,42,34,8,34,8,20,0,34,8,5,1,34,8
6,10,182,"(3,4,5,6,7,8)",5,8,5,4,48,38,10,38,10,20,10,38,8,5,1,38,10
6,10,183,"(3,4,5,6,7,9)",0,3,5,4,18,14,4,14,4,20,0,14,0,1,1,14,4
6,10,183,"(3,4,5,6,7,9)",1,4,5,4,24,20,4,20,4,20,0,20,2,5,1,20,4
6,10,183,"(3,4,5,6,7,9)",2,5,5,4,30,26,4,26,4,20,0,26,4,5,1,26,4
6,10,183,"(3,4,5,6,7,9)",3,6,5,4,36,30,6,30,6,20,0,30,1,5,1,30,6
6,10,183,"(3,4,5,6,7,9)",4,7,5,4,42,38,4,38,4,20,0,38,2,5,1,38,4
6,10,183,"(3,4,5,6,7,9)",5,9,5,4,54,44,10,44,10,20,10,44,9,5,1,44,10
6,10,184,"(3,4,5,6,7,10)",0,3,5,4,18,16,2,16,2,20,0,16,1,5,1,16,2
6,10,184,"(3,4,5,6,7,10)",1,4,5,4,24,20,4,20,4,20,0,20,3,5,1,20,4
6,10,184,"(3,4,5,6,7,10)",2,5,5,4,30,22,8,22,8,20,0,22,4,5,1,22,8
6,10,184,"(3,4,5,6,7,10)",3,6,5,4,36,28,8,28,8,20,0,28,3,5,1,28,8
6,10,184,"(3,4,5,6,7,10)",4,7,5,4,42,34,8,34,8,20,0,34,8,5,1,34,8
6,10,184,"(3,4,5,6,7,10)",5,10,5,4,60,50,10,50,10,20,3,50,9,5,1,50,10
6,10,185,"(3,4,5,6,8,9)",0,3,5,4,18,8,10,8,10,20,0,8,2,5,1,8,10
6,10,185,"(3,4,5,6,8,9)",1,4,5,4,24,14,10,14,10,20,0,14,2,5,1,14,10
6,10,185,"(3,4,5,6,8,9)",2,5,5,4,30,20,10,20,10,20,1,20,6,5,1,20,10
6,10,185,"(3,4,5,6,8,9)",3,6,5,4,36,24,12,24,12,20,2,24,1,1,1,24,12
6,10,185,"(3,4,5,6,8,9)",4,8,5,4,48,34,14,34,14,20,0,34,4,5,1,34,14
6,10,185,"(3,4,5,6,8,9)",5,9,5,4,54,38,16,38,16,20,0,38,8,5,1,38,16
6,10,186,"(3,4,5,6,8,10)",0,3,5,4,18,10,8,10,8,20,0,10,3,5,1,10,8
6,10,186,"(3,4,5,6,8,10)",1,4,5,4,24,14,10,14,10,20,0,14,3,5,1,14,10
6,10,186,"(3,4,5,6,8,10)",2,5,5,4,30,18,12,18,12,20,0,18,1,1,1,18,12
6,10,186,"(3,4,5,6,8,10)",3,6,5,4,36,24,12,24,12,20,0,24,6,5,1,24,12
6,10,186,"(3,4,5,6,8,10)",4,8,5,4,48,34,14,34,14,20,0,34,8,5,1,34,14
6,10,186,"(3,4,5,6,8,10)",5,10,5,4,60,44,16,44,16,20,0,44,9,5,1,44,16
6,10,187,"(3,4,5,6,9,10)",0,3,5,4,18,10,8,10,8,20,0,10,1,5,1,10,8
6,10,187,"(3,4,5,6,9,10)",1,4,5,4,24,14,10,14,10,20,1,14,4,5,1,14,10
6,10,187,"(3,4,5,6,9,10)",2,5,5,4,30,20,10,20,10,20,0,20,4,5,1,20,10
6,10,187,"(3,4,5,6,9,10)",3,6,5,4,36,26,10,26,10,20,0,26,4,5,1,26,10
6,10,187,"(3,4,5,6,9,10)",4,9,5,4,54,38,16,38,16,20,0,38,9,5,1,38,16
6,10,187,"(3,4,5,6,9,10)",5,10,5,4,60,46,14,46,14,20,0,46,6,5,1,46,14
6,10,188,"(3,4,5,7,8,9)",0,3,5,4,18,14,4,14,4,20,0,14,2,5,1,14,4
6,10,188,"(3,4,5,7,8,9)",1,4,5,4,24,20,4,20,4,20,0,20,2,5,1,20,4
6,10,188,"(3,4,5,7,8,9)",2,5,5,4,30,24,6,24,6,20,1,24,7,5,1,24,6
6,10,188,"(3,4,5,7,8,9)",3,7,5,4,42,36,6,36,6,20,1,36,8,5,1,36,6
6,10,188,"(3,4,5,7,8,9)",4,8,5,4,48,40,8,40,8,20,10,40,8,5,1,40,8
6,10,188,"(3,4,5,7,8,9)",5,9,5,4,54,44,10,44,10,20,10,44,2,1,1,44,10
6,10,189,"(3,4,5,7,8,10)",0,3,5,4,18,16,2,16,2,20,0,16,3,5,1,16,2
6,10,189,"(3,4,5,7,8,10)",1,4,5,4,24,20,4,20,4,20,0,20,1,5,1,20,4
6,10,189,"(3,4,5,7,8,10)",2,5,5,4,30,22,8,22,8,20,0,22,4,5,1,22,8
6,10,189,"(3,4,5,7,8,10)",3,7,5,4,42,34,8,34,8,20,0,34,7,5,1,34,8
6,10,189,"(3,4,5,7,8,10)",4,8,5,4,48,42,6,42,6,20,0,42,3,5,1,42,6
6,10,189,"(3,4,5,7,8,10)",5,10,5,4,60,50,10,50,10,20,7,50,9,5,1,50,10
6,10,190,"(3,4,5,7,9,10)",0,3,5,4,18,16,2,16,2,20,0,16,1,5,1,16,2
6,10,190,"(3,4,5,7,9,10)",1,4,5,4,24,20,4,20,4,20,1,20,4,5,1,20,4
6,10,190,"(3,4,5,7,9,10)",2,5,5,4,30,24,6,24,6,20,0,24,3,5,1,24,6
6,10,190,"(3,4,5,7,9,10)",3,7,5,4,42,36,6,36,6,20,5,36,8,5,1,36,6
6,10,190,"(3,4,5,7,9,10)",4,9,5,4,54,46,8,46,8,20,0,46,6,5,1,46,8
6,10,190,"(3,4,5,7,9,10)",5,10,5,4,60,52,8,52,8,20,7,52,8,5,1,52,8
6,10,191,"(3,4,5,8,9,10)",0,3,5,4,18,10,8,10,8,20,0,10,3,5,1,10,8
6,10,191,"(3,4,5,8,9,10)",1,4,5,4,24,14,10,14,10,20,1,14,4,5,1,14,10
6,10,191,"(3,4,5,8,9,10)",2,5,5,4,30,18,12,18,12,20,0,18,7,5,1,18,12
6,10,191,"(3,4,5,8,9,10)",3,8,5,4,48,34,14,34,14,20,2,34,9,5,1,34,14
6,10,191,"(3,4,5,8,9,10)",4,9,5,4,54,38,16,38,16,20,0,38,2,1,1,38,16
6,10,191,"(3,4,5,8,9,10)",5,10,5,4,60,44,16,44,16,20,10,44,11,5,1,44,16
6,10,192,"(3,4,6,7,8,9)",0,3,5,4,18,12,6,12,6,20,0,12,1,5,1,12,6
6,10,192,"(3,4,6,7,8,9)",1,4,5,4,24,18,6,18,6,20,0,18,0,1,1,18,6
6,10,192,"(3,4,6,7,8,9)",2,6,5,4,36,26,10,26,10,20,1,26,4,5,1,26,10
6,10,192,"(3,4,6,7,8,9)",3,7,5,4,42,34,8,34,8,20,1,34,1,1,1,34,8
6,10,192,"(3,4,6,7,8,9)",4,8,5,4,48,36,12,36,12,20,1,36,6,5,1,36,12
6,10,192,"(3,4,6,7,8,9)",5,9,5,4,54,38,16,38,16,20,1,38,2,1,1,38,16
6,10,193,"(3,4,6,7,8,10)",0,3,5,4,18,16,2,16,2,20,0,16,1,5,1,16,2
6,10,193,"(3,4,6,7,8,10)",1,4,5,4,24,18,6,18,6,20,0,18,1,5,1,18,6
6,10,193,"(3,4,6,7,8,10)",2,6,5,4,36,28,8,28,8,20,0,28,4,5,1,28,8
6,10,193,"(3,4,6,7,8,10)",3,7,5,4,42,36,6,36,6,20,1,36,7,5,1,36,6
6,10,193,"(3,4,6,7,8,10)",4,8,5,4,48,40,8,40,8,20,1,40,6,5,1,40,8
6,10,193,"(3,4,6,7,8,10)",5,10,5,4,60,50,10,50,10,20,1,50,2,1,1,50,10
6,10,194,"(3,4,6,7,9,10)",0,3,5,4,18,14,4,14,4,20,0,14,0,1,1,14,4
6,10,194,"(3,4,6,7,9,10)",1,4,5,4,24,20,4,20,4,20,1,20,1,5,1,20,4
6,10,194,"(3,4,6,7,9,10)",2,6,5,4,36,30,6,30,6,20,0,30,2,5,1,30,6
6,10,194,"(3,4,6,7,9,10)",3,7,5,4,42,38,4,38,4,20,1,38,3,5,1,38,4
6,10,194,"(3,4,6,7,9,10)",4,9,5,4,54,44,10,44,10,20,1,44,6,5,1,44,10
6,10,194,"(3,4,6,7,9,10)",5,10,5,4,60,52,8,52,8,20,1,52,7,5,1,52,8
6,10,195,"(3,4,6,8,9,10)",0,3,5,4,18,10,8,10,8,20,0,10,1,5,1,10,8
6,10,195,"(3,4,6,8,9,10)",1,4,5,4,24,14,10,14,10,20,1,14,1,5,1,14,10
6,10,195,"(3,4,6,8,9,10)",2,6,5,4,36,26,10,26,10,20,0,26,1,1,1,26,10
6,10,195,"(3,4,6,8,9,10)",3,8,5,4,48,36,12,36,12,20,1,36,4,5,1,36,12
6,10,195,"(3,4,6,8,9,10)",4,9,5,4,54,40,14,40,14,20,0,40,7,5,1,40,14
6,10,195,"(3,4,6,8,9,10)",5,10,5,4,60,46,14,46,14,20,1,46,7,5,1,46,14
6,10,196,"(3,4,7,8,9,10)",0,3,5,4,18,16,2,16,2,20,0,16,1,5,1,16,2
6,10,196,"(3,4,7,8,9,10)",1,4,5,4,24,18,6,18,6,20,1,18,2,5,1,18,6
6,10,196,"(3,4,7,8,9,10)",2,7,5,4,42,34,8,34,8,20,2,34,11,5,1,34,8
6,10,196,"(3,4,7,8,9,10)",3,8,5,4,48,40,8,40,8,20,2,40,7,5,1,40,8
6,10,196,"(3,4,7,8,9,10)",4,9,5,4,54,44,10,44,10,20,0,44,7,5,1,44,10
6,10,196,"(3,4,7,8,9,10)",5,10,5,4,60,50,10,50,10,20,11,50,12,5,1,50,10
6,10,197,"(3,5,6,7,8,9)",0,3,5,4,18,12,6,12,6,20,0,12,1,5,1,12,6
6,10,197,"(3,5,6,7,8,9)",1,5,5,4,30,26,4,26,4,20,1,26,4,5,1,26,4
6,10,197,"(3,5,6,7,8,9)",2,6,5,4,36,28,8,28,8,20,1,28,4,5,1,28,8
6,10,197,"(3,5,6,7,8,9)",3,7,5,4,42,36,6,36,6,20,1,36,6,5,1,36,6
6,10,197,"(3,5,6,7,8,9)",4,8,5,4,48,40,8,40,8,20,1,40,6,5,1,40,8
6,10,197,"(3,5,6,7,8,9)",5,9,5,4,54,42,12,42,12,20,15,42,2,1,1,42,12
6,10,198,"(3,5,6,7,8,10)",0,3,5,4,18,14,4,14,4,20,0,14,2,5,1,14,4
6,10,198,"(3,5,6,7,8,10)",1,5,5,4,30,22,8,22,8,20,0,22,4,5,1,22,8
6,10,198,"(3,5,6,7,8,10)",2,6,5,4,36,28,8,28,8,20,0,28,1,1,1,28,8
6,10,198,"(3,5,6,7,8,10)",3,7,5,4,42,34,8,34,8,20,0,34,7,5,1,34,8
6,10,198,"(3,5,6,7,8,10)",4,8,5,4,48,40,8,40,8,20,0,40,6,5,1,40,8
6,10,198,"(3,5,6,7,8,10)",5,10,5,4,60,48,12,48,12,20,7,48,2,1,1,48,12
6,10,199,"(3,5,6,7,9,10)",0,3,5,4,18,12,6,12,6,20,0,12,1,5,1,12,6
6,10,199,"(3,5,6,7,9,10)",1,5,5,4,30,24,6,24,6,20,0,24,1,5,1,24,6
6,10,199,"(3,5,6,7,9,10)",2,6,5,4,36,26,10,26,10,20,0,26,1,1,1,26,10
6,10,199,"(3,5,6,7,9,10)",3,7,5,4,42,32,10,32,10,20,5,32,8,5,1,32,10
6,10,199,"(3,5,6,7,9,10)",4,9,5,4,54,40,14,40,14,20,0,40,8,5,1,40,14
6,10,199,"(3,5,6,7,9,10)",5,10,5,4,60,48,12,48,12,20,1,48,6,5,1,48,12
6,10,200,"(3,5,6,8,9,10)",0,3,5,4,18,8,10,8,10,20,0,8,2,5,1,8,10
6,10,200,"(3,5,6,8,9,10)",1,5,5,4,30,20,10,20,10,20,0,20,4,5,1,20,10
6,10,200,"(3,5,6,8,9,10)",2,6,5,4,36,24,12,24,12,20,0,24,7,5,1,24,12
6,10,200,"(3,5,6,8,9,10)",3,8,5,4,48,34,14,34,14,20,1,34,7,5,1,34,14
6,10,200,"(3,5,6,8,9,10)",4,9,5,4,54,36,18,36,18,20,0,36,2,1,1,36,18
6,10,200,"(3,5,6,8,9,10)",5,10,5,4,60,44,16,44,16,20,1,44,7,5,1,44,16
6,10,201,"(3,5,7,8,9,10)",0,3,5,4,18,14,4,14,4,20,0,14,2,5,1,14,4
6,10,201,"(3,5,7,8,9,10)",1,5,5,4,30,24,6,24,6,20,0,24,3,5,1,24,6
6,10,201,"(3,5,7,8,9,10)",2,7,5,4,42,34,8,34,8,20,10,34,11,5,1,34,8
6,10,201,"(3,5,7,8,9,10)",3,8,5,4,48,40,8,40,8,20,1,40,7,5,1,40,8
6,10,201,"(3,5,7,8,9,10)",4,9,5,4,54,44,10,44,10,20,1,44,7,5,1,44,10
6,10,201,"(3,5,7,8,9,10)",5,10,5,4,60,50,10,50,10,20,11,50,9,5,1,50,10
6,10,202,"(3,6,7,8,9,10)",0,3,5,4,18,14,4,14,4,20,0,14,0,1,1,14,4
6,10,202,"(3,6,7,8,9,10)",1,6,5,4,36,30,6,30,6,20,0,30,2,5,1,30,6
6,10,202,"(3,6,7,8,9,10)",2,7,5,4,42,36,6,36,6,20,2,36,6,5,1,36,6
6,10,202,"(3,6,7,8,9,10)",3,8,5,4,48,42,6,42,6,20,2,42,4,5,1,42,6
6,10,202,"(3,6,7,8,9,10)",4,9,5,4,54,44,10,44,10,20,0,44,6,5,1,44,10
6,10,202,"(3,6,7,8,9,10)",5,10,5,4,60,52,8,52,8,20,2,52,7,5,1,52,8
6,10,203,"(4,5,6,7,8,9)",0,4,5,4,24,16,8,16,8,20,0,16,3,5,1,16,8
6,10,203,"(4,5,6,7,8,9)",1,5,5,4,30,26,4,26,4,20,1,26,4,5,1,26,4
6,10,203,"(4,5,6,7,8,9)",2,6,5,4,36,26,10,26,10,20,1,26,6,5,1,26,10
6,10,203,"(4,5,6,7,8,9)",3,7,5,4,42,34,8,34,8,20,2,34,7,5,1,34,8
6,10,203,"(4,5,6,7,8,9)",4,8,5,4,48,36,12,36,12,20,15,36,2,1,1,36,12
6,10,203,"(4,5,6,7,8,9)",5,9,5,4,54,44,10,44,10,20,1,44,8,5,1,44,10
6,10,204,"(4,5,6,7,8,10)",0,4,5,4,24,16,8,16,8,20,0,16,2,5,1,16,8
6,10,204,"(4,5,6,7,8,10)",1,5,5,4,30,24,6,24,6,20,0,24,1,5,1,24,6
6,10,204,"(4,5,6,7,8,10)",2,6,5,4,36,28,8,28,8,20,0,28,6,5,1,28,8
6,10,204,"(4,5,6,7,8,10)",3,7,5,4,42,34,8,34,8,20,0,34,6,5,1,34,8
6,10,204,"(4,5,6,7,8,10)",4,8,5,4,48,38,10,38,10,20,1,38,7,5,1,38,10
6,10,204,"(4,5,6,7,8,10)",5,10,5,4,60,48,12,48,12,20,1,48,8,5,1,48,12
6,10,205,"(4,5,6,7,9,10)",0,4,5,4,24,16,8,16,8,20,1,16,1,1,1,16,8
6,10,205,"(4,5,6,7,9,10)",1,5,5,4,30,24,6,24,6,20,0,24,3,5,1,24,6
6,10,205,"(4,5,6,7,9,10)",2,6,5,4,36,30,6,30,6,20,0,30,4,5,1,30,6
6,10,205,"(4,5,6,7,9,10)",3,7,5,4,42,34,8,34,8,20,1,34,7,5,1,34,8
6,10,205,"(4,5,6,7,9,10)",4,9,5,4,54,44,10,44,10,20,1,44,7,5,1,44,10
6,10,205,"(4,5,6,7,9,10)",5,10,5,4,60,48,12,48,12,20,15,48,2,1,1,48,12
6,10,206,"(4,5,6,8,9,10)",0,4,5,4,24,10,14,10,14,20,1,10,1,1,1,10,14
6,10,206,"(4,5,6,8,9,10)",1,5,5,4,30,20,10,20,10,20,0,20,4,5,1,20,10
6,10,206,"(4,5,6,8,9,10)",2,6,5,4,36,24,12,24,12,20,0,24,8,5,1,24,12
6,10,206,"(4,5,6,8,9,10)",3,8,5,4,48,32,16,32,16,20,1,32,2,1,1,32,16
6,10,206,"(4,5,6,8,9,10)",4,9,5,4,54,40,14,40,14,20,0,40,8,5,1,40,14
6,10,206,"(4,5,6,8,9,10)",5,10,5,4,60,44,16,44,16,20,5,44,9,5,1,44,16
6,10,207,"(4,5,7,8,9,10)",0,4,5,4,24,16,8,16,8,20,1,16,3,5,1,16,8
6,10,207,"(4,5,7,8,9,10)",1,5,5,4,30,22,8,22,8,20,0,22,4,5,1,22,8
6,10,207,"(4,5,7,8,9,10)",2,7,5,4,42,34,8,34,8,20,1,34,7,5,1,34,8
6,10,207,"(4,5,7,8,9,10)",3,8,5,4,48,38,10,38,10,20,3,38,8,5,1,38,10
6,10,207,"(4,5,7,8,9,10)",4,9,5,4,54,42,12,42,12,20,0,42,9,5,1,42,12
6,10,207,"(4,5,7,8,9,10)",5,10,5,4,60,46,14,46,14,20,15,46,11,5,1,46,14
6,10,208,"(4,6,7,8,9,10)",0,4,5,4,24,16,8,16,8,20,1,16,2,5,1,16,8
6,10,208,"(4,6,7,8,9,10)",1,6,5,4,36,30,6,30,6,20,0,30,3,5,1,30,6
6,10,208,"(4,6,7,8,9,10)",2,7,5,4,42,36,6,36,6,20,2,36,9,5,1,36,6
6,10,208,"(4,6,7,8,9,10)",3,8,5,4,48,38,10,38,10,20,2,38,2,1,1,38,10
6,10,208,"(4,6,7,8,9,10)",4,9,5,4,54,46,8,46,8,20,0,46,7,5,1,46,8
6,10,208,"(4,6,7,8,9,10)",5,10,5,4,60,50,10,50,10,20,6,50,2,1,1,50,10
6,10,209,"(5,6,7,8,9,10)",0,5,5,4,30,24,6,24,6,20,0,24,3,5,1,24,6
6,10,209,"(5,6,7,8,9,10)",1,6,5,4,36,28,8,28,8,20,0,28,1,1,1,28,8
6,10,209,"(5,6,7,8,9,10)",2,7,5,4,42,34,8,34,8,20,1,34,9,5,1,34,8
6,10,209,"(5,6,7,8,9,10)",3,8,5,4,48,38,10,38,10,20,2,38,2,1,1,38,10
6,10,209,"(5,6,7,8,9,10)",4,9,5,4,54,42,12,42,12,20,0,42,8,5,1,42,12
6,10,209,"(5,6,7,8,9,10)",5,10,5,4,60,46,14,48,12,20,0,48,11,5,1,48,12
7,9,0,"(1,2,3,4,5,6,7)",0,1,6,4,7,3,4,3,4,840,0,3,1,10,1,3,4
7,9,0,"(1,2,3,4,5,6,7)",1,2,6,4,14,10,4,10,4,840,0,10,0,1,1,10,4
7,9,0,"(1,2,3,4,5,6,7)",2,3,6,4,21,17,4,17,4,840,1,17,9,10,1,17,4
7,9,0,"(1,2,3,4,5,6,7)",3,4,6,4,28,24,4,24,4,840,2,24,1,1,1,24,4
7,9,0,"(1,2,3,4,5,6,7)",4,5,6,4,35,31,4,31,4,840,20,31,29,10,1,31,4
7,9,0,"(1,2,3,4,5,6,7)",5,6,6,4,42,38,4,38,4,840,11,38,8,5,1,38,4
7,9,0,"(1,2,3,4,5,6,7)",6,7,6,4,49,45,4,45,4,840,6,45,21,10,1,45,4
7,9,1,"(1,2,3,4,5,6,8)",0,1,6,4,7,7,0,7,0,840,0,7,2,5,0,7,0
7,9,1,"(1,2,3,4,5,6,8)",1,2,6,4,14,12,2,12,2,840,0,12,2,5,1,12,2
7,9,1,"(1,2,3,4,5,6,8)",2,3,6,4,21,19,2,19,2,840,0,19,4,5,1,19,2
7,9,1,"(1,2,3,4,5,6,8)",3,4,6,4,28,24,4,24,4,840,0,24,3,5,1,24,4
7,9,1,"(1,2,3,4,5,6,8)",4,5,6,4,35,33,2,33,2,840,1,33,2,1,0,33,2
7,9,1,"(1,2,3,4,5,6,8)",5,6,6,4,42,36,6,36,6,840,1,36,6,5,1,36,6
7,9,1,"(1,2,3,4,5,6,8)",6,8,6,4,56,50,6,50,6,840,0,50,8,5,1,50,6
7,9,2,"(1,2,3,4,5,6,9)",0,1,6,4,7,3,4,3,4,840,0,3,1,10,1,3,4
7,9,2,"(1,2,3,4,5,6,9)",1,2,6,4,14,10,4,10,4,840,0,10,0,1,1,10,4
7,9,2,"(1,2,3,4,5,6,9)",2,3,6,4,21,15,6,15,6,840,0,15,1,2,1,15,6
7,9,2,"(1,2,3,4,5,6,9)",3,4,6,4,28,22,6,22,6,840,3,22,4,5,1,22,6
7,9,2,"(1,2,3,4,5,6,9)",4,5,6,4,35,29,6,29,6,840,86,29,27,10,1,29,6
7,9,2,"(1,2,3,4,5,6,9)",5,6,6,4,42,34,8,34,8,840,1,34,8,5,1,34,8
7,9,2,"(1,2,3,4,5,6,9)",6,9,6,4,63,53,10,53,10,840,6,53,27,10,1,53,10
7,9,3,"(1,2,3,4,5,7,8)",0,1,6,4,7,7,0,7,0,840,0,7,1,2,0,7,0
7,9,3,"(1,2,3,4,5,7,8)",1,2,6,4,14,14,0,14,0,840,0,14,2,5,0,14,0
7,9,3,"(1,2,3,4,5,7,8)",2,3,6,4,21,19,2,19,2,840,7,19,13,10,1,19,2
7,9,3,"(1,2,3,4,5,7,8)",3,4,6,4,28,28,0,28,0,840,0,28,1,5,0,28,0
7,9,3,"(1,2,3,4,5,7,8)",4,5,6,4,35,33,2,33,2,840,15,33,21,10,0,33,2
7,9,3,"(1,2,3,4,5,7,8)",5,7,6,4,49,47,2,47,2,840,1,47,3,2,1,47,2
7,9,3,"(1,2,3,4,5,7,8)",6,8,6,4,56,54,2,54,2,840,4,54,9,5,1,54,2
7,9,4,"(1,2,3,4,5,7,9)",0,1,6,4,7,3,4,3,4,840,0,3,1,5,1,3,4
7,9,4,"(1,2,3,4,5,7,9)",1,2,6,4,14,10,4,10,4,840,2,10,2,5,1,10,4
7,9,4,"(1,2,3,4,5,7,9)",2,3,6,4,21,15,6,15,6,840,7,15,1,1,1,15,6
7,9,4,"(1,2,3,4,5,7,9)",3,4,6,4,28,24,4,24,4,840,20,24,7,5,1,24,4
7,9,4,"(1,2,3,4,5,7,9)",4,5,6,4,35,29,6,29,6,840,136,29,17,5,1,29,6
7,9,4,"(1,2,3,4,5,7,9)",5,7,6,4,49,43,6,43,6,840,121,43,18,5,1,43,6
7,9,4,"(1,2,3,4,5,7,9)",6,9,6,4,63,57,6,57,6,840,11,57,13,5,1,57,6
7,9,5,"(1,2,3,4,5,8,9)",0,1,6,4,7,7,0,7,0,840,0,7,1,2,0,7,0
7,9,5,"(1,2,3,4,5,8,9)",1,2,6,4,14,14,0,14,0,840,0,14,2,5,0,14,0
7,9,5,"(1,2,3,4,5,8,9)",2,3,6,4,21,17,4,17,4,840,0,17,9,10,1,17,4
7,9,5,"(1,2,3,4,5,8,9)",3,4,6,4,28,24,4,24,4,840,3,24,1,1,1,24,4
7,9,5,"(1,2,3,4,5,8,9)",4,5,6,4,35,29,6,29,6,840,120,29,29,10,1,29,6
7,9,5,"(1,2,3,4,5,8,9)",5,8,6,4,56,48,8,48,8,840,121,48,17,5,1,48,8
7,9,5,"(1,2,3,4,5,8,9)",6,9,6,4,63,55,8,55,8,840,20,55,7,2,1,55,8
7,9,6,"(1,2,3,4,6,7,8)",0,1,6,4,7,7,0,7,0,840,0,7,2,5,0,7,0
7,9,6,"(1,2,3,4,6,7,8)",1,2,6,4,14,12,2,12,2,840,0,12,2,5,1,12,2
7,9,6,"(1,2,3,4,6,7,8)",2,3,6,4,21,19,2,19,2,840,0,19,4,5,1,19,2
7,9,6,"(1,2,3,4,6,7,8)",3,4,6,4,28,22,6,22,6,840,7,22,1,1,1,22,6
7,9,6,"(1,2,3,4,6,7,8)",4,6,6,4,42,36,6,36,6,840,8,36,8,5,1,36,6
7,9,6,"(1,2,3,4,6,7,8)",5,7,6,4,49,41,8,41,8,840,1,41,2,1,1,41,8
7,9,6,"(1,2,3,4,6,7,8)",6,8,6,4,56,46,10,46,10,840,4,46,12,5,1,46,10
7,9,7,"(1,2,3,4,6,7,9)",0,1,6,4,7,3,4,3,4,840,0,3,1,10,1,3,4
7,9,7,"(1,2,3,4,6,7,9)",1,2,6,4,14,8,6,8,6,840,2,8,2,5,1,8,6
7,9,7,"(1,2,3,4,6,7,9)",2,3,6,4,21,15,6,15,6,840,0,15,1,2,1,15,6
7,9,7,"(1,2,3,4,6,7,9)",3,4,6,4,28,20,8,20,8,840,11,20,6,5,1,20,8
7,9,7,"(1,2,3,4,6,7,9)",4,6,6,4,42,32,10,32,10,840,11,32,12,5,1,32,10
7,9,7,"(1,2,3,4,6,7,9)",5,7,6,4,49,39,10,39,10,840,86,39,5,2,1,39,10
7,9,7,"(1,2,3,4,6,7,9)",6,9,6,4,63,51,12,51,12,840,18,51,31,10,1,51,12
7,9,8,"(1,2,3,4,6,8,9)",0,1,6,4,7,7,0,7,0,840,0,7,2,5,0,7,0
7,9,8,"(1,2,3,4,6,8,9)",1,2,6,4,14,12,2,12,2,840,0,12,2,5,1,12,2
7,9,8,"(1,2,3,4,6,8,9)",2,3,6,4,21,15,6,15,6,840,0,15,4,5,1,15,6
7,9,8,"(1,2,3,4,6,8,9)",3,4,6,4,28,22,6,22,6,840,0,22,2,5,1,22,6
7,9,8,"(1,2,3,4,6,8,9)",4,6,6,4,42,30,12,30,12,840,8,30,2,1,1,30,12
7,9,8,"(1,2,3,4,6,8,9)",5,8,6,4,56,42,14,42,14,840,86,42,12,5,1,42,14
7,9,8,"(1,2,3,4,6,8,9)",6,9,6,4,63,51,12,51,12,840,3,51,18,5,1,51,12
7,9,9,"(1,2,3,4,7,8,9)",0,1,6,4,7,7,0,7,0,840,0,7,1,2,0,7,0
7,9,9,"(1,2,3,4,7,8,9)",1,2,6,4,14,12,2,12,2,840,1,12,4,5,1,12,2
7,9,9,"(1,2,3,4,7,8,9)",2,3,6,4,21,17,4,17,4,840,0,17,9,10,1,17,4
7,9,9,"(1,2,3,4,7,8,9)",3,4,6,4,28,24,4,24,4,840,3,24,1,1,1,24,4
7,9,9,"(1,2,3,4,7,8,9)",4,7,6,4,49,39,10,39,10,840,120,39,7,2,1,39,10
7,9,9,"(1,2,3,4,7,8,9)",5,8,6,4,56,46,10,46,10,840,122,46,19,5,1,46,10
7,9,9,"(1,2,3,4,7,8,9)",6,9,6,4,63,53,10,53,10,840,20,53,39,10,1,53,10
7,9,10,"(1,2,3,5,6,7,8)",0,1,6,4,7,7,0,7,0,840,0,7,1,10,0,7,0
7,9,10,"(1,2,3,5,6,7,8)",1,2,6,4,14,14,0,14,0,840,0,14,0,1,0,14,0
7,9,10,"(1,2,3,5,6,7,8)",2,3,6,4,21,21,0,21,0,840,0,21,9,10,0,21,0
7,9,10,"(1,2,3,5,6,7,8)",3,5,6,4,35,33,2,33,2,840,14,33,23,10,0,33,2
7,9,10,"(1,2,3,5,6,7,8)",4,6,6,4,42,40,2,40,2,840,7,40,4,5,1,40,2
7,9,10,"(1,2,3,5,6,7,8)",5,7,6,4,49,45,4,45,4,840,21,45,23,10,1,45,4
7,9,10,"(1,2,3,5,6,7,8)",6,8,6,4,56,52,4,52,4,840,27,52,3,1,1,52,4
7,9,11,"(1,2,3,5,6,7,9)",0,1,6,4,7,1,6,1,6,840,0,1,1,5,1,1,6
7,9,11,"(1,2,3,5,6,7,9)",1,2,6,4,14,8,6,8,6,840,2,8,2,5,1,8,6
7,9,11,"(1,2,3,5,6,7,9)",2,3,6,4,21,15,6,15,6,840,0,15,1,1,1,15,6
7,9,11,"(1,2,3,5,6,7,9)",3,5,6,4,35,29,6,29,6,840,14,29,3,1,1,29,6
7,9,11,"(1,2,3,5,6,7,9)",4,6,6,4,42,36,6,36,6,840,9,36,8,5,1,36,6
7,9,11,"(1,2,3,5,6,7,9)",5,7,6,4,49,41,8,41,8,840,95,41,16,5,1,41,8
7,9,11,"(1,2,3,5,6,7,9)",6,9,6,4,63,53,10,53,10,840,26,53,18,5,1,53,10
7,9,12,"(1,2,3,5,6,8,9)",0,1,6,4,7,7,0,7,0,840,0,7,1,10,0,7,0
7,9,12,"(1,2,3,5,6,8,9)",1,2,6,4,14,14,0,14,0,840,0,14,0,1,0,14,0
7,9,12,"(1,2,3,5,6,8,9)",2,3,6,4,21,19,2,19,2,840,0,19,1,2,1,19,2
7,9,12,"(1,2,3,5,6,8,9)",3,5,6,4,35,31,4,31,4,840,0,31,21,10,1,31,4
7,9,12,"(1,2,3,5,6,8,9)",4,6,6,4,42,36,6,36,6,840,0,36,4,5,1,36,6
7,9,12,"(1,2,3,5,6,8,9)",5,8,6,4,56,50,6,50,6,840,86,50,13,5,1,50,6
7,9,12,"(1,2,3,5,6,8,9)",6,9,6,4,63,57,6,57,6,840,24,57,33,10,1,57,6
7,9,13,"(1,2,3,5,7,8,9)",0,1,6,4,7,7,0,7,0,840,0,7,1,5,0,7,0
7,9,13,"(1,2,3,5,7,8,9)",1,2,6,4,14,14,0,14,0,840,1,14,2,5,0,14,0
7,9,13,"(1,2,3,5,7,8,9)",2,3,6,4,21,19,2,19,2,840,0,19,1,1,1,19,2
7,9,13,"(1,2,3,5,7,8,9)",3,5,6,4,35,33,2,33,2,840,0,33,12,5,0,33,2
7,9,13,"(1,2,3,5,7,8,9)",4,7,6,4,49,45,4,45,4,840,86,45,14,5,1,45,4
7,9,13,"(1,2,3,5,7,8,9)",5,8,6,4,56,52,4,52,4,840,132,52,19,5,1,52,4
7,9,13,"(1,2,3,5,7,8,9)",6,9,6,4,63,61,2,61,2,840,54,61,16,5,0,61,2
7,9,14,"(1,2,3,6,7,8,9)",0,1,6,4,7,7,0,7,0,840,0,7,1,10,0,7,0
7,9,14,"(1,2,3,6,7,8,9)",1,2,6,4,14,12,2,12,2,840,1,12,2,5,1,12,2
7,9,14,"(1,2,3,6,7,8,9)",2,3,6,4,21,19,2,19,2,840,0,19,1,2,1,19,2
7,9,14,"(1,2,3,6,7,8,9)",3,6,6,4,42,36,6,36,6,840,1,36,7,5,1,36,6
7,9,14,"(1,2,3,6,7,8,9)",4,7,6,4,49,41,8,41,8,840,0,41,23,10,1,41,8
7,9,14,"(1,2,3,6,7,8,9)",5,8,6,4,56,46,10,46,10,840,139,46,17,5,1,46,10
7,9,14,"(1,2,3,6,7,8,9)",6,9,6,4,63,57,6,57,6,840,20,57,33,10,1,57,6
7,9,15,"(1,2,4,5,6,7,8)",0,1,6,4,7,7,0,7,0,840,0,7,2,5,0,7,0
7,9,15,"(1,2,4,5,6,7,8)",1,2,6,4,14,12,2,12,2,840,0,12,2,5,1,12,2
7,9,15,"(1,2,4,5,6,7,8)",2,4,6,4,28,26,2,26,2,840,7,26,4,5,1,26,2
7,9,15,"(1,2,4,5,6,7,8)",3,5,6,4,35,35,0,35,0,840,14,35,11,5,0,35,0
7,9,15,"(1,2,4,5,6,7,8)",4,6,6,4,42,38,4,38,4,840,14,38,2,1,1,38,4
7,9,15,"(1,2,4,5,6,7,8)",5,7,6,4,49,45,4,45,4,840,7,45,9,5,1,45,4
7,9,15,"(1,2,4,5,6,7,8)",6,8,6,4,56,52,4,52,4,840,11,52,9,5,1,52,4
7,9,16,"(1,2,4,5,6,7,9)",0,1,6,4,7,3,4,3,4,840,0,3,1,10,1,3,4
7,9,16,"(1,2,4,5,6,7,9)",1,2,6,4,14,8,6,8,6,840,2,8,2,5,1,8,6
7,9,16,"(1,2,4,5,6,7,9)",2,4,6,4,28,22,6,22,6,840,20,22,2,1,1,22,6
7,9,16,"(1,2,4,5,6,7,9)",3,5,6,4,35,31,4,31,4,840,128,31,7,2,1,31,4
7,9,16,"(1,2,4,5,6,7,9)",4,6,6,4,42,34,8,34,8,840,17,34,14,5,1,34,8
7,9,16,"(1,2,4,5,6,7,9)",5,7,6,4,49,41,8,41,8,840,125,41,39,10,1,41,8
7,9,16,"(1,2,4,5,6,7,9)",6,9,6,4,63,55,8,55,8,840,20,55,33,10,1,55,8
7,9,17,"(1,2,4,5,6,8,9)",0,1,6,4,7,7,0,7,0,840,0,7,2,5,0,7,0
7,9,17,"(1,2,4,5,6,8,9)",1,2,6,4,14,12,2,12,2,840,0,12,2,5,1,12,2
7,9,17,"(1,2,4,5,6,8,9)",2,4,6,4,28,24,4,24,4,840,3,24,6,5,1,24,4
7,9,17,"(1,2,4,5,6,8,9)",3,5,6,4,35,31,4,31,4,840,86,31,3,1,1,31,4
7,9,17,"(1,2,4,5,6,8,9)",4,6,6,4,42,34,8,34,8,840,0,34,2,1,1,34,8
7,9,17,"(1,2,4,5,6,8,9)",5,8,6,4,56,46,10,46,10,840,121,46,17,5,1,46,10
7,9,17,"(1,2,4,5,6,8,9)",6,9,6,4,63,57,6,57,6,840,10,57,17,5,1,57,6
7,9,18,"(1,2,4,5,7,8,9)",0,1,6,4,7,7,0,7,0,840,0,7,1,2,0,7,0
7,9,18,"(1,2,4,5,7,8,9)",1,2,6,4,14,12,2,12,2,840,1,12,4,5,1,12,2
7,9,18,"(1,2,4,5,7,8,9)",2,4,6,4,28,26,2,26,2,840,3,26,6,5,1,26,2
7,9,18,"(1,2,4,5,7,8,9)",3,5,6,4,35,31,4,31,4,840,0,31,31,10,1,31,4
7,9,18,"(1,2,4,5,7,8,9)",4,7,6,4,49,43,6,43,6,840,86,43,33,10,1,43,6
7,9,18,"(1,2,4,5,7,8,9)",5,8,6,4,56,50,6,50,6,840,123,50,18,5,1,50,6
7,9,18,"(1,2,4,5,7,8,9)",6,9,6,4,63,55,8,55,8,840,20,55,9,2,1,55,8
7,9,19,"(1,2,4,6,7,8,9)",0,1,6,4,7,7,0,7,0,840,0,7,2,5,0,7,0
7,9,19,"(1,2,4,6,7,8,9)",1,2,6,4,14,10,4,10,4,840,1,10,4,5,1,10,4
7,9,19,"(1,2,4,6,7,8,9)",2,4,6,4,28,22,6,22,6,840,3,22,8,5,1,22,6
7,9,19,"(1,2,4,6,7,8,9)",3,6,6,4,42,32,10,32,10,840,3,32,3,1,1,32,10
7,9,19,"(1,2,4,6,7,8,9)",4,7,6,4,49,39,10,39,10,840,86,39,17,5,1,39,10
7,9,19,"(1,2,4,6,7,8,9)",5,8,6,4,56,44,12,44,12,840,123,44,19,5,1,44,12
7,9,19,"(1,2,4,6,7,8,9)",6,9,6,4,63,55,8,55,8,840,17,55,19,5,1,55,8
7,9,20,"(1,2,5,6,7,8,9)",0,1,6,4,7,7,0,7,0,840,0,7,1,10,0,7,0
7,9,20,"(1,2,5,6,7,8,9)",1,2,6,4,14,12,2,12,2,840,1,12,2,5,1,12,2
7,9,20,"(1,2,5,6,7,8,9)",2,5,6,4,35,35,0,35,0,840,0,35,5,2,0,35,0
7,9,20,"(1,2,5,6,7,8,9)",3,6,6,4,42,38,4,38,4,840,1,38,9,5,1,38,4
7,9,20,"(1,2,5,6,7,8,9)",4,7,6,4,49,43,6,43,6,840,90,43,37,10,1,43,6
7,9,20,"(1,2,5,6,7,8,9)",5,8,6,4,56,50,6,50,6,840,139,50,22,5,1,50,6
7,9,20,"(1,2,5,6,7,8,9)",6,9,6,4,63,61,2,61,2,840,20,61,7,2,0,61,2
7,9,21,"(1,3,4,5,6,7,8)",0,1,6,4,7,7,0,7,0,840,0,7,1,2,0,7,0
7,9,21,"(1,3,4,5,6,7,8)",1,3,6,4,21,19,2,19,2,840,0,19,9,10,1,19,2
7,9,21,"(1,3,4,5,6,7,8)",2,4,6,4,28,26,2,26,2,840,7,26,6,5,1,26,2
7,9,21,"(1,3,4,5,6,7,8)",3,5,6,4,35,33,2,33,2,840,21,33,27,10,0,33,2
7,9,21,"(1,3,4,5,6,7,8)",4,6,6,4,42,40,2,40,2,840,14,40,6,5,1,40,2
7,9,21,"(1,3,4,5,6,7,8)",5,7,6,4,49,45,4,45,4,840,21,45,5,2,1,45,4
7,9,21,"(1,3,4,5,6,7,8)",6,8,6,4,56,52,4,52,4,840,26,52,14,5,1,52,4
7,9,22,"(1,3,4,5,6,7,9)",0,1,6,4,7,3,4,3,4,840,0,3,1,5,1,3,4
7,9,22,"(1,3,4,5,6,7,9)",1,3,6,4,21,15,6,15,6,840,0,15,3,5,1,15,6
7,9,22,"(1,3,4,5,6,7,9)",2,4,6,4,28,22,6,22,6,840,20,22,9,5,1,22,6
7,9,22,"(1,3,4,5,6,7,9)",3,5,6,4,35,31,4,31,4,840,21,31,3,1,1,31,4
7,9,22,"(1,3,4,5,6,7,9)",4,6,6,4,42,36,6,36,6,840,17,36,2,1,1,36,6
7,9,22,"(1,3,4,5,6,7,9)",5,7,6,4,49,43,6,43,6,840,102,43,3,1,1,43,6
7,9,22,"(1,3,4,5,6,7,9)",6,9,6,4,63,57,6,57,6,840,27,57,16,5,1,57,6
7,9,23,"(1,3,4,5,6,8,9)",0,1,6,4,7,7,0,7,0,840,0,7,1,2,0,7,0
7,9,23,"(1,3,4,5,6,8,9)",1,3,6,4,21,17,4,17,4,840,0,17,1,2,1,17,4
7,9,23,"(1,3,4,5,6,8,9)",2,4,6,4,28,24,4,24,4,840,0,24,1,1,1,24,4
7,9,23,"(1,3,4,5,6,8,9)",3,5,6,4,35,33,2,33,2,840,0,33,21,10,0,33,2
7,9,23,"(1,3,4,5,6,8,9)",4,6,6,4,42,36,6,36,6,840,0,36,6,5,1,36,6
7,9,23,"(1,3,4,5,6,8,9)",5,8,6,4,56,50,6,50,6,840,86,50,12,5,1,50,6
7,9,23,"(1,3,4,5,6,8,9)",6,9,6,4,63,57,6,57,6,840,24,57,37,10,1,57,6
7,9,24,"(1,3,4,5,7,8,9)",0,1,6,4,7,7,0,7,0,840,0,7,3,5,0,7,0
7,9,24,"(1,3,4,5,7,8,9)",1,3,6,4,21,17,4,17,4,840,0,17,1,1,1,17,4
7,9,24,"(1,3,4,5,7,8,9)",2,4,6,4,28,26,2,26,2,840,5,26,8,5,1,26,2
7,9,24,"(1,3,4,5,7,8,9)",3,5,6,4,35,33,2,33,2,840,0,33,14,5,0,33,2
7,9,24,"(1,3,4,5,7,8,9)",4,7,6,4,49,45,4,45,4,840,86,45,3,1,1,45,4
7,9,24,"(1,3,4,5,7,8,9)",5,8,6,4,56,52,4,52,4,840,125,52,18,5,1,52,4
7,9,24,"(1,3,4,5,7,8,9)",6,9,6,4,63,59,4,59,4,840,55,59,4,1,0,59,4
7,9,25,"(1,3,4,6,7,8,9)",0,1,6,4,7,7,0,7,0,840,0,7,1,2,0,7,0
7,9,25,"(1,3,4,6,7,8,9)",1,3,6,4,21,17,4,17,4,840,0,17,1,2,1,17,4
7,9,25,"(1,3,4,6,7,8,9)",2,4,6,4,28,22,6,22,6,840,1,22,7,5,1,22,6
7,9,25,"(1,3,4,6,7,8,9)",3,6,6,4,42,34,8,34,8,840,3,34,11,5,1,34,8
7,9,25,"(1,3,4,6,7,8,9)",4,7,6,4,49,41,8,41,8,840,0,41,5,2,1,41,8
7,9,25,"(1,3,4,6,7,8,9)",5,8,6,4,56,46,10,46,10,840,138,46,16,5,1,46,10
7,9,25,"(1,3,4,6,7,8,9)",6,9,6,4,63,55,8,55,8,840,25,55,41,10,1,55,8
7,9,26,"(1,3,5,6,7,8,9)",0,1,6,4,7,7,0,7,0,840,0,7,1,5,0,7,0
7,9,26,"(1,3,5,6,7,8,9)",1,3,6,4,21,19,2,19,2,840,0,19,3,5,1,19,2
7,9,26,"(1,3,5,6,7,8,9)",2,5,6,4,35,33,2,33,2,840,0,33,12,5,0,33,2
7,9,26,"(1,3,5,6,7,8,9)",3,6,6,4,42,38,4,38,4,840,1,38,7,5,1,38,4
7,9,26,"(1,3,5,6,7,8,9)",4,7,6,4,49,45,4,45,4,840,7,45,11,5,1,45,4
7,9,26,"(1,3,5,6,7,8,9)",5,8,6,4,56,52,4,52,4,840,164,52,16,5,1,52,4
7,9,26,"(1,3,5,6,7,8,9)",6,9,6,4,63,59,4,59,4,840,55,59,21,5,0,59,4
7,9,27,"(1,4,5,6,7,8,9)",0,1,6,4,7,7,0,7,0,840,0,7,1,2,0,7,0
7,9,27,"(1,4,5,6,7,8,9)",1,4,6,4,28,24,4,24,4,840,5,24,8,5,1,24,4
7,9,27,"(1,4,5,6,7,8,9)",2,5,6,4,35,35,0,35,0,840,0,35,29,10,0,35,0
7,9,27,"(1,4,5,6,7,8,9)",3,6,6,4,42,36,6,36,6,840,1,36,13,5,1,36,6
7,9,27,"(1,4,5,6,7,8,9)",4,7,6,4,49,43,6,43,6,840,90,43,33,10,1,43,6
7,9,27,"(1,4,5,6,7,8,9)",5,8,6,4,56,50,6,50,6,840,139,50,18,5,1,50,6
7,9,27,"(1,4,5,6,7,8,9)",6,9,6,4,63,59,4,59,4,840,25,59,43,10,0,59,4
7,9,28,"(2,3,4,5,6,7,8)",0,2,6,4,14,12,2,12,2,840,0,12,2,5,1,12,2
7,9,28,"(2,3,4,5,6,7,8)",1,3,6,4,21,19,2,19,2,840,0,19,4,5,1,19,2
7,9,28,"(2,3,4,5,6,7,8)",2,4,6,4,28,24,4,24,4,840,7,24,6,5,1,24,4
7,9,28,"(2,3,4,5,6,7,8)",3,5,6,4,35,31,4,31,4,840,21,31,3,1,1,31,4
7,9,28,"(2,3,4,5,6,7,8)",4,6,6,4,42,36,6,36,6,840,14,36,8,5,1,36,6
7,9,28,"(2,3,4,5,6,7,8)",5,7,6,4,49,43,6,43,6,840,7,43,11,5,1,43,6
7,9,28,"(2,3,4,5,6,7,8)",6,8,6,4,56,48,8,48,8,840,13,48,13,5,1,48,8
7,9,29,"(2,3,4,5,6,7,9)",0,2,6,4,14,8,6,8,6,840,2,8,2,5,1,8,6
7,9,29,"(2,3,4,5,6,7,9)",1,3,6,4,21,15,6,15,6,840,0,15,1,2,1,15,6
7,9,29,"(2,3,4,5,6,7,9)",2,4,6,4,28,20,8,20,8,840,20,20,9,5,1,20,8
7,9,29,"(2,3,4,5,6,7,9)",3,5,6,4,35,29,6,29,6,840,21,29,33,10,1,29,6
7,9,29,"(2,3,4,5,6,7,9)",4,6,6,4,42,34,8,34,8,840,17,34,2,1,1,34,8
7,9,29,"(2,3,4,5,6,7,9)",5,7,6,4,49,41,8,41,8,840,102,41,27,10,1,41,8
7,9,29,"(2,3,4,5,6,7,9)",6,9,6,4,63,53,10,53,10,840,27,53,33,10,1,53,10
7,9,30,"(2,3,4,5,6,8,9)",0,2,6,4,14,12,2,12,2,840,0,12,2,5,1,12,2
7,9,30,"(2,3,4,5,6,8,9)",1,3,6,4,21,17,4,17,4,840,0,17,2,5,1,17,4
7,9,30,"(2,3,4,5,6,8,9)",2,4,6,4,28,22,6,22,6,840,0,22,1,1,1,22,6
7,9,30,"(2,3,4,5,6,8,9)",3,5,6,4,35,31,4,31,4,840,0,31,12,5,1,31,4
7,9,30,"(2,3,4,5,6,8,9)",4,6,6,4,42,34,8,34,8,840,0,34,6,5,1,34,8
7,9,30,"(2,3,4,5,6,8,9)",5,8,6,4,56,46,10,46,10,840,86,46,11,5,1,46,10
7,9,30,"(2,3,4,5,6,8,9)",6,9,6,4,63,53,10,53,10,840,12,53,19,5,1,53,10
7,9,31,"(2,3,4,5,7,8,9)",0,2,6,4,14,12,2,12,2,840,1,12,4,5,1,12,2
7,9,31,"(2,3,4,5,7,8,9)",1,3,6,4,21,17,4,17,4,840,0,17,9,10,1,17,4
7,9,31,"(2,3,4,5,7,8,9)",2,4,6,4,28,24,4,24,4,840,5,24,8,5,1,24,4
7,9,31,"(2,3,4,5,7,8,9)",3,5,6,4,35,31,4,31,4,840,0,31,31,10,1,31,4
7,9,31,"(2,3,4,5,7,8,9)",4,7,6,4,49,43,6,43,6,840,86,43,33,10,1,43,6
7,9,31,"(2,3,4,5,7,8,9)",5,8,6,4,56,48,8,48,8,840,125,48,4,1,1,48,8
7,9,31,"(2,3,4,5,7,8,9)",6,9,6,4,63,55,8,55,8,840,55,55,41,10,1,55,8
7,9,32,"(2,3,4,6,7,8,9)",0,2,6,4,14,10,4,10,4,840,1,10,4,5,1,10,4
7,9,32,"(2,3,4,6,7,8,9)",1,3,6,4,21,17,4,17,4,840,0,17,2,5,1,17,4
7,9,32,"(2,3,4,6,7,8,9)",2,4,6,4,28,20,8,20,8,840,1,20,7,5,1,20,8
7,9,32,"(2,3,4,6,7,8,9)",3,6,6,4,42,32,10,32,10,840,3,32,11,5,1,32,10
7,9,32,"(2,3,4,6,7,8,9)",4,7,6,4,49,39,10,39,10,840,0,39,11,5,1,39,10
7,9,32,"(2,3,4,6,7,8,9)",5,8,6,4,56,42,14,42,14,840,125,42,3,1,1,42,14
7,9,32,"(2,3,4,6,7,8,9)",6,9,6,4,63,51,12,51,12,840,25,51,21,5,1,51,12
7,9,33,"(2,3,5,6,7,8,9)",0,2,6,4,14,12,2,12,2,840,1,12,2,5,1,12,2
7,9,33,"(2,3,5,6,7,8,9)",1,3,6,4,21,19,2,19,2,840,0,19,1,2,1,19,2
7,9,33,"(2,3,5,6,7,8,9)",2,5,6,4,35,33,2,33,2,840,0,33,23,10,0,33,2
7,9,33,"(2,3,5,6,7,8,9)",3,6,6,4,42,38,4,38,4,840,1,38,1,1,1,38,4
7,9,33,"(2,3,5,6,7,8,9)",4,7,6,4,49,43,6,43,6,840,0,43,5,2,1,43,6
7,9,33,"(2,3,5,6,7,8,9)",5,8,6,4,56,48,8,48,8,840,207,48,18,5,1,48,8
7,9,33,"(2,3,5,6,7,8,9)",6,9,6,4,63,57,6,57,6,840,55,57,39,10,1,57,6
7,9,34,"(2,4,5,6,7,8,9)",0,2,6,4,14,10,4,10,4,840,1,10,4,5,1,10,4
7,9,34,"(2,4,5,6,7,8,9)",1,4,6,4,28,22,6,22,6,840,5,22,8,5,1,22,6
7,9,34,"(2,4,5,6,7,8,9)",2,5,6,4,35,33,2,33,2,840,0,33,16,5,0,33,2
7,9,34,"(2,4,5,6,7,8,9)",3,6,6,4,42,34,8,34,8,840,1,34,13,5,1,34,8
7,9,34,"(2,4,5,6,7,8,9)",4,7,6,4,49,41,8,41,8,840,88,41,3,1,1,41,8
7,9,34,"(2,4,5,6,7,8,9)",5,8,6,4,56,46,10,46,10,840,132,46,17,5,1,46,10
7,9,34,"(2,4,5,6,7,8,9)",6,9,6,4,63,55,8,55,8,840,25,55,22,5,1,55,8
7,9,35,"(3,4,5,6,7,8,9)",0,3,6,4,21,15,6,15,6,840,0,15,9,10,1,15,6
7,9,35,"(3,4,5,6,7,8,9)",1,4,6,4,28,22,6,22,6,840,1,22,7,5,1,22,6
7,9,35,"(3,4,5,6,7,8,9)",2,5,6,4,35,31,4,31,4,840,0,31,31,10,1,31,4
7,9,35,"(3,4,5,6,7,8,9)",3,6,6,4,42,34,8,34,8,840,1,34,11,5,1,34,8
7,9,35,"(3,4,5,6,7,8,9)",4,7,6,4,49,41,8,41,8,840,0,41,5,2,1,41,8
7,9,35,"(3,4,5,6,7,8,9)",5,8,6,4,56,46,10,46,10,840,207,46,16,5,1,46,10
7,9,35,"(3,4,5,6,7,8,9)",6,9,6,4,63,51,12,51,12,840,279,51,11,2,1,51,12
