# version=PROB-62-v1.0.0
# fields=id|category|name|speeds|N|A|B|safeA|firstA|safeB|firstB|fullQ2A|fullQ3A|fullQ2B|fullQ3B|robH_A|robQ2A|robQ3A|robH_B|robQ2B|robQ3B|sliceBest|sliceDeficits|affineMargin|affineH|affinePairs|affineUnion|residual
000001|stress|RF|2,3,7,9,10,12,15,16,19|10|16|19|12|12|10|14|-348|-32|-400|-69|116,166,108,90|-134|-32|136,186,80,26|-190|4|-9|-12,-9,-11,-12,-12,-12,-11,-9,-12|3|135|5|2|1
000002|stress|GCD_CLOCK_1|8,15,35,40,48,56,63,75,78|10|75|78|70|25|72|26|-1716|-24|-1888|-62|540,748,406,192|-644|6|552,756,374,126|-680|44|-28|-53,-42,-47,-50,-28,-50,-47,-42,-53|8|6500|12|4|1
000003|stress|GCD_CLOCK_2|6,8,15,21,28,35,40,48,75|10|48|75|44|8|82|13|-1316|-18|-1720|-38|336,506,306,136|-578|0|540,760,380,100|-780|60|-36|-43,-38,-57,-39,-36,-39,-57,-38,-43|7|1600|9|2|1
000004|stress|HARD_A|1,2,5,7,9,11,12,13|9|12|13|6|26|8|28|-168|-16|-178|-32|76,102,54,42|-48|-14|80,104,36,4|-72|8|-3|-3,-8,-8,-6,-6,-8,-8,-3|5|362|6|1|0
000005|stress|HARD_B|1,5,7,8,9,11,13,15|9|13|15|10|19|12|22|-198|-10|-174|-28|80,106,56,40|-44|-10|94,112,32,2|-44|12|-5|-5,-7,-5,-5,-5,-5,-7,-5|4|196|4|0|1
000006|stress|SMALL|1,2,3,5|5|3|5|2|4|2|6|4|2|4|2|8,8,2,0|4|2|12,12,2,0|4|2|1|1,-1,-1,1|2|8|2|0|0
000007|stress|STRESS_C|8,15,35,40,48,56,68,75,78|10|75|78|74|24|74|25|-1750|-24|-1904|-78|540,750,410,200|-650|0|552,760,384,144|-688|32|-28|-51,-44,-45,-55,-28,-55,-45,-44,-51|6|3900|9|3|1
000008|stress|STRESS_D|10,37,45,51,54,56,61,71,91|10|71|91|80|9|92|11|-1766|10|-2198|-46|513,739,421,167|-740|28|657,939,479,115|-1016|82|-34|-34,-49,-62,-76,-66,-76,-62,-49,-34|5|937|5|0|1
000009|stress|STRESS_E|5,28,35,40,68,88,108,148,165|10|148|165|146|31|152|35|-3580|-12|-3766|-216|1066,1504,828,364|-1410|26|1188,1664,844,286|-1644|82|-94|-107,-104,-94,-104,-96,-104,-94,-104,-107|8|1622|8|0|1
000010|stress|CHAIN3|8,15,35,40,48,56,75,132,147|10|132|147|128|21|144|47|-3048|-88|-3520|-76|954,1340,754,344|-1194|24|1056,1482,816,336|-1350|54|-65|-65,-97,-91,-98,-110,-98,-91,-97,-65|15|13653|18|3|1
000011|stress|OPT_ADD|15,21,40,48,56,105,126,280,1200|10|280|1200|382|19|1518|81|-5496|152|-28504|178|2160,3010,1732,686|-2486|196|8640,12260,7204,2742|-10932|842|-470|-500,-505,-470,-510,-500,-510,-470,-505,-500|-104|13089|280|384|1
000012|stress|AFFINE_HARD_7_98_187|7,63,70,77,98,187|7|98|187|90|16|168|29|-232|30|-528|60|420,480,230,100|220|70|804,924,432,180|384|132|-30|-30,-30,-30,-30,-30,-30|5|15|5|0|1
000013|box_n2_H30|b000001|1,2|3|1|2|2|1|2|2|2|2|2|2|2,0,0,0|2|2|2,0,0,0|2|2|2|2,2|2|0|2|0|0
000014|box_n2_H30|b000002|1,3|3|1|3|0|-1|2|4|0|0|2|2|0,0,0,0|0|0|2,0,0,0|2|2|1|1,1|-1|-1|0|0|0
000015|box_n2_H30|b000003|1,4|3|1|4|2|1|4|4|2|2|4|4|2,0,0,0|2|2|4,0,0,0|4|4|3|3,3|2|0|2|0|0
000016|box_n2_H30|b000004|1,5|3|1|5|2|1|4|5|2|2|4|4|2,0,0,0|2|2|4,0,0,0|4|4|3|3,3|2|0|2|0|0
000017|box_n2_H30|b000005|1,6|3|1|6|0|-1|4|7|0|0|4|4|0,0,0,0|0|0|4,0,0,0|4|4|2|2,2|-1|-1|0|0|0
000018|box_n2_H30|b000006|1,7|3|1|7|2|1|6|7|2|2|6|6|2,0,0,0|2|2|6,0,0,0|6|6|4|4,4|2|0|2|0|0
000019|box_n2_H30|b000007|1,8|3|1|8|2|1|6|8|2|2|6|6|2,0,0,0|2|2|6,0,0,0|6|6|4|4,4|2|0|2|0|0
000020|box_n2_H30|b000008|1,9|3|1|9|0|-1|6|10|0|0|6|6|0,0,0,0|0|0|6,0,0,0|6|6|3|3,3|-1|-1|0|0|0
000021|box_n2_H30|b000009|1,10|3|1|10|2|1|8|10|2|2|8|8|2,0,0,0|2|2|8,0,0,0|8|8|5|5,5|2|0|2|0|0
000022|box_n2_H30|b000010|1,11|3|1|11|2|1|8|11|2|2|8|8|2,0,0,0|2|2|8,0,0,0|8|8|5|5,5|2|0|2|0|0
000023|box_n2_H30|b000011|1,12|3|1|12|0|-1|8|13|0|0|8|8|0,0,0,0|0|0|8,0,0,0|8|8|4|4,4|-1|-1|0|0|0
000024|box_n2_H30|b000012|1,13|3|1|13|2|1|10|13|2|2|10|10|2,0,0,0|2|2|10,0,0,0|10|10|6|6,6|2|0|2|0|0
000025|box_n2_H30|b000013|1,14|3|1|14|2|1|10|14|2|2|10|10|2,0,0,0|2|2|10,0,0,0|10|10|6|6,6|2|0|2|0|0
000026|box_n2_H30|b000014|1,15|3|1|15|0|-1|10|16|0|0|10|10|0,0,0,0|0|0|10,0,0,0|10|10|5|5,5|-1|-1|0|0|0
000027|box_n2_H30|b000015|1,16|3|1|16|2|1|12|16|2|2|12|12|2,0,0,0|2|2|12,0,0,0|12|12|7|7,7|2|0|2|0|0
000028|box_n2_H30|b000016|1,17|3|1|17|2|1|12|17|2|2|12|12|2,0,0,0|2|2|12,0,0,0|12|12|7|7,7|2|0|2|0|0
000029|box_n2_H30|b000017|1,18|3|1|18|0|-1|12|19|0|0|12|12|0,0,0,0|0|0|12,0,0,0|12|12|6|6,6|-1|-1|0|0|0
000030|box_n2_H30|b000018|1,19|3|1|19|2|1|14|19|2|2|14|14|2,0,0,0|2|2|14,0,0,0|14|14|8|8,8|2|0|2|0|0
000031|box_n2_H30|b000019|1,20|3|1|20|2|1|14|20|2|2|14|14|2,0,0,0|2|2|14,0,0,0|14|14|8|8,8|2|0|2|0|0
000032|box_n2_H30|b000020|1,21|3|1|21|0|-1|14|22|0|0|14|14|0,0,0,0|0|0|14,0,0,0|14|14|7|7,7|-1|-1|0|0|0
000033|box_n2_H30|b000021|1,22|3|1|22|2|1|16|22|2|2|16|16|2,0,0,0|2|2|16,0,0,0|16|16|9|9,9|2|0|2|0|0
000034|box_n2_H30|b000022|1,23|3|1|23|2|1|16|23|2|2|16|16|2,0,0,0|2|2|16,0,0,0|16|16|9|9,9|2|0|2|0|0
000035|box_n2_H30|b000023|1,24|3|1|24|0|-1|16|25|0|0|16|16|0,0,0,0|0|0|16,0,0,0|16|16|8|8,8|-1|-1|0|0|0
000036|box_n2_H30|b000024|1,25|3|1|25|2|1|18|25|2|2|18|18|2,0,0,0|2|2|18,0,0,0|18|18|10|10,10|2|0|2|0|0
000037|box_n2_H30|b000025|1,26|3|1|26|2|1|18|26|2|2|18|18|2,0,0,0|2|2|18,0,0,0|18|18|10|10,10|2|0|2|0|0
000038|box_n2_H30|b000026|1,27|3|1|27|0|-1|18|28|0|0|18|18|0,0,0,0|0|0|18,0,0,0|18|18|9|9,9|-1|-1|0|0|0
000039|box_n2_H30|b000027|1,28|3|1|28|2|1|20|28|2|2|20|20|2,0,0,0|2|2|20,0,0,0|20|20|11|11,11|2|0|2|0|0
000040|box_n2_H30|b000028|1,29|3|1|29|2|1|20|29|2|2|20|20|2,0,0,0|2|2|20,0,0,0|20|20|11|11,11|2|0|2|0|0
000041|box_n2_H30|b000029|1,30|3|1|30|0|-1|20|31|0|0|20|20|0,0,0,0|0|0|20,0,0,0|20|20|10|10,10|-1|-1|0|0|0
000042|box_n2_H30|b000030|2,3|3|2|3|2|1|2|2|2|2|2|2|2,0,0,0|2|2|2,0,0,0|2|2|2|2,2|1|1|1|0|1
000043|box_n2_H30|b000031|2,5|3|2|5|2|2|4|4|2|2|4|4|2,0,0,0|2|2|4,0,0,0|4|4|3|3,3|2|0|2|0|0
000044|box_n2_H30|b000032|2,7|3|2|7|2|2|6|4|2|2|6|6|2,0,0,0|2|2|6,0,0,0|6|6|4|4,4|2|0|2|0|0
000045|box_n2_H30|b000033|2,9|3|2|9|2|1|6|5|2|2|6|6|2,0,0,0|2|2|6,0,0,0|6|6|4|4,4|1|1|1|0|0
000046|box_n2_H30|b000034|2,11|3|2|11|2|2|8|7|2|2|8|8|2,0,0,0|2|2|8,0,0,0|8|8|5|5,5|2|0|2|0|0
000047|box_n2_H30|b000035|2,13|3|2|13|2|2|10|7|2|2|10|10|2,0,0,0|2|2|10,0,0,0|10|10|6|6,6|2|0|2|0|0
000048|box_n2_H30|b000036|2,15|3|2|15|2|1|10|8|2|2|10|10|2,0,0,0|2|2|10,0,0,0|10|10|6|6,6|1|1|1|0|0
000049|box_n2_H30|b000037|2,17|3|2|17|2|2|12|10|2|2|12|12|2,0,0,0|2|2|12,0,0,0|12|12|7|7,7|2|0|2|0|0
000050|box_n2_H30|b000038|2,19|3|2|19|2|2|14|10|2|2|14|14|2,0,0,0|2|2|14,0,0,0|14|14|8|8,8|2|0|2|0|0
000051|box_n2_H30|b000039|2,21|3|2|21|2|1|14|11|2|2|14|14|2,0,0,0|2|2|14,0,0,0|14|14|8|8,8|1|1|1|0|0
000052|box_n2_H30|b000040|2,23|3|2|23|2|2|16|13|2|2|16|16|2,0,0,0|2|2|16,0,0,0|16|16|9|9,9|2|0|2|0|0
000053|box_n2_H30|b000041|2,25|3|2|25|2|2|18|13|2|2|18|18|2,0,0,0|2|2|18,0,0,0|18|18|10|10,10|2|0|2|0|0
000054|box_n2_H30|b000042|2,27|3|2|27|2|1|18|14|2|2|18|18|2,0,0,0|2|2|18,0,0,0|18|18|10|10,10|1|1|1|0|0
000055|box_n2_H30|b000043|2,29|3|2|29|2|2|20|16|2|2|20|20|2,0,0,0|2|2|20,0,0,0|20|20|11|11,11|2|0|2|0|0
000056|box_n2_H30|b000044|3,4|3|3|4|2|1|2|2|2|2|2|2|2,0,0,0|2|2|2,0,0,0|2|2|2|2,2|1|2|1|0|1
000057|box_n2_H30|b000045|3,5|3|3|5|2|1|4|2|2|2|4|4|2,0,0,0|2|2|4,0,0,0|4|4|3|3,3|1|1|1|0|0
000058|box_n2_H30|b000046|3,7|3|3|7|2|2|4|4|2|2|4|4|2,0,0,0|2|2|4,0,0,0|4|4|3|3,3|1|2|1|0|0
000059|box_n2_H30|b000047|3,8|3|3|8|2|4|6|4|2|2|6|6|2,0,0,0|2|2|6,0,0,0|6|6|4|4,4|1|1|1|0|0
000060|box_n2_H30|b000048|3,10|3|3|10|2|4|6|4|2|2|6|6|2,0,0,0|2|2|6,0,0,0|6|6|4|4,4|1|2|1|0|0
000061|box_n2_H30|b000049|3,11|3|3|11|2|2|8|4|2|2|8|8|2,0,0,0|2|2|8,0,0,0|8|8|5|5,5|1|1|1|0|0
000062|box_n2_H30|b000050|3,13|3|3|13|2|1|8|5|2|2|8|8|2,0,0,0|2|2|8,0,0,0|8|8|5|5,5|1|2|1|0|0
000063|box_n2_H30|b000051|3,14|3|3|14|2|1|10|5|2|2|10|10|2,0,0,0|2|2|10,0,0,0|10|10|6|6,6|1|1|1|0|0
000064|box_n2_H30|b000052|3,16|3|3|16|2|2|10|7|2|2|10|10|2,0,0,0|2|2|10,0,0,0|10|10|6|6,6|1|2|1|0|0
000065|box_n2_H30|b000053|3,17|3|3|17|2|4|12|7|2|2|12|12|2,0,0,0|2|2|12,0,0,0|12|12|7|7,7|1|1|1|0|0
000066|box_n2_H30|b000054|3,19|3|3|19|2|4|12|7|2|2|12|12|2,0,0,0|2|2|12,0,0,0|12|12|7|7,7|1|2|1|0|0
000067|box_n2_H30|b000055|3,20|3|3|20|2|2|14|7|2|2|14|14|2,0,0,0|2|2|14,0,0,0|14|14|8|8,8|1|1|1|0|0
000068|box_n2_H30|b000056|3,22|3|3|22|2|1|14|8|2|2|14|14|2,0,0,0|2|2|14,0,0,0|14|14|8|8,8|1|2|1|0|0
000069|box_n2_H30|b000057|3,23|3|3|23|2|1|16|8|2|2|16|16|2,0,0,0|2|2|16,0,0,0|16|16|9|9,9|1|1|1|0|0
000070|box_n2_H30|b000058|3,25|3|3|25|2|2|16|10|2|2|16|16|2,0,0,0|2|2|16,0,0,0|16|16|9|9,9|1|2|1|0|0
000071|box_n2_H30|b000059|3,26|3|3|26|2|4|18|10|2|2|18|18|2,0,0,0|2|2|18,0,0,0|18|18|10|10,10|1|1|1|0|0
000072|box_n2_H30|b000060|3,28|3|3|28|2|4|18|10|2|2|18|18|2,0,0,0|2|2|18,0,0,0|18|18|10|10,10|1|2|1|0|0
000073|box_n2_H30|b000061|3,29|3|3|29|2|2|20|10|2|2|20|20|2,0,0,0|2|2|20,0,0,0|20|20|11|11,11|1|1|1|0|0
000074|box_n2_H30|b000062|4,5|3|4|5|4|1|4|2|4|4|4|4|4,0,0,0|4|4|4,0,0,0|4|4|4|4,4|2|0|2|0|0
000075|box_n2_H30|b000063|4,7|3|4|7|4|1|6|2|4|4|6|6|4,0,0,0|4|4|6,0,0,0|6|6|5|5,5|2|0|2|0|0
000076|box_n2_H30|b000064|4,9|3|4|9|2|2|6|4|2|2|6|6|2,0,0,0|2|2|6,0,0,0|6|6|4|4,4|1|2|1|0|0
000077|box_n2_H30|b000065|4,11|3|4|11|4|4|8|4|4|4|8|8|4,0,0,0|4|4|8,0,0,0|8|8|6|6,6|2|0|2|0|0
000078|box_n2_H30|b000066|4,13|3|4|13|4|4|10|4|4|4|10|10|4,0,0,0|4|4|10,0,0,0|10|10|7|7,7|2|0|2|0|0
000079|box_n2_H30|b000067|4,15|3|4|15|2|2|10|4|2|2|10|10|2,0,0,0|2|2|10,0,0,0|10|10|6|6,6|1|2|1|0|0
000080|box_n2_H30|b000068|4,17|3|4|17|4|1|12|5|4|4|12|12|4,0,0,0|4|4|12,0,0,0|12|12|8|8,8|2|0|2|0|0
000081|box_n2_H30|b000069|4,19|3|4|19|4|1|14|5|4|4|14|14|4,0,0,0|4|4|14,0,0,0|14|14|9|9,9|2|0|2|0|0
000082|box_n2_H30|b000070|4,21|3|4|21|2|2|14|7|2|2|14|14|2,0,0,0|2|2|14,0,0,0|14|14|8|8,8|1|2|1|0|0
000083|box_n2_H30|b000071|4,23|3|4|23|4|4|16|7|4|4|16|16|4,0,0,0|4|4|16,0,0,0|16|16|10|10,10|2|0|2|0|0
000084|box_n2_H30|b000072|4,25|3|4|25|4|4|18|7|4|4|18|18|4,0,0,0|4|4|18,0,0,0|18|18|11|11,11|2|0|2|0|0
000085|box_n2_H30|b000073|4,27|3|4|27|2|2|18|7|2|2|18|18|2,0,0,0|2|2|18,0,0,0|18|18|10|10,10|1|2|1|0|0
000086|box_n2_H30|b000074|4,29|3|4|29|4|1|20|8|4|4|20|20|4,0,0,0|4|4|20,0,0,0|20|20|12|12,12|2|0|2|0|0
000087|box_n2_H30|b000075|5,6|3|5|6|4|1|4|2|4|4|4|4|4,0,0,0|4|4|4,0,0,0|4|4|4|4,4|1|1|1|0|1
000088|box_n2_H30|b000076|5,7|3|5|7|4|1|6|2|4|4|6|6|4,0,0,0|4|4|6,0,0,0|6|6|5|5,5|2|0|2|0|1
000089|box_n2_H30|b000077|5,8|3|5|8|4|1|6|2|4|4|6|6|4,0,0,0|4|4|6,0,0,0|6|6|5|5,5|2|0|2|0|0
000090|box_n2_H30|b000078|5,9|3|5|9|4|1|6|2|4|4|6|6|4,0,0,0|4|4|6,0,0,0|6|6|5|5,5|1|1|1|0|0
000091|box_n2_H30|b000079|5,11|3|5|11|4|2|8|4|4|4|8|8|4,0,0,0|4|4|8,0,0,0|8|8|6|6,6|2|0|2|0|0
000092|box_n2_H30|b000080|5,12|3|5|12|4|2|8|4|4|4|8|8|4,0,0,0|4|4|8,0,0,0|8|8|6|6,6|1|1|1|0|0
000093|box_n2_H30|b000081|5,13|3|5|13|4|4|10|4|4|4|10|10|4,0,0,0|4|4|10,0,0,0|10|10|7|7,7|2|0|2|0|0
000094|box_n2_H30|b000082|5,14|3|5|14|4|5|10|4|4|4|10|10|4,0,0,0|4|4|10,0,0,0|10|10|7|7,7|2|0|2|0|0
000095|box_n2_H30|b000083|5,16|3|5|16|4|5|12|4|4|4|12|12|4,0,0,0|4|4|12,0,0,0|12|12|8|8,8|2|0|2|0|0
000096|box_n2_H30|b000084|5,17|3|5|17|4|4|12|4|4|4|12|12|4,0,0,0|4|4|12,0,0,0|12|12|8|8,8|2|0|2|0|0
000097|box_n2_H30|b000085|5,18|3|5|18|4|2|12|4|4|4|12|12|4,0,0,0|4|4|12,0,0,0|12|12|8|8,8|1|1|1|0|0
000098|box_n2_H30|b000086|5,19|3|5|19|4|2|14|4|4|4|14|14|4,0,0,0|4|4|14,0,0,0|14|14|9|9,9|2|0|2|0|0
000099|box_n2_H30|b000087|5,21|3|5|21|4|1|14|5|4|4|14|14|4,0,0,0|4|4|14,0,0,0|14|14|9|9,9|1|1|1|0|0
000100|box_n2_H30|b000088|5,22|3|5|22|4|1|16|5|4|4|16|16|4,0,0,0|4|4|16,0,0,0|16|16|10|10,10|2|0|2|0|0
000101|box_n2_H30|b000089|5,23|3|5|23|4|1|16|5|4|4|16|16|4,0,0,0|4|4|16,0,0,0|16|16|10|10,10|2|0|2|0|0
000102|box_n2_H30|b000090|5,24|3|5|24|4|1|16|5|4|4|16|16|4,0,0,0|4|4|16,0,0,0|16|16|10|10,10|1|1|1|0|0
000103|box_n2_H30|b000091|5,26|3|5|26|4|2|18|7|4|4|18|18|4,0,0,0|4|4|18,0,0,0|18|18|11|11,11|2|0|2|0|0
000104|box_n2_H30|b000092|5,27|3|5|27|4|2|18|7|4|4|18|18|4,0,0,0|4|4|18,0,0,0|18|18|11|11,11|1|1|1|0|0
000105|box_n2_H30|b000093|5,28|3|5|28|4|4|20|7|4|4|20|20|4,0,0,0|4|4|20,0,0,0|20|20|12|12,12|2|0|2|0|0
000106|box_n2_H30|b000094|5,29|3|5|29|4|5|20|7|4|4|20|20|4,0,0,0|4|4|20,0,0,0|20|20|12|12,12|2|0|2|0|0
000107|box_n2_H30|b000095|6,7|3|6|7|4|1|4|2|4|4|4|4|4,0,0,0|4|4|4,0,0,0|4|4|4|4,4|1|2|1|0|1
000108|box_n2_H30|b000096|6,11|3|6|11|4|1|8|2|4|4|8|8|4,0,0,0|4|4|8,0,0,0|8|8|6|6,6|1|1|1|0|0
000109|box_n2_H30|b000097|6,13|3|6|13|4|2|8|4|4|4|8|8|4,0,0,0|4|4|8,0,0,0|8|8|6|6,6|1|2|1|0|0
000110|box_n2_H30|b000098|6,17|3|6|17|4|7|12|4|4|4|12|12|4,0,0,0|4|4|12,0,0,0|12|12|8|8,8|1|1|1|0|0
000111|box_n2_H30|b000099|6,19|3|6|19|4|7|12|4|4|4|12|12|4,0,0,0|4|4|12,0,0,0|12|12|8|8,8|1|2|1|0|0
000112|box_n2_H30|b000100|6,23|3|6|23|4|2|16|4|4|4|16|16|4,0,0,0|4|4|16,0,0,0|16|16|10|10,10|1|1|1|0|0
000113|box_n2_H30|b000101|6,25|3|6|25|4|1|16|5|4|4|16|16|4,0,0,0|4|4|16,0,0,0|16|16|10|10,10|1|2|1|0|0
000114|box_n2_H30|b000102|6,29|3|6|29|4|1|20|5|4|4|20|20|4,0,0,0|4|4|20,0,0,0|20|20|12|12,12|1|1|1|0|0
000115|box_n2_H30|b000103|7,8|3|7|8|6|1|6|2|6|6|6|6|6,0,0,0|6|6|6,0,0,0|6|6|6|6,6|2|0|2|0|1
000116|box_n2_H30|b000104|7,9|3|7|9|4|1|6|2|4|4|6|6|4,0,0,0|4|4|6,0,0,0|6|6|5|5,5|1|2|1|0|1
000117|box_n2_H30|b000105|7,10|3|7|10|6|1|8|2|6|6|8|8|6,0,0,0|6|6|8,0,0,0|8|8|7|7,7|2|0|2|0|1
000118|box_n2_H30|b000106|7,11|3|7|11|6|1|8|2|6|6|8|8|6,0,0,0|6|6|8,0,0,0|8|8|7|7,7|2|0|2|0|0
000119|box_n2_H30|b000107|7,12|3|7|12|4|1|8|2|4|4|8|8|4,0,0,0|4|4|8,0,0,0|8|8|6|6,6|1|2|1|0|0
000120|box_n2_H30|b000108|7,13|3|7|13|6|1|10|2|6|6|10|10|6,0,0,0|6|6|10,0,0,0|10|10|8|8,8|2|0|2|0|0
000121|box_n2_H30|b000109|7,15|3|7|15|4|2|10|4|4|4|10|10|4,0,0,0|4|4|10,0,0,0|10|10|7|7,7|1|2|1|0|0
000122|box_n2_H30|b000110|7,16|3|7|16|6|2|12|4|6|6|12|12|6,0,0,0|6|6|12,0,0,0|12|12|9|9,9|2|0|2|0|0
000123|box_n2_H30|b000111|7,17|3|7|17|6|2|12|4|6|6|12|12|6,0,0,0|6|6|12,0,0,0|12|12|9|9,9|2|0|2|0|0
000124|box_n2_H30|b000112|7,18|3|7|18|4|4|12|4|4|4|12|12|4,0,0,0|4|4|12,0,0,0|12|12|8|8,8|1|2|1|0|0
000125|box_n2_H30|b000113|7,19|3|7|19|6|4|14|4|6|6|14|14|6,0,0,0|6|6|14,0,0,0|14|14|10|10,10|2|0|2|0|0
000126|box_n2_H30|b000114|7,20|3|7|20|6|7|14|4|6|6|14|14|6,0,0,0|6|6|14,0,0,0|14|14|10|10,10|2|0|2|0|0
000127|box_n2_H30|b000115|7,22|3|7|22|6|7|16|4|6|6|16|16|6,0,0,0|6|6|16,0,0,0|16|16|11|11,11|2|0|2|0|0
000128|box_n2_H30|b000116|7,23|3|7|23|6|4|16|4|6|6|16|16|6,0,0,0|6|6|16,0,0,0|16|16|11|11,11|2|0|2|0|0
000129|box_n2_H30|b000117|7,24|3|7|24|4|4|16|4|4|4|16|16|4,0,0,0|4|4|16,0,0,0|16|16|10|10,10|1|2|1|0|0
000130|box_n2_H30|b000118|7,25|3|7|25|6|2|18|4|6|6|18|18|6,0,0,0|6|6|18,0,0,0|18|18|12|12,12|2|0|2|0|0
000131|box_n2_H30|b000119|7,26|3|7|26|6|2|18|4|6|6|18|18|6,0,0,0|6|6|18,0,0,0|18|18|12|12,12|2|0|2|0|0
000132|box_n2_H30|b000120|7,27|3|7|27|4|2|18|4|4|4|18|18|4,0,0,0|4|4|18,0,0,0|18|18|11|11,11|1|2|1|0|0
000133|box_n2_H30|b000121|7,29|3|7|29|6|1|20|5|6|6|20|20|6,0,0,0|6|6|20,0,0,0|20|20|13|13,13|2|0|2|0|0
000134|box_n2_H30|b000122|7,30|3|7|30|4|1|20|5|4|4|20|20|4,0,0,0|4|4|20,0,0,0|20|20|12|12,12|1|2|1|0|0
000135|box_n2_H30|b000123|8,9|3|8|9|6|1|6|2|6|6|6|6|6,0,0,0|6|6|6,0,0,0|6|6|6|6,6|1|1|1|0|1
000136|box_n2_H30|b000124|8,11|3|8|11|6|1|8|2|6|6|8|8|6,0,0,0|6|6|8,0,0,0|8|8|7|7,7|2|0|2|0|1
000137|box_n2_H30|b000125|8,13|3|8|13|6|1|10|2|6|6|10|10|6,0,0,0|6|6|10,0,0,0|10|10|8|8,8|2|0|2|0|0
000138|box_n2_H30|b000126|8,15|3|8|15|6|1|10|2|6|6|10|10|6,0,0,0|6|6|10,0,0,0|10|10|8|8,8|1|1|1|0|0
000139|box_n2_H30|b000127|8,17|3|8|17|6|2|12|4|6|6|12|12|6,0,0,0|6|6|12,0,0,0|12|12|9|9,9|2|0|2|0|0
000140|box_n2_H30|b000128|8,19|3|8|19|6|2|14|4|6|6|14|14|6,0,0,0|6|6|14,0,0,0|14|14|10|10,10|2|0|2|0|0
000141|box_n2_H30|b000129|8,21|3|8|21|6|4|14|4|6|6|14|14|6,0,0,0|6|6|14,0,0,0|14|14|10|10,10|1|1|1|0|0
000142|box_n2_H30|b000130|8,23|3|8|23|6|8|16|4|6|6|16|16|6,0,0,0|6|6|16,0,0,0|16|16|11|11,11|2|0|2|0|0
000143|box_n2_H30|b000131|8,25|3|8|25|6|8|18|4|6|6|18|18|6,0,0,0|6|6|18,0,0,0|18|18|12|12,12|2|0|2|0|0
000144|box_n2_H30|b000132|8,27|3|8|27|6|4|18|4|6|6|18|18|6,0,0,0|6|6|18,0,0,0|18|18|12|12,12|1|1|1|0|0
000145|box_n2_H30|b000133|8,29|3|8|29|6|2|20|4|6|6|20|20|6,0,0,0|6|6|20,0,0,0|20|20|13|13,13|2|0|2|0|0
000146|box_n2_H30|b000134|9,10|3|9|10|6|1|6|2|6|6|6|6|6,0,0,0|6|6|6,0,0,0|6|6|6|6,6|1|2|1|0|1
000147|box_n2_H30|b000135|9,11|3|9|11|6|1|8|2|6|6|8|8|6,0,0,0|6|6|8,0,0,0|8|8|7|7,7|1|1|1|0|1
000148|box_n2_H30|b000136|9,13|3|9|13|6|1|8|2|6|6|8|8|6,0,0,0|6|6|8,0,0,0|8|8|7|7,7|1|2|1|0|1
000149|box_n2_H30|b000137|9,14|3|9|14|6|1|10|2|6|6|10|10|6,0,0,0|6|6|10,0,0,0|10|10|8|8,8|1|1|1|0|0
000150|box_n2_H30|b000138|9,16|3|9|16|6|1|10|2|6|6|10|10|6,0,0,0|6|6|10,0,0,0|10|10|8|8,8|1|2|1|0|0
000151|box_n2_H30|b000139|9,17|3|9|17|6|1|12|2|6|6|12|12|6,0,0,0|6|6|12,0,0,0|12|12|9|9,9|1|1|1|0|0
000152|box_n2_H30|b000140|9,19|3|9|19|6|2|12|4|6|6|12|12|6,0,0,0|6|6|12,0,0,0|12|12|9|9,9|1|2|1|0|0
000153|box_n2_H30|b000141|9,20|3|9|20|6|2|14|4|6|6|14|14|6,0,0,0|6|6|14,0,0,0|14|14|10|10,10|1|1|1|0|0
000154|box_n2_H30|b000142|9,22|3|9|22|6|2|14|4|6|6|14|14|6,0,0,0|6|6|14,0,0,0|14|14|10|10,10|1|2|1|0|0
000155|box_n2_H30|b000143|9,23|3|9|23|6|4|16|4|6|6|16|16|6,0,0,0|6|6|16,0,0,0|16|16|11|11,11|1|1|1|0|0
000156|box_n2_H30|b000144|9,25|3|9|25|6|5|16|4|6|6|16|16|6,0,0,0|6|6|16,0,0,0|16|16|11|11,11|1|2|1|0|0
000157|box_n2_H30|b000145|9,26|3|9|26|6|10|18|4|6|6|18|18|6,0,0,0|6|6|18,0,0,0|18|18|12|12,12|1|1|1|0|0
000158|box_n2_H30|b000146|9,28|3|9|28|6|10|18|4|6|6|18|18|6,0,0,0|6|6|18,0,0,0|18|18|12|12,12|1|2|1|0|0
000159|box_n2_H30|b000147|9,29|3|9|29|6|5|20|4|6|6|20|20|6,0,0,0|6|6|20,0,0,0|20|20|13|13,13|1|1|1|0|0
000160|box_n2_H30|b000148|10,11|3|10|11|8|1|8|2|8|8|8|8|8,0,0,0|8|8|8,0,0,0|8|8|8|8,8|2|0|2|0|1
000161|box_n2_H30|b000149|10,13|3|10|13|8|1|10|2|8|8|10|10|8,0,0,0|8|8|10,0,0,0|10|10|9|9,9|2|0|2|0|1
000162|box_n2_H30|b000150|10,17|3|10|17|8|1|12|2|8|8|12|12|8,0,0,0|8|8|12,0,0,0|12|12|10|10,10|2|0|2|0|0
000163|box_n2_H30|b000151|10,19|3|10|19|8|1|14|2|8|8|14|14|8,0,0,0|8|8|14,0,0,0|14|14|11|11,11|2|0|2|0|0
000164|box_n2_H30|b000152|10,21|3|10|21|6|2|14|4|6|6|14|14|6,0,0,0|6|6|14,0,0,0|14|14|10|10,10|1|2|1|0|0
000165|box_n2_H30|b000153|10,23|3|10|23|8|2|16|4|8|8|16|16|8,0,0,0|8|8|16,0,0,0|16|16|12|12,12|2|0|2|0|0
000166|box_n2_H30|b000154|10,27|3|10|27|6|4|18|4|6|6|18|18|6,0,0,0|6|6|18,0,0,0|18|18|12|12,12|1|2|1|0|0
000167|box_n2_H30|b000155|10,29|3|10|29|8|10|20|4|8|8|20|20|8,0,0,0|8|8|20,0,0,0|20|20|14|14,14|2|0|2|0|0
000168|box_n2_H30|b000156|11,12|3|11|12|8|1|8|2|8|8|8|8|8,0,0,0|8|8|8,0,0,0|8|8|8|8,8|1|1|1|0|1
000169|box_n2_H30|b000157|11,13|3|11|13|8|1|10|2|8|8|10|10|8,0,0,0|8|8|10,0,0,0|10|10|9|9,9|2|0|2|0|1
000170|box_n2_H30|b000158|11,14|3|11|14|8|1|10|2|8|8|10|10|8,0,0,0|8|8|10,0,0,0|10|10|9|9,9|2|0|2|0|1
000171|box_n2_H30|b000159|11,15|3|11|15|8|1|10|2|8|8|10|10|8,0,0,0|8|8|10,0,0,0|10|10|9|9,9|1|1|1|0|1
000172|box_n2_H30|b000160|11,16|3|11|16|8|1|12|2|8|8|12|12|8,0,0,0|8|8|12,0,0,0|12|12|10|10,10|2|0|2|0|1
000173|box_n2_H30|b000161|11,17|3|11|17|8|1|12|2|8|8|12|12|8,0,0,0|8|8|12,0,0,0|12|12|10|10,10|2|0|2|0|0
000174|box_n2_H30|b000162|11,18|3|11|18|8|1|12|2|8|8|12|12|8,0,0,0|8|8|12,0,0,0|12|12|10|10,10|1|1|1|0|0
000175|box_n2_H30|b000163|11,19|3|11|19|8|1|14|2|8|8|14|14|8,0,0,0|8|8|14,0,0,0|14|14|11|11,11|2|0|2|0|0
000176|box_n2_H30|b000164|11,20|3|11|20|8|1|14|2|8|8|14|14|8,0,0,0|8|8|14,0,0,0|14|14|11|11,11|2|0|2|0|0
000177|box_n2_H30|b000165|11,21|3|11|21|8|1|14|2|8|8|14|14|8,0,0,0|8|8|14,0,0,0|14|14|11|11,11|1|1|1|0|0
000178|box_n2_H30|b000166|11,23|3|11|23|8|2|16|4|8|8|16|16|8,0,0,0|8|8|16,0,0,0|16|16|12|12,12|2|0|2|0|0
000179|box_n2_H30|b000167|11,24|3|11|24|8|2|16|4|8|8|16|16|8,0,0,0|8|8|16,0,0,0|16|16|12|12,12|1|1|1|0|0
000180|box_n2_H30|b000168|11,25|3|11|25|8|2|18|4|8|8|18|18|8,0,0,0|8|8|18,0,0,0|18|18|13|13,13|2|0|2|0|0
000181|box_n2_H30|b000169|11,26|3|11|26|8|2|18|4|8|8|18|18|8,0,0,0|8|8|18,0,0,0|18|18|13|13,13|2|0|2|0|0
000182|box_n2_H30|b000170|11,27|3|11|27|8|2|18|4|8|8|18|18|8,0,0,0|8|8|18,0,0,0|18|18|13|13,13|1|1|1|0|0
000183|box_n2_H30|b000171|11,28|3|11|28|8|4|20|4|8|8|20|20|8,0,0,0|8|8|20,0,0,0|20|20|14|14,14|2|0|2|0|0
000184|box_n2_H30|b000172|11,29|3|11|29|8|4|20|4|8|8|20|20|8,0,0,0|8|8|20,0,0,0|20|20|14|14,14|2|0|2|0|0
000185|box_n2_H30|b000173|11,30|3|11|30|8|4|20|4|8|8|20|20|8,0,0,0|8|8|20,0,0,0|20|20|14|14,14|1|1|1|0|0
000186|box_n2_H30|b000174|12,13|3|12|13|8|1|8|2|8|8|8|8|8,0,0,0|8|8|8,0,0,0|8|8|8|8,8|1|2|1|0|1
000187|box_n2_H30|b000175|12,17|3|12|17|8|1|12|2|8|8|12|12|8,0,0,0|8|8|12,0,0,0|12|12|10|10,10|1|1|1|0|1
000188|box_n2_H30|b000176|12,19|3|12|19|8|1|12|2|8|8|12|12|8,0,0,0|8|8|12,0,0,0|12|12|10|10,10|1|2|1|0|0
000189|box_n2_H30|b000177|12,23|3|12|23|8|1|16|2|8|8|16|16|8,0,0,0|8|8|16,0,0,0|16|16|12|12,12|1|1|1|0|0
000190|box_n2_H30|b000178|12,25|3|12|25|8|2|16|4|8|8|16|16|8,0,0,0|8|8|16,0,0,0|16|16|12|12,12|1|2|1|0|0
000191|box_n2_H30|b000179|12,29|3|12|29|8|2|20|4|8|8|20|20|8,0,0,0|8|8|20,0,0,0|20|20|14|14,14|1|1|1|0|0
000192|box_n2_H30|b000180|13,14|3|13|14|10|1|10|2|10|10|10|10|10,0,0,0|10|10|10,0,0,0|10|10|10|10,10|2|0|2|0|1
000193|box_n2_H30|b000181|13,15|3|13|15|8|1|10|2|8|8|10|10|8,0,0,0|8|8|10,0,0,0|10|10|9|9,9|1|2|1|0|1
000194|box_n2_H30|b000182|13,16|3|13|16|10|1|12|2|10|10|12|12|10,0,0,0|10|10|12,0,0,0|12|12|11|11,11|2|0|2|0|1
000195|box_n2_H30|b000183|13,17|3|13|17|10|1|12|2|10|10|12|12|10,0,0,0|10|10|12,0,0,0|12|12|11|11,11|2|0|2|0|1
000196|box_n2_H30|b000184|13,18|3|13|18|8|1|12|2|8|8|12|12|8,0,0,0|8|8|12,0,0,0|12|12|10|10,10|1|2|1|0|1
000197|box_n2_H30|b000185|13,19|3|13|19|10|1|14|2|10|10|14|14|10,0,0,0|10|10|14,0,0,0|14|14|12|12,12|2|0|2|0|1
000198|box_n2_H30|b000186|13,20|3|13|20|10|1|14|2|10|10|14|14|10,0,0,0|10|10|14,0,0,0|14|14|12|12,12|2|0|2|0|0
000199|box_n2_H30|b000187|13,21|3|13|21|8|1|14|2|8|8|14|14|8,0,0,0|8|8|14,0,0,0|14|14|11|11,11|1|2|1|0|0
000200|box_n2_H30|b000188|13,22|3|13|22|10|1|16|2|10|10|16|16|10,0,0,0|10|10|16,0,0,0|16|16|13|13,13|2|0|2|0|0
000201|box_n2_H30|b000189|13,23|3|13|23|10|1|16|2|10|10|16|16|10,0,0,0|10|10|16,0,0,0|16|16|13|13,13|2|0|2|0|0
000202|box_n2_H30|b000190|13,24|3|13|24|8|1|16|2|8|8|16|16|8,0,0,0|8|8|16,0,0,0|16|16|12|12,12|1|2|1|0|0
000203|box_n2_H30|b000191|13,25|3|13|25|10|1|18|2|10|10|18|18|10,0,0,0|10|10|18,0,0,0|18|18|14|14,14|2|0|2|0|0
000204|box_n2_H30|b000192|13,27|3|13|27|8|2|18|4|8|8|18|18|8,0,0,0|8|8|18,0,0,0|18|18|13|13,13|1|2|1|0|0
000205|box_n2_H30|b000193|13,28|3|13|28|10|2|20|4|10|10|20|20|10,0,0,0|10|10|20,0,0,0|20|20|15|15,15|2|0|2|0|0
000206|box_n2_H30|b000194|13,29|3|13|29|10|2|20|4|10|10|20|20|10,0,0,0|10|10|20,0,0,0|20|20|15|15,15|2|0|2|0|0
000207|box_n2_H30|b000195|13,30|3|13|30|8|2|20|4|8|8|20|20|8,0,0,0|8|8|20,0,0,0|20|20|14|14,14|1|2|1|0|0
000208|box_n2_H30|b000196|14,15|3|14|15|10|1|10|2|10|10|10|10|10,0,0,0|10|10|10,0,0,0|10|10|10|10,10|1|1|1|0|1
000209|box_n2_H30|b000197|14,17|3|14|17|10|1|12|2|10|10|12|12|10,0,0,0|10|10|12,0,0,0|12|12|11|11,11|2|0|2|0|1
000210|box_n2_H30|b000198|14,19|3|14|19|10|1|14|2|10|10|14|14|10,0,0,0|10|10|14,0,0,0|14|14|12|12,12|2|0|2|0|1
000211|box_n2_H30|b000199|14,23|3|14|23|10|1|16|2|10|10|16|16|10,0,0,0|10|10|16,0,0,0|16|16|13|13,13|2|0|2|0|0
000212|box_n2_H30|b000200|14,25|3|14|25|10|1|18|2|10|10|18|18|10,0,0,0|10|10|18,0,0,0|18|18|14|14,14|2|0|2|0|0
000213|box_n2_H30|b000201|14,27|3|14|27|10|1|18|2|10|10|18|18|10,0,0,0|10|10|18,0,0,0|18|18|14|14,14|1|1|1|0|0
000214|box_n2_H30|b000202|14,29|3|14|29|10|2|20|4|10|10|20|20|10,0,0,0|10|10|20,0,0,0|20|20|15|15,15|2|0|2|0|0
000215|box_n2_H30|b000203|15,16|3|15|16|10|1|10|2|10|10|10|10|10,0,0,0|10|10|10,0,0,0|10|10|10|10,10|1|2|1|0|1
000216|box_n2_H30|b000204|15,17|3|15|17|10|1|12|2|10|10|12|12|10,0,0,0|10|10|12,0,0,0|12|12|11|11,11|1|1|1|0|1
000217|box_n2_H30|b000205|15,19|3|15|19|10|1|12|2|10|10|12|12|10,0,0,0|10|10|12,0,0,0|12|12|11|11,11|1|2|1|0|1
000218|box_n2_H30|b000206|15,22|3|15|22|10|1|14|2|10|10|14|14|10,0,0,0|10|10|14,0,0,0|14|14|12|12,12|1|2|1|0|1
000219|box_n2_H30|b000207|15,23|3|15|23|10|1|16|2|10|10|16|16|10,0,0,0|10|10|16,0,0,0|16|16|13|13,13|1|1|1|0|0
000220|box_n2_H30|b000208|15,26|3|15|26|10|1|18|2|10|10|18|18|10,0,0,0|10|10|18,0,0,0|18|18|14|14,14|1|1|1|0|0
000221|box_n2_H30|b000209|15,28|3|15|28|10|1|18|2|10|10|18|18|10,0,0,0|10|10|18,0,0,0|18|18|14|14,14|1|2|1|0|0
000222|box_n2_H30|b000210|15,29|3|15|29|10|1|20|2|10|10|20|20|10,0,0,0|10|10|20,0,0,0|20|20|15|15,15|1|1|1|0|0
000223|box_n2_H30|b000211|16,17|3|16|17|12|1|12|2|12|12|12|12|12,0,0,0|12|12|12,0,0,0|12|12|12|12,12|2|0|2|0|1
000224|box_n2_H30|b000212|16,19|3|16|19|12|1|14|2|12|12|14|14|12,0,0,0|12|12|14,0,0,0|14|14|13|13,13|2|0|2|0|1
000225|box_n2_H30|b000213|16,21|3|16|21|10|1|14|2|10|10|14|14|10,0,0,0|10|10|14,0,0,0|14|14|12|12,12|1|2|1|0|1
000226|box_n2_H30|b000214|16,23|3|16|23|12|1|16|2|12|12|16|16|12,0,0,0|12|12|16,0,0,0|16|16|14|14,14|2|0|2|0|1
000227|box_n2_H30|b000215|16,25|3|16|25|12|1|18|2|12|12|18|18|12,0,0,0|12|12|18,0,0,0|18|18|15|15,15|2|0|2|0|0
000228|box_n2_H30|b000216|16,27|3|16|27|10|1|18|2|10|10|18|18|10,0,0,0|10|10|18,0,0,0|18|18|14|14,14|1|2|1|0|0
000229|box_n2_H30|b000217|16,29|3|16|29|12|1|20|2|12|12|20|20|12,0,0,0|12|12|20,0,0,0|20|20|16|16,16|2|0|2|0|0
000230|box_n2_H30|b000218|17,18|3|17|18|12|1|12|2|12|12|12|12|12,0,0,0|12|12|12,0,0,0|12|12|12|12,12|1|1|1|0|1
000231|box_n2_H30|b000219|17,19|3|17|19|12|1|14|2|12|12|14|14|12,0,0,0|12|12|14,0,0,0|14|14|13|13,13|2|0|2|0|1
000232|box_n2_H30|b000220|17,20|3|17|20|12|1|14|2|12|12|14|14|12,0,0,0|12|12|14,0,0,0|14|14|13|13,13|2|0|2|0|1
000233|box_n2_H30|b000221|17,21|3|17|21|12|1|14|2|12|12|14|14|12,0,0,0|12|12|14,0,0,0|14|14|13|13,13|1|1|1|0|1
000234|box_n2_H30|b000222|17,22|3|17|22|12|1|16|2|12|12|16|16|12,0,0,0|12|12|16,0,0,0|16|16|14|14,14|2|0|2|0|1
000235|box_n2_H30|b000223|17,23|3|17|23|12|1|16|2|12|12|16|16|12,0,0,0|12|12|16,0,0,0|16|16|14|14,14|2|0|2|0|1
000236|box_n2_H30|b000224|17,24|3|17|24|12|1|16|2|12|12|16|16|12,0,0,0|12|12|16,0,0,0|16|16|14|14,14|1|1|1|0|1
000237|box_n2_H30|b000225|17,25|3|17|25|12|1|18|2|12|12|18|18|12,0,0,0|12|12|18,0,0,0|18|18|15|15,15|2|0|2|0|1
000238|box_n2_H30|b000226|17,26|3|17|26|12|1|18|2|12|12|18|18|12,0,0,0|12|12|18,0,0,0|18|18|15|15,15|2|0|2|0|0
000239|box_n2_H30|b000227|17,27|3|17|27|12|1|18|2|12|12|18|18|12,0,0,0|12|12|18,0,0,0|18|18|15|15,15|1|1|1|0|0
000240|box_n2_H30|b000228|17,28|3|17|28|12|1|20|2|12|12|20|20|12,0,0,0|12|12|20,0,0,0|20|20|16|16,16|2|0|2|0|0
000241|box_n2_H30|b000229|17,29|3|17|29|12|1|20|2|12|12|20|20|12,0,0,0|12|12|20,0,0,0|20|20|16|16,16|2|0|2|0|0
000242|box_n2_H30|b000230|17,30|3|17|30|12|1|20|2|12|12|20|20|12,0,0,0|12|12|20,0,0,0|20|20|16|16,16|1|1|1|0|0
000243|box_n2_H30|b000231|18,19|3|18|19|12|1|12|2|12|12|12|12|12,0,0,0|12|12|12,0,0,0|12|12|12|12,12|1|2|1|0|1
000244|box_n2_H30|b000232|18,23|3|18|23|12|1|16|2|12|12|16|16|12,0,0,0|12|12|16,0,0,0|16|16|14|14,14|1|1|1|0|1
000245|box_n2_H30|b000233|18,25|3|18|25|12|1|16|2|12|12|16|16|12,0,0,0|12|12|16,0,0,0|16|16|14|14,14|1|2|1|0|1
000246|box_n2_H30|b000234|18,29|3|18|29|12|1|20|2|12|12|20|20|12,0,0,0|12|12|20,0,0,0|20|20|16|16,16|1|1|1|0|0
000247|box_n2_H30|b000235|19,20|3|19|20|14|1|14|2|14|14|14|14|14,0,0,0|14|14|14,0,0,0|14|14|14|14,14|2|0|2|0|1
000248|box_n2_H30|b000236|19,21|3|19|21|12|1|14|2|12|12|14|14|12,0,0,0|12|12|14,0,0,0|14|14|13|13,13|1|2|1|0|1
000249|box_n2_H30|b000237|19,22|3|19|22|14|1|16|2|14|14|16|16|14,0,0,0|14|14|16,0,0,0|16|16|15|15,15|2|0|2|0|1
000250|box_n2_H30|b000238|19,23|3|19|23|14|1|16|2|14|14|16|16|14,0,0,0|14|14|16,0,0,0|16|16|15|15,15|2|0|2|0|1
000251|box_n2_H30|b000239|19,24|3|19|24|12|1|16|2|12|12|16|16|12,0,0,0|12|12|16,0,0,0|16|16|14|14,14|1|2|1|0|1
000252|box_n2_H30|b000240|19,25|3|19|25|14|1|18|2|14|14|18|18|14,0,0,0|14|14|18,0,0,0|18|18|16|16,16|2|0|2|0|1
000253|box_n2_H30|b000241|19,26|3|19|26|14|1|18|2|14|14|18|18|14,0,0,0|14|14|18,0,0,0|18|18|16|16,16|2|0|2|0|1
000254|box_n2_H30|b000242|19,27|3|19|27|12|1|18|2|12|12|18|18|12,0,0,0|12|12|18,0,0,0|18|18|15|15,15|1|2|1|0|1
000255|box_n2_H30|b000243|19,28|3|19|28|14|1|20|2|14|14|20|20|14,0,0,0|14|14|20,0,0,0|20|20|17|17,17|2|0|2|0|1
000256|box_n2_H30|b000244|19,29|3|19|29|14|1|20|2|14|14|20|20|14,0,0,0|14|14|20,0,0,0|20|20|17|17,17|2|0|2|0|0
000257|box_n2_H30|b000245|19,30|3|19|30|12|1|20|2|12|12|20|20|12,0,0,0|12|12|20,0,0,0|20|20|16|16,16|1|2|1|0|0
000258|box_n2_H30|b000246|20,21|3|20|21|14|1|14|2|14|14|14|14|14,0,0,0|14|14|14,0,0,0|14|14|14|14,14|1|1|1|0|1
000259|box_n2_H30|b000247|20,23|3|20|23|14|1|16|2|14|14|16|16|14,0,0,0|14|14|16,0,0,0|16|16|15|15,15|2|0|2|0|1
000260|box_n2_H30|b000248|20,27|3|20|27|14|1|18|2|14|14|18|18|14,0,0,0|14|14|18,0,0,0|18|18|16|16,16|1|1|1|0|1
000261|box_n2_H30|b000249|20,29|3|20|29|14|1|20|2|14|14|20|20|14,0,0,0|14|14|20,0,0,0|20|20|17|17,17|2|0|2|0|1
000262|box_n2_H30|b000250|21,22|3|21|22|14|1|14|2|14|14|14|14|14,0,0,0|14|14|14,0,0,0|14|14|14|14,14|1|2|1|0|1
000263|box_n2_H30|b000251|21,23|3|21|23|14|1|16|2|14|14|16|16|14,0,0,0|14|14|16,0,0,0|16|16|15|15,15|1|1|1|0|1
000264|box_n2_H30|b000252|21,25|3|21|25|14|1|16|2|14|14|16|16|14,0,0,0|14|14|16,0,0,0|16|16|15|15,15|1|2|1|0|1
000265|box_n2_H30|b000253|21,26|3|21|26|14|1|18|2|14|14|18|18|14,0,0,0|14|14|18,0,0,0|18|18|16|16,16|1|1|1|0|1
000266|box_n2_H30|b000254|21,29|3|21|29|14|1|20|2|14|14|20|20|14,0,0,0|14|14|20,0,0,0|20|20|17|17,17|1|1|1|0|1
000267|box_n2_H30|b000255|22,23|3|22|23|16|1|16|2|16|16|16|16|16,0,0,0|16|16|16,0,0,0|16|16|16|16,16|2|0|2|0|1
000268|box_n2_H30|b000256|22,25|3|22|25|16|1|18|2|16|16|18|18|16,0,0,0|16|16|18,0,0,0|18|18|17|17,17|2|0|2|0|1
000269|box_n2_H30|b000257|22,27|3|22|27|14|1|18|2|14|14|18|18|14,0,0,0|14|14|18,0,0,0|18|18|16|16,16|1|2|1|0|1
000270|box_n2_H30|b000258|22,29|3|22|29|16|1|20|2|16|16|20|20|16,0,0,0|16|16|20,0,0,0|20|20|18|18,18|2|0|2|0|1
000271|box_n2_H30|b000259|23,24|3|23|24|16|1|16|2|16|16|16|16|16,0,0,0|16|16|16,0,0,0|16|16|16|16,16|1|1|1|0|1
000272|box_n2_H30|b000260|23,25|3|23|25|16|1|18|2|16|16|18|18|16,0,0,0|16|16|18,0,0,0|18|18|17|17,17|2|0|2|0|1
000273|box_n2_H30|b000261|23,26|3|23|26|16|1|18|2|16|16|18|18|16,0,0,0|16|16|18,0,0,0|18|18|17|17,17|2|0|2|0|1
000274|box_n2_H30|b000262|23,27|3|23|27|16|1|18|2|16|16|18|18|16,0,0,0|16|16|18,0,0,0|18|18|17|17,17|1|1|1|0|1
000275|box_n2_H30|b000263|23,28|3|23|28|16|1|20|2|16|16|20|20|16,0,0,0|16|16|20,0,0,0|20|20|18|18,18|2|0|2|0|1
000276|box_n2_H30|b000264|23,29|3|23|29|16|1|20|2|16|16|20|20|16,0,0,0|16|16|20,0,0,0|20|20|18|18,18|2|0|2|0|1
000277|box_n2_H30|b000265|23,30|3|23|30|16|1|20|2|16|16|20|20|16,0,0,0|16|16|20,0,0,0|20|20|18|18,18|1|1|1|0|1
000278|box_n2_H30|b000266|24,25|3|24|25|16|1|16|2|16|16|16|16|16,0,0,0|16|16|16,0,0,0|16|16|16|16,16|1|2|1|0|1
000279|box_n2_H30|b000267|24,29|3|24|29|16|1|20|2|16|16|20|20|16,0,0,0|16|16|20,0,0,0|20|20|18|18,18|1|1|1|0|1
000280|box_n2_H30|b000268|25,26|3|25|26|18|1|18|2|18|18|18|18|18,0,0,0|18|18|18,0,0,0|18|18|18|18,18|2|0|2|0|1
000281|box_n2_H30|b000269|25,27|3|25|27|16|1|18|2|16|16|18|18|16,0,0,0|16|16|18,0,0,0|18|18|17|17,17|1|2|1|0|1
000282|box_n2_H30|b000270|25,28|3|25|28|18|1|20|2|18|18|20|20|18,0,0,0|18|18|20,0,0,0|20|20|19|19,19|2|0|2|0|1
000283|box_n2_H30|b000271|25,29|3|25|29|18|1|20|2|18|18|20|20|18,0,0,0|18|18|20,0,0,0|20|20|19|19,19|2|0|2|0|1
000284|box_n2_H30|b000272|26,27|3|26|27|18|1|18|2|18|18|18|18|18,0,0,0|18|18|18,0,0,0|18|18|18|18,18|1|1|1|0|1
000285|box_n2_H30|b000273|26,29|3|26|29|18|1|20|2|18|18|20|20|18,0,0,0|18|18|20,0,0,0|20|20|19|19,19|2|0|2|0|1
000286|box_n2_H30|b000274|27,28|3|27|28|18|1|18|2|18|18|18|18|18,0,0,0|18|18|18,0,0,0|18|18|18|18,18|1|2|1|0|1
000287|box_n2_H30|b000275|27,29|3|27|29|18|1|20|2|18|18|20|20|18,0,0,0|18|18|20,0,0,0|20|20|19|19,19|1|1|1|0|1
000288|box_n2_H30|b000276|28,29|3|28|29|20|1|20|2|20|20|20|20|20,0,0,0|20|20|20,0,0,0|20|20|20|20,20|2|0|2|0|1
000289|box_n2_H30|b000277|29,30|3|29|30|20|1|20|2|20|20|20|20|20,0,0,0|20|20|20,0,0,0|20|20|20|20,20|1|1|1|0|1
000290|box_n3_H24|b000001|1,2,3|4|2|3|2|2|2|3|4|2|4|2|4,2,0,0|2|2|4,2,0,0|2|2|2|1,2,1|2|0|2|0|0
000291|box_n3_H24|b000002|1,2,4|4|2|4|2|3|4|5|4|2|8|4|4,2,0,0|2|2|8,4,0,0|4|4|2|2,2,2|4|8|4|0|0
000292|box_n3_H24|b000003|1,2,5|4|2|5|2|2|6|5|4|2|12|6|4,2,0,0|2|2|8,2,0,0|6|6|4|2,4,2|2|0|2|0|0
000293|box_n3_H24|b000004|1,2,6|4|2|6|4|2|6|6|8|4|12|6|6,2,0,0|4|4|10,4,0,0|6|6|4|3,4,3|6|12|6|0|0
000294|box_n3_H24|b000005|1,2,7|4|2|7|4|2|6|7|8|4|12|6|4,0,0,0|4|4|10,4,0,0|6|6|4|3,4,3|2|0|2|0|0
000295|box_n3_H24|b000006|1,2,8|4|2|8|0|-1|6|9|0|0|12|6|0,0,0,0|0|0|12,6,0,0|6|6|2|2,2,2|-1|-1|0|0|0
000296|box_n3_H24|b000007|1,2,9|4|2|9|4|2|8|9|8|4|16|8|4,0,0,0|4|4|14,6,0,0|8|8|4|4,4,4|2|0|2|0|0
000297|box_n3_H24|b000008|1,2,10|4|2|10|4|2|10|10|8|4|20|10|6,2,0,0|4|4|18,8,0,0|10|10|6|4,6,4|6|20|6|0|0
000298|box_n3_H24|b000009|1,2,11|4|2|11|2|2|8|11|4|2|16|8|4,2,0,0|2|2|16,8,0,0|8|8|4|3,4,3|2|0|2|0|0
000299|box_n3_H24|b000010|1,2,12|4|2|12|2|3|10|13|4|2|20|10|4,2,0,0|2|2|20,10,0,0|10|10|4|4,4,4|4|24|4|0|0
000300|box_n3_H24|b000011|1,2,13|4|2|13|2|2|12|13|4|2|24|12|4,2,0,0|2|2|20,8,0,0|12|12|6|4,6,4|2|0|2|0|0
000301|box_n3_H24|b000012|1,2,14|4|2|14|4|2|12|14|8|4|24|12|6,2,0,0|4|4|22,10,0,0|12|12|6|5,6,5|6|28|6|0|0
000302|box_n3_H24|b000013|1,2,15|4|2|15|4|2|12|15|8|4|24|12|4,0,0,0|4|4|22,10,0,0|12|12|6|5,6,5|2|0|2|0|0
000303|box_n3_H24|b000014|1,2,16|4|2|16|0|-1|12|17|0|0|24|12|0,0,0,0|0|0|24,12,0,0|12|12|4|4,4,4|-1|-1|0|0|0
000304|box_n3_H24|b000015|1,2,17|4|2|17|4|2|14|17|8|4|28|14|4,0,0,0|4|4|26,12,0,0|14|14|6|6,6,6|2|0|2|0|0
000305|box_n3_H24|b000016|1,2,18|4|2|18|4|2|16|18|8|4|32|16|6,2,0,0|4|4|30,14,0,0|16|16|8|6,8,6|6|36|6|0|0
000306|box_n3_H24|b000017|1,2,19|4|2|19|2|2|14|19|4|2|28|14|4,2,0,0|2|2|28,14,0,0|14|14|6|5,6,5|2|0|2|0|0
000307|box_n3_H24|b000018|1,2,20|4|2|20|2|3|16|21|4|2|32|16|4,2,0,0|2|2|32,16,0,0|16|16|6|6,6,6|4|40|4|0|0
000308|box_n3_H24|b000019|1,2,21|4|2|21|2|2|18|21|4|2|36|18|4,2,0,0|2|2|32,14,0,0|18|18|8|6,8,6|2|0|2|0|0
000309|box_n3_H24|b000020|1,2,22|4|2|22|4|2|18|22|8|4|36|18|6,2,0,0|4|4|34,16,0,0|18|18|8|7,8,7|6|44|6|0|0
000310|box_n3_H24|b000021|1,2,23|4|2|23|4|2|18|23|8|4|36|18|4,0,0,0|4|4|34,16,0,0|18|18|8|7,8,7|2|0|2|0|0
000311|box_n3_H24|b000022|1,2,24|4|2|24|0|-1|18|25|0|0|36|18|0,0,0,0|0|0|36,18,0,0|18|18|6|6,6,6|-1|-1|0|0|0
000312|box_n3_H24|b000023|1,3,4|4|3|4|2|5|2|7|4|2|4|2|6,4,0,0|2|2|6,4,0,0|2|2|2|2,0,2|2|19|2|0|1
000313|box_n3_H24|b000024|1,3,5|4|3|5|3|3|5|5|6|3|10|5|5,2,0,0|3|3|9,4,0,0|5|5|3|3,2,3|3|0|3|0|0
000314|box_n3_H24|b000025|1,3,6|4|3|6|4|3|6|6|8|4|12|6|6,2,0,0|4|4|12,6,0,0|6|6|4|3,4,3|6|8|6|0|0
000315|box_n3_H24|b000026|1,3,7|4|3|7|3|3|5|7|6|3|10|5|5,2,0,0|3|3|11,6,0,0|5|5|3|3,2,3|3|0|3|0|0
000316|box_n3_H24|b000027|1,3,8|4|3|8|2|5|4|14|4|2|8|4|6,4,0,0|2|2|12,8,0,0|4|4|2|2,2,2|2|35|2|0|0
000317|box_n3_H24|b000028|1,3,9|4|3|9|5|3|7|9|10|5|14|7|9,4,0,0|5|5|15,8,0,0|7|7|5|5,2,5|8|12|9|1|0
000318|box_n3_H24|b000029|1,3,10|4|3|10|2|3|8|10|4|2|16|8|4,2,0,0|2|2|16,8,0,0|8|8|4|3,4,3|2|0|2|0|0
000319|box_n3_H24|b000030|1,3,11|4|3|11|5|3|7|11|10|5|14|7|5,0,0,0|5|5|17,10,0,0|7|7|5|5,2,5|3|0|3|0|0
000320|box_n3_H24|b000031|1,3,12|4|3|12|0|-1|6|21|0|0|12|6|0,0,0,0|0|0|18,12,0,0|6|6|2|2,2,2|-1|-1|0|0|0
000321|box_n3_H24|b000032|1,3,13|4|3|13|5|3|9|13|10|5|18|9|5,0,0,0|5|5|21,12,0,0|9|9|5|5,4,5|3|0|3|0|0
000322|box_n3_H24|b000033|1,3,14|4|3|14|2|3|8|14|4|2|16|8|4,2,0,0|2|2|22,14,0,0|8|8|4|3,4,3|2|0|2|0|0
000323|box_n3_H24|b000034|1,3,15|4|3|15|5|3|11|15|10|5|22|11|9,4,0,0|5|5|27,16,0,0|11|11|6|6,4,6|8|20|9|1|0
000324|box_n3_H24|b000035|1,3,16|4|3|16|2|5|8|27|4|2|16|8|6,4,0,0|2|2|24,16,0,0|8|8|4|4,2,4|2|67|2|0|0
000325|box_n3_H24|b000036|1,3,17|4|3|17|3|3|11|17|6|3|22|11|5,2,0,0|3|3|27,16,0,0|11|11|5|5,4,5|3|0|3|0|0
000326|box_n3_H24|b000037|1,3,18|4|3|18|4|3|12|18|8|4|24|12|6,2,0,0|4|4|30,18,0,0|12|12|6|5,6,5|6|24|6|0|0
000327|box_n3_H24|b000038|1,3,19|4|3|19|3|3|11|19|6|3|22|11|5,2,0,0|3|3|29,18,0,0|11|11|5|5,4,5|3|0|3|0|0
000328|box_n3_H24|b000039|1,3,20|4|3|20|2|5|10|34|4|2|20|10|6,4,0,0|2|2|30,20,0,0|10|10|4|4,4,4|2|83|2|0|0
000329|box_n3_H24|b000040|1,3,21|4|3|21|5|3|13|21|10|5|26|13|9,4,0,0|5|5|33,20,0,0|13|13|7|7,4,7|8|28|9|1|0
000330|box_n3_H24|b000041|1,3,22|4|3|22|2|3|14|22|4|2|28|14|4,2,0,0|2|2|34,20,0,0|14|14|6|5,6,5|2|0|2|0|0
000331|box_n3_H24|b000042|1,3,23|4|3|23|5|3|13|23|10|5|26|13|5,0,0,0|5|5|35,22,0,0|13|13|7|7,4,7|3|0|3|0|0
000332|box_n3_H24|b000043|1,3,24|4|3|24|0|-1|12|41|0|0|24|12|0,0,0,0|0|0|36,24,0,0|12|12|4|4,4,4|-1|-1|0|0|0
000333|box_n3_H24|b000044|1,4,5|4|4|5|2|5|2|7|4|2|4|2|6,4,0,0|2|2|6,4,0,0|2|2|2|2,0,2|2|33|2|0|0
000334|box_n3_H24|b000045|1,4,6|4|4|6|4|6|4|9|8|4|8|4|8,4,0,0|4|4|8,4,0,0|4|4|4|2,4,2|4|24|4|0|1
000335|box_n3_H24|b000046|1,4,7|4|4|7|2|6|6|9|4|2|12|6|6,4,0,0|2|2|12,6,0,0|6|6|4|2,4,2|2|2|2|0|1
000336|box_n3_H24|b000047|1,4,8|4|4|8|4|5|8|10|8|4|16|8|8,4,0,0|4|4|16,8,0,0|8|8|4|4,4,4|8|16|8|0|1
000337|box_n3_H24|b000048|1,4,9|4|4|9|2|6|6|13|4|2|12|6|6,4,0,0|2|2|12,6,0,0|6|6|4|2,4,2|2|2|2|0|0
000338|box_n3_H24|b000049|1,4,10|4|4|10|4|6|8|13|8|4|16|8|8,4,0,0|4|4|16,8,0,0|8|8|4|4,4,4|4|36|4|0|0
000339|box_n3_H24|b000050|1,4,11|4|4|11|2|5|10|14|4|2|20|10|6,4,0,0|2|2|18,8,0,0|10|10|4|4,4,4|2|45|2|0|0
000340|box_n3_H24|b000051|1,4,12|4|4|12|6|5|10|15|12|6|20|10|12,6,0,0|6|6|20,10,0,0|10|10|6|6,4,6|12|24|12|0|0
000341|box_n3_H24|b000052|1,4,13|4|4|13|2|7|10|17|4|2|20|10|6,4,0,0|2|2|18,8,0,0|10|10|4|4,4,4|2|29|2|0|0
000342|box_n3_H24|b000053|1,4,14|4|4|14|4|5|10|18|8|4|20|10|8,4,0,0|4|4|20,10,0,0|10|10|6|4,6,4|4|52|4|0|0
000343|box_n3_H24|b000054|1,4,15|4|4|15|6|5|12|19|12|6|24|12|6,0,0,0|6|6|24,12,0,0|12|12|6|6,6,6|2|1|2|0|0
000344|box_n3_H24|b000055|1,4,16|4|4|16|0|-1|12|21|0|0|24|12|0,0,0,0|0|0|24,12,0,0|12|12|4|4,4,4|-1|-1|0|0|0
000345|box_n3_H24|b000056|1,4,17|4|4|17|6|5|12|22|12|6|24|12|6,0,0,0|6|6|24,12,0,0|12|12|6|6,6,6|2|2|2|0|0
000346|box_n3_H24|b000057|1,4,18|4|4|18|4|5|14|23|8|4|28|14|8,4,0,0|4|4|28,14,0,0|14|14|6|6,6,6|4|64|4|0|0
000347|box_n3_H24|b000058|1,4,19|4|4|19|2|7|14|25|4|2|28|14|6,4,0,0|2|2|30,16,0,0|14|14|6|6,4,6|2|47|2|0|0
000348|box_n3_H24|b000059|1,4,20|4|4|20|6|5|18|25|12|6|36|18|12,6,0,0|6|6|36,18,0,0|18|18|8|8,8,8|12|40|12|0|0
000349|box_n3_H24|b000060|1,4,21|4|4|21|2|5|14|27|4|2|28|14|6,4,0,0|2|2|30,16,0,0|14|14|6|6,4,6|2|95|2|0|0
000350|box_n3_H24|b000061|1,4,22|4|4|22|4|6|16|29|8|4|32|16|8,4,0,0|4|4|32,16,0,0|16|16|8|6,8,6|4|80|4|0|0
000351|box_n3_H24|b000062|1,4,23|4|4|23|2|6|18|29|4|2|36|18|6,4,0,0|2|2|36,18,0,0|18|18|8|6,8,6|2|2|2|0|0
000352|box_n3_H24|b000063|1,4,24|4|4|24|4|5|20|30|8|4|40|20|8,4,0,0|4|4|40,20,0,0|20|20|8|8,8,8|8|48|8|0|0
000353|box_n3_H24|b000064|1,5,6|4|5|6|4|5|6|6|8|4|12|6|8,4,0,0|4|4|10,4,0,0|6|6|4|4,2,4|2|0|2|0|0
000354|box_n3_H24|b000065|1,5,7|4|5|7|5|5|7|7|10|5|14|7|9,4,0,0|5|5|11,4,0,0|7|7|5|5,2,5|3|0|3|0|0
000355|box_n3_H24|b000066|1,5,8|4|5|8|4|6|8|9|8|4|16|8|6,2,0,0|4|4|12,4,0,0|8|8|4|4,4,4|2|3|2|0|1
000356|box_n3_H24|b000067|1,5,9|4|5|9|5|5|9|9|10|5|18|9|9,4,0,0|5|5|15,6,0,0|9|9|6|4,6,4|3|0|3|0|1
000357|box_n3_H24|b000068|1,5,10|4|5|10|6|5|12|10|12|6|24|12|10,4,0,0|6|6|20,8,0,0|12|12|6|6,6,6|10|16|10|0|1
000358|box_n3_H24|b000069|1,5,11|4|5|11|5|5|11|11|10|5|22|11|9,4,0,0|5|5|17,6,0,0|11|11|6|5,6,5|3|0|3|0|0
000359|box_n3_H24|b000070|1,5,12|4|5|12|4|6|10|13|8|4|20|10|6,2,0,0|4|4|18,8,0,0|10|10|6|4,6,4|2|2|2|0|0
000360|box_n3_H24|b000071|1,5,13|4|5|13|5|5|13|13|10|5|26|13|9,4,0,0|5|5|21,8,0,0|13|13|6|6,6,6|3|0|3|0|0
000361|box_n3_H24|b000072|1,5,14|4|5|14|4|5|14|14|8|4|28|14|8,4,0,0|4|4|22,8,0,0|14|14|6|6,6,6|2|0|2|0|0
000362|box_n3_H24|b000073|1,5,15|4|5|15|9|5|15|15|18|9|30|15|15,6,0,0|9|9|25,10,0,0|15|15|9|9,6,9|15|24|15|0|0
000363|box_n3_H24|b000074|1,5,16|4|5|16|2|7|16|17|4|2|32|16|6,4,0,0|2|2|24,8,0,0|16|16|6|6,6,6|2|53|2|0|0
000364|box_n3_H24|b000075|1,5,17|4|5|17|5|5|17|17|10|5|34|17|9,4,0,0|5|5|27,10,0,0|17|17|8|8,6,8|3|0|3|0|0
000365|box_n3_H24|b000076|1,5,18|4|5|18|6|5|18|18|12|6|36|18|8,2,0,0|6|6|28,10,0,0|18|18|8|8,8,8|2|0|2|0|0
000366|box_n3_H24|b000077|1,5,19|4|5|19|9|5|17|19|18|9|34|17|9,0,0,0|9|9|29,12,0,0|17|17|9|9,8,9|3|0|3|0|0
000367|box_n3_H24|b000078|1,5,20|4|5|20|0|-1|18|21|0|0|36|18|0,0,0,0|0|0|30,12,0,0|18|18|6|6,6,6|-1|-1|0|0|0
000368|box_n3_H24|b000079|1,5,21|4|5|21|9|5|21|21|18|9|42|21|9,0,0,0|9|9|33,12,0,0|21|21|10|10,10,10|3|0|3|0|0
000369|box_n3_H24|b000080|1,5,22|4|5|22|6|5|20|22|12|6|40|20|8,2,0,0|6|6|34,14,0,0|20|20|10|8,10,8|2|0|2|0|0
000370|box_n3_H24|b000081|1,5,23|4|5|23|5|5|21|23|10|5|42|21|9,4,0,0|5|5|35,14,0,0|21|21|9|9,8,9|3|0|3|0|0
000371|box_n3_H24|b000082|1,5,24|4|5|24|2|7|20|25|4|2|40|20|6,4,0,0|2|2|36,16,0,0|20|20|8|8,6,8|2|77|2|0|0
000372|box_n3_H24|b000083|1,6,7|4|6|7|4|6|4|7|8|4|8|4|10,6,0,0|4|4|10,6,0,0|4|4|3|3,2,3|2|0|2|0|0
000373|box_n3_H24|b000084|1,6,8|4|6|8|6|7|6|9|12|6|12|6|12,6,0,0|6|6|12,6,0,0|6|6|4|4,4,4|4|19|4|0|1
000374|box_n3_H24|b000085|1,6,9|4|6|9|8|6|8|9|16|8|16|8|12,4,0,0|8|8|12,4,0,0|8|8|8|4,8,4|6|24|6|0|1
000375|box_n3_H24|b000086|1,6,10|4|6|10|6|6|10|10|12|6|20|10|10,4,0,0|6|6|18,8,0,0|10|10|6|5,6,5|6|60|6|0|1
000376|box_n3_H24|b000087|1,6,11|4|6|11|4|6|8|11|8|4|16|8|10,6,0,0|4|4|16,8,0,0|8|8|6|3,6,3|2|0|2|0|1
000377|box_n3_H24|b000088|1,6,12|4|6|12|6|7|12|13|12|6|24|12|12,6,0,0|6|6|24,12,0,0|12|12|6|6,6,6|12|24|12|0|1
000378|box_n3_H24|b000089|1,6,13|4|6|13|4|6|12|13|8|4|24|12|10,6,0,0|4|4|20,8,0,0|12|12|8|4,8,4|2|0|2|0|0
000379|box_n3_H24|b000090|1,6,14|4|6|14|6|6|12|14|12|6|24|12|10,4,0,0|6|6|22,10,0,0|12|12|6|6,6,6|6|84|6|0|0
000380|box_n3_H24|b000091|1,6,15|4|6|15|8|6|12|15|16|8|24|12|12,4,0,0|8|8|24,12,0,0|12|12|7|7,6,7|6|40|6|0|0
000381|box_n3_H24|b000092|1,6,16|4|6|16|6|7|12|17|12|6|24|12|12,6,0,0|6|6|24,12,0,0|12|12|6|6,6,6|4|35|4|0|0
000382|box_n3_H24|b000093|1,6,17|4|6|17|4|6|16|17|8|4|32|16|10,6,0,0|4|4|26,10,0,0|16|16|8|6,8,6|2|0|2|0|0
000383|box_n3_H24|b000094|1,6,18|4|6|18|10|6|16|18|20|10|32|16|18,8,0,0|10|10|30,14,0,0|16|16|9|9,8,9|18|36|18|0|0
000384|box_n3_H24|b000095|1,6,19|4|6|19|6|6|16|19|12|6|32|16|10,4,0,0|6|6|28,12,0,0|16|16|8|7,8,7|2|0|2|0|0
000385|box_n3_H24|b000096|1,6,20|4|6|20|4|9|16|21|8|4|32|16|8,4,0,0|4|4|32,16,0,0|16|16|8|6,8,6|4|120|4|0|0
000386|box_n3_H24|b000097|1,6,21|4|6|21|6|6|16|21|12|6|32|16|12,6,0,0|6|6|30,14,0,0|16|16|10|6,10,6|6|56|6|0|0
000387|box_n3_H24|b000098|1,6,22|4|6|22|6|6|18|22|12|6|36|18|10,4,0,0|6|6|34,16,0,0|18|18|8|8,8,8|6|132|6|0|0
000388|box_n3_H24|b000099|1,6,23|4|6|23|10|6|18|23|20|10|36|18|10,0,0,0|10|10|34,16,0,0|18|18|10|9,10,9|2|0|2|0|0
000389|box_n3_H24|b000100|1,6,24|4|6|24|0|-1|18|25|0|0|36|18|0,0,0,0|0|0|36,18,0,0|18|18|6|6,6,6|-1|-1|0|0|0
000390|box_n3_H24|b000101|1,7,8|4|7|8|4|9|4|11|8|4|8|4|12,8,0,0|4|4|12,8,0,0|4|4|4|4,0,4|2|71|2|0|1
000391|box_n3_H24|b000102|1,7,9|4|7|9|5|7|9|9|10|5|18|9|11,6,0,0|5|5|15,6,0,0|9|9|5|5,4,5|3|0|3|0|1
000392|box_n3_H24|b000103|1,7,10|4|7|10|6|7|10|10|12|6|20|10|10,4,0,0|6|6|16,6,0,0|10|10|6|5,6,5|2|0|2|0|1
000393|box_n3_H24|b000104|1,7,11|4|7|11|7|7|9|11|14|7|18|9|11,4,0,0|7|7|17,8,0,0|9|9|7|7,2,7|3|0|3|0|1
000394|box_n3_H24|b000105|1,7,12|4|7|12|6|10|6|17|12|6|12|6|12,6,0,0|6|6|18,12,0,0|6|6|4|4,4,4|2|6|2|0|1
000395|box_n3_H24|b000106|1,7,13|4|7|13|5|7|11|13|10|5|22|11|11,6,0,0|5|5|21,10,0,0|11|11|6|5,6,5|3|0|3|0|1
000396|box_n3_H24|b000107|1,7,14|4|7|14|8|7|14|14|16|8|28|14|14,6,0,0|8|8|28,14,0,0|14|14|8|7,8,7|14|24|14|0|1
000397|box_n3_H24|b000108|1,7,15|4|7|15|5|7|11|15|10|5|22|11|11,6,0,0|5|5|23,12,0,0|11|11|6|5,6,5|3|0|3|0|0
000398|box_n3_H24|b000109|1,7,16|4|7|16|6|10|12|21|12|6|24|12|12,6,0,0|6|6|24,12,0,0|12|12|6|6,6,6|2|1|2|0|0
000399|box_n3_H24|b000110|1,7,17|4|7|17|7|7|13|17|14|7|26|13|11,4,0,0|7|7|27,14,0,0|13|13|7|7,6,7|3|0|3|0|0
000400|box_n3_H24|b000111|1,7,18|4|7|18|6|7|12|18|12|6|24|12|10,4,0,0|6|6|28,16,0,0|12|12|8|5,8,5|2|0|2|0|0
000401|box_n3_H24|b000112|1,7,19|4|7|19|5|7|13|19|10|5|26|13|11,6,0,0|5|5|29,16,0,0|13|13|7|7,4,7|3|0|3|0|0
000402|box_n3_H24|b000113|1,7,20|4|7|20|4|9|14|26|8|4|28|14|12,8,0,0|4|4|30,16,0,0|14|14|6|6,6,6|2|83|2|0|0
000403|box_n3_H24|b000114|1,7,21|4|7|21|11|7|17|21|22|11|34|17|21,10,0,0|11|11|35,18,0,0|17|17|11|11,6,11|20|36|21|1|0
000404|box_n3_H24|b000115|1,7,22|4|7|22|4|7|18|22|8|4|36|18|10,6,0,0|4|4|34,16,0,0|18|18|8|7,8,7|2|0|2|0|0
000405|box_n3_H24|b000116|1,7,23|4|7|23|7|7|17|23|14|7|34|17|11,4,0,0|7|7|35,18,0,0|17|17|9|9,6,9|3|0|3|0|0
000406|box_n3_H24|b000117|1,7,24|4|7|24|6|9|16|31|12|6|32|16|12,6,0,0|6|6|36,20,0,0|16|16|8|8,6,8|2|5|2|0|0
000407|box_n3_H24|b000118|1,8,9|4|8|9|4|9|4|11|8|4|8|4|12,8,0,0|4|4|12,8,0,0|4|4|4|4,0,4|2|97|2|0|1
000408|box_n3_H24|b000119|1,8,10|4|8|10|6|11|6|13|12|6|12|6|12,6,0,0|6|6|12,6,0,0|6|6|4|4,4,4|4|47|4|0|1
000409|box_n3_H24|b000120|1,8,11|4|8|11|4|10|10|13|8|4|20|10|12,8,0,0|4|4|18,8,0,0|10|10|6|4,6,4|2|57|2|0|1
000410|box_n3_H24|b000121|1,8,12|4|8|12|8|9|8|14|16|8|16|8|16,8,0,0|8|8|16,8,0,0|8|8|8|4,8,4|8|48|8|0|1
000411|box_n3_H24|b000122|1,8,13|4|8|13|8|9|8|15|16|8|16|8|12,4,0,0|8|8|18,10,0,0|8|8|6|6,4,6|2|7|2|0|1
000412|box_n3_H24|b000123|1,8,14|4|8|14|6|10|12|17|12|6|24|12|12,6,0,0|6|6|24,12,0,0|12|12|6|6,6,6|4|79|4|0|1
000413|box_n3_H24|b000124|1,8,15|4|8|15|4|10|12|17|8|4|24|12|12,8,0,0|4|4|24,12,0,0|12|12|8|4,8,4|2|2|2|0|1
000414|box_n3_H24|b000125|1,8,16|4|8|16|8|9|16|18|16|8|32|16|16,8,0,0|8|8|32,16,0,0|16|16|8|8,8,8|16|32|16|0|1
000415|box_n3_H24|b000126|1,8,17|4|8|17|4|10|12|21|8|4|24|12|12,8,0,0|4|4|24,12,0,0|12|12|8|4,8,4|2|2|2|0|0
000416|box_n3_H24|b000127|1,8,18|4|8|18|6|10|12|21|12|6|24|12|12,6,0,0|6|6|24,12,0,0|12|12|6|6,6,6|4|93|4|0|0
000417|box_n3_H24|b000128|1,8,19|4|8|19|8|9|16|22|16|8|32|16|12,4,0,0|8|8|30,14,0,0|16|16|8|8,8,8|2|1|2|0|0
000418|box_n3_H24|b000129|1,8,20|4|8|20|8|9|16|23|16|8|32|16|16,8,0,0|8|8|32,16,0,0|16|16|8|8,8,8|8|76|8|0|0
000419|box_n3_H24|b000130|1,8,21|4|8|21|4|10|14|25|8|4|28|14|12,8,0,0|4|4|30,16,0,0|14|14|6|6,6,6|2|95|2|0|0
000420|box_n3_H24|b000131|1,8,22|4|8|22|6|11|18|25|12|6|36|18|12,6,0,0|6|6|36,18,0,0|18|18|8|8,8,8|4|93|4|0|0
000421|box_n3_H24|b000132|1,8,23|4|8|23|4|9|20|26|8|4|40|20|12,8,0,0|4|4|36,16,0,0|20|20|8|8,8,8|2|93|2|0|0
000422|box_n3_H24|b000133|1,8,24|4|8|24|12|9|20|27|24|12|40|20|24,12,0,0|12|12|40,20,0,0|20|20|12|12,8,12|24|48|24|0|0
000423|box_n3_H24|b000134|1,9,10|4|9|10|6|9|8|10|12|6|16|8|14,8,0,0|6|6|16,8,0,0|8|8|6|6,2,6|2|0|2|0|1
000424|box_n3_H24|b000135|1,9,11|4|9|11|9|9|11|11|18|9|22|11|15,6,0,0|9|9|17,6,0,0|11|11|7|7,6,7|3|0|3|0|1
000425|box_n3_H24|b000136|1,9,12|4|9|12|10|10|10|13|20|10|20|10|18,8,0,0|10|10|18,8,0,0|10|10|8|6,8,6|6|46|6|0|1
000426|box_n3_H24|b000137|1,9,13|4|9|13|9|9|13|13|18|9|26|13|15,6,0,0|9|9|21,8,0,0|13|13|8|8,6,8|3|0|3|0|1
000427|box_n3_H24|b000138|1,9,14|4|9|14|8|9|14|14|16|8|28|14|14,6,0,0|8|8|22,8,0,0|14|14|8|8,6,8|2|0|2|0|1
000428|box_n3_H24|b000139|1,9,15|4|9|15|9|9|15|15|18|9|30|15|15,6,0,0|9|9|27,12,0,0|15|15|9|9,6,9|8|60|9|1|1
000429|box_n3_H24|b000140|1,9,16|4|9|16|6|10|12|17|12|6|24|12|12,6,0,0|6|6|24,12,0,0|12|12|6|6,6,6|2|7|2|0|1
000430|box_n3_H24|b000141|1,9,17|4|9|17|7|9|15|17|14|7|30|15|15,8,0,0|7|7|27,12,0,0|15|15|10|6,10,6|3|0|3|0|1
000431|box_n3_H24|b000142|1,9,18|4|9|18|10|9|20|18|20|10|40|20|18,8,0,0|10|10|36,16,0,0|20|20|10|10,10,10|18|32|18|0|1
000432|box_n3_H24|b000143|1,9,19|4|9|19|7|9|17|19|14|7|34|17|15,8,0,0|7|7|29,12,0,0|17|17|10|7,10,7|3|0|3|0|0
000433|box_n3_H24|b000144|1,9,20|4|9|20|6|10|18|21|12|6|36|18|12,6,0,0|6|6|30,12,0,0|18|18|8|8,8,8|2|2|2|0|0
000434|box_n3_H24|b000145|1,9,21|4|9|21|9|9|19|21|18|9|38|19|15,6,0,0|9|9|33,14,0,0|19|19|11|11,6,11|8|84|9|1|0
000435|box_n3_H24|b000146|1,9,22|4|9|22|8|9|18|22|16|8|36|18|14,6,0,0|8|8|34,16,0,0|18|18|10|8,10,8|2|0|2|0|0
000436|box_n3_H24|b000147|1,9,23|4|9|23|9|9|19|23|18|9|38|19|15,6,0,0|9|9|35,16,0,0|19|19|10|9,10,9|3|0|3|0|0
000437|box_n3_H24|b000148|1,9,24|4|9|24|10|10|20|25|20|10|40|20|18,8,0,0|10|10|36,16,0,0|20|20|10|10,10,10|6|89|6|0|0
000438|box_n3_H24|b000149|1,10,11|4|10|11|6|10|6|11|12|6|12|6|16,10,0,0|6|6|16,10,0,0|6|6|5|5,2,5|2|0|2|0|1
000439|box_n3_H24|b000150|1,10,12|4|10|12|8|11|10|13|16|8|20|10|16,8,0,0|8|8|20,10,0,0|10|10|6|6,6,6|4|96|4|0|1
000440|box_n3_H24|b000151|1,10,13|4|10|13|8|10|12|13|16|8|24|12|16,8,0,0|8|8|20,8,0,0|12|12|8|6,8,6|2|0|2|0|1
000441|box_n3_H24|b000152|1,10,14|4|10|14|10|10|12|14|20|10|24|12|18,8,0,0|10|10|22,10,0,0|12|12|8|7,8,7|6|140|6|0|1
000442|box_n3_H24|b000153|1,10,15|4|10|15|10|10|10|15|20|10|20|10|20,10,0,0|10|10|20,10,0,0|10|10|10|5,10,5|10|48|10|0|1
000443|box_n3_H24|b000154|1,10,16|4|10|16|6|11|12|17|12|6|24|12|12,6,0,0|6|6|24,12,0,0|12|12|6|6,6,6|4|97|4|0|1
000444|box_n3_H24|b000155|1,10,17|4|10|17|10|10|14|17|20|10|28|14|16,6,0,0|10|10|26,12,0,0|14|14|8|8,8,8|2|0|2|0|1
000445|box_n3_H24|b000156|1,10,18|4|10|18|10|10|16|18|20|10|32|16|18,8,0,0|10|10|30,14,0,0|16|16|10|8,10,8|6|180|6|0|1
000446|box_n3_H24|b000157|1,10,19|4|10|19|6|10|14|19|12|6|28|14|16,10,0,0|6|6|28,14,0,0|14|14|10|5,10,5|2|0|2|0|1
000447|box_n3_H24|b000158|1,10,20|4|10|20|10|11|20|21|20|10|40|20|20,10,0,0|10|10|40,20,0,0|20|20|10|10,10,10|20|40|20|0|1
000448|box_n3_H24|b000159|1,10,21|4|10|21|6|10|18|21|12|6|36|18|16,10,0,0|6|6|32,14,0,0|18|18|12|6,12,6|2|0|2|0|0
000449|box_n3_H24|b000160|1,10,22|4|10|22|10|10|18|22|20|10|36|18|18,8,0,0|10|10|34,16,0,0|18|18|10|9,10,9|6|220|6|0|0
000450|box_n3_H24|b000161|1,10,23|4|10|23|10|10|18|23|20|10|36|18|16,6,0,0|10|10|34,16,0,0|18|18|10|9,10,9|2|0|2|0|0
000451|box_n3_H24|b000162|1,10,24|4|10|24|6|11|18|25|12|6|36|18|12,6,0,0|6|6|36,18,0,0|18|18|8|8,8,8|4|153|4|0|0
000452|box_n3_H24|b000163|1,11,12|4|11|12|6|13|6|15|12|6|12|6|18,12,0,0|6|6|18,12,0,0|6|6|6|6,0,6|2|155|2|0|1
000453|box_n3_H24|b000164|1,11,13|4|11|13|9|11|11|13|18|9|22|11|17,8,0,0|9|9|21,10,0,0|11|11|7|7,6,7|3|0|3|0|1
000454|box_n3_H24|b000165|1,11,14|4|11|14|10|11|14|14|20|10|28|14|16,6,0,0|10|10|22,8,0,0|14|14|10|7,10,7|2|0|2|0|1
000455|box_n3_H24|b000166|1,11,15|4|11|15|7|11|11|15|14|7|22|11|17,10,0,0|7|7|23,12,0,0|11|11|7|7,4,7|3|0|3|0|1
000456|box_n3_H24|b000167|1,11,16|4|11|16|8|13|12|19|16|8|24|12|18,10,0,0|8|8|24,12,0,0|12|12|8|8,4,8|2|9|2|0|1
000457|box_n3_H24|b000168|1,11,17|4|11|17|9|11|15|17|18|9|30|15|17,8,0,0|9|9|27,12,0,0|15|15|9|9,6,9|3|0|3|0|1
000458|box_n3_H24|b000169|1,11,18|4|11|18|10|11|14|18|20|10|28|14|16,6,0,0|10|10|28,14,0,0|14|14|10|7,10,7|2|0|2|0|1
000459|box_n3_H24|b000170|1,11,19|4|11|19|9|11|13|19|18|9|26|13|17,8,0,0|9|9|29,16,0,0|13|13|9|9,4,9|3|0|3|0|1
000460|box_n3_H24|b000171|1,11,20|4|11|20|8|14|14|25|16|8|28|14|18,10,0,0|8|8|30,16,0,0|14|14|8|8,6,8|2|6|2|0|1
000461|box_n3_H24|b000172|1,11,21|4|11|21|7|11|17|21|14|7|34|17|17,10,0,0|7|7|33,16,0,0|17|17|10|7,10,7|3|0|3|0|1
000462|box_n3_H24|b000173|1,11,22|4|11|22|12|11|22|22|24|12|44|22|22,10,0,0|12|12|44,22,0,0|22|22|12|11,12,11|22|40|22|0|1
000463|box_n3_H24|b000174|1,11,23|4|11|23|7|11|17|23|14|7|34|17|17,10,0,0|7|7|35,18,0,0|17|17|10|7,10,7|3|0|3|0|0
000464|box_n3_H24|b000175|1,11,24|4|11|24|8|14|16|29|16|8|32|16|18,10,0,0|8|8|36,20,0,0|16|16|8|8,8,8|2|5|2|0|0
000465|box_n3_H24|b000176|1,12,13|4|12|13|6|13|6|15|12|6|12|6|18,12,0,0|6|6|18,12,0,0|6|6|6|6,0,6|2|193|2|0|1
000466|box_n3_H24|b000177|1,12,14|4|12|14|10|15|10|17|20|10|20|10|20,10,0,0|10|10|20,10,0,0|10|10|8|6,8,6|4|144|4|0|1
000467|box_n3_H24|b000178|1,12,15|4|12|15|10|14|10|17|20|10|20|10|18,8,0,0|10|10|18,8,0,0|10|10|8|6,8,6|6|78|6|0|1
000468|box_n3_H24|b000179|1,12,16|4|12|16|12|13|12|18|24|12|24|12|24,12,0,0|12|12|24,12,0,0|12|12|8|8,8,8|8|77|8|0|1
000469|box_n3_H24|b000180|1,12,17|4|12|17|10|13|12|19|20|10|24|12|18,8,0,0|10|10|24,12,0,0|12|12|8|8,6,8|2|3|2|0|1
000470|box_n3_H24|b000181|1,12,18|4|12|18|12|14|12|21|24|12|24|12|24,12,0,0|12|12|24,12,0,0|12|12|12|6,12,6|12|72|12|0|1
000471|box_n3_H24|b000182|1,12,19|4|12|19|10|14|16|21|20|10|32|16|18,8,0,0|10|10|30,14,0,0|16|16|10|8,10,8|2|1|2|0|1
000472|box_n3_H24|b000183|1,12,20|4|12|20|10|13|18|22|20|10|36|18|20,10,0,0|10|10|36,18,0,0|18|18|10|10,8,10|12|120|12|0|1
000473|box_n3_H24|b000184|1,12,21|4|12|21|10|13|18|23|20|10|36|18|18,8,0,0|10|10|36,18,0,0|18|18|10|10,8,10|6|99|6|0|1
000474|box_n3_H24|b000185|1,12,22|4|12|22|10|14|16|25|20|10|32|16|20,10,0,0|10|10|32,16,0,0|16|16|10|8,10,8|4|216|4|0|1
000475|box_n3_H24|b000186|1,12,23|4|12|23|6|14|18|25|12|6|36|18|18,12,0,0|6|6|36,18,0,0|18|18|12|6,12,6|2|2|2|0|1
000476|box_n3_H24|b000187|1,12,24|4|12|24|12|13|24|26|24|12|48|24|24,12,0,0|12|12|48,24,0,0|24|24|12|12,12,12|24|48|24|0|1
000477|box_n3_H24|b000188|1,13,14|4|13|14|8|13|10|14|16|8|20|10|20,12,0,0|8|8|22,12,0,0|10|10|8|8,2,8|2|0|2|0|1
000478|box_n3_H24|b000189|1,13,15|4|13|15|11|13|13|15|22|11|26|13|21,10,0,0|11|11|23,10,0,0|13|13|9|9,6,9|3|0|3|0|1
000479|box_n3_H24|b000190|1,13,16|4|13|16|10|14|16|17|20|10|32|16|18,8,0,0|10|10|24,8,0,0|16|16|10|8,10,8|2|2|2|0|1
000480|box_n3_H24|b000191|1,13,17|4|13|17|9|13|15|17|18|9|30|15|21,12,0,0|9|9|27,12,0,0|15|15|8|8,8,8|3|0|3|0|1
000481|box_n3_H24|b000192|1,13,18|4|13|18|10|13|14|18|20|10|28|14|20,10,0,0|10|10|28,14,0,0|14|14|8|8,8,8|2|0|2|0|1
000482|box_n3_H24|b000193|1,13,19|4|13|19|11|13|17|19|22|11|34|17|21,10,0,0|11|11|29,12,0,0|17|17|11|11,6,11|3|0|3|0|1
000483|box_n3_H24|b000194|1,13,20|4|13|20|10|14|18|21|20|10|36|18|18,8,0,0|10|10|30,12,0,0|18|18|10|10,8,10|2|7|2|0|1
000484|box_n3_H24|b000195|1,13,21|4|13|21|13|13|19|21|26|13|38|19|21,8,0,0|13|13|33,14,0,0|19|19|12|10,12,10|3|0|3|0|1
000485|box_n3_H24|b000196|1,13,22|4|13|22|12|13|18|22|24|12|36|18|20,8,0,0|12|12|34,16,0,0|18|18|10|10,10,10|2|0|2|0|1
000486|box_n3_H24|b000197|1,13,23|4|13|23|13|13|17|23|26|13|34|17|21,8,0,0|13|13|35,18,0,0|17|17|11|11,8,11|3|0|3|0|1
000487|box_n3_H24|b000198|1,13,24|4|13|24|10|14|20|25|20|10|40|20|18,8,0,0|10|10|36,16,0,0|20|20|10|10,10,10|2|3|2|0|1
000488|box_n3_H24|b000199|1,14,15|4|14|15|8|14|8|15|16|8|16|8|22,14,0,0|8|8|22,14,0,0|8|8|7|7,2,7|2|0|2|0|1
000489|box_n3_H24|b000200|1,14,16|4|14|16|12|15|12|17|24|12|24|12|24,12,0,0|12|12|24,12,0,0|12|12|8|8,8,8|4|71|4|0|1
000490|box_n3_H24|b000201|1,14,17|4|14|17|12|14|16|17|24|12|32|16|22,10,0,0|12|12|26,10,0,0|16|16|12|8,12,8|2|0|2|0|1
000491|box_n3_H24|b000202|1,14,18|4|14|18|12|14|16|18|24|12|32|16|22,10,0,0|12|12|30,14,0,0|16|16|10|9,10,9|6|252|6|0|1
000492|box_n3_H24|b000203|1,14,19|4|14|19|8|14|14|19|16|8|28|14|22,14,0,0|8|8|28,14,0,0|14|14|8|7,8,7|2|0|2|0|1
000493|box_n3_H24|b000204|1,14,20|4|14|20|10|15|16|21|20|10|32|16|20,10,0,0|10|10|32,16,0,0|16|16|10|8,10,8|4|220|4|0|1
000494|box_n3_H24|b000205|1,14,21|4|14|21|16|14|16|21|32|16|32|16|28,12,0,0|16|16|28,12,0,0|16|16|16|8,16,8|14|72|14|0|1
000495|box_n3_H24|b000206|1,14,22|4|14|22|12|14|18|22|24|12|36|18|22,10,0,0|12|12|34,16,0,0|18|18|10|10,10,10|6|308|6|0|1
000496|box_n3_H24|b000207|1,14,23|4|14|23|12|14|16|23|24|12|32|16|22,10,0,0|12|12|34,18,0,0|16|16|10|9,10,9|2|0|2|0|1
000497|box_n3_H24|b000208|1,14,24|4|14|24|12|15|18|25|24|12|36|18|24,12,0,0|12|12|36,18,0,0|18|18|10|10,10,10|4|103|4|0|1
000498|box_n3_H24|b000209|1,15,16|4|15|16|8|17|8|19|16|8|16|8|24,16,0,0|8|8|24,16,0,0|8|8|8|8,0,8|2|271|2|0|1
000499|box_n3_H24|b000210|1,15,17|4|15|17|11|15|15|17|22|11|30|15|23,12,0,0|11|11|27,12,0,0|15|15|9|9,8,9|3|0|3|0|1
000500|box_n3_H24|b000211|1,15,18|4|15|18|14|15|16|18|28|14|32|16|24,10,0,0|14|14|30,14,0,0|16|16|12|9,12,9|6|120|6|0|1
000501|box_n3_H24|b000212|1,15,19|4|15|19|13|15|17|19|26|13|34|17|23,10,0,0|13|13|29,12,0,0|17|17|11|11,8,11|3|0|3|0|1
000502|box_n3_H24|b000213|1,15,20|4|15|20|14|17|14|23|28|14|28|14|30,16,0,0|14|14|30,16,0,0|14|14|10|10,8,10|10|115|10|0|1
000503|box_n3_H24|b000214|1,15,21|4|15|21|15|15|17|21|30|15|34|17|27,12,0,0|15|15|33,16,0,0|17|17|11|11,10,11|8|140|9|1|1
000504|box_n3_H24|b000215|1,15,22|4|15|22|12|15|20|22|24|12|40|20|22,10,0,0|12|12|34,14,0,0|20|20|11|11,10,11|2|0|2|0|1
000505|box_n3_H24|b000216|1,15,23|4|15|23|13|15|19|23|26|13|38|19|23,10,0,0|13|13|35,16,0,0|19|19|13|13,6,13|3|0|3|0|1
000506|box_n3_H24|b000217|1,15,24|4|15|24|8|19|16|29|16|8|32|16|18,10,0,0|8|8|36,20,0,0|16|16|8|8,8,8|6|218|6|0|1
000507|box_n3_H24|b000218|1,16,17|4|16|17|8|17|8|19|16|8|16|8|24,16,0,0|8|8|24,16,0,0|8|8|8|8,0,8|2|321|2|0|1
000508|box_n3_H24|b000219|1,16,18|4|16|18|12|19|12|21|24|12|24|12|24,12,0,0|12|12|24,12,0,0|12|12|8|8,8,8|4|123|4|0|1
000509|box_n3_H24|b000220|1,16,19|4|16|19|12|18|16|21|24|12|32|16|24,12,0,0|12|12|30,14,0,0|16|16|12|8,12,8|2|2|2|0|1
000510|box_n3_H24|b000221|1,16,20|4|16|20|12|17|12|22|24|12|24|12|24,12,0,0|12|12|24,12,0,0|12|12|8|8,8,8|8|113|8|0|1
000511|box_n3_H24|b000222|1,16,21|4|16|21|8|17|14|23|16|8|28|14|24,16,0,0|8|8|30,16,0,0|14|14|8|8,6,8|2|191|2|0|1
000512|box_n3_H24|b000223|1,16,22|4|16|22|12|19|18|25|24|12|36|18|24,12,0,0|12|12|36,18,0,0|18|18|10|10,10,10|4|153|4|0|1
000513|box_n3_H24|b000224|1,16,23|4|16|23|12|18|18|25|24|12|36|18|24,12,0,0|12|12|36,18,0,0|18|18|10|10,10,10|2|13|2|0|1
000514|box_n3_H24|b000225|1,16,24|4|16|24|16|17|16|26|32|16|32|16|32,16,0,0|16|16|32,16,0,0|16|16|16|8,16,8|16|96|16|0|1
000515|box_n3_H24|b000226|1,17,18|4|17|18|10|17|12|18|20|10|24|12|26,16,0,0|10|10|28,16,0,0|12|12|10|10,2,10|2|0|2|0|1
000516|box_n3_H24|b000227|1,17,19|4|17|19|15|17|17|19|30|15|34|17|27,12,0,0|15|15|29,12,0,0|17|17|11|11,10,11|3|0|3|0|1
000517|box_n3_H24|b000228|1,17,20|4|17|20|14|18|18|21|28|14|36|18|24,10,0,0|14|14|30,12,0,0|18|18|12|10,12,10|2|3|2|0|1
000518|box_n3_H24|b000229|1,17,21|4|17|21|15|17|21|21|30|15|42|21|27,12,0,0|15|15|33,12,0,0|21|21|12|12,12,12|3|0|3|0|1
000519|box_n3_H24|b000230|1,17,22|4|17|22|14|17|16|22|28|14|32|16|26,12,0,0|14|14|34,18,0,0|16|16|10|10,10,10|2|0|2|0|1
000520|box_n3_H24|b000231|1,17,23|4|17|23|11|17|19|23|22|11|38|19|27,16,0,0|11|11|35,16,0,0|19|19|11|11,8,11|3|0|3|0|1
000521|box_n3_H24|b000232|1,17,24|4|17|24|12|18|20|25|24|12|40|20|24,12,0,0|12|12|36,16,0,0|20|20|12|10,12,10|2|6|2|0|1
000522|box_n3_H24|b000233|1,18,19|4|18|19|10|18|10|19|20|10|20|10|28,18,0,0|10|10|28,18,0,0|10|10|9|9,2,9|2|0|2|0|1
000523|box_n3_H24|b000234|1,18,20|4|18|20|14|19|16|21|28|14|32|16|28,14,0,0|14|14|32,16,0,0|16|16|10|10,10,10|4|280|4|0|1
000524|box_n3_H24|b000235|1,18,21|4|18|21|18|18|18|21|36|18|36|18|30,12,0,0|18|18|30,12,0,0|18|18|16|10,16,10|6|168|6|0|1
000525|box_n3_H24|b000236|1,18,22|4|18|22|16|18|18|22|32|16|36|18|30,14,0,0|16|16|34,16,0,0|18|18|12|11,12,11|6|396|6|0|1
000526|box_n3_H24|b000237|1,18,23|4|18|23|16|18|16|23|32|16|32|16|28,12,0,0|16|16|34,18,0,0|16|16|11|11,10,11|2|0|2|0|1
000527|box_n3_H24|b000238|1,18,24|4|18|24|18|19|18|25|36|18|36|18|36,18,0,0|18|18|36,18,0,0|18|18|12|12,12,12|12|115|12|0|1
000528|box_n3_H24|b000239|1,19,20|4|19|20|10|21|10|23|20|10|20|10|30,20,0,0|10|10|30,20,0,0|10|10|10|10,0,10|2|419|2|0|1
000529|box_n3_H24|b000240|1,19,21|4|19|21|15|19|17|21|30|15|34|17|29,14,0,0|15|15|33,16,0,0|17|17|11|11,10,11|3|0|3|0|1
000530|box_n3_H24|b000241|1,19,22|4|19|22|16|19|20|22|32|16|40|20|28,12,0,0|16|16|34,14,0,0|20|20|14|11,14,11|2|0|2|0|1
000531|box_n3_H24|b000242|1,19,23|4|19|23|15|19|17|23|30|15|34|17|29,14,0,0|15|15|35,18,0,0|17|17|11|11,10,11|3|0|3|0|1
000532|box_n3_H24|b000243|1,19,24|4|19|24|14|21|20|27|28|14|40|20|30,16,0,0|14|14|36,16,0,0|20|20|12|12,10,12|2|1|2|0|1
000533|box_n3_H24|b000244|1,20,21|4|20|21|10|21|10|23|20|10|20|10|30,20,0,0|10|10|30,20,0,0|10|10|10|10,0,10|2|481|2|0|1
000534|box_n3_H24|b000245|1,20,22|4|20|22|16|23|16|25|32|16|32|16|32,16,0,0|16|16|32,16,0,0|16|16|12|10,12,10|4|360|4|0|1
000535|box_n3_H24|b000246|1,20,23|4|20|23|14|22|20|25|28|14|40|20|30,16,0,0|14|14|36,16,0,0|20|20|14|10,14,10|2|9|2|0|1
000536|box_n3_H24|b000247|1,20,24|4|20|24|16|21|20|26|32|16|40|20|32,16,0,0|16|16|40,20,0,0|20|20|12|12,12,12|8|216|8|0|1
000537|box_n3_H24|b000248|1,21,22|4|21|22|12|21|14|22|24|12|28|14|32,20,0,0|12|12|34,20,0,0|14|14|12|12,2,12|2|0|2|0|1
000538|box_n3_H24|b000249|1,21,23|4|21|23|17|21|19|23|34|17|38|19|33,16,0,0|17|17|35,16,0,0|19|19|13|13,10,13|3|0|3|0|1
000539|box_n3_H24|b000250|1,21,24|4|21|24|20|22|20|25|40|20|40|20|36,16,0,0|20|20|36,16,0,0|20|20|16|12,16,12|6|190|6|0|1
000540|box_n3_H24|b000251|1,22,23|4|22|23|12|22|12|23|24|12|24|12|34,22,0,0|12|12|34,22,0,0|12|12|11|11,2,11|2|0|2|0|1
000541|box_n3_H24|b000252|1,22,24|4|22|24|18|23|18|25|36|18|36|18|36,18,0,0|18|18|36,18,0,0|18|18|12|12,12,12|4|155|4|0|1
000542|box_n3_H24|b000253|1,23,24|4|23|24|12|25|12|27|24|12|24|12|36,24,0,0|12|12|36,24,0,0|12|12|12|12,0,12|2|599|2|0|1
000543|box_n3_H24|b000254|2,3,4|4|3|4|2|2|4|2|4|2|8|4|6,4,0,0|2|2|6,2,0,0|4|4|4|1,4,1|2|2|2|0|1
000544|box_n3_H24|b000255|2,3,5|4|3|5|2|3|4|3|4|2|8|4|5,3,0,0|2|2|9,5,0,0|4|4|3|3,0,3|2|0|3|1|0
000545|box_n3_H24|b000256|2,3,6|4|3|6|2|3|6|3|4|2|12|6|6,4,0,0|2|2|12,6,0,0|6|6|3|3,2,3|4|4|6|2|0
000546|box_n3_H24|b000257|2,3,7|4|3|7|2|3|6|5|4|2|12|6|5,3,0,0|2|2|11,5,0,0|6|6|3|3,2,3|2|0|3|1|0
000547|box_n3_H24|b000258|2,3,8|4|3|8|2|2|6|5|4|2|12|6|6,4,0,0|2|2|12,6,0,0|6|6|4|2,4,2|2|7|2|0|0
000548|box_n3_H24|b000259|2,3,9|4|3|9|4|2|8|5|8|4|16|8|9,5,0,0|4|4|15,7,0,0|8|8|4|4,4,4|7|12|9|2|0
000549|box_n3_H24|b000260|2,3,10|4|3|10|4|2|10|5|8|4|20|10|4,0,0,0|4|4|16,6,0,0|10|10|6|4,6,4|2|0|2|0|0
000550|box_n3_H24|b000261|2,3,11|4|3|11|2|3|10|6|4|2|20|10|5,3,0,0|2|2|17,7,0,0|10|10|4|4,4,4|2|0|3|1|0
000551|box_n3_H24|b000262|2,3,12|4|3|12|0|-1|10|6|0|0|20|10|0,0,0,0|0|0|18,8,0,0|10|10|4|3,4,3|-1|-1|0|0|0
000552|box_n3_H24|b000263|2,3,13|4|3|13|2|3|10|7|4|2|20|10|5,3,0,0|2|2|21,11,0,0|10|10|5|5,2,5|2|0|3|1|0
000553|box_n3_H24|b000264|2,3,14|4|3|14|4|2|12|7|8|4|24|12|4,0,0,0|4|4|22,10,0,0|12|12|6|5,6,5|2|0|2|0|0
000554|box_n3_H24|b000265|2,3,15|4|3|15|4|2|12|9|8|4|24|12|9,5,0,0|4|4|27,15,0,0|12|12|6|5,6,5|7|20|9|2|0
000555|box_n3_H24|b000266|2,3,16|4|3|16|2|2|12|9|4|2|24|12|6,4,0,0|2|2|24,12,0,0|12|12|6|4,6,4|2|11|2|0|0
000556|box_n3_H24|b000267|2,3,17|4|3|17|2|3|14|9|4|2|28|14|5,3,0,0|2|2|27,13,0,0|14|14|6|6,4,6|2|0|3|1|0
000557|box_n3_H24|b000268|2,3,18|4|3|18|2|3|16|9|4|2|32|16|6,4,0,0|2|2|30,14,0,0|16|16|6|6,6,6|4|12|6|2|0
000558|box_n3_H24|b000269|2,3,19|4|3|19|2|3|16|10|4|2|32|16|5,3,0,0|2|2|29,13,0,0|16|16|6|6,6,6|2|0|3|1|0
000559|box_n3_H24|b000270|2,3,20|4|3|20|2|2|16|10|4|2|32|16|6,4,0,0|2|2|30,14,0,0|16|16|8|5,8,5|2|10|2|0|0
000560|box_n3_H24|b000271|2,3,21|4|3|21|4|2|16|11|8|4|32|16|9,5,0,0|4|4|33,17,0,0|16|16|7|7,6,7|7|28|9|2|0
000561|box_n3_H24|b000272|2,3,22|4|3|22|4|2|18|11|8|4|36|18|4,0,0,0|4|4|34,16,0,0|18|18|8|7,8,7|2|0|2|0|0
000562|box_n3_H24|b000273|2,3,23|4|3|23|2|3|18|13|4|2|36|18|5,3,0,0|2|2|35,17,0,0|18|18|7|7,6,7|2|0|3|1|0
000563|box_n3_H24|b000274|2,3,24|4|3|24|0|-1|18|13|0|0|36|18|0,0,0,0|0|0|36,18,0,0|18|18|6|6,6,6|-1|-1|0|0|0
000564|box_n3_H24|b000275|2,4,5|4|4|5|4|2|4|3|8|4|8|4|6,2,0,0|4|4|6,2,0,0|4|4|3|3,2,3|2|2|2|0|0
000565|box_n3_H24|b000276|2,4,7|4|4|7|4|3|6|5|8|4|12|6|6,2,0,0|4|4|12,6,0,0|6|6|4|3,4,3|2|2|2|0|1
000566|box_n3_H24|b000277|2,4,9|4|4|9|4|3|6|5|8|4|12|6|6,2,0,0|4|4|12,6,0,0|6|6|4|3,4,3|2|2|2|0|0
000567|box_n3_H24|b000278|2,4,11|4|4|11|4|2|8|6|8|4|16|8|6,2,0,0|4|4|18,10,0,0|8|8|6|3,6,3|2|2|2|0|0
000568|box_n3_H24|b000279|2,4,13|4|4|13|4|2|10|7|8|4|20|10|6,2,0,0|4|4|18,8,0,0|10|10|5|5,4,5|2|2|2|0|0
000569|box_n3_H24|b000280|2,4,15|4|4|15|4|5|12|9|8|4|24|12|6,2,0,0|4|4|24,12,0,0|12|12|6|5,6,5|2|2|2|0|0
000570|box_n3_H24|b000281|2,4,17|4|4|17|4|5|12|9|8|4|24|12|6,2,0,0|4|4|24,12,0,0|12|12|6|5,6,5|2|2|2|0|0
000571|box_n3_H24|b000282|2,4,19|4|4|19|4|2|14|10|8|4|28|14|6,2,0,0|4|4|30,16,0,0|14|14|8|5,8,5|2|2|2|0|0
000572|box_n3_H24|b000283|2,4,21|4|4|21|4|2|16|11|8|4|32|16|6,2,0,0|4|4|30,14,0,0|16|16|7|7,6,7|2|2|2|0|0
000573|box_n3_H24|b000284|2,4,23|4|4|23|4|3|18|13|8|4|36|18|6,2,0,0|4|4|36,18,0,0|18|18|8|7,8,7|2|2|2|0|0
000574|box_n3_H24|b000285|2,5,6|4|5|6|2|5|6|3|4|2|12|6|8,6,0,0|2|2|10,4,0,0|6|6|3|3,2,3|2|0|2|0|0
000575|box_n3_H24|b000286|2,5,7|4|5|7|4|5|4|7|8|4|8|4|9,5,0,0|4|4|11,7,0,0|4|4|4|4,0,4|2|0|3|1|0
000576|box_n3_H24|b000287|2,5,8|4|5|8|2|6|6|9|4|2|12|6|6,4,0,0|2|2|12,6,0,0|6|6|4|2,4,2|2|27|2|0|1
000577|box_n3_H24|b000288|2,5,9|4|5|9|6|3|8|5|12|6|16|8|9,3,0,0|6|6|15,7,0,0|8|8|5|5,4,5|2|0|3|1|1
000578|box_n3_H24|b000289|2,5,10|4|5|10|6|3|12|5|12|6|24|12|10,4,0,0|6|6|20,8,0,0|12|12|6|6,6,6|10|8|10|0|1
000579|box_n3_H24|b000290|2,5,11|4|5|11|6|3|10|6|12|6|20|10|9,3,0,0|6|6|17,7,0,0|10|10|6|5,6,5|2|0|3|1|0
000580|box_n3_H24|b000291|2,5,12|4|5|12|2|6|10|6|4|2|20|10|6,4,0,0|2|2|18,8,0,0|10|10|6|3,6,3|2|38|2|0|0
000581|box_n3_H24|b000292|2,5,13|4|5|13|4|5|12|7|8|4|24|12|9,5,0,0|4|4|21,9,0,0|12|12|6|6,4,6|2|0|3|1|0
000582|box_n3_H24|b000293|2,5,14|4|5|14|2|5|12|7|4|2|24|12|8,6,0,0|2|2|22,10,0,0|12|12|5|5,4,5|2|0|2|0|0
000583|box_n3_H24|b000294|2,5,15|4|5|15|8|3|12|9|16|8|24|12|15,7,0,0|8|8|25,13,0,0|12|12|8|8,4,8|14|12|15|1|0
000584|box_n3_H24|b000295|2,5,16|4|5|16|4|3|12|9|8|4|24|12|6,2,0,0|4|4|24,12,0,0|12|12|6|6,4,6|2|13|2|0|0
000585|box_n3_H24|b000296|2,5,17|4|5|17|4|3|16|9|8|4|32|16|9,5,0,0|4|4|27,11,0,0|16|16|7|7,6,7|2|0|3|1|0
000586|box_n3_H24|b000297|2,5,18|4|5|18|8|3|16|9|16|8|32|16|8,0,0,0|8|8|28,12,0,0|16|16|8|8,8,8|2|0|2|0|0
000587|box_n3_H24|b000298|2,5,19|4|5|19|6|5|16|10|12|6|32|16|9,3,0,0|6|6|29,13,0,0|16|16|8|7,8,7|2|0|3|1|0
000588|box_n3_H24|b000299|2,5,20|4|5|20|0|-1|16|10|0|0|32|16|0,0,0,0|0|0|30,14,0,0|16|16|6|5,6,5|-1|-1|0|0|0
000589|box_n3_H24|b000300|2,5,21|4|5|21|6|5|16|11|12|6|32|16|9,3,0,0|6|6|33,17,0,0|16|16|8|8,6,8|2|0|3|1|0
000590|box_n3_H24|b000301|2,5,22|4|5|22|8|3|18|11|16|8|36|18|8,0,0,0|8|8|34,16,0,0|18|18|9|9,8,9|2|0|2|0|0
000591|box_n3_H24|b000302|2,5,23|4|5|23|4|3|16|13|8|4|32|16|9,5,0,0|4|4|35,19,0,0|16|16|8|8,4,8|2|0|3|1|0
000592|box_n3_H24|b000303|2,5,24|4|5|24|4|3|18|13|8|4|36|18|6,2,0,0|4|4|36,18,0,0|18|18|8|8,6,8|2|17|2|0|0
000593|box_n3_H24|b000304|2,6,7|4|6|7|6|5|4|6|12|6|8|4|10,4,0,0|6|6|10,6,0,0|4|4|4|3,4,3|2|0|2|0|0
000594|box_n3_H24|b000305|2,6,9|4|6|9|6|6|4|9|12|6|8|4|12,6,0,0|6|6|12,8,0,0|4|4|4|3,4,3|4|12|6|2|1
000595|box_n3_H24|b000306|2,6,11|4|6|11|6|3|4|10|12|6|8|4|10,4,0,0|6|6|16,12,0,0|4|4|4|3,4,3|2|0|2|0|1
000596|box_n3_H24|b000307|2,6,13|4|6|13|6|3|8|11|12|6|16|8|10,4,0,0|6|6|20,12,0,0|8|8|5|5,4,5|2|0|2|0|0
000597|box_n3_H24|b000308|2,6,15|4|6|15|6|6|8|13|12|6|16|8|12,6,0,0|6|6|24,16,0,0|8|8|5|5,4,5|4|16|6|2|0
000598|box_n3_H24|b000309|2,6,17|4|6|17|6|5|8|15|12|6|16|8|10,4,0,0|6|6|26,18,0,0|8|8|5|5,4,5|2|0|2|0|0
000599|box_n3_H24|b000310|2,6,19|4|6|19|6|3|10|17|12|6|20|10|10,4,0,0|6|6|28,18,0,0|10|10|6|5,6,5|2|0|2|0|0
000600|box_n3_H24|b000311|2,6,21|4|6|21|6|3|10|18|12|6|20|10|12,6,0,0|6|6|30,20,0,0|10|10|6|5,6,5|4|24|6|2|0
000601|box_n3_H24|b000312|2,6,23|4|6|23|6|6|10|21|12|6|20|10|10,4,0,0|6|6|34,24,0,0|10|10|6|5,6,5|2|0|2|0|0
000602|box_n3_H24|b000313|2,7,8|4|7|8|6|5|6|6|12|6|12|6|12,6,0,0|6|6|12,6,0,0|6|6|4|4,4,4|2|26|2|0|1
000603|box_n3_H24|b000314|2,7,9|4|7|9|4|5|6|7|8|4|12|6|11,7,0,0|4|4|15,9,0,0|6|6|5|5,0,5|2|0|3|1|1
000604|box_n3_H24|b000315|2,7,10|4|7|10|4|7|10|9|8|4|20|10|10,6,0,0|4|4|16,6,0,0|10|10|6|4,6,4|2|0|2|0|1
000605|box_n3_H24|b000316|2,7,11|4|7|11|6|6|8|9|12|6|16|8|11,5,0,0|6|6|17,9,0,0|8|8|5|5,4,5|2|0|3|1|1
000606|box_n3_H24|b000317|2,7,12|4|7|12|4|6|10|9|8|4|20|10|12,8,0,0|4|4|18,8,0,0|10|10|8|3,8,3|2|6|2|0|1
000607|box_n3_H24|b000318|2,7,13|4|7|13|6|5|12|10|12|6|24|12|11,5,0,0|6|6|21,9,0,0|12|12|6|6,6,6|2|0|3|1|1
000608|box_n3_H24|b000319|2,7,14|4|7|14|6|5|14|10|12|6|28|14|14,8,0,0|6|6|28,14,0,0|14|14|7|7,6,7|12|12|14|2|1
000609|box_n3_H24|b000320|2,7,15|4|7|15|6|5|12|11|12|6|24|12|11,5,0,0|6|6|23,11,0,0|12|12|6|6,6,6|2|0|3|1|0
000610|box_n3_H24|b000321|2,7,16|4|7|16|4|6|12|13|8|4|24|12|12,8,0,0|4|4|24,12,0,0|12|12|8|4,8,4|2|15|2|0|0
000611|box_n3_H24|b000322|2,7,17|4|7|17|6|6|14|13|12|6|28|14|11,5,0,0|6|6|27,13,0,0|14|14|7|7,6,7|2|0|3|1|0
000612|box_n3_H24|b000323|2,7,18|4|7|18|4|7|16|13|8|4|32|16|10,6,0,0|4|4|28,12,0,0|16|16|8|6,8,6|2|0|2|0|0
000613|box_n3_H24|b000324|2,7,19|4|7|19|4|5|16|14|8|4|32|16|11,7,0,0|4|4|29,13,0,0|16|16|7|7,6,7|2|0|3|1|0
000614|box_n3_H24|b000325|2,7,20|4|7|20|6|5|16|15|12|6|32|16|12,6,0,0|6|6|30,14,0,0|16|16|8|7,8,7|2|65|2|0|0
000615|box_n3_H24|b000326|2,7,21|4|7|21|10|5|18|15|20|10|36|18|21,11,0,0|10|10|35,17,0,0|18|18|10|10,8,10|19|24|21|2|0
000616|box_n3_H24|b000327|2,7,22|4|7|22|4|6|18|17|8|4|36|18|10,6,0,0|4|4|34,16,0,0|18|18|8|7,8,7|2|0|2|0|0
000617|box_n3_H24|b000328|2,7,23|4|7|23|4|7|20|17|8|4|40|20|11,7,0,0|4|4|35,15,0,0|20|20|8|8,8,8|2|0|3|1|0
000618|box_n3_H24|b000329|2,7,24|4|7|24|6|5|18|18|12|6|36|18|12,6,0,0|6|6|36,18,0,0|18|18|8|8,8,8|2|19|2|0|0
000619|box_n3_H24|b000330|2,8,9|4|8|9|6|5|6|6|12|6|12|6|12,6,0,0|6|6|12,6,0,0|6|6|4|4,4,4|2|29|2|0|1
000620|box_n3_H24|b000331|2,8,11|4|8|11|6|5|10|7|12|6|20|10|12,6,0,0|6|6|18,8,0,0|10|10|6|6,4,6|2|31|2|0|1
000621|box_n3_H24|b000332|2,8,13|4|8|13|6|6|10|9|12|6|20|10|12,6,0,0|6|6|18,8,0,0|10|10|6|6,4,6|2|33|2|0|1
000622|box_n3_H24|b000333|2,8,15|4|8|15|6|5|12|10|12|6|24|12|12,6,0,0|6|6|24,12,0,0|12|12|6|6,6,6|2|35|2|0|1
000623|box_n3_H24|b000334|2,8,17|4|8|17|6|5|12|11|12|6|24|12|12,6,0,0|6|6|24,12,0,0|12|12|6|6,6,6|2|37|2|0|0
000624|box_n3_H24|b000335|2,8,19|4|8|19|6|6|14|13|12|6|28|14|12,6,0,0|6|6|30,16,0,0|14|14|8|6,8,6|2|39|2|0|0
000625|box_n3_H24|b000336|2,8,21|4|8|21|6|5|14|14|12|6|28|14|12,6,0,0|6|6|30,16,0,0|14|14|8|6,8,6|2|57|2|0|0
000626|box_n3_H24|b000337|2,8,23|4|8|23|6|5|18|15|12|6|36|18|12,6,0,0|6|6|36,18,0,0|18|18|8|8,8,8|2|59|2|0|0
000627|box_n3_H24|b000338|2,9,10|4|9|10|8|5|10|6|16|8|20|10|14,6,0,0|8|8|16,6,0,0|10|10|6|6,6,6|2|0|2|0|1
000628|box_n3_H24|b000339|2,9,11|4|9|11|6|5|6|7|12|6|12|6|15,9,0,0|6|6|17,11,0,0|6|6|6|6,0,6|2|0|3|1|1
000629|box_n3_H24|b000340|2,9,12|4|9|12|10|5|10|7|20|10|20|10|18,8,0,0|10|10|18,8,0,0|10|10|7|7,6,7|6|29|6|0|1
000630|box_n3_H24|b000341|2,9,13|4|9|13|8|7|12|9|16|8|24|12|15,7,0,0|8|8|21,9,0,0|12|12|7|7,6,7|2|0|3|1|1
000631|box_n3_H24|b000342|2,9,14|4|9|14|8|6|12|9|16|8|24|12|14,6,0,0|8|8|22,10,0,0|12|12|7|7,6,7|2|0|2|0|1
000632|box_n3_H24|b000343|2,9,15|4|9|15|8|6|14|9|16|8|28|14|15,7,0,0|8|8|27,13,0,0|14|14|8|7,8,7|7|60|9|2|1
000633|box_n3_H24|b000344|2,9,16|4|9|16|4|6|12|9|8|4|24|12|12,8,0,0|4|4|24,12,0,0|12|12|8|4,8,4|2|51|2|0|1
000634|box_n3_H24|b000345|2,9,17|4|9|17|8|5|14|10|16|8|28|14|15,7,0,0|8|8|27,13,0,0|14|14|8|8,6,8|2|0|3|1|1
000635|box_n3_H24|b000346|2,9,18|4|9|18|10|5|20|10|20|10|40|20|18,8,0,0|10|10|36,16,0,0|20|20|10|10,10,10|18|16|18|0|1
000636|box_n3_H24|b000347|2,9,19|4|9|19|8|5|14|11|16|8|28|14|15,7,0,0|8|8|29,15,0,0|14|14|8|8,6,8|2|0|3|1|0
000637|box_n3_H24|b000348|2,9,20|4|9|20|4|6|16|13|8|4|32|16|12,8,0,0|4|4|30,14,0,0|16|16|10|5,10,5|2|66|2|0|0
000638|box_n3_H24|b000349|2,9,21|4|9|21|8|6|16|13|16|8|32|16|15,7,0,0|8|8|33,17,0,0|16|16|9|9,6,9|7|84|9|2|0
000639|box_n3_H24|b000350|2,9,22|4|9|22|8|6|18|13|16|8|36|18|14,6,0,0|8|8|34,16,0,0|18|18|9|9,8,9|2|0|2|0|0
000640|box_n3_H24|b000351|2,9,23|4|9|23|8|7|18|13|16|8|36|18|15,7,0,0|8|8|35,17,0,0|18|18|9|9,8,9|2|0|3|1|0
000641|box_n3_H24|b000352|2,9,24|4|9|24|10|5|18|14|20|10|36|18|18,8,0,0|10|10|36,18,0,0|18|18|10|10,8,10|6|58|6|0|0
000642|box_n3_H24|b000353|2,10,11|4|10|11|10|5|10|6|20|10|20|10|16,6,0,0|10|10|16,6,0,0|10|10|8|6,8,6|2|0|2|0|1
000643|box_n3_H24|b000354|2,10,13|4|10|13|10|5|14|7|20|10|28|14|16,6,0,0|10|10|20,6,0,0|14|14|8|8,8,8|2|0|2|0|1
000644|box_n3_H24|b000355|2,10,15|4|10|15|12|6|12|9|24|12|24|12|20,8,0,0|12|12|20,8,0,0|12|12|12|6,12,6|10|24|10|0|1
000645|box_n3_H24|b000356|2,10,17|4|10|17|10|6|14|9|20|10|28|14|16,6,0,0|10|10|26,12,0,0|14|14|8|8,8,8|2|0|2|0|1
000646|box_n3_H24|b000357|2,10,19|4|10|19|10|5|16|10|20|10|32|16|16,6,0,0|10|10|28,12,0,0|16|16|10|8,10,8|2|0|2|0|1
000647|box_n3_H24|b000358|2,10,21|4|10|21|10|5|20|11|20|10|40|20|16,6,0,0|10|10|32,12,0,0|20|20|10|10,10,10|2|0|2|0|0
000648|box_n3_H24|b000359|2,10,23|4|10|23|10|6|22|13|20|10|44|22|16,6,0,0|10|10|34,12,0,0|22|22|12|10,12,10|2|0|2|0|0
000649|box_n3_H24|b000360|2,11,12|4|11|12|8|6|10|6|16|8|20|10|18,10,0,0|8|8|18,8,0,0|10|10|8|5,8,5|2|6|2|0|1
000650|box_n3_H24|b000361|2,11,13|4|11|13|6|9|8|7|12|6|16|8|17,11,0,0|6|6|21,13,0,0|8|8|7|7,0,7|2|0|3|1|1
000651|box_n3_H24|b000362|2,11,14|4|11|14|4|11|12|7|8|4|24|12|16,12,0,0|4|4|22,10,0,0|12|12|6|5,6,5|2|0|2|0|1
000652|box_n3_H24|b000363|2,11,15|4|11|15|8|7|12|9|16|8|24|12|17,9,0,0|8|8|23,11,0,0|12|12|7|7,6,7|2|0|3|1|1
000653|box_n3_H24|b000364|2,11,16|4|11|16|10|7|12|9|20|10|24|12|18,8,0,0|10|10|24,12,0,0|12|12|8|8,6,8|2|57|2|0|1
000654|box_n3_H24|b000365|2,11,17|4|11|17|10|6|16|9|20|10|32|16|17,7,0,0|10|10|27,11,0,0|16|16|10|8,10,8|2|0|3|1|1
000655|box_n3_H24|b000366|2,11,18|4|11|18|10|6|16|9|20|10|32|16|16,6,0,0|10|10|28,12,0,0|16|16|10|8,10,8|2|0|2|0|1
000656|box_n3_H24|b000367|2,11,19|4|11|19|10|6|14|10|20|10|28|14|17,7,0,0|10|10|29,15,0,0|14|14|8|8,8,8|2|0|3|1|1
000657|box_n3_H24|b000368|2,11,20|4|11|20|6|6|16|10|12|6|32|16|18,12,0,0|6|6|30,14,0,0|16|16|12|5,12,5|2|10|2|0|1
000658|box_n3_H24|b000369|2,11,21|4|11|21|8|7|16|11|16|8|32|16|17,9,0,0|8|8|33,17,0,0|16|16|9|9,6,9|2|0|3|1|1
000659|box_n3_H24|b000370|2,11,22|4|11|22|10|7|22|11|20|10|44|22|22,12,0,0|10|10|44,22,0,0|22|22|11|11,10,11|20|20|22|2|1
000660|box_n3_H24|b000371|2,11,23|4|11|23|8|7|18|13|16|8|36|18|17,9,0,0|8|8|35,17,0,0|18|18|9|9,8,9|2|0|3|1|0
000661|box_n3_H24|b000372|2,11,24|4|11|24|6|6|18|13|12|6|36|18|18,12,0,0|6|6|36,18,0,0|18|18|12|6,12,6|2|23|2|0|0
000662|box_n3_H24|b000373|2,12,13|4|12|13|10|6|10|7|20|10|20|10|18,8,0,0|10|10|18,8,0,0|10|10|7|7,6,7|2|6|2|0|1
000663|box_n3_H24|b000374|2,12,15|4|12|15|10|11|8|13|20|10|16|8|18,8,0,0|10|10|18,10,0,0|8|8|8|5,8,5|6|47|6|0|1
000664|box_n3_H24|b000375|2,12,17|4|12|17|10|7|14|9|20|10|28|14|18,8,0,0|10|10|24,10,0,0|14|14|9|9,6,9|2|6|2|0|1
000665|box_n3_H24|b000376|2,12,19|4|12|19|10|6|16|10|20|10|32|16|18,8,0,0|10|10|30,14,0,0|16|16|9|9,8,9|2|6|2|0|1
000666|box_n3_H24|b000377|2,12,21|4|12|21|10|6|18|11|20|10|36|18|18,8,0,0|10|10|36,18,0,0|18|18|10|9,10,9|6|62|6|0|1
000667|box_n3_H24|b000378|2,12,23|4|12|23|10|7|18|13|20|10|36|18|18,8,0,0|10|10|36,18,0,0|18|18|10|9,10,9|2|6|2|0|1
000668|box_n3_H24|b000379|2,13,14|4|13|14|8|9|12|7|16|8|24|12|20,12,0,0|8|8|22,10,0,0|12|12|7|7,6,7|2|0|2|0|1
000669|box_n3_H24|b000380|2,13,15|4|13|15|8|9|8|11|16|8|16|8|21,13,0,0|8|8|23,15,0,0|8|8|8|8,0,8|2|0|3|1|1
000670|box_n3_H24|b000381|2,13,16|4|13|16|8|11|12|13|16|8|24|12|18,10,0,0|8|8|24,12,0,0|12|12|8|6,8,6|2|50|2|0|1
000671|box_n3_H24|b000382|2,13,17|4|13|17|12|7|14|9|24|12|28|14|21,9,0,0|12|12|27,13,0,0|14|14|9|9,8,9|2|0|3|1|1
000672|box_n3_H24|b000383|2,13,18|4|13|18|8|7|16|9|16|8|32|16|20,12,0,0|8|8|28,12,0,0|16|16|8|8,8,8|2|0|2|0|1
000673|box_n3_H24|b000384|2,13,19|4|13|19|12|7|16|10|24|12|32|16|21,9,0,0|12|12|29,13,0,0|16|16|10|9,10,9|2|0|3|1|1
000674|box_n3_H24|b000385|2,13,20|4|13|20|10|7|16|10|20|10|32|16|18,8,0,0|10|10|30,14,0,0|16|16|9|9,8,9|2|10|2|0|1
000675|box_n3_H24|b000386|2,13,21|4|13|21|12|9|16|11|24|12|32|16|21,9,0,0|12|12|33,17,0,0|16|16|10|10,8,10|2|0|3|1|1
000676|box_n3_H24|b000387|2,13,22|4|13|22|8|11|18|11|16|8|36|18|20,12,0,0|8|8|34,16,0,0|18|18|9|9,8,9|2|0|2|0|1
000677|box_n3_H24|b000388|2,13,23|4|13|23|10|10|16|17|20|10|32|16|21,11,0,0|10|10|35,19,0,0|16|16|10|10,6,10|2|0|3|1|1
000678|box_n3_H24|b000389|2,13,24|4|13|24|6|10|18|17|12|6|36|18|18,12,0,0|6|6|36,18,0,0|18|18|12|6,12,6|2|75|2|0|1
000679|box_n3_H24|b000390|2,14,15|4|14|15|12|9|10|10|24|12|20|10|22,10,0,0|12|12|22,12,0,0|10|10|8|7,8,7|2|0|2|0|1
000680|box_n3_H24|b000391|2,14,17|4|14|17|12|9|14|11|24|12|28|14|22,10,0,0|12|12|26,12,0,0|14|14|9|9,8,9|2|0|2|0|1
000681|box_n3_H24|b000392|2,14,19|4|14|19|12|7|10|13|24|12|20|10|22,10,0,0|12|12|28,18,0,0|10|10|8|7,8,7|2|0|2|0|1
000682|box_n3_H24|b000393|2,14,21|4|14|21|14|7|12|14|28|14|24|12|28,14,0,0|14|14|28,16,0,0|12|12|12|7,12,7|12|36|14|2|1
000683|box_n3_H24|b000394|2,14,23|4|14|23|12|9|16|15|24|12|32|16|22,10,0,0|12|12|34,18,0,0|16|16|10|9,10,9|2|0|2|0|1
000684|box_n3_H24|b000395|2,15,16|4|15|16|12|9|12|10|24|12|24|12|24,12,0,0|12|12|24,12,0,0|12|12|8|8,8,8|2|54|2|0|1
000685|box_n3_H24|b000396|2,15,17|4|15|17|8|9|10|11|16|8|20|10|23,15,0,0|8|8|27,17,0,0|10|10|9|9,0,9|2|0|3|1|1
000686|box_n3_H24|b000397|2,15,18|4|15|18|14|9|16|11|28|14|32|16|24,10,0,0|14|14|30,14,0,0|16|16|10|10,10,10|6|84|6|0|1
000687|box_n3_H24|b000398|2,15,19|4|15|19|12|11|14|13|24|12|28|14|23,11,0,0|12|12|29,15,0,0|14|14|9|9,8,9|2|0|3|1|1
000688|box_n3_H24|b000399|2,15,20|4|15|20|14|10|16|13|28|14|32|16|30,16,0,0|14|14|30,14,0,0|16|16|12|9,12,9|10|50|10|0|1
000689|box_n3_H24|b000400|2,15,21|4|15|21|14|10|18|13|28|14|36|18|27,13,0,0|14|14|33,15,0,0|18|18|12|10,12,10|7|140|9|2|1
000690|box_n3_H24|b000401|2,15,22|4|15|22|10|9|18|14|20|10|36|18|22,12,0,0|10|10|34,16,0,0|18|18|10|9,10,9|2|0|2|0|1
000691|box_n3_H24|b000402|2,15,23|4|15|23|12|9|18|14|24|12|36|18|23,11,0,0|12|12|35,17,0,0|18|18|10|10,10,10|2|0|3|1|1
000692|box_n3_H24|b000403|2,15,24|4|15|24|10|9|18|15|20|10|36|18|18,8,0,0|10|10|36,18,0,0|18|18|10|10,8,10|6|97|6|0|1
000693|box_n3_H24|b000404|2,16,17|4|16|17|12|9|12|10|24|12|24|12|24,12,0,0|12|12|24,12,0,0|12|12|8|8,8,8|2|57|2|0|1
000694|box_n3_H24|b000405|2,16,19|4|16|19|12|9|16|11|24|12|32|16|24,12,0,0|12|12|30,14,0,0|16|16|10|10,8,10|2|59|2|0|1
000695|box_n3_H24|b000406|2,16,21|4|16|21|12|10|14|13|24|12|28|14|24,12,0,0|12|12|30,16,0,0|14|14|10|8,10,8|2|61|2|0|1
000696|box_n3_H24|b000407|2,16,23|4|16|23|12|10|20|13|24|12|40|20|24,12,0,0|12|12|36,16,0,0|20|20|12|12,8,12|2|63|2|0|1
000697|box_n3_H24|b000408|2,17,18|4|17|18|14|9|16|10|28|14|32|16|26,12,0,0|14|14|28,12,0,0|16|16|10|10,10,10|2|0|2|0|1
000698|box_n3_H24|b000409|2,17,19|4|17|19|10|9|10|11|20|10|20|10|27,17,0,0|10|10|29,19,0,0|10|10|10|10,0,10|2|0|3|1|1
000699|box_n3_H24|b000410|2,17,20|4|17|20|12|9|16|11|24|12|32|16|24,12,0,0|12|12|30,14,0,0|16|16|10|9,10,9|2|10|2|0|1
000700|box_n3_H24|b000411|2,17,21|4|17|21|14|11|18|13|28|14|36|18|27,13,0,0|14|14|33,15,0,0|18|18|11|11,10,11|2|0|3|1|1
000701|box_n3_H24|b000412|2,17,22|4|17|22|8|11|18|13|16|8|36|18|26,18,0,0|8|8|34,16,0,0|18|18|9|9,8,9|2|0|2|0|1
000702|box_n3_H24|b000413|2,17,23|4|17|23|16|10|20|13|32|16|40|20|27,11,0,0|16|16|35,15,0,0|20|20|14|11,14,11|2|0|3|1|1
000703|box_n3_H24|b000414|2,17,24|4|17|24|12|10|18|13|24|12|36|18|24,12,0,0|12|12|36,18,0,0|18|18|10|10,10,10|2|87|2|0|1
000704|box_n3_H24|b000415|2,18,19|4|18|19|16|9|16|10|32|16|32|16|28,12,0,0|16|16|28,12,0,0|16|16|12|10,12,10|2|0|2|0|1
000705|box_n3_H24|b000416|2,18,21|4|18|21|16|9|16|11|32|16|32|16|30,14,0,0|16|16|30,14,0,0|16|16|12|10,12,10|6|108|6|0|1
000706|box_n3_H24|b000417|2,18,23|4|18|23|16|11|22|13|32|16|44|22|28,12,0,0|16|16|34,12,0,0|22|22|14|12,14,12|2|0|2|0|1
000707|box_n3_H24|b000418|2,19,20|4|19|20|14|10|16|10|28|14|32|16|30,16,0,0|14|14|30,14,0,0|16|16|12|9,12,9|2|10|2|0|1
000708|box_n3_H24|b000419|2,19,21|4|19|21|10|13|12|11|20|10|24|12|29,19,0,0|10|10|33,21,0,0|12|12|11|11,0,11|2|0|3|1|1
000709|box_n3_H24|b000420|2,19,22|4|19|22|10|15|18|11|20|10|36|18|28,18,0,0|10|10|34,16,0,0|18|18|10|9,10,9|2|0|2|0|1
000710|box_n3_H24|b000421|2,19,23|4|19|23|14|11|18|13|28|14|36|18|29,15,0,0|14|14|35,17,0,0|18|18|11|11,10,11|2|0|3|1|1
000711|box_n3_H24|b000422|2,19,24|4|19|24|16|11|18|13|32|16|36|18|30,14,0,0|16|16|36,18,0,0|18|18|12|12,10,12|2|74|2|0|1
000712|box_n3_H24|b000423|2,20,21|4|20|21|16|10|16|11|32|16|32|16|30,14,0,0|16|16|30,14,0,0|16|16|11|11,10,11|2|10|2|0|1
000713|box_n3_H24|b000424|2,20,23|4|20|23|16|13|18|15|32|16|36|18|30,14,0,0|16|16|36,18,0,0|18|18|12|11,12,11|2|10|2|0|1
000714|box_n3_H24|b000425|2,21,22|4|21|22|14|13|18|11|28|14|36|18|32,18,0,0|14|14|34,16,0,0|18|18|11|11,10,11|2|0|2|0|1
000715|box_n3_H24|b000426|2,21,23|4|21|23|12|13|12|15|24|12|24|12|33,21,0,0|12|12|35,23,0,0|12|12|12|12,0,12|2|0|3|1|1
000716|box_n3_H24|b000427|2,21,24|4|21|24|18|13|18|15|36|18|36|18|36,18,0,0|18|18|36,18,0,0|18|18|12|12,12,12|6|131|6|0|1
000717|box_n3_H24|b000428|2,22,23|4|22|23|18|13|16|14|36|18|32|16|34,16,0,0|18|18|34,18,0,0|16|16|12|11,12,11|2|0|2|0|1
000718|box_n3_H24|b000429|2,23,24|4|23|24|18|13|18|14|36|18|36|18|36,18,0,0|18|18|36,18,0,0|18|18|12|12,12,12|2|82|2|0|1
000719|box_n3_H24|b000430|3,4,5|4|4|5|2|2|4|2|4|2|8|4|6,4,0,0|2|2|6,2,0,0|4|4|4|1,4,1|2|2|2|0|1
000720|box_n3_H24|b000431|3,4,6|4|4|6|4|2|6|2|8|4|12|6|8,4,0,0|4|4|8,2,0,0|6|6|6|2,6,2|4|24|4|0|1
000721|box_n3_H24|b000432|3,4,7|4|4|7|2|3|4|3|4|2|8|4|6,4,0,0|2|2|12,8,0,0|4|4|3|3,0,3|2|13|2|0|1
000722|box_n3_H24|b000433|3,4,8|4|4|8|4|3|8|3|8|4|16|8|8,4,0,0|4|4|16,8,0,0|8|8|4|4,4,4|8|16|8|0|1
000723|box_n3_H24|b000434|3,4,9|4|4|9|2|3|8|3|4|2|16|8|6,4,0,0|2|2|12,4,0,0|8|8|4|4,2,4|2|3|2|0|0
000724|box_n3_H24|b000435|3,4,10|4|4|10|4|2|8|5|8|4|16|8|8,4,0,0|4|4|16,8,0,0|8|8|4|4,4,4|4|16|4|0|0
000725|box_n3_H24|b000436|3,4,11|4|4|11|2|2|8|5|4|2|16|8|6,4,0,0|2|2|18,10,0,0|8|8|4|3,4,3|2|2|2|0|0
000726|box_n3_H24|b000437|3,4,12|4|4|12|6|2|10|5|12|6|20|10|12,6,0,0|6|6|20,10,0,0|10|10|6|6,4,6|12|24|12|0|0
000727|box_n3_H24|b000438|3,4,13|4|4|13|6|2|10|5|12|6|20|10|6,0,0,0|6|6|18,8,0,0|10|10|6|5,6,5|2|2|2|0|0
000728|box_n3_H24|b000439|3,4,14|4|4|14|4|2|10|5|8|4|20|10|8,4,0,0|4|4|20,10,0,0|10|10|6|4,6,4|4|52|4|0|0
000729|box_n3_H24|b000440|3,4,15|4|4|15|2|7|16|5|4|2|32|16|6,4,0,0|2|2|24,8,0,0|16|16|6|6,6,6|2|29|2|0|0
000730|box_n3_H24|b000441|3,4,16|4|4|16|0|-1|12|6|0|0|24|12|0,0,0,0|0|0|24,12,0,0|12|12|4|4,4,4|-1|-1|0|0|0
000731|box_n3_H24|b000442|3,4,17|4|4|17|2|7|12|6|4|2|24|12|6,4,0,0|2|2|24,12,0,0|12|12|5|5,4,5|2|31|2|0|0
000732|box_n3_H24|b000443|3,4,18|4|4|18|4|2|16|6|8|4|32|16|8,4,0,0|4|4|28,12,0,0|16|16|8|6,8,6|4|28|4|0|0
000733|box_n3_H24|b000444|3,4,19|4|4|19|6|2|14|7|12|6|28|14|6,0,0,0|6|6|30,16,0,0|14|14|7|7,6,7|2|1|2|0|0
000734|box_n3_H24|b000445|3,4,20|4|4|20|6|2|18|7|12|6|36|18|12,6,0,0|6|6|36,18,0,0|18|18|8|8,8,8|12|40|12|0|0
000735|box_n3_H24|b000446|3,4,21|4|4|21|2|2|16|7|4|2|32|16|6,4,0,0|2|2|30,14,0,0|16|16|6|6,6,6|2|2|2|0|0
000736|box_n3_H24|b000447|3,4,22|4|4|22|4|2|16|9|8|4|32|16|8,4,0,0|4|4|32,16,0,0|16|16|8|6,8,6|4|36|4|0|0
000737|box_n3_H24|b000448|3,4,23|4|4|23|2|3|16|9|4|2|32|16|6,4,0,0|2|2|36,20,0,0|16|16|7|7,4,7|2|13|2|0|0
000738|box_n3_H24|b000449|3,4,24|4|4|24|4|3|20|9|8|4|40|20|8,4,0,0|4|4|40,20,0,0|20|20|8|8,8,8|8|48|8|0|0
000739|box_n3_H24|b000450|3,5,6|4|5|6|6|2|8|2|12|6|16|8|8,2,0,0|6|6|10,2,0,0|8|8|6|4,6,4|2|0|2|0|0
000740|box_n3_H24|b000451|3,5,7|4|5|7|5|2|7|3|10|5|14|7|9,4,0,0|5|5|11,4,0,0|7|7|4|4,4,4|3|0|3|0|0
000741|box_n3_H24|b000452|3,5,8|4|5|8|2|9|4|3|4|2|8|4|6,4,0,0|2|2|12,8,0,0|4|4|3|3,0,3|2|27|2|0|1
000742|box_n3_H24|b000453|3,5,9|4|5|9|5|3|9|3|10|5|18|9|9,4,0,0|5|5|15,6,0,0|9|9|6|6,2,6|3|0|3|0|1
000743|box_n3_H24|b000454|3,5,10|4|5|10|6|3|10|5|12|6|20|10|10,4,0,0|6|6|20,10,0,0|10|10|6|5,6,5|10|8|10|0|1
000744|box_n3_H24|b000455|3,5,11|4|5|11|5|3|9|5|10|5|18|9|9,4,0,0|5|5|17,8,0,0|9|9|5|5,4,5|3|0|3|0|0
000745|box_n3_H24|b000456|3,5,12|4|5|12|2|9|10|5|4|2|20|10|6,4,0,0|2|2|18,8,0,0|10|10|4|4,4,4|2|37|2|0|0
000746|box_n3_H24|b000457|3,5,13|4|5|13|5|2|11|5|10|5|22|11|9,4,0,0|5|5|21,10,0,0|11|11|6|5,6,5|3|0|3|0|0
000747|box_n3_H24|b000458|3,5,14|4|5|14|6|2|12|5|12|6|24|12|8,2,0,0|6|6|22,10,0,0|12|12|8|5,8,5|2|0|2|0|0
000748|box_n3_H24|b000459|3,5,15|4|5|15|9|2|15|5|18|9|30|15|15,6,0,0|9|9|25,10,0,0|15|15|9|9,6,9|15|12|15|0|0
000749|box_n3_H24|b000460|3,5,16|4|5|16|4|2|12|6|8|4|24|12|6,2,0,0|4|4|24,12,0,0|12|12|6|5,6,5|2|3|2|0|0
000750|box_n3_H24|b000461|3,5,17|4|5|17|9|2|15|6|18|9|30|15|9,0,0,0|9|9|27,12,0,0|15|15|8|8,8,8|3|0|3|0|0
000751|box_n3_H24|b000462|3,5,18|4|5|18|4|3|16|6|8|4|32|16|8,4,0,0|4|4|28,12,0,0|16|16|8|6,8,6|2|0|2|0|0
000752|box_n3_H24|b000463|3,5,19|4|5|19|5|5|15|7|10|5|30|15|9,4,0,0|5|5|29,14,0,0|15|15|8|8,4,8|3|0|3|0|0
000753|box_n3_H24|b000464|3,5,20|4|5|20|0|-1|14|7|0|0|28|14|0,0,0,0|0|0|30,16,0,0|14|14|5|5,4,5|-1|-1|0|0|0
000754|box_n3_H24|b000465|3,5,21|4|5|21|5|5|17|7|10|5|34|17|9,4,0,0|5|5|33,16,0,0|17|17|8|8,6,8|3|0|3|0|0
000755|box_n3_H24|b000466|3,5,22|4|5|22|4|3|16|9|8|4|32|16|8,4,0,0|4|4|34,18,0,0|16|16|7|7,6,7|2|0|2|0|0
000756|box_n3_H24|b000467|3,5,23|4|5|23|9|2|17|9|18|9|34|17|9,0,0,0|9|9|35,18,0,0|17|17|9|9,8,9|3|0|3|0|0
000757|box_n3_H24|b000468|3,5,24|4|5|24|4|2|16|9|8|4|32|16|6,2,0,0|4|4|36,20,0,0|16|16|8|6,8,6|2|2|2|0|0
000758|box_n3_H24|b000469|3,6,7|4|6|7|6|2|6|3|12|6|12|6|10,4,0,0|6|6|10,4,0,0|6|6|6|3,6,3|2|0|2|0|0
000759|box_n3_H24|b000470|3,6,8|4|6|8|8|2|6|3|16|8|12|6|12,4,0,0|8|8|12,6,0,0|6|6|6|4,6,4|4|13|4|0|1
000760|box_n3_H24|b000471|3,6,10|4|6|10|6|3|10|5|12|6|20|10|10,4,0,0|6|6|18,8,0,0|10|10|6|5,6,5|6|60|6|0|1
000761|box_n3_H24|b000472|3,6,11|4|6|11|8|3|8|5|16|8|16|8|10,2,0,0|8|8|16,8,0,0|8|8|6|5,6,5|2|0|2|0|1
000762|box_n3_H24|b000473|3,6,13|4|6|13|8|3|12|5|16|8|24|12|10,2,0,0|8|8|20,8,0,0|12|12|8|6,8,6|2|0|2|0|0
000763|box_n3_H24|b000474|3,6,14|4|6|14|6|3|12|5|12|6|24|12|10,4,0,0|6|6|22,10,0,0|12|12|6|6,6,6|6|84|6|0|0
000764|box_n3_H24|b000475|3,6,16|4|6|16|8|2|12|6|16|8|24|12|12,4,0,0|8|8|24,12,0,0|12|12|8|6,8,6|4|25|4|0|0
000765|box_n3_H24|b000476|3,6,17|4|6|17|6|2|14|6|12|6|28|14|10,4,0,0|6|6|26,12,0,0|14|14|8|6,8,6|2|0|2|0|0
000766|box_n3_H24|b000477|3,6,19|4|6|19|8|2|14|7|16|8|28|14|10,2,0,0|8|8|28,14,0,0|14|14|8|7,8,7|2|0|2|0|0
000767|box_n3_H24|b000478|3,6,20|4|6|20|6|2|16|7|12|6|32|16|8,2,0,0|6|6|32,16,0,0|16|16|10|6,10,6|4|120|4|0|0
000768|box_n3_H24|b000479|3,6,22|4|6|22|6|3|18|9|12|6|36|18|10,4,0,0|6|6|34,16,0,0|18|18|8|8,8,8|6|132|6|0|0
000769|box_n3_H24|b000480|3,6,23|4|6|23|6|6|18|9|12|6|36|18|10,4,0,0|6|6|34,16,0,0|18|18|10|7,10,7|2|0|2|0|0
000770|box_n3_H24|b000481|3,7,8|4|7|8|6|5|8|3|12|6|16|8|12,6,0,0|6|6|12,4,0,0|8|8|5|5,4,5|2|1|2|0|1
000771|box_n3_H24|b000482|3,7,9|4|7|9|5|5|9|3|10|5|18|9|11,6,0,0|5|5|15,6,0,0|9|9|6|6,2,6|3|0|3|0|1
000772|box_n3_H24|b000483|3,7,10|4|7|10|4|7|6|9|8|4|12|6|10,6,0,0|4|4|16,10,0,0|6|6|4|4,2,4|2|0|2|0|1
000773|box_n3_H24|b000484|3,7,11|4|7|11|5|6|9|9|10|5|18|9|11,6,0,0|5|5|17,8,0,0|9|9|6|4,6,4|3|0|3|0|1
000774|box_n3_H24|b000485|3,7,12|4|7|12|6|3|10|5|12|6|20|10|12,6,0,0|6|6|18,8,0,0|10|10|6|6,4,6|2|5|2|0|1
000775|box_n3_H24|b000486|3,7,13|4|7|13|7|3|11|5|14|7|22|11|11,4,0,0|7|7|21,10,0,0|11|11|7|7,4,7|3|0|3|0|1
000776|box_n3_H24|b000487|3,7,14|4|7|14|8|3|16|5|16|8|32|16|14,6,0,0|8|8|28,12,0,0|16|16|8|8,8,8|14|8|14|0|1
000777|box_n3_H24|b000488|3,7,15|4|7|15|7|3|15|5|14|7|30|15|11,4,0,0|7|7|23,8,0,0|15|15|8|8,6,8|3|0|3|0|0
000778|box_n3_H24|b000489|3,7,16|4|7|16|6|3|12|6|12|6|24|12|12,6,0,0|6|6|24,12,0,0|12|12|8|5,8,5|2|2|2|0|0
000779|box_n3_H24|b000490|3,7,17|4|7|17|5|6|15|6|10|5|30|15|11,6,0,0|5|5|27,12,0,0|15|15|8|6,8,6|3|0|3|0|0
000780|box_n3_H24|b000491|3,7,18|4|7|18|4|7|18|6|8|4|36|18|10,6,0,0|4|4|28,10,0,0|18|18|8|7,8,7|2|0|2|0|0
000781|box_n3_H24|b000492|3,7,19|4|7|19|5|5|15|7|10|5|30|15|11,6,0,0|5|5|29,14,0,0|15|15|7|7,6,7|3|0|3|0|0
000782|box_n3_H24|b000493|3,7,20|4|7|20|6|5|14|7|12|6|28|14|12,6,0,0|6|6|30,16,0,0|14|14|7|7,6,7|2|6|2|0|0
000783|box_n3_H24|b000494|3,7,21|4|7|21|11|3|19|7|22|11|38|19|21,10,0,0|11|11|35,16,0,0|19|19|12|12,6,12|20|12|21|1|0
000784|box_n3_H24|b000495|3,7,22|4|7|22|6|3|18|9|12|6|36|18|10,4,0,0|6|6|34,16,0,0|18|18|8|8,8,8|2|0|2|0|0
000785|box_n3_H24|b000496|3,7,23|4|7|23|7|3|19|9|14|7|38|19|11,4,0,0|7|7|35,16,0,0|19|19|10|10,6,10|3|0|3|0|0
000786|box_n3_H24|b000497|3,7,24|4|7|24|4|3|20|9|8|4|40|20|12,8,0,0|4|4|36,16,0,0|20|20|8|8,8,8|2|75|2|0|0
000787|box_n3_H24|b000498|3,8,9|4|8|9|4|5|8|3|8|4|16|8|12,8,0,0|4|4|12,4,0,0|8|8|4|4,4,4|2|3|2|0|1
000788|box_n3_H24|b000499|3,8,10|4|8|10|6|5|6|7|12|6|12|6|12,6,0,0|6|6|12,6,0,0|6|6|4|4,4,4|4|33|4|0|1
000789|box_n3_H24|b000500|3,8,11|4|8|11|4|5|6|7|8|4|12|6|12,8,0,0|4|4|18,12,0,0|6|6|5|5,0,5|2|57|2|0|1
000790|box_n3_H24|b000501|3,8,12|4|8|12|8|6|8|9|16|8|16|8|16,8,0,0|8|8|16,8,0,0|8|8|8|4,8,4|8|48|8|0|1
000791|box_n3_H24|b000502|3,8,13|4|8|13|4|6|10|9|8|4|20|10|12,8,0,0|4|4|18,8,0,0|10|10|8|3,8,3|2|2|2|0|1
000792|box_n3_H24|b000503|3,8,14|4|8|14|6|3|12|5|12|6|24|12|12,6,0,0|6|6|24,12,0,0|12|12|6|6,6,6|4|13|4|0|1
000793|box_n3_H24|b000504|3,8,15|4|8|15|8|3|14|5|16|8|28|14|12,4,0,0|8|8|24,10,0,0|14|14|8|8,6,8|2|5|2|0|1
000794|box_n3_H24|b000505|3,8,16|4|8|16|8|3|16|6|16|8|32|16|16,8,0,0|8|8|32,16,0,0|16|16|8|8,8,8|16|32|16|0|1
000795|box_n3_H24|b000506|3,8,17|4|8|17|8|3|14|6|16|8|28|14|12,4,0,0|8|8|24,10,0,0|14|14|8|7,8,7|2|3|2|0|0
000796|box_n3_H24|b000507|3,8,18|4|8|18|6|3|14|6|12|6|28|14|12,6,0,0|6|6|24,10,0,0|14|14|8|6,8,6|4|15|4|0|0
000797|box_n3_H24|b000508|3,8,19|4|8|19|4|6|14|7|8|4|28|14|12,8,0,0|4|4|30,16,0,0|14|14|8|5,8,5|2|2|2|0|0
000798|box_n3_H24|b000509|3,8,20|4|8|20|8|6|16|7|16|8|32|16|16,8,0,0|8|8|32,16,0,0|16|16|8|8,8,8|8|24|8|0|0
000799|box_n3_H24|b000510|3,8,21|4|8|21|4|5|18|7|8|4|36|18|12,8,0,0|4|4|30,12,0,0|18|18|8|8,6,8|2|7|2|0|0
000800|box_n3_H24|b000511|3,8,22|4|8|22|6|5|18|14|12|6|36|18|12,6,0,0|6|6|36,18,0,0|18|18|8|8,8,8|4|45|4|0|0
000801|box_n3_H24|b000512|3,8,23|4|8|23|4|5|16|15|8|4|32|16|12,8,0,0|4|4|36,20,0,0|16|16|7|7,6,7|2|29|2|0|0
000802|box_n3_H24|b000513|3,8,24|4|8|24|12|3|20|9|24|12|40|20|24,12,0,0|12|12|40,20,0,0|20|20|12|12,8,12|24|48|24|0|0
000803|box_n3_H24|b000514|3,9,10|4|9|10|8|5|8|6|16|8|16|8|14,6,0,0|8|8|16,8,0,0|8|8|6|5,6,5|2|0|2|0|1
000804|box_n3_H24|b000515|3,9,11|4|9|11|7|5|7|7|14|7|14|7|15,8,0,0|7|7|17,10,0,0|7|7|6|6,2,6|3|0|3|0|1
000805|box_n3_H24|b000516|3,9,13|4|9|13|7|7|9|9|14|7|18|9|15,8,0,0|7|7|21,12,0,0|9|9|6|6,4,6|3|0|3|0|1
000806|box_n3_H24|b000517|3,9,14|4|9|14|8|6|8|9|16|8|16|8|14,6,0,0|8|8|22,14,0,0|8|8|6|5,6,5|2|0|2|0|1
000807|box_n3_H24|b000518|3,9,16|4|9|16|8|3|8|9|16|8|16|8|12,4,0,0|8|8|24,16,0,0|8|8|6|6,4,6|2|3|2|0|1
000808|box_n3_H24|b000519|3,9,17|4|9|17|9|3|11|10|18|9|22|11|15,6,0,0|9|9|27,16,0,0|11|11|8|8,4,8|3|0|3|0|1
000809|box_n3_H24|b000520|3,9,19|4|9|19|9|3|11|11|18|9|22|11|15,6,0,0|9|9|29,18,0,0|11|11|8|8,4,8|3|0|3|0|0
000810|box_n3_H24|b000521|3,9,20|4|9|20|8|3|10|13|16|8|20|10|12,4,0,0|8|8|30,20,0,0|10|10|6|6,6,6|2|3|2|0|0
000811|box_n3_H24|b000522|3,9,22|4|9|22|8|6|14|13|16|8|28|14|14,6,0,0|8|8|34,20,0,0|14|14|8|7,8,7|2|0|2|0|0
000812|box_n3_H24|b000523|3,9,23|4|9|23|7|7|13|13|14|7|26|13|15,8,0,0|7|7|35,22,0,0|13|13|8|8,4,8|3|0|3|0|0
000813|box_n3_H24|b000524|3,10,11|4|10|11|10|5|10|6|20|10|20|10|16,6,0,0|10|10|16,6,0,0|10|10|8|6,8,6|2|0|2|0|1
000814|box_n3_H24|b000525|3,10,12|4|10|12|8|5|10|6|16|8|20|10|16,8,0,0|8|8|20,10,0,0|10|10|6|6,6,6|4|36|4|0|1
000815|box_n3_H24|b000526|3,10,13|4|10|13|8|5|8|7|16|8|16|8|16,8,0,0|8|8|20,12,0,0|8|8|7|7,2,7|2|0|2|0|1
000816|box_n3_H24|b000527|3,10,14|4|10|14|10|5|12|7|20|10|24|12|18,8,0,0|10|10|22,10,0,0|12|12|8|7,8,7|6|140|6|0|1
000817|box_n3_H24|b000528|3,10,15|4|10|15|12|6|12|9|24|12|24|12|20,8,0,0|12|12|20,8,0,0|12|12|12|6,12,6|10|24|10|0|1
000818|box_n3_H24|b000529|3,10,16|4|10|16|6|6|12|9|12|6|24|12|12,6,0,0|6|6|24,12,0,0|12|12|6|6,6,6|4|33|4|0|1
000819|box_n3_H24|b000530|3,10,17|4|10|17|6|6|14|9|12|6|28|14|16,10,0,0|6|6|26,12,0,0|14|14|10|5,10,5|2|0|2|0|1
000820|box_n3_H24|b000531|3,10,18|4|10|18|10|5|16|9|20|10|32|16|18,8,0,0|10|10|30,14,0,0|16|16|10|8,10,8|6|180|6|0|1
000821|box_n3_H24|b000532|3,10,19|4|10|19|10|5|16|10|20|10|32|16|16,6,0,0|10|10|28,12,0,0|16|16|10|8,10,8|2|0|2|0|1
000822|box_n3_H24|b000533|3,10,20|4|10|20|10|5|20|10|20|10|40|20|20,10,0,0|10|10|40,20,0,0|20|20|10|10,10,10|20|40|20|0|1
000823|box_n3_H24|b000534|3,10,21|4|10|21|10|5|16|11|20|10|32|16|16,6,0,0|10|10|32,16,0,0|16|16|9|9,8,9|2|0|2|0|0
000824|box_n3_H24|b000535|3,10,22|4|10|22|10|5|18|11|20|10|36|18|18,8,0,0|10|10|34,16,0,0|18|18|10|9,10,9|6|220|6|0|0
000825|box_n3_H24|b000536|3,10,23|4|10|23|6|6|18|13|12|6|36|18|16,10,0,0|6|6|34,16,0,0|18|18|12|6,12,6|2|0|2|0|0
000826|box_n3_H24|b000537|3,10,24|4|10|24|6|6|18|13|12|6|36|18|12,6,0,0|6|6|36,18,0,0|18|18|8|8,8,8|4|53|4|0|0
000827|box_n3_H24|b000538|3,11,12|4|11|12|10|5|10|6|20|10|20|10|18,8,0,0|10|10|18,8,0,0|10|10|8|6,8,6|2|1|2|0|1
000828|box_n3_H24|b000539|3,11,13|4|11|13|9|5|13|6|18|9|26|13|17,8,0,0|9|9|21,8,0,0|13|13|8|8,6,8|3|0|3|0|1
000829|box_n3_H24|b000540|3,11,14|4|11|14|6|5|8|7|12|6|16|8|16,10,0,0|6|6|22,14,0,0|8|8|6|6,2,6|2|0|2|0|1
000830|box_n3_H24|b000541|3,11,15|4|11|15|11|5|15|7|22|11|30|15|17,6,0,0|11|11|23,8,0,0|15|15|10|10,6,10|3|0|3|0|1
000831|box_n3_H24|b000542|3,11,16|4|11|16|8|7|12|9|16|8|24|12|18,10,0,0|8|8|24,12,0,0|12|12|7|7,6,7|2|5|2|0|1
000832|box_n3_H24|b000543|3,11,17|4|11|17|11|6|15|9|22|11|30|15|17,6,0,0|11|11|27,12,0,0|15|15|9|9,8,9|3|0|3|0|1
000833|box_n3_H24|b000544|3,11,18|4|11|18|8|6|18|9|16|8|36|18|16,8,0,0|8|8|28,10,0,0|18|18|9|9,8,9|2|0|2|0|1
000834|box_n3_H24|b000545|3,11,19|4|11|19|7|6|15|9|14|7|30|15|17,10,0,0|7|7|29,14,0,0|15|15|10|6,10,6|3|0|3|0|1
000835|box_n3_H24|b000546|3,11,20|4|11|20|10|5|14|10|20|10|28|14|18,8,0,0|10|10|30,16,0,0|14|14|10|7,10,7|2|9|2|0|1
000836|box_n3_H24|b000547|3,11,21|4|11|21|9|5|17|10|18|9|34|17|17,8,0,0|9|9|33,16,0,0|17|17|10|10,6,10|3|0|3|0|1
000837|box_n3_H24|b000548|3,11,22|4|11|22|12|5|24|10|24|12|48|24|22,10,0,0|12|12|44,20,0,0|24|24|12|12,12,12|22|16|22|0|1
000838|box_n3_H24|b000549|3,11,23|4|11|23|9|5|19|11|18|9|38|19|17,8,0,0|9|9|35,16,0,0|19|19|11|11,6,11|3|0|3|0|0
000839|box_n3_H24|b000550|3,11,24|4|11|24|10|5|20|11|20|10|40|20|18,8,0,0|10|10|36,16,0,0|20|20|10|10,10,10|2|1|2|0|0
000840|box_n3_H24|b000551|3,12,13|4|12|13|10|5|10|6|20|10|20|10|18,8,0,0|10|10|18,8,0,0|10|10|8|6,8,6|2|3|2|0|1
000841|box_n3_H24|b000552|3,12,14|4|12|14|10|5|10|6|20|10|20|10|20,10,0,0|10|10|20,10,0,0|10|10|8|6,8,6|4|60|4|0|1
000842|box_n3_H24|b000553|3,12,16|4|12|16|12|5|12|7|24|12|24|12|24,12,0,0|12|12|24,12,0,0|12|12|8|8,8,8|8|29|8|0|1
000843|box_n3_H24|b000554|3,12,17|4|12|17|6|7|12|9|12|6|24|12|18,12,0,0|6|6|24,12,0,0|12|12|6|6,6,6|2|37|2|0|1
000844|box_n3_H24|b000555|3,12,19|4|12|19|10|6|14|9|20|10|28|14|18,8,0,0|10|10|30,16,0,0|14|14|8|8,8,8|2|6|2|0|1
000845|box_n3_H24|b000556|3,12,20|4|12|20|10|6|18|9|20|10|36|18|20,10,0,0|10|10|36,18,0,0|18|18|10|10,8,10|12|120|12|0|1
000846|box_n3_H24|b000557|3,12,22|4|12|22|10|5|16|10|20|10|32|16|20,10,0,0|10|10|32,16,0,0|16|16|10|8,10,8|4|84|4|0|1
000847|box_n3_H24|b000558|3,12,23|4|12|23|10|5|18|10|20|10|36|18|18,8,0,0|10|10|36,18,0,0|18|18|10|10,8,10|2|5|2|0|1
000848|box_n3_H24|b000559|3,13,14|4|13|14|12|5|12|6|24|12|24|12|20,8,0,0|12|12|22,10,0,0|12|12|10|7,10,7|2|0|2|0|1
000849|box_n3_H24|b000560|3,13,15|4|13|15|13|5|15|6|26|13|30|15|21,8,0,0|13|13|23,8,0,0|15|15|10|9,10,9|3|0|3|0|1
000850|box_n3_H24|b000561|3,13,16|4|13|16|6|5|8|7|12|6|16|8|18,12,0,0|6|6|24,16,0,0|8|8|7|7,0,7|2|119|2|0|1
000851|box_n3_H24|b000562|3,13,17|4|13|17|13|5|17|7|26|13|34|17|21,8,0,0|13|13|27,10,0,0|17|17|11|11,8,11|3|0|3|0|1
000852|box_n3_H24|b000563|3,13,18|4|13|18|12|5|18|7|24|12|36|18|20,8,0,0|12|12|28,10,0,0|18|18|10|10,10,10|2|0|2|0|1
000853|box_n3_H24|b000564|3,13,19|4|13|19|11|7|15|9|22|11|30|15|21,10,0,0|11|11|29,14,0,0|15|15|9|9,8,9|3|0|3|0|1
000854|box_n3_H24|b000565|3,13,20|4|13|20|10|6|14|9|20|10|28|14|18,8,0,0|10|10|30,16,0,0|14|14|10|7,10,7|2|2|2|0|1
000855|box_n3_H24|b000566|3,13,21|4|13|21|11|6|19|9|22|11|38|19|21,10,0,0|11|11|33,14,0,0|19|19|12|12,6,12|3|0|3|0|1
000856|box_n3_H24|b000567|3,13,22|4|13|22|12|6|18|9|24|12|36|18|20,8,0,0|12|12|34,16,0,0|18|18|12|9,12,9|2|0|2|0|1
000857|box_n3_H24|b000568|3,13,23|4|13|23|9|6|19|9|18|9|38|19|21,12,0,0|9|9|35,16,0,0|19|19|12|8,12,8|3|0|3|0|1
000858|box_n3_H24|b000569|3,13,24|4|13|24|8|5|16|10|16|8|32|16|18,10,0,0|8|8|36,20,0,0|16|16|8|8,8,8|2|6|2|0|1
000859|box_n3_H24|b000570|3,14,15|4|14|15|14|5|14|6|28|14|28|14|22,8,0,0|14|14|22,8,0,0|14|14|12|8,12,8|2|0|2|0|1
000860|box_n3_H24|b000571|3,14,16|4|14|16|12|5|12|6|24|12|24|12|24,12,0,0|12|12|24,12,0,0|12|12|8|8,8,8|4|26|4|0|1
000861|box_n3_H24|b000572|3,14,17|4|14|17|10|5|10|7|20|10|20|10|22,12,0,0|10|10|26,16,0,0|10|10|9|9,2,9|2|0|2|0|1
000862|box_n3_H24|b000573|3,14,18|4|14|18|12|5|16|7|24|12|32|16|22,10,0,0|12|12|30,14,0,0|16|16|10|9,10,9|6|252|6|0|1
000863|box_n3_H24|b000574|3,14,19|4|14|19|14|5|16|7|28|14|32|16|22,8,0,0|14|14|28,12,0,0|16|16|10|10,10,10|2|0|2|0|1
000864|box_n3_H24|b000575|3,14,20|4|14|20|10|7|16|9|20|10|32|16|20,10,0,0|10|10|32,16,0,0|16|16|10|8,10,8|4|80|4|0|1
000865|box_n3_H24|b000576|3,14,21|4|14|21|14|6|14|9|28|14|28|14|28,14,0,0|14|14|28,14,0,0|14|14|14|7,14,7|14|24|14|0|1
000866|box_n3_H24|b000577|3,14,22|4|14|22|12|6|18|9|24|12|36|18|22,10,0,0|12|12|34,16,0,0|18|18|10|10,10,10|6|308|6|0|1
000867|box_n3_H24|b000578|3,14,23|4|14|23|14|6|20|9|28|14|40|20|22,8,0,0|14|14|34,14,0,0|20|20|14|10,14,10|2|0|2|0|1
000868|box_n3_H24|b000579|3,14,24|4|14|24|12|6|18|9|24|12|36|18|24,12,0,0|12|12|36,18,0,0|18|18|10|10,10,10|4|51|4|0|1
000869|box_n3_H24|b000580|3,15,16|4|15|16|16|5|16|6|32|16|32|16|24,8,0,0|16|16|24,8,0,0|16|16|12|10,12,10|2|1|2|0|1
000870|box_n3_H24|b000581|3,15,17|4|15|17|15|5|17|6|30|15|34|17|23,8,0,0|15|15|27,10,0,0|17|17|11|11,10,11|3|0|3|0|1
000871|box_n3_H24|b000582|3,15,19|4|15|19|11|5|17|7|22|11|34|17|23,12,0,0|11|11|29,12,0,0|17|17|10|10,8,10|3|0|3|0|1
000872|box_n3_H24|b000583|3,15,20|4|15|20|18|5|18|7|36|18|36|18|30,12,0,0|18|18|30,12,0,0|18|18|12|12,12,12|10|29|10|0|1
000873|box_n3_H24|b000584|3,15,22|4|15|22|12|7|20|9|24|12|40|20|22,10,0,0|12|12|34,14,0,0|20|20|12|10,12,10|2|0|2|0|1
000874|box_n3_H24|b000585|3,15,23|4|15|23|15|6|21|9|30|15|42|21|23,8,0,0|15|15|35,14,0,0|21|21|12|12,12,12|3|0|3|0|1
000875|box_n3_H24|b000586|3,16,17|4|16|17|12|6|14|6|24|12|28|14|24,12,0,0|12|12|24,10,0,0|14|14|12|7,12,7|2|3|2|0|1
000876|box_n3_H24|b000587|3,16,18|4|16|18|12|6|14|6|24|12|28|14|24,12,0,0|12|12|24,10,0,0|14|14|10|8,10,8|4|30|4|0|1
000877|box_n3_H24|b000588|3,16,19|4|16|19|8|9|10|7|16|8|20|10|24,16,0,0|8|8|30,20,0,0|10|10|9|9,0,9|2|113|2|0|1
000878|box_n3_H24|b000589|3,16,20|4|16|20|12|11|12|7|24|12|24|12|24,12,0,0|12|12|24,12,0,0|12|12|8|8,8,8|8|62|8|0|1
000879|box_n3_H24|b000590|3,16,21|4|16|21|12|7|16|7|24|12|32|16|24,12,0,0|12|12|30,14,0,0|16|16|10|10,8,10|2|7|2|0|1
000880|box_n3_H24|b000591|3,16,22|4|16|22|12|7|18|9|24|12|36|18|24,12,0,0|12|12|36,18,0,0|18|18|10|10,10,10|4|57|4|0|1
000881|box_n3_H24|b000592|3,16,23|4|16|23|12|7|18|9|24|12|36|18|24,12,0,0|12|12|36,18,0,0|18|18|11|11,8,11|2|5|2|0|1
000882|box_n3_H24|b000593|3,16,24|4|16|24|16|6|16|9|32|16|32|16|32,16,0,0|16|16|32,16,0,0|16|16|16|8,16,8|16|96|16|0|1
000883|box_n3_H24|b000594|3,17,18|4|17|18|16|6|18|6|32|16|36|18|26,10,0,0|16|16|28,10,0,0|18|18|14|10,14,10|2|0|2|0|1
000884|box_n3_H24|b000595|3,17,19|4|17|19|13|6|15|7|26|13|30|15|27,14,0,0|13|13|29,14,0,0|15|15|10|10,8,10|3|0|3|0|1
000885|box_n3_H24|b000596|3,17,20|4|17|20|8|9|10|7|16|8|20|10|24,16,0,0|8|8|30,20,0,0|10|10|9|9,0,9|2|155|2|0|1
000886|box_n3_H24|b000597|3,17,21|4|17|21|13|11|17|7|26|13|34|17|27,14,0,0|13|13|33,16,0,0|17|17|10|10,10,10|3|0|3|0|1
000887|box_n3_H24|b000598|3,17,22|4|17|22|14|7|20|9|28|14|40|20|26,12,0,0|14|14|34,14,0,0|20|20|12|11,12,11|2|0|2|0|1
000888|box_n3_H24|b000599|3,17,23|4|17|23|15|7|17|9|30|15|34|17|27,12,0,0|15|15|35,18,0,0|17|17|11|11,10,11|3|0|3|0|1
000889|box_n3_H24|b000600|3,17,24|4|17|24|12|7|20|9|24|12|40|20|24,12,0,0|12|12|36,16,0,0|20|20|12|12,8,12|2|11|2|0|1
000890|box_n3_H24|b000601|3,18,19|4|18|19|16|6|16|7|32|16|32|16|28,12,0,0|16|16|28,12,0,0|16|16|14|9,14,9|2|0|2|0|1
000891|box_n3_H24|b000602|3,18,20|4|18|20|16|6|16|7|32|16|32|16|28,12,0,0|16|16|32,16,0,0|16|16|12|10,12,10|4|100|4|0|1
000892|box_n3_H24|b000603|3,18,22|4|18|22|16|9|18|11|32|16|36|18|30,14,0,0|16|16|34,16,0,0|18|18|12|11,12,11|6|396|6|0|1
000893|box_n3_H24|b000604|3,18,23|4|18|23|12|11|18|13|24|12|36|18|28,16,0,0|12|12|34,16,0,0|18|18|12|9,12,9|2|0|2|0|1
000894|box_n3_H24|b000605|3,19,20|4|19|20|16|9|18|7|32|16|36|18|30,14,0,0|16|16|30,12,0,0|18|18|12|11,12,11|2|1|2|0|1
000895|box_n3_H24|b000606|3,19,21|4|19|21|13|9|19|7|26|13|38|19|29,16,0,0|13|13|33,14,0,0|19|19|12|12,8,12|3|0|3|0|1
000896|box_n3_H24|b000607|3,19,22|4|19|22|10|9|12|11|20|10|24|12|28,18,0,0|10|10|34,22,0,0|12|12|10|10,2,10|2|0|2|0|1
000897|box_n3_H24|b000608|3,19,23|4|19|23|15|9|21|11|30|15|42|21|29,14,0,0|15|15|35,14,0,0|21|21|12|12,12,12|3|0|3|0|1
000898|box_n3_H24|b000609|3,19,24|4|19|24|16|11|16|13|32|16|32|16|30,14,0,0|16|16|36,20,0,0|16|16|12|10,12,10|2|5|2|0|1
000899|box_n3_H24|b000610|3,20,21|4|20|21|14|9|18|7|28|14|36|18|30,16,0,0|14|14|30,12,0,0|18|18|12|10,12,10|2|3|2|0|1
000900|box_n3_H24|b000611|3,20,22|4|20|22|16|9|16|10|32|16|32|16|32,16,0,0|16|16|32,16,0,0|16|16|12|10,12,10|4|140|4|0|1
000901|box_n3_H24|b000612|3,20,23|4|20|23|10|9|12|11|20|10|24|12|30,20,0,0|10|10|36,24,0,0|12|12|11|11,0,11|2|221|2|0|1
000902|box_n3_H24|b000613|3,20,24|4|20|24|16|9|20|11|32|16|40|20|32,16,0,0|16|16|40,20,0,0|20|20|12|12,12,12|8|84|8|0|1
000903|box_n3_H24|b000614|3,21,22|4|21|22|18|9|18|10|36|18|36|18|32,14,0,0|18|18|34,16,0,0|18|18|14|11,14,11|2|0|2|0|1
000904|box_n3_H24|b000615|3,21,23|4|21|23|17|9|17|10|34|17|34|17|33,16,0,0|17|17|35,18,0,0|17|17|12|12,10,12|3|0|3|0|1
000905|box_n3_H24|b000616|3,22,23|4|22|23|20|9|20|10|40|20|40|20|34,14,0,0|20|20|34,14,0,0|20|20|16|12,16,12|2|0|2|0|1
000906|box_n3_H24|b000617|3,22,24|4|22|24|18|9|18|10|36|18|36|18|36,18,0,0|18|18|36,18,0,0|18|18|12|12,12,12|4|86|4|0|1
000907|box_n3_H24|b000618|3,23,24|4|23|24|20|9|20|10|40|20|40|20|36,16,0,0|20|20|36,16,0,0|20|20|16|12,16,12|2|1|2|0|1
000908|box_n3_H24|b000619|4,5,6|4|5|6|2|2|4|2|4|2|8|4|8,6,0,0|2|2|10,6,0,0|4|4|4|1,4,1|1|2|1|0|1
000909|box_n3_H24|b000620|4,5,7|4|5|7|4|2|6|2|8|4|12|6|9,5,0,0|4|4|11,5,0,0|6|6|4|3,4,3|2|4|2|0|1
000910|box_n3_H24|b000621|4,5,8|4|5|8|0|-1|8|2|0|0|16|8|6,6,0,0|0|0|12,4,0,0|8|8|4|2,4,2|2|2|2|0|1
000911|box_n3_H24|b000622|4,5,9|4|5|9|2|3|4|3|4|2|8|4|9,7,0,0|2|2|15,11,0,0|4|4|3|3,0,3|1|2|1|0|1
000912|box_n3_H24|b000623|4,5,10|4|5|10|4|3|10|3|8|4|20|10|10,6,0,0|4|4|20,10,0,0|10|10|5|5,4,5|8|4|10|2|1
000913|box_n3_H24|b000624|4,5,11|4|5|11|2|3|10|3|4|2|20|10|9,7,0,0|2|2|17,7,0,0|10|10|4|4,4,4|2|4|2|0|0
000914|box_n3_H24|b000625|4,5,12|4|5|12|0|-1|10|3|0|0|20|10|6,6,0,0|0|0|18,8,0,0|10|10|4|4,2,4|2|3|2|0|0
000915|box_n3_H24|b000626|4,5,13|4|5|13|4|2|10|5|8|4|20|10|9,5,0,0|4|4|21,11,0,0|10|10|6|4,6,4|2|1|2|0|0
000916|box_n3_H24|b000627|4,5,14|4|5|14|2|2|10|5|4|2|20|10|8,6,0,0|2|2|22,12,0,0|10|10|6|3,6,3|1|2|1|0|0
000917|box_n3_H24|b000628|4,5,15|4|5|15|6|2|12|5|12|6|24|12|15,9,0,0|6|6|25,13,0,0|12|12|7|7,4,7|12|24|15|3|0
000918|box_n3_H24|b000629|4,5,16|4|5|16|6|2|12|5|12|6|24|12|6,0,0,0|6|6|24,12,0,0|12|12|6|6,6,6|2|2|2|0|0
000919|box_n3_H24|b000630|4,5,17|4|5|17|4|2|14|5|8|4|28|14|9,5,0,0|4|4|27,13,0,0|14|14|8|5,8,5|2|1|2|0|0
000920|box_n3_H24|b000631|4,5,18|4|5|18|4|3|14|5|8|4|28|14|8,4,0,0|4|4|28,14,0,0|14|14|7|7,4,7|2|36|2|0|0
000921|box_n3_H24|b000632|4,5,19|4|5|19|2|7|16|5|4|2|32|16|9,7,0,0|2|2|29,13,0,0|16|16|6|6,6,6|2|60|2|0|0
000922|box_n3_H24|b000633|4,5,20|4|5|20|0|-1|18|5|0|0|36|18|0,0,0,0|0|0|30,12,0,0|18|18|6|6,6,6|-1|-1|0|0|0
000923|box_n3_H24|b000634|4,5,21|4|5|21|2|7|14|6|4|2|28|14|9,7,0,0|2|2|33,19,0,0|14|14|6|6,4,6|2|75|2|0|0
000924|box_n3_H24|b000635|4,5,22|4|5|22|4|3|16|6|8|4|32|16|8,4,0,0|4|4|34,18,0,0|16|16|7|7,6,7|2|44|2|0|0
000925|box_n3_H24|b000636|4,5,23|4|5|23|4|2|18|6|8|4|36|18|9,5,0,0|4|4|35,17,0,0|18|18|8|7,8,7|2|4|2|0|0
000926|box_n3_H24|b000637|4,5,24|4|5|24|6|2|20|6|12|6|40|20|6,0,0,0|6|6|36,16,0,0|20|20|10|8,10,8|2|2|2|0|0
000927|box_n3_H24|b000638|4,6,7|4|6|7|4|2|6|2|8|4|12|6|10,6,0,0|4|4|10,4,0,0|6|6|4|3,4,3|2|24|2|0|1
000928|box_n3_H24|b000639|4,6,9|4|6|9|6|2|6|3|12|6|12|6|12,6,0,0|6|6|12,6,0,0|6|6|6|3,6,3|6|12|6|0|1
000929|box_n3_H24|b000640|4,6,11|4|6|11|4|3|10|3|8|4|20|10|10,6,0,0|4|4|16,6,0,0|10|10|5|5,4,5|2|36|2|0|1
000930|box_n3_H24|b000641|4,6,13|4|6|13|4|3|8|5|8|4|16|8|10,6,0,0|4|4|20,12,0,0|8|8|6|3,6,3|2|48|2|0|0
000931|box_n3_H24|b000642|4,6,15|4|6|15|6|2|12|5|12|6|24|12|12,6,0,0|6|6|24,12,0,0|12|12|8|5,8,5|6|16|6|0|0
000932|box_n3_H24|b000643|4,6,17|4|6|17|4|2|12|5|8|4|24|12|10,6,0,0|4|4|26,14,0,0|12|12|6|5,6,5|2|60|2|0|0
000933|box_n3_H24|b000644|4,6,19|4|6|19|4|2|16|5|8|4|32|16|10,6,0,0|4|4|28,12,0,0|16|16|7|7,6,7|2|60|2|0|0
000934|box_n3_H24|b000645|4,6,21|4|6|21|6|2|14|6|12|6|28|14|12,6,0,0|6|6|30,16,0,0|14|14|10|5,10,5|6|24|6|0|0
000935|box_n3_H24|b000646|4,6,23|4|6|23|4|9|18|6|8|4|36|18|10,6,0,0|4|4|34,16,0,0|18|18|8|7,8,7|2|72|2|0|0
000936|box_n3_H24|b000647|4,7,8|4|7|8|6|2|8|2|12|6|16|8|12,6,0,0|6|6|12,4,0,0|8|8|6|4,6,4|2|2|2|0|1
000937|box_n3_H24|b000648|4,7,9|4|7|9|6|2|6|3|12|6|12|6|11,5,0,0|6|6|15,9,0,0|6|6|4|4,4,4|2|4|2|0|1
000938|box_n3_H24|b000649|4,7,10|4|7|10|4|2|8|3|8|4|16|8|10,6,0,0|4|4|16,8,0,0|8|8|6|3,6,3|1|1|1|0|1
000939|box_n3_H24|b000650|4,7,11|4|7|11|4|9|6|3|8|4|12|6|11,7,0,0|4|4|17,11,0,0|6|6|5|5,0,5|1|2|1|0|1
000940|box_n3_H24|b000651|4,7,12|4|7|12|6|3|10|3|12|6|20|10|12,6,0,0|6|6|18,8,0,0|10|10|6|6,4,6|2|1|2|0|1
000941|box_n3_H24|b000652|4,7,13|4|7|13|6|3|8|5|12|6|16|8|11,5,0,0|6|6|21,13,0,0|8|8|5|5,4,5|2|4|2|0|1
000942|box_n3_H24|b000653|4,7,14|4|7|14|8|3|14|5|16|8|28|14|14,6,0,0|8|8|28,14,0,0|14|14|8|7,8,7|14|8|14|0|1
000943|box_n3_H24|b000654|4,7,15|4|7|15|6|3|12|5|12|6|24|12|11,5,0,0|6|6|23,11,0,0|12|12|6|6,6,6|2|3|2|0|0
000944|box_n3_H24|b000655|4,7,16|4|7|16|6|3|12|5|12|6|24|12|12,6,0,0|6|6|24,12,0,0|12|12|6|6,6,6|2|1|2|0|0
000945|box_n3_H24|b000656|4,7,17|4|7|17|4|9|14|5|8|4|28|14|11,7,0,0|4|4|27,13,0,0|14|14|6|6,6,6|2|52|2|0|0
000946|box_n3_H24|b000657|4,7,18|4|7|18|4|2|14|5|8|4|28|14|10,6,0,0|4|4|28,14,0,0|14|14|8|5,8,5|1|1|1|0|0
000947|box_n3_H24|b000658|4,7,19|4|7|19|6|2|16|5|12|6|32|16|11,5,0,0|6|6|29,13,0,0|16|16|8|7,8,7|2|3|2|0|0
000948|box_n3_H24|b000659|4,7,20|4|7|20|6|2|18|5|12|6|36|18|12,6,0,0|6|6|30,12,0,0|18|18|8|8,8,8|2|2|2|0|0
000949|box_n3_H24|b000660|4,7,21|4|7|21|12|2|18|6|24|12|36|18|21,9,0,0|12|12|35,17,0,0|18|18|11|11,8,11|21|12|21|0|0
000950|box_n3_H24|b000661|4,7,22|4|7|22|6|2|16|6|12|6|32|16|10,4,0,0|6|6|34,18,0,0|16|16|8|7,8,7|2|88|2|0|0
000951|box_n3_H24|b000662|4,7,23|4|7|23|6|2|18|6|12|6|36|18|11,5,0,0|6|6|35,17,0,0|18|18|8|8,8,8|2|3|2|0|0
000952|box_n3_H24|b000663|4,7,24|4|7|24|12|2|20|6|24|12|40|20|12,0,0,0|12|12|36,16,0,0|20|20|12|10,12,10|2|1|2|0|0
000953|box_n3_H24|b000664|4,8,9|4|8|9|8|2|6|3|16|8|12|6|12,4,0,0|8|8|12,6,0,0|6|6|6|4,6,4|2|2|2|0|1
000954|box_n3_H24|b000665|4,8,11|4|8|11|8|2|12|3|16|8|24|12|12,4,0,0|8|8|18,6,0,0|12|12|8|6,8,6|2|1|2|0|1
000955|box_n3_H24|b000666|4,8,13|4|8|13|8|6|6|9|16|8|12|6|12,4,0,0|8|8|18,12,0,0|6|6|6|4,6,4|2|2|2|0|1
000956|box_n3_H24|b000667|4,8,15|4|8|15|8|3|12|5|16|8|24|12|12,4,0,0|8|8|24,12,0,0|12|12|8|6,8,6|2|2|2|0|1
000957|box_n3_H24|b000668|4,8,17|4|8|17|8|3|12|5|16|8|24|12|12,4,0,0|8|8|24,12,0,0|12|12|8|6,8,6|2|2|2|0|0
000958|box_n3_H24|b000669|4,8,19|4|8|19|8|6|18|5|16|8|36|18|12,4,0,0|8|8|30,12,0,0|18|18|10|8,10,8|2|1|2|0|0
000959|box_n3_H24|b000670|4,8,21|4|8|21|8|2|12|6|16|8|24|12|12,4,0,0|8|8|30,18,0,0|12|12|8|6,8,6|2|2|2|0|0
000960|box_n3_H24|b000671|4,8,23|4|8|23|8|2|18|6|16|8|36|18|12,4,0,0|8|8|36,18,0,0|18|18|10|8,10,8|2|2|2|0|0
000961|box_n3_H24|b000672|4,9,10|4|9|10|6|5|8|3|12|6|16|8|14,8,0,0|6|6|16,8,0,0|8|8|5|5,4,5|2|40|2|0|1
000962|box_n3_H24|b000673|4,9,11|4|9|11|6|5|8|3|12|6|16|8|15,9,0,0|6|6|17,9,0,0|8|8|5|5,4,5|2|8|2|0|1
000963|box_n3_H24|b000674|4,9,12|4|9|12|6|5|10|3|12|6|20|10|18,12,0,0|6|6|18,8,0,0|10|10|6|6,4,6|6|13|6|0|1
000964|box_n3_H24|b000675|4,9,13|4|9|13|4|13|6|9|8|4|12|6|15,11,0,0|4|4|21,15,0,0|6|6|5|5,0,5|1|2|1|0|1
000965|box_n3_H24|b000676|4,9,14|4|9|14|4|6|10|9|8|4|20|10|14,10,0,0|4|4|22,12,0,0|10|10|8|3,8,3|1|2|1|0|1
000966|box_n3_H24|b000677|4,9,15|4|9|15|8|3|14|5|16|8|28|14|15,7,0,0|8|8|27,13,0,0|14|14|8|8,6,8|9|60|9|0|1
000967|box_n3_H24|b000678|4,9,16|4|9|16|6|3|12|5|12|6|24|12|12,6,0,0|6|6|24,12,0,0|12|12|6|6,6,6|2|3|2|0|1
000968|box_n3_H24|b000679|4,9,17|4|9|17|6|3|12|5|12|6|24|12|15,9,0,0|6|6|27,15,0,0|12|12|6|6,6,6|2|5|2|0|1
000969|box_n3_H24|b000680|4,9,18|4|9|18|8|3|18|5|16|8|36|18|18,10,0,0|8|8|36,18,0,0|18|18|9|9,8,9|16|8|18|2|1
000970|box_n3_H24|b000681|4,9,19|4|9|19|6|3|16|5|12|6|32|16|15,9,0,0|6|6|29,13,0,0|16|16|8|7,8,7|2|4|2|0|0
000971|box_n3_H24|b000682|4,9,20|4|9|20|6|3|18|5|12|6|36|18|12,6,0,0|6|6|30,12,0,0|18|18|8|8,8,8|2|3|2|0|0
000972|box_n3_H24|b000683|4,9,21|4|9|21|8|3|18|6|16|8|36|18|15,7,0,0|8|8|33,15,0,0|18|18|9|9,8,9|9|84|9|0|0
000973|box_n3_H24|b000684|4,9,22|4|9|22|4|6|16|6|8|4|32|16|14,10,0,0|4|4|34,18,0,0|16|16|10|5,10,5|1|2|1|0|0
000974|box_n3_H24|b000685|4,9,23|4|9|23|4|13|20|6|8|4|40|20|15,11,0,0|4|4|35,15,0,0|20|20|8|8,8,8|2|8|2|0|0
000975|box_n3_H24|b000686|4,9,24|4|9|24|6|5|20|6|12|6|40|20|18,12,0,0|6|6|36,16,0,0|20|20|10|8,10,8|6|26|6|0|0
000976|box_n3_H24|b000687|4,10,11|4|10|11|8|5|10|3|16|8|20|10|16,8,0,0|8|8|16,6,0,0|10|10|7|7,4,7|2|40|2|0|1
000977|box_n3_H24|b000688|4,10,13|4|10|13|8|5|10|7|16|8|20|10|16,8,0,0|8|8|20,10,0,0|10|10|7|7,4,7|2|40|2|0|1
000978|box_n3_H24|b000689|4,10,15|4|10|15|10|6|10|9|20|10|20|10|20,10,0,0|10|10|20,10,0,0|10|10|10|5,10,5|8|12|10|2|1
000979|box_n3_H24|b000690|4,10,17|4|10|17|8|3|14|5|16|8|28|14|16,8,0,0|8|8|26,12,0,0|14|14|9|9,4,9|2|60|2|0|1
000980|box_n3_H24|b000691|4,10,19|4|10|19|8|3|16|5|16|8|32|16|16,8,0,0|8|8|28,12,0,0|16|16|9|9,6,9|2|60|2|0|1
000981|box_n3_H24|b000692|4,10,21|4|10|21|8|3|14|6|16|8|28|14|16,8,0,0|8|8|32,18,0,0|14|14|8|7,8,7|2|80|2|0|0
000982|box_n3_H24|b000693|4,10,23|4|10|23|8|3|16|6|16|8|32|16|16,8,0,0|8|8|34,18,0,0|16|16|10|7,10,7|2|80|2|0|0
000983|box_n3_H24|b000694|4,11,12|4|11|12|6|5|10|3|12|6|20|10|18,12,0,0|6|6|18,8,0,0|10|10|6|6,4,6|2|5|2|0|1
000984|box_n3_H24|b000695|4,11,13|4|11|13|8|5|10|6|16|8|20|10|17,9,0,0|8|8|21,11,0,0|10|10|6|6,6,6|2|8|2|0|1
000985|box_n3_H24|b000696|4,11,14|4|11|14|8|5|10|7|16|8|20|10|16,8,0,0|8|8|22,12,0,0|10|10|8|5,8,5|2|84|2|0|1
000986|box_n3_H24|b000697|4,11,15|4|11|15|6|5|8|7|12|6|16|8|17,11,0,0|6|6|23,15,0,0|8|8|7|7,0,7|1|2|1|0|1
000987|box_n3_H24|b000698|4,11,16|4|11|16|6|7|12|9|12|6|24|12|18,12,0,0|6|6|24,12,0,0|12|12|6|6,6,6|2|2|2|0|1
000988|box_n3_H24|b000699|4,11,17|4|11|17|10|6|12|9|20|10|24|12|17,7,0,0|10|10|27,15,0,0|12|12|8|7,8,7|2|4|2|0|1
000989|box_n3_H24|b000700|4,11,18|4|11|18|6|6|14|9|12|6|28|14|16,10,0,0|6|6|28,14,0,0|14|14|10|5,10,5|1|1|1|0|1
000990|box_n3_H24|b000701|4,11,19|4|11|19|8|3|14|5|16|8|28|14|17,9,0,0|8|8|29,15,0,0|14|14|8|8,6,8|2|7|2|0|1
000991|box_n3_H24|b000702|4,11,20|4|11|20|12|3|18|5|24|12|36|18|18,6,0,0|12|12|30,12,0,0|18|18|10|10,10,10|2|1|2|0|1
000992|box_n3_H24|b000703|4,11,21|4|11|21|10|3|14|10|20|10|28|14|17,7,0,0|10|10|33,19,0,0|14|14|8|8,8,8|2|4|2|0|1
000993|box_n3_H24|b000704|4,11,22|4|11|22|12|3|22|6|24|12|44|22|22,10,0,0|12|12|44,22,0,0|22|22|12|11,12,11|22|12|22|0|1
000994|box_n3_H24|b000705|4,11,23|4|11|23|10|3|20|6|20|10|40|20|17,7,0,0|10|10|35,15,0,0|20|20|12|9,12,9|2|3|2|0|0
000995|box_n3_H24|b000706|4,11,24|4|11|24|12|3|20|6|24|12|40|20|18,6,0,0|12|12|36,16,0,0|20|20|12|10,12,10|2|1|2|0|0
000996|box_n3_H24|b000707|4,12,13|4|12|13|10|5|6|6|20|10|12|6|18,8,0,0|10|10|18,12,0,0|6|6|6|6,4,6|2|3|2|0|1
000997|box_n3_H24|b000708|4,12,15|4|12|15|10|5|6|7|20|10|12|6|18,8,0,0|10|10|18,12,0,0|6|6|6|6,4,6|6|33|6|0|1
000998|box_n3_H24|b000709|4,12,17|4|12|17|10|7|6|9|20|10|12|6|18,8,0,0|10|10|24,18,0,0|6|6|6|6,4,6|2|3|2|0|1
000999|box_n3_H24|b000710|4,12,19|4|12|19|10|6|12|9|20|10|24|12|18,8,0,0|10|10|30,18,0,0|12|12|8|8,6,8|2|1|2|0|1
001000|box_n3_H24|b000711|4,12,21|4|12|21|10|3|12|9|20|10|24|12|18,8,0,0|10|10|36,24,0,0|12|12|8|8,6,8|6|29|6|0|1
001001|box_n3_H24|b000712|4,12,23|4|12|23|10|3|12|10|20|10|24|12|18,8,0,0|10|10|36,24,0,0|12|12|8|8,6,8|2|5|2|0|1
001002|box_n3_H24|b000713|4,13,14|4|13|14|10|5|10|6|20|10|20|10|20,10,0,0|10|10|22,12,0,0|10|10|7|7,6,7|2|56|2|0|1
001003|box_n3_H24|b000714|4,13,15|4|13|15|10|5|12|6|20|10|24|12|21,11,0,0|10|10|23,11,0,0|12|12|8|7,8,7|2|8|2|0|1
001004|box_n3_H24|b000715|4,13,16|4|13|16|6|5|12|7|12|6|24|12|18,12,0,0|6|6|24,12,0,0|12|12|6|6,6,6|2|2|2|0|1
001005|box_n3_H24|b000716|4,13,17|4|13|17|6|5|8|7|12|6|16|8|21,15,0,0|6|6|27,19,0,0|8|8|7|7,0,7|1|2|1|0|1
001006|box_n3_H24|b000717|4,13,18|4|13|18|10|5|14|7|20|10|28|14|20,10,0,0|10|10|28,14,0,0|14|14|9|9,6,9|2|108|2|0|1
001007|box_n3_H24|b000718|4,13,19|4|13|19|8|7|16|9|16|8|32|16|21,13,0,0|8|8|29,13,0,0|16|16|8|8,8,8|2|4|2|0|1
001008|box_n3_H24|b000719|4,13,20|4|13|20|12|6|18|9|24|12|36|18|18,6,0,0|12|12|30,12,0,0|18|18|10|10,10,10|2|2|2|0|1
001009|box_n3_H24|b000720|4,13,21|4|13|21|10|6|16|9|20|10|32|16|21,11,0,0|10|10|33,17,0,0|16|16|10|8,10,8|2|1|2|0|1
001010|box_n3_H24|b000721|4,13,22|4|13|22|6|6|16|9|12|6|32|16|20,14,0,0|6|6|34,18,0,0|16|16|12|5,12,5|1|2|1|0|1
001011|box_n3_H24|b000722|4,13,23|4|13|23|10|6|16|9|20|10|32|16|21,11,0,0|10|10|35,19,0,0|16|16|9|9,8,9|2|8|2|0|1
001012|box_n3_H24|b000723|4,13,24|4|13|24|6|5|20|10|12|6|40|20|18,12,0,0|6|6|36,16,0,0|20|20|10|8,10,8|2|3|2|0|1
001013|box_n3_H24|b000724|4,14,15|4|14|15|10|5|12|6|20|10|24|12|22,12,0,0|10|10|22,10,0,0|12|12|8|7,8,7|2|56|2|0|1
001014|box_n3_H24|b000725|4,14,17|4|14|17|10|5|12|7|20|10|24|12|22,12,0,0|10|10|26,14,0,0|12|12|8|7,8,7|2|84|2|0|1
001015|box_n3_H24|b000726|4,14,19|4|14|19|10|5|16|7|20|10|32|16|22,12,0,0|10|10|28,12,0,0|16|16|9|9,8,9|2|84|2|0|1
001016|box_n3_H24|b000727|4,14,21|4|14|21|14|6|14|9|28|14|28|14|28,14,0,0|14|14|28,14,0,0|14|14|14|7,14,7|14|24|14|0|1
001017|box_n3_H24|b000728|4,14,23|4|14|23|10|6|20|9|20|10|40|20|22,12,0,0|10|10|34,14,0,0|20|20|11|11,8,11|2|84|2|0|1
001018|box_n3_H24|b000729|4,15,16|4|15|16|12|5|12|6|24|12|24|12|24,12,0,0|12|12|24,12,0,0|12|12|8|8,8,8|2|5|2|0|1
001019|box_n3_H24|b000730|4,15,17|4|15|17|12|5|12|6|24|12|24|12|23,11,0,0|12|12|27,15,0,0|12|12|8|8,8,8|2|8|2|0|1
001020|box_n3_H24|b000731|4,15,18|4|15|18|14|5|16|6|28|14|32|16|24,10,0,0|14|14|30,14,0,0|16|16|11|11,8,11|6|24|6|0|1
001021|box_n3_H24|b000732|4,15,19|4|15|19|8|5|10|7|16|8|20|10|23,15,0,0|8|8|29,19,0,0|10|10|9|9,0,9|1|2|1|0|1
001022|box_n3_H24|b000733|4,15,20|4|15|20|18|5|18|7|36|18|36|18|30,12,0,0|18|18|30,12,0,0|18|18|12|12,12,12|10|19|10|0|1
001023|box_n3_H24|b000734|4,15,21|4|15|21|14|5|16|7|28|14|32|16|27,13,0,0|14|14|33,17,0,0|16|16|11|11,8,11|9|140|9|0|1
001024|box_n3_H24|b000735|4,15,22|4|15|22|12|7|16|9|24|12|32|16|22,10,0,0|12|12|34,18,0,0|16|16|10|9,10,9|2|132|2|0|1
001025|box_n3_H24|b000736|4,15,23|4|15|23|12|6|18|9|24|12|36|18|23,11,0,0|12|12|35,17,0,0|18|18|10|10,10,10|2|3|2|0|1
001026|box_n3_H24|b000737|4,15,24|4|15|24|12|6|20|9|24|12|40|20|18,6,0,0|12|12|36,16,0,0|20|20|12|10,12,10|6|27|6|0|1
001027|box_n3_H24|b000738|4,16,17|4|16|17|12|5|12|6|24|12|24|12|24,12,0,0|12|12|24,12,0,0|12|12|8|8,8,8|2|6|2|0|1
001028|box_n3_H24|b000739|4,16,19|4|16|19|12|5|18|6|24|12|36|18|24,12,0,0|12|12|30,12,0,0|18|18|10|10,10,10|2|1|2|0|1
001029|box_n3_H24|b000740|4,16,21|4|16|21|12|5|18|7|24|12|36|18|24,12,0,0|12|12|30,12,0,0|18|18|10|10,10,10|2|2|2|0|1
001030|box_n3_H24|b000741|4,16,23|4|16|23|12|7|18|9|24|12|36|18|24,12,0,0|12|12|36,18,0,0|18|18|10|10,10,10|2|1|2|0|1
001031|box_n3_H24|b000742|4,17,18|4|17|18|12|5|14|6|24|12|28|14|26,14,0,0|12|12|28,14,0,0|14|14|9|9,8,9|2|144|2|0|1
001032|box_n3_H24|b000743|4,17,19|4|17|19|12|5|14|6|24|12|28|14|27,15,0,0|12|12|29,15,0,0|14|14|9|9,8,9|2|12|2|0|1
001033|box_n3_H24|b000744|4,17,20|4|17|20|12|5|18|6|24|12|36|18|24,12,0,0|12|12|30,12,0,0|18|18|10|10,10,10|2|2|2|0|1
001034|box_n3_H24|b000745|4,17,21|4|17|21|8|5|10|7|16|8|20|10|27,19,0,0|8|8|33,23,0,0|10|10|9|9,0,9|1|2|1|0|1
001035|box_n3_H24|b000746|4,17,22|4|17|22|14|5|16|7|28|14|32|16|26,12,0,0|14|14|34,18,0,0|16|16|11|11,8,11|2|132|2|0|1
001036|box_n3_H24|b000747|4,17,23|4|17|23|12|5|18|7|24|12|36|18|27,15,0,0|12|12|35,17,0,0|18|18|10|10,10,10|2|4|2|0|1
001037|box_n3_H24|b000748|4,17,24|4|17|24|6|7|20|9|12|6|40|20|24,18,0,0|6|6|36,16,0,0|20|20|10|8,10,8|2|2|2|0|1
001038|box_n3_H24|b000749|4,18,19|4|18|19|14|5|14|6|28|14|28|14|28,14,0,0|14|14|28,14,0,0|14|14|10|9,10,9|2|144|2|0|1
001039|box_n3_H24|b000750|4,18,21|4|18|21|16|5|14|6|32|16|28|14|30,14,0,0|16|16|30,16,0,0|14|14|12|9,12,9|6|60|6|0|1
001040|box_n3_H24|b000751|4,18,23|4|18|23|14|5|18|7|28|14|36|18|28,14,0,0|14|14|34,16,0,0|18|18|11|11,10,11|2|108|2|0|1
001041|box_n3_H24|b000752|4,19,20|4|19|20|18|5|18|6|36|18|36|18|30,12,0,0|18|18|30,12,0,0|18|18|12|12,12,12|2|5|2|0|1
001042|box_n3_H24|b000753|4,19,21|4|19|21|14|5|16|6|28|14|32|16|29,15,0,0|14|14|33,17,0,0|16|16|10|10,10,10|2|12|2|0|1
001043|box_n3_H24|b000754|4,19,22|4|19|22|14|5|16|6|28|14|32|16|28,14,0,0|14|14|34,18,0,0|16|16|12|9,12,9|2|220|2|0|1
001044|box_n3_H24|b000755|4,19,23|4|19|23|10|5|12|7|20|10|24|12|29,19,0,0|10|10|35,23,0,0|12|12|11|11,0,11|1|2|1|0|1
001045|box_n3_H24|b000756|4,19,24|4|19|24|12|5|20|7|24|12|40|20|30,18,0,0|12|12|36,16,0,0|20|20|12|10,12,10|2|2|2|0|1
001046|box_n3_H24|b000757|4,20,21|4|20|21|18|5|18|6|36|18|36|18|30,12,0,0|18|18|30,12,0,0|18|18|12|12,12,12|2|6|2|0|1
001047|box_n3_H24|b000758|4,20,23|4|20|23|18|5|24|6|36|18|48|24|30,12,0,0|18|18|36,12,0,0|24|24|14|14,14,14|2|1|2|0|1
001048|box_n3_H24|b000759|4,21,22|4|21|22|14|6|16|6|28|14|32|16|32,18,0,0|14|14|34,18,0,0|16|16|12|9,12,9|2|176|2|0|1
001049|box_n3_H24|b000760|4,21,23|4|21|23|16|6|18|6|32|16|36|18|33,17,0,0|16|16|35,17,0,0|18|18|12|11,12,11|2|12|2|0|1
001050|box_n3_H24|b000761|4,21,24|4|21|24|18|6|20|6|36|18|40|20|36,18,0,0|18|18|36,16,0,0|20|20|14|12,14,12|6|34|6|0|1
001051|box_n3_H24|b000762|4,22,23|4|22|23|16|6|18|6|32|16|36|18|34,18,0,0|16|16|34,16,0,0|18|18|12|11,12,11|2|176|2|0|1
001052|box_n3_H24|b000763|4,23,24|4|23|24|18|6|20|6|36|18|40|20|36,18,0,0|18|18|36,16,0,0|20|20|14|12,14,12|2|6|2|0|1
001053|box_n3_H24|b000764|5,6,7|4|6|7|4|2|6|2|8|4|12|6|10,6,0,0|4|4|10,4,0,0|6|6|6|2,6,2|2|0|2|0|0
001054|box_n3_H24|b000765|5,6,8|4|6|8|6|2|6|2|12|6|12|6|12,6,0,0|6|6|12,6,0,0|6|6|4|4,4,4|4|13|4|0|1
001055|box_n3_H24|b000766|5,6,9|4|6|9|6|2|8|2|12|6|16|8|12,6,0,0|6|6|12,4,0,0|8|8|8|3,8,3|6|24|6|0|1
001056|box_n3_H24|b000767|5,6,10|4|6|10|6|3|12|2|12|6|24|12|10,4,0,0|6|6|18,6,0,0|12|12|8|5,8,5|6|60|6|0|1
001057|box_n3_H24|b000768|5,6,11|4|6|11|4|3|6|3|8|4|12|6|10,6,0,0|4|4|16,10,0,0|6|6|4|4,2,4|2|0|2|0|1
001058|box_n3_H24|b000769|5,6,12|4|6|12|6|3|12|3|12|6|24|12|12,6,0,0|6|6|24,12,0,0|12|12|6|6,6,6|12|24|12|0|1
001059|box_n3_H24|b000770|5,6,13|4|6|13|4|3|12|3|8|4|24|12|10,6,0,0|4|4|20,8,0,0|12|12|6|5,6,5|2|0|2|0|0
001060|box_n3_H24|b000771|5,6,14|4|6|14|6|3|12|3|12|6|24|12|10,4,0,0|6|6|22,10,0,0|12|12|6|6,6,6|6|84|6|0|0
001061|box_n3_H24|b000772|5,6,15|4|6|15|6|2|14|3|12|6|28|14|12,6,0,0|6|6|24,10,0,0|14|14|7|7,6,7|6|16|6|0|0
001062|box_n3_H24|b000773|5,6,16|4|6|16|6|2|12|5|12|6|24|12|12,6,0,0|6|6|24,12,0,0|12|12|6|6,6,6|4|7|4|0|0
001063|box_n3_H24|b000774|5,6,17|4|6|17|4|2|14|5|8|4|28|14|10,6,0,0|4|4|26,12,0,0|14|14|8|5,8,5|2|0|2|0|0
001064|box_n3_H24|b000775|5,6,18|4|6|18|10|2|16|5|20|10|32|16|18,8,0,0|10|10|30,14,0,0|16|16|9|9,8,9|18|36|18|0|0
001065|box_n3_H24|b000776|5,6,19|4|6|19|10|2|14|5|20|10|28|14|10,0,0,0|10|10|28,14,0,0|14|14|8|8,8,8|2|0|2|0|0
001066|box_n3_H24|b000777|5,6,20|4|6|20|4|2|16|5|8|4|32|16|8,4,0,0|4|4|32,16,0,0|16|16|8|6,8,6|4|120|4|0|0
001067|box_n3_H24|b000778|5,6,21|4|6|21|8|2|18|5|16|8|36|18|12,4,0,0|8|8|30,12,0,0|18|18|12|7,12,7|6|52|6|0|0
001068|box_n3_H24|b000779|5,6,22|4|6|22|6|3|18|5|12|6|36|18|10,4,0,0|6|6|34,16,0,0|18|18|8|8,8,8|6|132|6|0|0
001069|box_n3_H24|b000780|5,6,23|4|6|23|6|6|20|5|12|6|40|20|10,4,0,0|6|6|34,14,0,0|20|20|10|8,10,8|2|0|2|0|0
001070|box_n3_H24|b000781|5,6,24|4|6|24|0|-1|18|5|0|0|36|18|0,0,0,0|0|0|36,18,0,0|18|18|6|6,6,6|-1|-1|0|0|0
001071|box_n3_H24|b000782|5,7,8|4|7|8|6|2|8|2|12|6|16|8|12,6,0,0|6|6|12,4,0,0|8|8|5|5,4,5|2|5|2|0|1
001072|box_n3_H24|b000783|5,7,9|4|7|9|5|2|9|2|10|5|18|9|11,6,0,0|5|5|15,6,0,0|9|9|6|4,6,4|3|0|3|0|1
001073|box_n3_H24|b000784|5,7,10|4|7|10|6|2|12|2|12|6|24|12|10,4,0,0|6|6|16,4,0,0|12|12|8|5,8,5|2|0|2|0|1
001074|box_n3_H24|b000785|5,7,11|4|7|11|5|7|9|3|10|5|18|9|11,6,0,0|5|5|17,8,0,0|9|9|6|6,2,6|3|0|3|0|1
001075|box_n3_H24|b000786|5,7,12|4|7|12|4|3|6|3|8|4|12|6|12,8,0,0|4|4|18,12,0,0|6|6|5|5,0,5|2|37|2|0|1
001076|box_n3_H24|b000787|5,7,13|4|7|13|5|3|13|3|10|5|26|13|11,6,0,0|5|5|21,8,0,0|13|13|7|7,4,7|3|0|3|0|1
001077|box_n3_H24|b000788|5,7,14|4|7|14|8|3|16|3|16|8|32|16|14,6,0,0|8|8|28,12,0,0|16|16|8|8,8,8|14|16|14|0|1
001078|box_n3_H24|b000789|5,7,15|4|7|15|5|3|13|3|10|5|26|13|11,6,0,0|5|5|23,10,0,0|13|13|7|7,4,7|3|0|3|0|0
001079|box_n3_H24|b000790|5,7,16|4|7|16|4|3|12|5|8|4|24|12|12,8,0,0|4|4|24,12,0,0|12|12|6|5,6,5|2|6|2|0|0
001080|box_n3_H24|b000791|5,7,17|4|7|17|5|7|15|5|10|5|30|15|11,6,0,0|5|5|27,12,0,0|15|15|7|7,6,7|3|0|3|0|0
001081|box_n3_H24|b000792|5,7,18|4|7|18|6|2|14|5|12|6|28|14|10,4,0,0|6|6|28,14,0,0|14|14|8|6,8,6|2|0|2|0|0
001082|box_n3_H24|b000793|5,7,19|4|7|19|5|2|15|5|10|5|30|15|11,6,0,0|5|5|29,14,0,0|15|15|8|6,8,6|3|0|3|0|0
001083|box_n3_H24|b000794|5,7,20|4|7|20|6|2|14|5|12|6|28|14|12,6,0,0|6|6|30,16,0,0|14|14|8|6,8,6|2|2|2|0|0
001084|box_n3_H24|b000795|5,7,21|4|7|21|11|2|19|5|22|11|38|19|21,10,0,0|11|11|35,16,0,0|19|19|12|12,6,12|20|24|21|1|0
001085|box_n3_H24|b000796|5,7,22|4|7|22|6|2|20|5|12|6|40|20|10,4,0,0|6|6|34,14,0,0|20|20|10|8,10,8|2|0|2|0|0
001086|box_n3_H24|b000797|5,7,23|4|7|23|11|2|19|5|22|11|38|19|11,0,0,0|11|11|35,16,0,0|19|19|11|11,8,11|3|0|3|0|0
001087|box_n3_H24|b000798|5,7,24|4|7|24|6|2|20|5|12|6|40|20|12,6,0,0|6|6|36,16,0,0|20|20|9|9,8,9|2|1|2|0|0
001088|box_n3_H24|b000799|5,8,9|4|8|9|4|2|6|2|8|4|12|6|12,8,0,0|4|4|12,6,0,0|6|6|4|3,4,3|2|7|2|0|1
001089|box_n3_H24|b000800|5,8,10|4|8|10|6|2|8|2|12|6|16|8|12,6,0,0|6|6|12,4,0,0|8|8|6|4,6,4|4|13|4|0|1
001090|box_n3_H24|b000801|5,8,11|4|8|11|4|2|8|3|8|4|16|8|12,8,0,0|4|4|18,10,0,0|8|8|6|3,6,3|2|2|2|0|1
001091|box_n3_H24|b000802|5,8,12|4|8|12|8|2|8|3|16|8|16|8|16,8,0,0|8|8|16,8,0,0|8|8|8|4,8,4|8|48|8|0|1
001092|box_n3_H24|b000803|5,8,13|4|8|13|4|9|6|3|8|4|12|6|12,8,0,0|4|4|18,12,0,0|6|6|5|5,0,5|2|33|2|0|1
001093|box_n3_H24|b000804|5,8,14|4|8|14|6|3|12|3|12|6|24|12|12,6,0,0|6|6|24,12,0,0|12|12|6|6,6,6|4|13|4|0|1
001094|box_n3_H24|b000805|5,8,15|4|8|15|4|3|12|3|8|4|24|12|12,8,0,0|4|4|24,12,0,0|12|12|6|6,4,6|2|6|2|0|1
001095|box_n3_H24|b000806|5,8,16|4|8|16|8|3|16|5|16|8|32|16|16,8,0,0|8|8|32,16,0,0|16|16|8|8,8,8|16|32|16|0|1
001096|box_n3_H24|b000807|5,8,17|4|8|17|4|3|12|5|8|4|24|12|12,8,0,0|4|4|24,12,0,0|12|12|6|5,6,5|2|37|2|0|0
001097|box_n3_H24|b000808|5,8,18|4|8|18|6|3|12|5|12|6|24|12|12,6,0,0|6|6|24,12,0,0|12|12|6|6,6,6|4|15|4|0|0
001098|box_n3_H24|b000809|5,8,19|4|8|19|4|9|16|5|8|4|32|16|12,8,0,0|4|4|30,14,0,0|16|16|7|7,6,7|2|29|2|0|0
001099|box_n3_H24|b000810|5,8,20|4|8|20|8|2|16|5|16|8|32|16|16,8,0,0|8|8|32,16,0,0|16|16|8|8,8,8|8|16|8|0|0
001100|box_n3_H24|b000811|5,8,21|4|8|21|4|2|16|5|8|4|32|16|12,8,0,0|4|4|30,14,0,0|16|16|10|5,10,5|2|2|2|0|0
001101|box_n3_H24|b000812|5,8,22|4|8|22|6|2|18|5|12|6|36|18|12,6,0,0|6|6|36,18,0,0|18|18|8|8,8,8|4|31|4|0|0
001102|box_n3_H24|b000813|5,8,23|4|8|23|4|2|20|5|8|4|40|20|12,8,0,0|4|4|36,16,0,0|20|20|10|7,10,7|2|25|2|0|0
001103|box_n3_H24|b000814|5,8,24|4|8|24|12|2|20|5|24|12|40|20|24,12,0,0|12|12|40,20,0,0|20|20|12|12,8,12|24|48|24|0|0
001104|box_n3_H24|b000815|5,9,10|4|9|10|8|2|12|2|16|8|24|12|14,6,0,0|8|8|16,4,0,0|12|12|8|6,8,6|2|0|2|0|1
001105|box_n3_H24|b000816|5,9,11|4|9|11|9|2|9|3|18|9|18|9|15,6,0,0|9|9|17,8,0,0|9|9|7|7,4,7|3|0|3|0|1
001106|box_n3_H24|b000817|5,9,12|4|9|12|10|2|10|3|20|10|20|10|18,8,0,0|10|10|18,8,0,0|10|10|7|7,6,7|6|13|6|0|1
001107|box_n3_H24|b000818|5,9,13|4|9|13|7|2|11|3|14|7|22|11|15,8,0,0|7|7|21,10,0,0|11|11|8|5,8,5|3|0|3|0|1
001108|box_n3_H24|b000819|5,9,14|4|9|14|6|9|10|3|12|6|20|10|14,8,0,0|6|6|22,12,0,0|10|10|7|7,2,7|2|0|2|0|1
001109|box_n3_H24|b000820|5,9,15|4|9|15|7|3|15|3|14|7|30|15|15,8,0,0|7|7|27,12,0,0|15|15|9|9,4,9|8|60|9|1|1
001110|box_n3_H24|b000821|5,9,16|4|9|16|6|3|12|5|12|6|24|12|12,6,0,0|6|6|24,12,0,0|12|12|7|7,4,7|2|7|2|0|1
001111|box_n3_H24|b000822|5,9,17|4|9|17|9|3|13|5|18|9|26|13|15,6,0,0|9|9|27,14,0,0|13|13|8|7,8,7|3|0|3|0|1
001112|box_n3_H24|b000823|5,9,18|4|9|18|10|3|18|5|20|10|36|18|18,8,0,0|10|10|36,18,0,0|18|18|10|9,10,9|18|8|18|0|1
001113|box_n3_H24|b000824|5,9,19|4|9|19|9|3|17|5|18|9|34|17|15,6,0,0|9|9|29,12,0,0|17|17|9|9,8,9|3|0|3|0|0
001114|box_n3_H24|b000825|5,9,20|4|9|20|6|3|14|5|12|6|28|14|12,6,0,0|6|6|30,16,0,0|14|14|8|6,8,6|2|2|2|0|0
001115|box_n3_H24|b000826|5,9,21|4|9|21|7|3|17|5|14|7|34|17|15,8,0,0|7|7|33,16,0,0|17|17|9|9,6,9|8|84|9|1|0
001116|box_n3_H24|b000827|5,9,22|4|9|22|6|9|20|5|12|6|40|20|14,8,0,0|6|6|34,14,0,0|20|20|9|9,8,9|2|0|2|0|0
001117|box_n3_H24|b000828|5,9,23|4|9|23|7|2|19|5|14|7|38|19|15,8,0,0|7|7|35,16,0,0|19|19|10|8,10,8|3|0|3|0|0
001118|box_n3_H24|b000829|5,9,24|4|9|24|10|2|20|5|20|10|40|20|18,8,0,0|10|10|36,16,0,0|20|20|12|9,12,9|6|25|6|0|0
001119|box_n3_H24|b000830|5,10,11|4|10|11|10|2|8|3|20|10|16|8|16,6,0,0|10|10|16,8,0,0|8|8|8|5,8,5|2|0|2|0|1
001120|box_n3_H24|b000831|5,10,12|4|10|12|10|2|10|3|20|10|20|10|16,6,0,0|10|10|20,10,0,0|10|10|8|6,8,6|4|24|4|0|1
001121|box_n3_H24|b000832|5,10,13|4|10|13|10|2|12|3|20|10|24|12|16,6,0,0|10|10|20,8,0,0|12|12|10|6,10,6|2|0|2|0|1
001122|box_n3_H24|b000833|5,10,14|4|10|14|12|2|12|3|24|12|24|12|18,6,0,0|12|12|22,10,0,0|12|12|10|7,10,7|6|140|6|0|1
001123|box_n3_H24|b000834|5,10,16|4|10|16|8|6|12|9|16|8|24|12|12,4,0,0|8|8|24,12,0,0|12|12|8|6,8,6|4|27|4|0|1
001124|box_n3_H24|b000835|5,10,17|4|10|17|12|3|14|5|24|12|28|14|16,4,0,0|12|12|26,12,0,0|14|14|10|8,10,8|2|0|2|0|1
001125|box_n3_H24|b000836|5,10,18|4|10|18|12|3|16|5|24|12|32|16|18,6,0,0|12|12|30,14,0,0|16|16|12|8,12,8|6|180|6|0|1
001126|box_n3_H24|b000837|5,10,19|4|10|19|10|3|14|5|20|10|28|14|16,6,0,0|10|10|28,14,0,0|14|14|10|7,10,7|2|0|2|0|1
001127|box_n3_H24|b000838|5,10,21|4|10|21|10|3|18|5|20|10|36|18|16,6,0,0|10|10|32,14,0,0|18|18|12|8,12,8|2|0|2|0|0
001128|box_n3_H24|b000839|5,10,22|4|10|22|12|3|18|5|24|12|36|18|18,6,0,0|12|12|34,16,0,0|18|18|12|9,12,9|6|220|6|0|0
001129|box_n3_H24|b000840|5,10,23|4|10|23|12|3|18|5|24|12|36|18|16,4,0,0|12|12|34,16,0,0|18|18|12|9,12,9|2|0|2|0|0
001130|box_n3_H24|b000841|5,10,24|4|10|24|8|6|18|5|16|8|36|18|12,4,0,0|8|8|36,18,0,0|18|18|10|8,10,8|4|37|4|0|0
001131|box_n3_H24|b000842|5,11,12|4|11|12|8|5|10|3|16|8|20|10|18,10,0,0|8|8|18,8,0,0|10|10|7|7,4,7|2|6|2|0|1
001132|box_n3_H24|b000843|5,11,13|4|11|13|7|5|13|3|14|7|26|13|17,10,0,0|7|7|21,8,0,0|13|13|8|8,4,8|3|0|3|0|1
001133|box_n3_H24|b000844|5,11,14|4|11|14|8|5|14|3|16|8|28|14|16,8,0,0|8|8|22,8,0,0|14|14|8|8,6,8|2|0|2|0|1
001134|box_n3_H24|b000845|5,11,15|4|11|15|7|5|15|3|14|7|30|15|17,10,0,0|7|7|23,8,0,0|15|15|9|9,4,9|3|0|3|0|1
001135|box_n3_H24|b000846|5,11,16|4|11|16|6|13|8|9|12|6|16|8|18,12,0,0|6|6|24,16,0,0|8|8|7|7,0,7|2|57|2|0|1
001136|box_n3_H24|b000847|5,11,17|4|11|17|7|6|15|9|14|7|30|15|17,10,0,0|7|7|27,12,0,0|15|15|10|6,10,6|3|0|3|0|1
001137|box_n3_H24|b000848|5,11,18|4|11|18|10|6|12|9|20|10|24|12|16,6,0,0|10|10|28,16,0,0|12|12|10|6,10,6|2|0|2|0|1
001138|box_n3_H24|b000849|5,11,19|4|11|19|11|3|17|5|22|11|34|17|17,6,0,0|11|11|29,12,0,0|17|17|11|11,6,11|3|0|3|0|1
001139|box_n3_H24|b000850|5,11,20|4|11|20|10|3|14|5|20|10|28|14|18,8,0,0|10|10|30,16,0,0|14|14|8|8,8,8|2|5|2|0|1
001140|box_n3_H24|b000851|5,11,21|4|11|21|9|3|17|5|18|9|34|17|17,8,0,0|9|9|33,16,0,0|17|17|9|9,8,9|3|0|3|0|1
001141|box_n3_H24|b000852|5,11,22|4|11|22|12|3|24|5|24|12|48|24|22,10,0,0|12|12|44,20,0,0|24|24|12|12,12,12|22|8|22|0|1
001142|box_n3_H24|b000853|5,11,23|4|11|23|9|3|19|5|18|9|38|19|17,8,0,0|9|9|35,16,0,0|19|19|10|10,8,10|3|0|3|0|0
001143|box_n3_H24|b000854|5,11,24|4|11|24|10|3|20|5|20|10|40|20|18,8,0,0|10|10|36,16,0,0|20|20|12|9,12,9|2|1|2|0|0
001144|box_n3_H24|b000855|5,12,13|4|12|13|6|5|8|3|12|6|16|8|18,12,0,0|6|6|18,10,0,0|8|8|5|5,4,5|2|6|2|0|1
001145|box_n3_H24|b000856|5,12,14|4|12|14|10|5|10|3|20|10|20|10|20,10,0,0|10|10|20,10,0,0|10|10|8|6,8,6|4|108|4|0|1
001146|box_n3_H24|b000857|5,12,15|4|12|15|6|5|10|3|12|6|20|10|18,12,0,0|6|6|18,8,0,0|10|10|6|6,4,6|5|17|6|1|1
001147|box_n3_H24|b000858|5,12,16|4|12|16|12|5|12|7|24|12|24|12|24,12,0,0|12|12|24,12,0,0|12|12|8|8,8,8|8|19|8|0|1
001148|box_n3_H24|b000859|5,12,17|4|12|17|6|7|8|9|12|6|16|8|18,12,0,0|6|6|24,16,0,0|8|8|7|7,0,7|2|49|2|0|1
001149|box_n3_H24|b000860|5,12,18|4|12|18|12|6|12|9|24|12|24|12|24,12,0,0|12|12|24,12,0,0|12|12|12|6,12,6|12|72|12|0|1
001150|box_n3_H24|b000861|5,12,19|4|12|19|6|6|14|9|12|6|28|14|18,12,0,0|6|6|30,16,0,0|14|14|10|5,10,5|2|2|2|0|1
001151|box_n3_H24|b000862|5,12,20|4|12|20|10|3|18|5|20|10|36|18|20,10,0,0|10|10|36,18,0,0|18|18|10|10,8,10|12|120|12|0|1
001152|box_n3_H24|b000863|5,12,21|4|12|21|10|3|18|5|20|10|36|18|18,8,0,0|10|10|36,18,0,0|18|18|10|9,10,9|6|30|6|0|1
001153|box_n3_H24|b000864|5,12,22|4|12|22|10|3|16|5|20|10|32|16|20,10,0,0|10|10|32,16,0,0|16|16|10|8,10,8|4|48|4|0|1
001154|box_n3_H24|b000865|5,12,23|4|12|23|10|3|18|5|20|10|36|18|18,8,0,0|10|10|36,18,0,0|18|18|10|9,10,9|2|2|2|0|1
001155|box_n3_H24|b000866|5,12,24|4|12|24|12|3|24|5|24|12|48|24|24,12,0,0|12|12|48,24,0,0|24|24|12|12,12,12|24|48|24|0|1
001156|box_n3_H24|b000867|5,13,14|4|13|14|10|5|14|3|20|10|28|14|20,10,0,0|10|10|22,8,0,0|14|14|9|9,6,9|2|0|2|0|1
001157|box_n3_H24|b000868|5,13,15|4|13|15|9|5|15|3|18|9|30|15|21,12,0,0|9|9|23,8,0,0|15|15|9|9,6,9|3|0|3|0|1
001158|box_n3_H24|b000869|5,13,16|4|13|16|10|5|12|7|20|10|24|12|18,8,0,0|10|10|24,12,0,0|12|12|8|7,8,7|2|3|2|0|1
001159|box_n3_H24|b000870|5,13,17|4|13|17|11|5|15|7|22|11|30|15|21,10,0,0|11|11|27,12,0,0|15|15|10|10,6,10|3|0|3|0|1
001160|box_n3_H24|b000871|5,13,18|4|13|18|8|5|12|7|16|8|24|12|20,12,0,0|8|8|28,16,0,0|12|12|9|9,2,9|2|0|2|0|1
001161|box_n3_H24|b000872|5,13,19|4|13|19|9|7|15|9|18|9|30|15|21,12,0,0|9|9|29,14,0,0|15|15|8|8,8,8|3|0|3|0|1
001162|box_n3_H24|b000873|5,13,20|4|13|20|10|6|14|9|20|10|28|14|18,8,0,0|10|10|30,16,0,0|14|14|8|8,8,8|2|7|2|0|1
001163|box_n3_H24|b000874|5,13,21|4|13|21|9|6|17|9|18|9|34|17|21,12,0,0|9|9|33,16,0,0|17|17|12|7,12,7|3|0|3|0|1
001164|box_n3_H24|b000875|5,13,22|4|13|22|12|3|20|5|24|12|40|20|20,8,0,0|12|12|34,14,0,0|20|20|11|11,10,11|2|0|2|0|1
001165|box_n3_H24|b000876|5,13,23|4|13|23|11|3|19|5|22|11|38|19|21,10,0,0|11|11|35,16,0,0|19|19|11|11,8,11|3|0|3|0|1
001166|box_n3_H24|b000877|5,13,24|4|13|24|10|3|16|5|20|10|32|16|18,8,0,0|10|10|36,20,0,0|16|16|9|9,8,9|2|10|2|0|1
001167|box_n3_H24|b000878|5,14,15|4|14|15|8|5|12|3|16|8|24|12|22,14,0,0|8|8|22,10,0,0|12|12|7|7,6,7|2|0|2|0|1
001168|box_n3_H24|b000879|5,14,16|4|14|16|12|5|12|6|24|12|24|12|24,12,0,0|12|12|24,12,0,0|12|12|8|8,8,8|4|26|4|0|1
001169|box_n3_H24|b000880|5,14,17|4|14|17|8|5|14|7|16|8|28|14|22,14,0,0|8|8|26,12,0,0|14|14|8|7,8,7|2|0|2|0|1
001170|box_n3_H24|b000881|5,14,18|4|14|18|12|5|16|7|24|12|32|16|22,10,0,0|12|12|30,14,0,0|16|16|10|9,10,9|6|252|6|0|1
001171|box_n3_H24|b000882|5,14,19|4|14|19|8|5|10|7|16|8|20|10|22,14,0,0|8|8|28,18,0,0|10|10|8|8,2,8|2|0|2|0|1
001172|box_n3_H24|b000883|5,14,20|4|14|20|10|7|16|9|20|10|32|16|20,10,0,0|10|10|32,16,0,0|16|16|10|8,10,8|4|60|4|0|1
001173|box_n3_H24|b000884|5,14,21|4|14|21|14|6|16|9|28|14|32|16|28,14,0,0|14|14|28,12,0,0|16|16|16|7,16,7|14|48|14|0|1
001174|box_n3_H24|b000885|5,14,22|4|14|22|12|6|18|9|24|12|36|18|22,10,0,0|12|12|34,16,0,0|18|18|10|10,10,10|6|308|6|0|1
001175|box_n3_H24|b000886|5,14,23|4|14|23|8|6|18|9|16|8|36|18|22,14,0,0|8|8|34,16,0,0|18|18|14|6,14,6|2|0|2|0|1
001176|box_n3_H24|b000887|5,14,24|4|14|24|12|3|18|5|24|12|36|18|24,12,0,0|12|12|36,18,0,0|18|18|10|10,10,10|4|43|4|0|1
001177|box_n3_H24|b000888|5,15,16|4|15|16|12|5|8|6|24|12|16|8|24,12,0,0|12|12|24,16,0,0|8|8|8|8,4,8|2|6|2|0|1
001178|box_n3_H24|b000889|5,15,17|4|15|17|13|5|11|6|26|13|22|11|23,10,0,0|13|13|27,16,0,0|11|11|9|9,6,9|3|0|3|0|1
001179|box_n3_H24|b000890|5,15,18|4|15|18|14|5|12|6|28|14|24|12|24,10,0,0|14|14|30,18,0,0|12|12|9|9,8,9|6|24|6|0|1
001180|box_n3_H24|b000891|5,15,19|4|15|19|13|5|11|7|26|13|22|11|23,10,0,0|13|13|29,18,0,0|11|11|9|9,6,9|3|0|3|0|1
001181|box_n3_H24|b000892|5,15,21|4|15|21|15|5|13|7|30|15|26|13|27,12,0,0|15|15|33,20,0,0|13|13|11|11,6,11|8|140|9|1|1
001182|box_n3_H24|b000893|5,15,22|4|15|22|12|7|14|9|24|12|28|14|22,10,0,0|12|12|34,20,0,0|14|14|9|9,8,9|2|0|2|0|1
001183|box_n3_H24|b000894|5,15,23|4|15|23|15|6|13|9|30|15|26|13|23,8,0,0|15|15|35,22,0,0|13|13|11|11,6,11|3|0|3|0|1
001184|box_n3_H24|b000895|5,15,24|4|15|24|10|6|12|9|20|10|24|12|18,8,0,0|10|10|36,24,0,0|12|12|8|8,6,8|5|33|6|1|1
001185|box_n3_H24|b000896|5,16,17|4|16|17|12|5|12|6|24|12|24|12|24,12,0,0|12|12|24,12,0,0|12|12|9|9,6,9|2|10|2|0|1
001186|box_n3_H24|b000897|5,16,18|4|16|18|12|5|12|6|24|12|24|12|24,12,0,0|12|12|24,12,0,0|12|12|8|8,8,8|4|30|4|0|1
001187|box_n3_H24|b000898|5,16,19|4|16|19|12|5|16|6|24|12|32|16|24,12,0,0|12|12|30,14,0,0|16|16|10|9,10,9|2|9|2|0|1
001188|box_n3_H24|b000899|5,16,20|4|16|20|12|5|12|7|24|12|24|12|24,12,0,0|12|12|24,12,0,0|12|12|8|8,8,8|8|33|8|0|1
001189|box_n3_H24|b000900|5,16,21|4|16|21|8|5|10|7|16|8|20|10|24,16,0,0|8|8|30,20,0,0|10|10|9|9,0,9|2|115|2|0|1
001190|box_n3_H24|b000901|5,16,22|4|16|22|12|5|18|7|24|12|36|18|24,12,0,0|12|12|36,18,0,0|18|18|10|10,10,10|4|39|4|0|1
001191|box_n3_H24|b000902|5,16,23|4|16|23|8|7|18|9|16|8|36|18|24,16,0,0|8|8|36,18,0,0|18|18|9|9,8,9|2|51|2|0|1
001192|box_n3_H24|b000903|5,16,24|4|16|24|16|6|16|9|32|16|32|16|32,16,0,0|16|16|32,16,0,0|16|16|16|8,16,8|16|96|16|0|1
001193|box_n3_H24|b000904|5,17,18|4|17|18|14|5|14|6|28|14|28|14|26,12,0,0|14|14|28,14,0,0|14|14|10|9,10,9|2|0|2|0|1
001194|box_n3_H24|b000905|5,17,19|4|17|19|15|5|15|6|30|15|30|15|27,12,0,0|15|15|29,14,0,0|15|15|12|12,6,12|3|0|3|0|1
001195|box_n3_H24|b000906|5,17,20|4|17|20|12|5|18|6|24|12|36|18|24,12,0,0|12|12|30,12,0,0|18|18|10|10,10,10|2|2|2|0|1
001196|box_n3_H24|b000907|5,17,21|4|17|21|11|5|17|7|22|11|34|17|27,16,0,0|11|11|33,16,0,0|17|17|10|9,10,9|3|0|3|0|1
001197|box_n3_H24|b000908|5,17,22|4|17|22|10|5|14|7|20|10|28|14|26,16,0,0|10|10|34,20,0,0|14|14|11|11,2,11|2|0|2|0|1
001198|box_n3_H24|b000909|5,17,23|4|17|23|15|5|19|7|30|15|38|19|27,12,0,0|15|15|35,16,0,0|19|19|13|13,8,13|3|0|3|0|1
001199|box_n3_H24|b000910|5,17,24|4|17|24|12|7|16|9|24|12|32|16|24,12,0,0|12|12|36,20,0,0|16|16|10|9,10,9|2|7|2|0|1
001200|box_n3_H24|b000911|5,18,19|4|18|19|16|5|14|6|32|16|28|14|28,12,0,0|16|16|28,14,0,0|14|14|10|10,10,10|2|0|2|0|1
001201|box_n3_H24|b000912|5,18,20|4|18|20|14|5|16|6|28|14|32|16|28,14,0,0|14|14|32,16,0,0|16|16|10|10,10,10|4|80|4|0|1
001202|box_n3_H24|b000913|5,18,21|4|18|21|18|5|16|6|36|18|32|16|30,12,0,0|18|18|30,14,0,0|16|16|12|11,12,11|6|60|6|0|1
001203|box_n3_H24|b000914|5,18,22|4|18|22|16|5|18|7|32|16|36|18|30,14,0,0|16|16|34,16,0,0|18|18|12|11,12,11|6|396|6|0|1
001204|box_n3_H24|b000915|5,18,23|4|18|23|10|5|12|7|20|10|24|12|28,18,0,0|10|10|34,22,0,0|12|12|10|10,2,10|2|0|2|0|1
001205|box_n3_H24|b000916|5,18,24|4|18|24|18|5|18|7|36|18|36|18|36,18,0,0|18|18|36,18,0,0|18|18|12|12,12,12|12|29|12|0|1
001206|box_n3_H24|b000917|5,19,20|4|19|20|14|5|14|6|28|14|28|14|30,16,0,0|14|14|30,16,0,0|14|14|10|10,8,10|2|10|2|0|1
001207|box_n3_H24|b000918|5,19,21|4|19|21|13|5|19|6|26|13|38|19|29,16,0,0|13|13|33,14,0,0|19|19|11|11,10,11|3|0|3|0|1
001208|box_n3_H24|b000919|5,19,22|4|19|22|16|5|18|6|32|16|36|18|28,12,0,0|16|16|34,16,0,0|18|18|14|10,14,10|2|0|2|0|1
001209|box_n3_H24|b000920|5,19,23|4|19|23|17|5|19|7|34|17|38|19|29,12,0,0|17|17|35,16,0,0|19|19|14|14,8,14|3|0|3|0|1
001210|box_n3_H24|b000921|5,19,24|4|19|24|10|5|12|7|20|10|24|12|30,20,0,0|10|10|36,24,0,0|12|12|11|11,0,11|2|115|2|0|1
001211|box_n3_H24|b000922|5,20,21|4|20|21|14|5|14|6|28|14|28|14|30,16,0,0|14|14|30,16,0,0|14|14|10|10,8,10|2|10|2|0|1
001212|box_n3_H24|b000923|5,20,22|4|20|22|16|5|16|6|32|16|32|16|32,16,0,0|16|16|32,16,0,0|16|16|12|10,12,10|4|80|4|0|1
001213|box_n3_H24|b000924|5,20,23|4|20|23|14|5|18|6|28|14|36|18|30,16,0,0|14|14|36,18,0,0|18|18|12|10,12,10|2|2|2|0|1
001214|box_n3_H24|b000925|5,20,24|4|20|24|16|5|20|6|32|16|40|20|32,16,0,0|16|16|40,20,0,0|20|20|12|12,12,12|8|144|8|0|1
001215|box_n3_H24|b000926|5,21,22|4|21|22|16|5|16|6|32|16|32|16|32,16,0,0|16|16|34,18,0,0|16|16|11|11,10,11|2|0|2|0|1
001216|box_n3_H24|b000927|5,21,23|4|21|23|19|5|19|6|38|19|38|19|33,14,0,0|19|19|35,16,0,0|19|19|14|12,14,12|3|0|3|0|1
001217|box_n3_H24|b000928|5,21,24|4|21|24|18|5|16|6|36|18|32|16|36,18,0,0|18|18|36,20,0,0|16|16|12|11,12,11|6|57|6|0|1
001218|box_n3_H24|b000929|5,22,23|4|22|23|18|5|16|6|36|18|32|16|34,16,0,0|18|18|34,18,0,0|16|16|12|12,10,12|2|0|2|0|1
001219|box_n3_H24|b000930|5,22,24|4|22|24|18|5|18|6|36|18|36|18|36,18,0,0|18|18|36,18,0,0|18|18|12|12,12,12|4|53|4|0|1
001220|box_n3_H24|b000931|5,23,24|4|23|24|16|5|16|6|32|16|32|16|36,20,0,0|16|16|36,20,0,0|16|16|11|11,10,11|2|10|2|0|1
001221|box_n3_H24|b000932|6,7,8|4|7|8|4|2|6|2|8|4|12|6|12,8,0,0|4|4|12,6,0,0|6|6|6|2,6,2|2|6|2|0|1
001222|box_n3_H24|b000933|6,7,9|4|7|9|6|2|8|2|12|6|16|8|11,5,0,0|6|6|15,7,0,0|8|8|6|4,6,4|2|0|3|1|1
001223|box_n3_H24|b000934|6,7,10|4|7|10|4|2|10|2|8|4|20|10|10,6,0,0|4|4|16,6,0,0|10|10|6|4,6,4|2|0|2|0|1
001224|box_n3_H24|b000935|6,7,11|4|7|11|6|6|10|2|12|6|20|10|11,5,0,0|6|6|17,7,0,0|10|10|6|5,6,5|2|0|3|1|1
001225|box_n3_H24|b000936|6,7,12|4|7|12|6|3|12|2|12|6|24|12|12,6,0,0|6|6|18,6,0,0|12|12|8|5,8,5|2|2|2|0|1
001226|box_n3_H24|b000937|6,7,13|4|7|13|4|3|8|3|8|4|16|8|11,7,0,0|4|4|21,13,0,0|8|8|6|6,0,6|2|0|3|1|1
001227|box_n3_H24|b000938|6,7,14|4|7|14|6|3|14|3|12|6|28|14|14,8,0,0|6|6|28,14,0,0|14|14|7|7,6,7|12|4|14|2|1
001228|box_n3_H24|b000939|6,7,15|4|7|15|4|3|14|3|8|4|28|14|11,7,0,0|4|4|23,9,0,0|14|14|7|7,4,7|2|0|3|1|0
001229|box_n3_H24|b000940|6,7,16|4|7|16|6|3|12|3|12|6|24|12|12,6,0,0|6|6|24,12,0,0|12|12|6|6,6,6|2|5|2|0|0
001230|box_n3_H24|b000941|6,7,17|4|7|17|6|6|14|3|12|6|28|14|11,5,0,0|6|6|27,13,0,0|14|14|7|7,6,7|2|0|3|1|0
001231|box_n3_H24|b000942|6,7,18|4|7|18|4|2|16|3|8|4|32|16|10,6,0,0|4|4|28,12,0,0|16|16|7|7,6,7|2|0|2|0|0
001232|box_n3_H24|b000943|6,7,19|4|7|19|6|2|14|5|12|6|28|14|11,5,0,0|6|6|29,15,0,0|14|14|7|7,6,7|2|0|3|1|0
001233|box_n3_H24|b000944|6,7,20|4|7|20|4|2|16|5|8|4|32|16|12,8,0,0|4|4|30,14,0,0|16|16|10|5,10,5|2|15|2|0|0
001234|box_n3_H24|b000945|6,7,21|4|7|21|10|2|16|5|20|10|32|16|21,11,0,0|10|10|35,19,0,0|16|16|9|9,8,9|19|36|21|2|0
001235|box_n3_H24|b000946|6,7,22|4|7|22|10|2|18|5|20|10|36|18|10,0,0,0|10|10|34,16,0,0|18|18|10|9,10,9|2|0|2|0|0
001236|box_n3_H24|b000947|6,7,23|4|7|23|6|2|16|5|12|6|32|16|11,5,0,0|6|6|35,19,0,0|16|16|8|8,6,8|2|0|3|1|0
001237|box_n3_H24|b000948|6,7,24|4|7|24|6|2|18|5|12|6|36|18|12,6,0,0|6|6|36,18,0,0|18|18|8|8,8,8|2|19|2|0|0
001238|box_n3_H24|b000949|6,8,9|4|8|9|6|2|6|2|12|6|12|6|12,6,0,0|6|6|12,6,0,0|6|6|4|4,4,4|2|7|2|0|1
001239|box_n3_H24|b000950|6,8,11|4|8|11|6|2|8|2|12|6|16|8|12,6,0,0|6|6|18,10,0,0|8|8|6|4,6,4|2|5|2|0|1
001240|box_n3_H24|b000951|6,8,13|4|8|13|6|9|10|3|12|6|20|10|12,6,0,0|6|6|18,8,0,0|10|10|6|6,4,6|2|33|2|0|1
001241|box_n3_H24|b000952|6,8,15|4|8|15|6|3|14|3|12|6|28|14|12,6,0,0|6|6|24,10,0,0|14|14|8|8,4,8|2|25|2|0|1
001242|box_n3_H24|b000953|6,8,17|4|8|17|6|3|12|3|12|6|24|12|12,6,0,0|6|6|24,12,0,0|12|12|6|6,6,6|2|7|2|0|0
001243|box_n3_H24|b000954|6,8,19|4|8|19|6|9|14|5|12|6|28|14|12,6,0,0|6|6|30,16,0,0|14|14|8|6,8,6|2|29|2|0|0
001244|box_n3_H24|b000955|6,8,21|4|8|21|6|2|14|5|12|6|28|14|12,6,0,0|6|6|30,16,0,0|14|14|8|6,8,6|2|27|2|0|0
001245|box_n3_H24|b000956|6,8,23|4|8|23|6|2|16|5|12|6|32|16|12,6,0,0|6|6|36,20,0,0|16|16|10|6,10,6|2|25|2|0|0
001246|box_n3_H24|b000957|6,9,10|4|9|10|4|2|10|2|8|4|20|10|14,10,0,0|4|4|16,6,0,0|10|10|6|4,6,4|2|0|2|0|1
001247|box_n3_H24|b000958|6,9,11|4|9|11|8|2|10|2|16|8|20|10|15,7,0,0|8|8|17,7,0,0|10|10|8|5,8,5|2|0|3|1|1
001248|box_n3_H24|b000959|6,9,13|4|9|13|8|2|10|3|16|8|20|10|15,7,0,0|8|8|21,11,0,0|10|10|6|6,6,6|2|0|3|1|1
001249|box_n3_H24|b000960|6,9,14|4|9|14|4|9|12|3|8|4|24|12|14,10,0,0|4|4|22,10,0,0|12|12|6|5,6,5|2|0|2|0|1
001250|box_n3_H24|b000961|6,9,16|4|9|16|6|3|12|3|12|6|24|12|12,6,0,0|6|6|24,12,0,0|12|12|6|6,6,6|2|11|2|0|1
001251|box_n3_H24|b000962|6,9,17|4|9|17|8|3|14|3|16|8|28|14|15,7,0,0|8|8|27,13,0,0|14|14|8|7,8,7|2|0|3|1|1
001252|box_n3_H24|b000963|6,9,19|4|9|19|8|3|16|5|16|8|32|16|15,7,0,0|8|8|29,13,0,0|16|16|10|7,10,7|2|0|3|1|0
001253|box_n3_H24|b000964|6,9,20|4|9|20|6|3|16|5|12|6|32|16|12,6,0,0|6|6|30,14,0,0|16|16|8|7,8,7|2|61|2|0|0
001254|box_n3_H24|b000965|6,9,22|4|9|22|4|9|18|5|8|4|36|18|14,10,0,0|4|4|34,16,0,0|18|18|8|7,8,7|2|0|2|0|0
001255|box_n3_H24|b000966|6,9,23|4|9|23|8|2|18|5|16|8|36|18|15,7,0,0|8|8|35,17,0,0|18|18|10|8,10,8|2|0|3|1|0
001256|box_n3_H24|b000967|6,10,11|4|10|11|10|2|10|2|20|10|20|10|16,6,0,0|10|10|16,6,0,0|10|10|8|6,8,6|2|0|2|0|1
001257|box_n3_H24|b000968|6,10,13|4|10|13|10|2|8|3|20|10|16|8|16,6,0,0|10|10|20,12,0,0|8|8|6|6,6,6|2|0|2|0|1
001258|box_n3_H24|b000969|6,10,15|4|10|15|12|2|10|3|24|12|20|10|20,8,0,0|12|12|20,10,0,0|10|10|10|6,10,6|10|12|10|0|1
001259|box_n3_H24|b000970|6,10,17|4|10|17|10|3|14|3|20|10|28|14|16,6,0,0|10|10|26,12,0,0|14|14|8|8,8,8|2|0|2|0|1
001260|box_n3_H24|b000971|6,10,19|4|10|19|10|3|10|5|20|10|20|10|16,6,0,0|10|10|28,18,0,0|10|10|8|6,8,6|2|0|2|0|1
001261|box_n3_H24|b000972|6,10,21|4|10|21|10|3|16|5|20|10|32|16|16,6,0,0|10|10|32,16,0,0|16|16|10|8,10,8|2|0|2|0|0
001262|box_n3_H24|b000973|6,10,23|4|10|23|10|3|16|5|20|10|32|16|16,6,0,0|10|10|34,18,0,0|16|16|10|8,10,8|2|0|2|0|0
001263|box_n3_H24|b000974|6,11,12|4|11|12|8|2|12|2|16|8|24|12|18,10,0,0|8|8|18,6,0,0|12|12|10|5,10,5|2|2|2|0|1
001264|box_n3_H24|b000975|6,11,13|4|11|13|10|2|12|3|20|10|24|12|17,7,0,0|10|10|21,9,0,0|12|12|8|7,8,7|2|0|3|1|1
001265|box_n3_H24|b000976|6,11,14|4|11|14|10|2|12|3|20|10|24|12|16,6,0,0|10|10|22,10,0,0|12|12|8|7,8,7|2|0|2|0|1
001266|box_n3_H24|b000977|6,11,15|4|11|15|10|2|12|3|20|10|24|12|17,7,0,0|10|10|23,11,0,0|12|12|8|8,6,8|2|0|3|1|1
001267|box_n3_H24|b000978|6,11,16|4|11|16|6|2|12|3|12|6|24|12|18,12,0,0|6|6|24,12,0,0|12|12|10|4,10,4|2|10|2|0|1
001268|box_n3_H24|b000979|6,11,17|4|11|17|6|11|10|3|12|6|20|10|17,11,0,0|6|6|27,17,0,0|10|10|8|8,0,8|2|0|3|1|1
001269|box_n3_H24|b000980|6,11,18|4|11|18|4|11|16|3|8|4|32|16|16,12,0,0|4|4|28,12,0,0|16|16|7|7,6,7|2|0|2|0|1
001270|box_n3_H24|b000981|6,11,19|4|11|19|8|3|14|5|16|8|28|14|17,9,0,0|8|8|29,15,0,0|14|14|8|8,6,8|2|0|3|1|1
001271|box_n3_H24|b000982|6,11,20|4|11|20|10|3|16|5|20|10|32|16|18,8,0,0|10|10|30,14,0,0|16|16|9|9,8,9|2|10|2|0|1
001272|box_n3_H24|b000983|6,11,21|4|11|21|8|3|16|5|16|8|32|16|17,9,0,0|8|8|33,17,0,0|16|16|8|8,8,8|2|0|3|1|1
001273|box_n3_H24|b000984|6,11,22|4|11|22|10|3|22|5|20|10|44|22|22,12,0,0|10|10|44,22,0,0|22|22|11|11,10,11|20|8|22|2|1
001274|box_n3_H24|b000985|6,11,23|4|11|23|8|3|18|5|16|8|36|18|17,9,0,0|8|8|35,17,0,0|18|18|9|9,8,9|2|0|3|1|0
001275|box_n3_H24|b000986|6,11,24|4|11|24|10|3|18|5|20|10|36|18|18,8,0,0|10|10|36,18,0,0|18|18|10|10,8,10|2|23|2|0|0
001276|box_n3_H24|b000987|6,12,13|4|12|13|12|2|10|3|24|12|20|10|18,6,0,0|12|12|18,8,0,0|10|10|8|7,8,7|2|2|2|0|1
001277|box_n3_H24|b000988|6,12,17|4|12|17|12|2|12|3|24|12|24|12|18,6,0,0|12|12|24,12,0,0|12|12|10|7,10,7|2|2|2|0|1
001278|box_n3_H24|b000989|6,12,19|4|12|19|12|6|14|9|24|12|28|14|18,6,0,0|12|12|30,16,0,0|14|14|12|7,12,7|2|2|2|0|1
001279|box_n3_H24|b000990|6,12,23|4|12|23|12|3|18|5|24|12|36|18|18,6,0,0|12|12|36,18,0,0|18|18|12|9,12,9|2|2|2|0|1
001280|box_n3_H24|b000991|6,13,14|4|13|14|8|5|12|3|16|8|24|12|20,12,0,0|8|8|22,10,0,0|12|12|7|7,6,7|2|0|2|0|1
001281|box_n3_H24|b000992|6,13,15|4|13|15|12|5|14|3|24|12|28|14|21,9,0,0|12|12|23,9,0,0|14|14|9|9,8,9|2|0|3|1|1
001282|box_n3_H24|b000993|6,13,16|4|13|16|10|5|12|3|20|10|24|12|18,8,0,0|10|10|24,12,0,0|12|12|8|8,6,8|2|7|2|0|1
001283|box_n3_H24|b000994|6,13,17|4|13|17|10|5|14|3|20|10|28|14|21,11,0,0|10|10|27,13,0,0|14|14|9|9,6,9|2|0|3|1|1
001284|box_n3_H24|b000995|6,13,18|4|13|18|8|5|16|3|16|8|32|16|20,12,0,0|8|8|28,12,0,0|16|16|9|9,6,9|2|0|2|0|1
001285|box_n3_H24|b000996|6,13,19|4|13|19|8|13|10|9|16|8|20|10|21,13,0,0|8|8|29,19,0,0|10|10|9|9,0,9|2|0|3|1|1
001286|box_n3_H24|b000997|6,13,20|4|13|20|6|6|16|9|12|6|32|16|18,12,0,0|6|6|30,14,0,0|16|16|12|5,12,5|2|10|2|0|1
001287|box_n3_H24|b000998|6,13,21|4|13|21|12|6|16|9|24|12|32|16|21,9,0,0|12|12|33,17,0,0|16|16|10|9,10,9|2|0|3|1|1
001288|box_n3_H24|b000999|6,13,22|4|13|22|14|3|18|5|28|14|36|18|20,6,0,0|14|14|34,16,0,0|18|18|11|11,10,11|2|0|2|0|1
001289|box_n3_H24|b001000|6,13,23|4|13|23|12|3|18|5|24|12|36|18|21,9,0,0|12|12|35,17,0,0|18|18|10|10,10,10|2|0|3|1|1
001290|box_n3_H24|b001001|6,13,24|4|13|24|10|3|18|5|20|10|36|18|18,8,0,0|10|10|36,18,0,0|18|18|10|10,8,10|2|75|2|0|1
001291|box_n3_H24|b001002|6,14,15|4|14|15|12|5|14|3|24|12|28|14|22,10,0,0|12|12|22,8,0,0|14|14|9|9,8,9|2|0|2|0|1
001292|box_n3_H24|b001003|6,14,17|4|14|17|12|5|14|3|24|12|28|14|22,10,0,0|12|12|26,12,0,0|14|14|9|9,8,9|2|0|2|0|1
001293|box_n3_H24|b001004|6,14,19|4|14|19|12|5|16|7|24|12|32|16|22,10,0,0|12|12|28,12,0,0|16|16|10|9,10,9|2|0|2|0|1
001294|box_n3_H24|b001005|6,14,21|4|14|21|14|6|14|9|28|14|28|14|28,14,0,0|14|14|28,14,0,0|14|14|14|7,14,7|12|12|14|2|1
001295|box_n3_H24|b001006|6,14,23|4|14|23|12|6|16|9|24|12|32|16|22,10,0,0|12|12|34,18,0,0|16|16|10|9,10,9|2|0|2|0|1
001296|box_n3_H24|b001007|6,15,16|4|15|16|12|5|12|3|24|12|24|12|24,12,0,0|12|12|24,12,0,0|12|12|8|8,8,8|2|13|2|0|1
001297|box_n3_H24|b001008|6,15,17|4|15|17|14|5|16|3|28|14|32|16|23,9,0,0|14|14|27,11,0,0|16|16|10|10,10,10|2|0|3|1|1
001298|box_n3_H24|b001009|6,15,19|4|15|19|12|5|16|7|24|12|32|16|23,11,0,0|12|12|29,13,0,0|16|16|10|10,8,10|2|0|3|1|1
001299|box_n3_H24|b001010|6,15,20|4|15|20|16|5|16|7|32|16|32|16|30,14,0,0|16|16|30,14,0,0|16|16|11|11,10,11|10|19|10|0|1
001300|box_n3_H24|b001011|6,15,22|4|15|22|8|7|18|9|16|8|36|18|22,14,0,0|8|8|34,16,0,0|18|18|9|9,8,9|2|0|2|0|1
001301|box_n3_H24|b001012|6,15,23|4|15|23|14|6|16|9|28|14|32|16|23,9,0,0|14|14|35,19,0,0|16|16|11|11,8,11|2|0|3|1|1
001302|box_n3_H24|b001013|6,16,17|4|16|17|12|5|14|3|24|12|28|14|24,12,0,0|12|12|24,10,0,0|14|14|10|10,6,10|2|14|2|0|1
001303|box_n3_H24|b001014|6,16,19|4|16|19|12|5|14|6|24|12|28|14|24,12,0,0|12|12|30,16,0,0|14|14|10|8,10,8|2|9|2|0|1
001304|box_n3_H24|b001015|6,16,21|4|16|21|12|5|16|7|24|12|32|16|24,12,0,0|12|12|30,14,0,0|16|16|10|10,8,10|2|15|2|0|1
001305|box_n3_H24|b001016|6,16,23|4|16|23|12|7|16|9|24|12|32|16|24,12,0,0|12|12|36,20,0,0|16|16|12|8,12,8|2|63|2|0|1
001306|box_n3_H24|b001017|6,17,18|4|17|18|8|5|16|3|16|8|32|16|26,18,0,0|8|8|28,12,0,0|16|16|9|9,6,9|2|0|2|0|1
001307|box_n3_H24|b001018|6,17,19|4|17|19|16|5|16|6|32|16|32|16|27,11,0,0|16|16|29,13,0,0|16|16|12|10,12,10|2|0|3|1|1
001308|box_n3_H24|b001019|6,17,20|4|17|20|12|5|16|6|24|12|32|16|24,12,0,0|12|12|30,14,0,0|16|16|10|9,10,9|2|10|2|0|1
001309|box_n3_H24|b001020|6,17,21|4|17|21|14|5|16|7|28|14|32|16|27,13,0,0|14|14|33,17,0,0|16|16|10|10,10,10|2|0|3|1|1
001310|box_n3_H24|b001021|6,17,22|4|17|22|14|5|18|7|28|14|36|18|26,12,0,0|14|14|34,16,0,0|18|18|11|11,10,11|2|0|2|0|1
001311|box_n3_H24|b001022|6,17,23|4|17|23|10|5|12|7|20|10|24|12|27,17,0,0|10|10|35,23,0,0|12|12|11|11,0,11|2|0|3|1|1
001312|box_n3_H24|b001023|6,17,24|4|17|24|12|7|18|9|24|12|36|18|24,12,0,0|12|12|36,18,0,0|18|18|10|10,10,10|2|78|2|0|1
001313|box_n3_H24|b001024|6,18,19|4|18|19|16|5|10|6|32|16|20|10|28,12,0,0|16|16|28,18,0,0|10|10|9|9,8,9|2|0|2|0|1
001314|box_n3_H24|b001025|6,18,23|4|18|23|16|5|10|7|32|16|20|10|28,12,0,0|16|16|34,24,0,0|10|10|9|9,8,9|2|0|2|0|1
001315|box_n3_H24|b001026|6,19,20|4|19|20|16|5|16|6|32|16|32|16|30,14,0,0|16|16|30,14,0,0|16|16|11|11,10,11|2|10|2|0|1
001316|box_n3_H24|b001027|6,19,21|4|19|21|16|5|18|6|32|16|36|18|29,13,0,0|16|16|33,15,0,0|18|18|14|10,14,10|2|0|3|1|1
001317|box_n3_H24|b001028|6,19,22|4|19|22|16|5|18|6|32|16|36|18|28,12,0,0|16|16|34,16,0,0|18|18|12|11,12,11|2|0|2|0|1
001318|box_n3_H24|b001029|6,19,23|4|19|23|16|5|18|7|32|16|36|18|29,13,0,0|16|16|35,17,0,0|18|18|12|11,12,11|2|0|3|1|1
001319|box_n3_H24|b001030|6,19,24|4|19|24|14|5|18|7|28|14|36|18|30,16,0,0|14|14|36,18,0,0|18|18|12|10,12,10|2|74|2|0|1
001320|box_n3_H24|b001031|6,20,21|4|20|21|16|5|14|6|32|16|28|14|30,14,0,0|16|16|30,16,0,0|14|14|12|9,12,9|2|10|2|0|1
001321|box_n3_H24|b001032|6,20,23|4|20|23|16|5|18|6|32|16|36|18|30,14,0,0|16|16|36,18,0,0|18|18|12|11,12,11|2|10|2|0|1
001322|box_n3_H24|b001033|6,21,22|4|21|22|16|5|18|6|32|16|36|18|32,16,0,0|16|16|34,16,0,0|18|18|12|11,12,11|2|0|2|0|1
001323|box_n3_H24|b001034|6,21,23|4|21|23|18|5|20|6|36|18|40|20|33,15,0,0|18|18|35,15,0,0|20|20|16|11,16,11|2|0|3|1|1
001324|box_n3_H24|b001035|6,22,23|4|22|23|18|5|16|6|36|18|32|16|34,16,0,0|18|18|34,18,0,0|16|16|12|11,12,11|2|0|2|0|1
001325|box_n3_H24|b001036|6,23,24|4|23|24|18|5|18|6|36|18|36|18|36,18,0,0|18|18|36,18,0,0|18|18|12|12,12,12|2|74|2|0|1
001326|box_n3_H24|b001037|7,8,9|4|8|9|4|2|6|2|8|4|12|6|12,8,0,0|4|4|12,6,0,0|6|6|6|2,6,2|2|2|2|0|1
001327|box_n3_H24|b001038|7,8,10|4|8|10|6|2|6|2|12|6|12|6|12,6,0,0|6|6|12,6,0,0|6|6|4|4,4,4|4|13|4|0|1
001328|box_n3_H24|b001039|7,8,11|4|8|11|4|2|8|2|8|4|16|8|12,8,0,0|4|4|18,10,0,0|8|8|4|4,4,4|2|5|2|0|1
001329|box_n3_H24|b001040|7,8,12|4|8|12|8|2|8|2|16|8|16|8|16,8,0,0|8|8|16,8,0,0|8|8|8|4,8,4|8|48|8|0|1
001330|box_n3_H24|b001041|7,8,13|4|8|13|4|6|10|2|8|4|20|10|12,8,0,0|4|4|18,8,0,0|10|10|6|4,6,4|2|29|2|0|1
001331|box_n3_H24|b001042|7,8,14|4|8|14|6|3|16|2|12|6|32|16|12,6,0,0|6|6|24,8,0,0|16|16|10|6,10,6|4|13|4|0|1
001332|box_n3_H24|b001043|7,8,15|4|8|15|4|3|8|3|8|4|16|8|12,8,0,0|4|4|24,16,0,0|8|8|6|6,0,6|2|25|2|0|1
001333|box_n3_H24|b001044|7,8,16|4|8|16|8|3|16|3|16|8|32|16|16,8,0,0|8|8|32,16,0,0|16|16|8|8,8,8|16|32|16|0|1
001334|box_n3_H24|b001045|7,8,17|4|8|17|4|3|14|3|8|4|28|14|12,8,0,0|4|4|24,10,0,0|14|14|6|6,6,6|2|7|2|0|0
001335|box_n3_H24|b001046|7,8,18|4|8|18|6|3|12|3|12|6|24|12|12,6,0,0|6|6|24,12,0,0|12|12|6|6,6,6|4|61|4|0|0
001336|box_n3_H24|b001047|7,8,19|4|8|19|4|6|16|3|8|4|32|16|12,8,0,0|4|4|30,14,0,0|16|16|8|6,8,6|2|29|2|0|0
001337|box_n3_H24|b001048|7,8,20|4|8|20|8|2|16|3|16|8|32|16|16,8,0,0|8|8|32,16,0,0|16|16|8|8,8,8|8|56|8|0|0
001338|box_n3_H24|b001049|7,8,21|4|8|21|4|2|18|3|8|4|36|18|12,8,0,0|4|4|30,12,0,0|18|18|8|8,6,8|2|3|2|0|0
001339|box_n3_H24|b001050|7,8,22|4|8|22|6|2|18|5|12|6|36|18|12,6,0,0|6|6|36,18,0,0|18|18|8|8,8,8|4|13|4|0|0
001340|box_n3_H24|b001051|7,8,23|4|8|23|4|2|18|5|8|4|36|18|12,8,0,0|4|4|36,18,0,0|18|18|10|6,10,6|2|2|2|0|0
001341|box_n3_H24|b001052|7,8,24|4|8|24|12|2|20|5|24|12|40|20|24,12,0,0|12|12|40,20,0,0|20|20|12|12,8,12|24|48|24|0|0
001342|box_n3_H24|b001053|7,9,10|4|9|10|8|2|10|2|16|8|20|10|14,6,0,0|8|8|16,6,0,0|10|10|6|6,6,6|2|0|2|0|1
001343|box_n3_H24|b001054|7,9,11|4|9|11|7|2|11|2|14|7|22|11|15,8,0,0|7|7|17,6,0,0|11|11|8|5,8,5|3|0|3|0|1
001344|box_n3_H24|b001055|7,9,12|4|9|12|10|2|10|2|20|10|20|10|18,8,0,0|10|10|18,8,0,0|10|10|8|6,8,6|6|14|6|0|1
001345|box_n3_H24|b001056|7,9,13|4|9|13|9|2|13|2|18|9|26|13|15,6,0,0|9|9|21,8,0,0|13|13|8|7,8,7|3|0|3|0|1
001346|box_n3_H24|b001057|7,9,14|4|9|14|8|7|14|2|16|8|28|14|14,6,0,0|8|8|22,8,0,0|14|14|10|6,10,6|2|0|2|0|1
001347|box_n3_H24|b001058|7,9,15|4|9|15|7|3|15|3|14|7|30|15|15,8,0,0|7|7|27,12,0,0|15|15|9|9,4,9|8|60|9|1|1
001348|box_n3_H24|b001059|7,9,16|4|9|16|4|3|8|3|8|4|16|8|12,8,0,0|4|4|24,16,0,0|8|8|6|6,0,6|2|51|2|0|1
001349|box_n3_H24|b001060|7,9,17|4|9|17|9|3|15|3|18|9|30|15|15,6,0,0|9|9|27,12,0,0|15|15|9|9,6,9|3|0|3|0|1
001350|box_n3_H24|b001061|7,9,18|4|9|18|10|3|20|3|20|10|40|20|18,8,0,0|10|10|36,16,0,0|20|20|10|10,10,10|18|16|18|0|1
001351|box_n3_H24|b001062|7,9,19|4|9|19|9|3|15|3|18|9|30|15|15,6,0,0|9|9|29,14,0,0|15|15|8|8,8,8|3|0|3|0|0
001352|box_n3_H24|b001063|7,9,20|4|9|20|4|3|18|3|8|4|36|18|12,8,0,0|4|4|30,12,0,0|18|18|8|8,6,8|2|15|2|0|0
001353|box_n3_H24|b001064|7,9,21|4|9|21|7|3|19|3|14|7|38|19|15,8,0,0|7|7|33,14,0,0|19|19|11|11,4,11|8|84|9|1|0
001354|box_n3_H24|b001065|7,9,22|4|9|22|8|7|18|5|16|8|36|18|14,6,0,0|8|8|34,16,0,0|18|18|10|8,10,8|2|0|2|0|0
001355|box_n3_H24|b001066|7,9,23|4|9|23|9|2|17|5|18|9|34|17|15,6,0,0|9|9|35,18,0,0|17|17|9|9,8,9|3|0|3|0|0
001356|box_n3_H24|b001067|7,9,24|4|9|24|10|2|16|5|20|10|32|16|18,8,0,0|10|10|36,20,0,0|16|16|10|8,10,8|6|25|6|0|0
001357|box_n3_H24|b001068|7,10,11|4|10|11|8|2|10|2|16|8|20|10|16,8,0,0|8|8|16,6,0,0|10|10|8|5,8,5|2|0|2|0|1
001358|box_n3_H24|b001069|7,10,12|4|10|12|8|2|10|2|16|8|20|10|16,8,0,0|8|8|20,10,0,0|10|10|6|6,6,6|4|84|4|0|1
001359|box_n3_H24|b001070|7,10,13|4|10|13|6|2|12|2|12|6|24|12|16,10,0,0|6|6|20,8,0,0|12|12|10|4,10,4|2|0|2|0|1
001360|box_n3_H24|b001071|7,10,14|4|10|14|10|2|14|2|20|10|28|14|18,8,0,0|10|10|22,8,0,0|14|14|10|7,10,7|6|140|6|0|1
001361|box_n3_H24|b001072|7,10,15|4|10|15|10|2|10|3|20|10|20|10|20,10,0,0|10|10|20,10,0,0|10|10|10|5,10,5|10|24|10|0|1
001362|box_n3_H24|b001073|7,10,16|4|10|16|6|9|12|3|12|6|24|12|12,6,0,0|6|6|24,12,0,0|12|12|6|6,6,6|4|27|4|0|1
001363|box_n3_H24|b001074|7,10,17|4|10|17|8|3|10|3|16|8|20|10|16,8,0,0|8|8|26,16,0,0|10|10|8|8,2,8|2|0|2|0|1
001364|box_n3_H24|b001075|7,10,18|4|10|18|10|3|16|3|20|10|32|16|18,8,0,0|10|10|30,14,0,0|16|16|10|8,10,8|6|180|6|0|1
001365|box_n3_H24|b001076|7,10,19|4|10|19|8|3|14|3|16|8|28|14|16,8,0,0|8|8|28,14,0,0|14|14|8|7,8,7|2|0|2|0|1
001366|box_n3_H24|b001077|7,10,20|4|10|20|10|3|20|3|20|10|40|20|20,10,0,0|10|10|40,20,0,0|20|20|10|10,10,10|20|40|20|0|1
001367|box_n3_H24|b001078|7,10,21|4|10|21|8|3|18|3|16|8|36|18|16,8,0,0|8|8|32,14,0,0|18|18|9|9,8,9|2|0|2|0|0
001368|box_n3_H24|b001079|7,10,22|4|10|22|10|3|18|5|20|10|36|18|18,8,0,0|10|10|34,16,0,0|18|18|10|9,10,9|6|220|6|0|0
001369|box_n3_H24|b001080|7,10,23|4|10|23|8|3|20|5|16|8|40|20|16,8,0,0|8|8|34,14,0,0|20|20|10|9,10,9|2|0|2|0|0
001370|box_n3_H24|b001081|7,10,24|4|10|24|6|9|18|5|12|6|36|18|12,6,0,0|6|6|36,18,0,0|18|18|8|8,8,8|4|37|4|0|0
001371|box_n3_H24|b001082|7,11,12|4|11|12|10|2|10|2|20|10|20|10|18,8,0,0|10|10|18,8,0,0|10|10|8|6,8,6|2|1|2|0|1
001372|box_n3_H24|b001083|7,11,13|4|11|13|9|2|13|2|18|9|26|13|17,8,0,0|9|9|21,8,0,0|13|13|8|8,6,8|3|0|3|0|1
001373|box_n3_H24|b001084|7,11,14|4|11|14|8|2|16|2|16|8|32|16|16,8,0,0|8|8|22,6,0,0|16|16|10|7,10,7|2|0|2|0|1
001374|box_n3_H24|b001085|7,11,15|4|11|15|7|2|11|3|14|7|22|11|17,10,0,0|7|7|23,12,0,0|11|11|8|5,8,5|3|0|3|0|1
001375|box_n3_H24|b001086|7,11,16|4|11|16|10|2|12|3|20|10|24|12|18,8,0,0|10|10|24,12,0,0|12|12|8|8,6,8|2|5|2|0|1
001376|box_n3_H24|b001087|7,11,17|4|11|17|7|9|15|3|14|7|30|15|17,10,0,0|7|7|27,12,0,0|15|15|8|8,6,8|3|0|3|0|1
001377|box_n3_H24|b001088|7,11,18|4|11|18|6|9|10|3|12|6|20|10|16,10,0,0|6|6|28,18,0,0|10|10|7|7,2,7|2|0|2|0|1
001378|box_n3_H24|b001089|7,11,19|4|11|19|11|3|15|3|22|11|30|15|17,6,0,0|11|11|29,14,0,0|15|15|10|10,6,10|3|0|3|0|1
001379|box_n3_H24|b001090|7,11,20|4|11|20|8|3|18|3|16|8|36|18|18,10,0,0|8|8|30,12,0,0|18|18|10|10,6,10|2|9|2|0|1
001380|box_n3_H24|b001091|7,11,21|4|11|21|7|3|17|3|14|7|34|17|17,10,0,0|7|7|33,16,0,0|17|17|10|10,4,10|3|0|3|0|1
001381|box_n3_H24|b001092|7,11,22|4|11|22|12|3|22|5|24|12|44|22|22,10,0,0|12|12|44,22,0,0|22|22|12|11,12,11|22|32|22|0|1
001382|box_n3_H24|b001093|7,11,23|4|11|23|7|3|19|5|14|7|38|19|17,10,0,0|7|7|35,16,0,0|19|19|9|9,8,9|3|0|3|0|0
001383|box_n3_H24|b001094|7,11,24|4|11|24|8|3|16|5|16|8|32|16|18,10,0,0|8|8|36,20,0,0|16|16|8|8,8,8|2|2|2|0|0
001384|box_n3_H24|b001095|7,12,13|4|12|13|10|2|10|2|20|10|20|10|18,8,0,0|10|10|18,8,0,0|10|10|8|6,8,6|2|2|2|0|1
001385|box_n3_H24|b001096|7,12,14|4|12|14|10|2|14|2|20|10|28|14|20,10,0,0|10|10|20,6,0,0|14|14|12|6,12,6|4|24|4|0|1
001386|box_n3_H24|b001097|7,12,15|4|12|15|10|2|8|3|20|10|16|8|18,8,0,0|10|10|18,10,0,0|8|8|6|6,6,6|6|17|6|0|1
001387|box_n3_H24|b001098|7,12,16|4|12|16|12|2|12|3|24|12|24|12|24,12,0,0|12|12|24,12,0,0|12|12|8|8,8,8|8|13|8|0|1
001388|box_n3_H24|b001099|7,12,17|4|12|17|6|2|12|3|12|6|24|12|18,12,0,0|6|6|24,12,0,0|12|12|10|4,10,4|2|2|2|0|1
001389|box_n3_H24|b001100|7,12,18|4|12|18|12|2|12|3|24|12|24|12|24,12,0,0|12|12|24,12,0,0|12|12|12|6,12,6|12|72|12|0|1
001390|box_n3_H24|b001101|7,12,19|4|12|19|6|9|10|3|12|6|20|10|18,12,0,0|6|6|30,20,0,0|10|10|8|8,0,8|2|37|2|0|1
001391|box_n3_H24|b001102|7,12,20|4|12|20|10|3|18|3|20|10|36|18|20,10,0,0|10|10|36,18,0,0|18|18|10|10,8,10|12|120|12|0|1
001392|box_n3_H24|b001103|7,12,21|4|12|21|6|3|20|3|12|6|40|20|18,12,0,0|6|6|36,16,0,0|20|20|10|10,6,10|5|19|6|1|1
001393|box_n3_H24|b001104|7,12,22|4|12|22|10|3|16|5|20|10|32|16|20,10,0,0|10|10|32,16,0,0|16|16|10|8,10,8|4|36|4|0|1
001394|box_n3_H24|b001105|7,12,23|4|12|23|10|3|16|5|20|10|32|16|18,8,0,0|10|10|36,20,0,0|16|16|10|10,6,10|2|6|2|0|1
001395|box_n3_H24|b001106|7,12,24|4|12|24|12|3|24|5|24|12|48|24|24,12,0,0|12|12|48,24,0,0|24|24|12|12,12,12|24|48|24|0|1
001396|box_n3_H24|b001107|7,13,14|4|13|14|12|2|16|2|24|12|32|16|20,8,0,0|12|12|22,6,0,0|16|16|12|8,12,8|2|0|2|0|1
001397|box_n3_H24|b001108|7,13,15|4|13|15|9|2|13|3|18|9|26|13|21,12,0,0|9|9|23,10,0,0|13|13|8|8,6,8|3|0|3|0|1
001398|box_n3_H24|b001109|7,13,16|4|13|16|10|2|12|3|20|10|24|12|18,8,0,0|10|10|24,12,0,0|12|12|8|8,6,8|2|7|2|0|1
001399|box_n3_H24|b001110|7,13,17|4|13|17|13|2|15|3|26|13|30|15|21,8,0,0|13|13|27,12,0,0|15|15|10|10,8,10|3|0|3|0|1
001400|box_n3_H24|b001111|7,13,18|4|13|18|12|2|18|3|24|12|36|18|20,8,0,0|12|12|28,10,0,0|18|18|10|10,10,10|2|0|2|0|1
001401|box_n3_H24|b001112|7,13,19|4|13|19|9|2|17|3|18|9|34|17|21,12,0,0|9|9|29,12,0,0|17|17|12|7,12,7|3|0|3|0|1
001402|box_n3_H24|b001113|7,13,20|4|13|20|6|17|10|3|12|6|20|10|18,12,0,0|6|6|30,20,0,0|10|10|8|8,0,8|2|67|2|0|1
001403|box_n3_H24|b001114|7,13,21|4|13|21|9|11|17|3|18|9|34|17|21,12,0,0|9|9|33,16,0,0|17|17|10|10,6,10|3|0|3|0|1
001404|box_n3_H24|b001115|7,13,22|4|13|22|10|3|18|5|20|10|36|18|20,10,0,0|10|10|34,16,0,0|18|18|10|10,8,10|2|0|2|0|1
001405|box_n3_H24|b001116|7,13,23|4|13|23|11|3|19|5|22|11|38|19|21,10,0,0|11|11|35,16,0,0|19|19|12|12,6,12|3|0|3|0|1
001406|box_n3_H24|b001117|7,13,24|4|13|24|10|3|16|5|20|10|32|16|18,8,0,0|10|10|36,20,0,0|16|16|10|8,10,8|2|7|2|0|1
001407|box_n3_H24|b001118|7,14,15|4|14|15|14|2|12|3|28|14|24|12|22,8,0,0|14|14|22,10,0,0|12|12|12|7,12,7|2|0|2|0|1
001408|box_n3_H24|b001119|7,14,16|4|14|16|16|2|12|3|32|16|24|12|24,8,0,0|16|16|24,12,0,0|12|12|12|8,12,8|4|26|4|0|1
001409|box_n3_H24|b001120|7,14,17|4|14|17|14|2|14|3|28|14|28|14|22,8,0,0|14|14|26,12,0,0|14|14|12|8,12,8|2|0|2|0|1
001410|box_n3_H24|b001121|7,14,18|4|14|18|14|2|16|3|28|14|32|16|22,8,0,0|14|14|30,14,0,0|16|16|12|9,12,9|6|252|6|0|1
001411|box_n3_H24|b001122|7,14,19|4|14|19|16|2|14|3|32|16|28|14|22,6,0,0|16|16|28,14,0,0|14|14|12|9,12,9|2|0|2|0|1
001412|box_n3_H24|b001123|7,14,20|4|14|20|14|2|16|3|28|14|32|16|20,6,0,0|14|14|32,16,0,0|16|16|14|8,14,8|4|200|4|0|1
001413|box_n3_H24|b001124|7,14,22|4|14|22|14|6|18|9|28|14|36|18|22,8,0,0|14|14|34,16,0,0|18|18|12|10,12,10|6|308|6|0|1
001414|box_n3_H24|b001125|7,14,23|4|14|23|14|6|18|9|28|14|36|18|22,8,0,0|14|14|34,16,0,0|18|18|14|9,14,9|2|0|2|0|1
001415|box_n3_H24|b001126|7,14,24|4|14|24|16|3|18|5|32|16|36|18|24,8,0,0|16|16|36,18,0,0|18|18|14|10,14,10|4|37|4|0|1
001416|box_n3_H24|b001127|7,15,16|4|15|16|12|5|12|3|24|12|24|12|24,12,0,0|12|12|24,12,0,0|12|12|8|8,8,8|2|1|2|0|1
001417|box_n3_H24|b001128|7,15,17|4|15|17|11|5|17|3|22|11|34|17|23,12,0,0|11|11|27,10,0,0|17|17|10|10,8,10|3|0|3|0|1
001418|box_n3_H24|b001129|7,15,18|4|15|18|12|5|18|3|24|12|36|18|24,12,0,0|12|12|30,12,0,0|18|18|11|11,8,11|6|24|6|0|1
001419|box_n3_H24|b001130|7,15,19|4|15|19|13|5|17|3|26|13|34|17|23,10,0,0|13|13|29,12,0,0|17|17|12|12,6,12|3|0|3|0|1
001420|box_n3_H24|b001131|7,15,20|4|15|20|14|5|14|3|28|14|28|14|30,16,0,0|14|14|30,16,0,0|14|14|10|10,8,10|10|17|10|0|1
001421|box_n3_H24|b001132|7,15,21|4|15|21|11|5|19|3|22|11|38|19|27,16,0,0|11|11|33,14,0,0|19|19|12|12,6,12|8|140|9|1|1
001422|box_n3_H24|b001133|7,15,22|4|15|22|8|15|12|9|16|8|24|12|22,14,0,0|8|8|34,22,0,0|12|12|9|9,2,9|2|0|2|0|1
001423|box_n3_H24|b001134|7,15,23|4|15|23|9|6|17|9|18|9|34|17|23,14,0,0|9|9|35,18,0,0|17|17|12|7,12,7|3|0|3|0|1
001424|box_n3_H24|b001135|7,15,24|4|15|24|10|6|16|9|20|10|32|16|18,8,0,0|10|10|36,20,0,0|16|16|10|8,10,8|6|27|6|0|1
001425|box_n3_H24|b001136|7,16,17|4|16|17|12|5|12|3|24|12|24|12|24,12,0,0|12|12|24,12,0,0|12|12|8|8,8,8|2|11|2|0|1
001426|box_n3_H24|b001137|7,16,18|4|16|18|12|5|12|3|24|12|24|12|24,12,0,0|12|12|24,12,0,0|12|12|8|8,8,8|4|29|4|0|1
001427|box_n3_H24|b001138|7,16,19|4|16|19|8|5|14|3|16|8|28|14|24,16,0,0|8|8|30,16,0,0|14|14|8|8,6,8|2|58|2|0|1
001428|box_n3_H24|b001139|7,16,20|4|16|20|12|5|12|3|24|12|24|12|24,12,0,0|12|12|24,12,0,0|12|12|8|8,8,8|8|17|8|0|1
001429|box_n3_H24|b001140|7,16,21|4|16|21|8|5|18|3|16|8|36|18|24,16,0,0|8|8|30,12,0,0|18|18|10|10,6,10|2|3|2|0|1
001430|box_n3_H24|b001141|7,16,22|4|16|22|12|5|18|7|24|12|36|18|24,12,0,0|12|12|36,18,0,0|18|18|10|10,10,10|4|31|4|0|1
001431|box_n3_H24|b001142|7,16,23|4|16|23|8|13|12|9|16|8|24|12|24,16,0,0|8|8|36,24,0,0|12|12|10|10,0,10|2|67|2|0|1
001432|box_n3_H24|b001143|7,16,24|4|16|24|16|6|16|9|32|16|32|16|32,16,0,0|16|16|32,16,0,0|16|16|16|8,16,8|16|96|16|0|1
001433|box_n3_H24|b001144|7,17,18|4|17|18|14|5|16|3|28|14|32|16|26,12,0,0|14|14|28,12,0,0|16|16|10|10,10,10|2|0|2|0|1
001434|box_n3_H24|b001145|7,17,19|4|17|19|13|5|17|3|26|13|34|17|27,14,0,0|13|13|29,12,0,0|17|17|11|11,8,11|3|0|3|0|1
001435|box_n3_H24|b001146|7,17,20|4|17|20|12|5|18|3|24|12|36|18|24,12,0,0|12|12|30,12,0,0|18|18|10|10,10,10|2|2|2|0|1
001436|box_n3_H24|b001147|7,17,21|4|17|21|11|5|19|3|22|11|38|19|27,16,0,0|11|11|33,14,0,0|19|19|12|12,6,12|3|0|3|0|1
001437|box_n3_H24|b001148|7,17,22|4|17|22|14|5|20|7|28|14|40|20|26,12,0,0|14|14|34,14,0,0|20|20|12|12,10,12|2|0|2|0|1
001438|box_n3_H24|b001149|7,17,23|4|17|23|15|5|21|7|30|15|42|21|27,12,0,0|15|15|35,14,0,0|21|21|12|12,12,12|3|0|3|0|1
001439|box_n3_H24|b001150|7,17,24|4|17|24|8|7|12|9|16|8|24|12|24,16,0,0|8|8|36,24,0,0|12|12|10|10,0,10|2|87|2|0|1
001440|box_n3_H24|b001151|7,18,19|4|18|19|14|5|16|3|28|14|32|16|28,14,0,0|14|14|28,12,0,0|16|16|12|9,12,9|2|0|2|0|1
001441|box_n3_H24|b001152|7,18,20|4|18|20|14|5|16|3|28|14|32|16|28,14,0,0|14|14|32,16,0,0|16|16|10|10,10,10|4|40|4|0|1
001442|box_n3_H24|b001153|7,18,21|4|18|21|12|5|16|3|24|12|32|16|30,18,0,0|12|12|30,14,0,0|16|16|10|9,10,9|6|24|6|0|1
001443|box_n3_H24|b001154|7,18,22|4|18|22|16|5|18|7|32|16|36|18|30,14,0,0|16|16|34,16,0,0|18|18|12|11,12,11|6|396|6|0|1
001444|box_n3_H24|b001155|7,18,23|4|18|23|12|5|18|7|24|12|36|18|28,16,0,0|12|12|34,16,0,0|18|18|12|9,12,9|2|0|2|0|1
001445|box_n3_H24|b001156|7,18,24|4|18|24|18|5|18|7|36|18|36|18|36,18,0,0|18|18|36,18,0,0|18|18|12|12,12,12|12|19|12|0|1
001446|box_n3_H24|b001157|7,19,20|4|19|20|16|5|18|3|32|16|36|18|30,14,0,0|16|16|30,12,0,0|18|18|12|12,10,12|2|1|2|0|1
001447|box_n3_H24|b001158|7,19,21|4|19|21|11|5|19|3|22|11|38|19|29,18,0,0|11|11|33,14,0,0|19|19|12|12,6,12|3|0|3|0|1
001448|box_n3_H24|b001159|7,19,22|4|19|22|14|5|20|6|28|14|40|20|28,14,0,0|14|14|34,14,0,0|20|20|12|11,12,11|2|0|2|0|1
001449|box_n3_H24|b001160|7,19,23|4|19|23|11|5|17|7|22|11|34|17|29,18,0,0|11|11|35,18,0,0|17|17|10|10,8,10|3|0|3|0|1
001450|box_n3_H24|b001161|7,19,24|4|19|24|14|5|16|7|28|14|32|16|30,16,0,0|14|14|36,20,0,0|16|16|10|10,10,10|2|5|2|0|1
001451|box_n3_H24|b001162|7,20,21|4|20|21|10|5|18|3|20|10|36|18|30,20,0,0|10|10|30,12,0,0|18|18|10|10,8,10|2|3|2|0|1
001452|box_n3_H24|b001163|7,20,22|4|20|22|16|5|16|6|32|16|32|16|32,16,0,0|16|16|32,16,0,0|16|16|12|10,12,10|4|180|4|0|1
001453|box_n3_H24|b001164|7,20,23|4|20|23|14|5|18|6|28|14|36|18|30,16,0,0|14|14|36,18,0,0|18|18|12|10,12,10|2|2|2|0|1
001454|box_n3_H24|b001165|7,20,24|4|20|24|16|5|20|6|32|16|40|20|32,16,0,0|16|16|40,20,0,0|20|20|12|12,12,12|8|36|8|0|1
001455|box_n3_H24|b001166|7,21,22|4|21|22|18|5|14|6|36|18|28|14|32,14,0,0|18|18|34,20,0,0|14|14|11|11,10,11|2|0|2|0|1
001456|box_n3_H24|b001167|7,21,23|4|21|23|17|5|13|6|34|17|26|13|33,16,0,0|17|17|35,22,0,0|13|13|12|12,6,12|3|0|3|0|1
001457|box_n3_H24|b001168|7,21,24|4|21|24|20|5|12|6|40|20|24|12|36,16,0,0|20|20|36,24,0,0|12|12|12|12,8,12|5|33|6|1|1
001458|box_n3_H24|b001169|7,22,23|4|22|23|20|5|18|6|40|20|36|18|34,14,0,0|20|20|34,16,0,0|18|18|13|13,12,13|2|0|2|0|1
001459|box_n3_H24|b001170|7,22,24|4|22|24|18|5|18|6|36|18|36|18|36,18,0,0|18|18|36,18,0,0|18|18|12|12,12,12|4|39|4|0|1
001460|box_n3_H24|b001171|7,23,24|4|23|24|18|5|20|6|36|18|40|20|36,18,0,0|18|18|36,16,0,0|20|20|14|12,14,12|2|1|2|0|1
001461|box_n3_H24|b001172|8,9,10|4|9|10|4|2|6|2|8|4|12|6|14,10,0,0|4|4|16,10,0,0|6|6|6|2,6,2|1|2|1|0|1
001462|box_n3_H24|b001173|8,9,11|4|9|11|6|2|10|2|12|6|20|10|15,9,0,0|6|6|17,7,0,0|10|10|6|5,6,5|2|4|2|0|1
001463|box_n3_H24|b001174|8,9,12|4|9|12|6|2|8|2|12|6|16|8|18,12,0,0|6|6|18,10,0,0|8|8|6|4,6,4|6|46|6|0|1
001464|box_n3_H24|b001175|8,9,13|4|9|13|6|2|10|2|12|6|20|10|15,9,0,0|6|6|21,11,0,0|10|10|6|5,6,5|2|1|2|0|1
001465|box_n3_H24|b001176|8,9,14|4|9|14|6|6|12|2|12|6|24|12|14,8,0,0|6|6|22,10,0,0|12|12|6|6,6,6|2|28|2|0|1
001466|box_n3_H24|b001177|8,9,15|4|9|15|8|3|16|2|16|8|32|16|15,7,0,0|8|8|27,11,0,0|16|16|8|8,8,8|9|60|9|0|1
001467|box_n3_H24|b001178|8,9,16|4|9|16|6|3|16|2|12|6|32|16|12,6,0,0|6|6|24,8,0,0|16|16|10|6,10,6|2|2|2|0|1
001468|box_n3_H24|b001179|8,9,17|4|9|17|4|3|8|3|8|4|16|8|15,11,0,0|4|4|27,19,0,0|8|8|6|6,0,6|1|2|1|0|1
001469|box_n3_H24|b001180|8,9,18|4|9|18|8|3|16|3|16|8|32|16|18,10,0,0|8|8|36,20,0,0|16|16|8|8,8,8|16|4|18|2|1
001470|box_n3_H24|b001181|8,9,19|4|9|19|4|3|16|3|8|4|32|16|15,11,0,0|4|4|29,13,0,0|16|16|7|7,6,7|2|8|2|0|0
001471|box_n3_H24|b001182|8,9,20|4|9|20|6|3|16|3|12|6|32|16|12,6,0,0|6|6|30,14,0,0|16|16|8|8,6,8|2|3|2|0|0
001472|box_n3_H24|b001183|8,9,21|4|9|21|8|3|16|3|16|8|32|16|15,7,0,0|8|8|33,17,0,0|16|16|9|9,6,9|9|84|9|0|0
001473|box_n3_H24|b001184|8,9,22|4|9|22|6|6|18|3|12|6|36|18|14,8,0,0|6|6|34,16,0,0|18|18|8|8,8,8|2|44|2|0|0
001474|box_n3_H24|b001185|8,9,23|4|9|23|6|2|18|3|12|6|36|18|15,9,0,0|6|6|35,17,0,0|18|18|8|8,8,8|2|4|2|0|0
001475|box_n3_H24|b001186|8,9,24|4|9|24|6|2|20|3|12|6|40|20|18,12,0,0|6|6|36,16,0,0|20|20|10|10,6,10|6|59|6|0|0
001476|box_n3_H24|b001187|8,10,11|4|10|11|6|2|10|2|12|6|20|10|16,10,0,0|6|6|16,6,0,0|10|10|6|6,4,6|2|40|2|0|1
001477|box_n3_H24|b001188|8,10,13|4|10|13|6|2|10|2|12|6|20|10|16,10,0,0|6|6|20,10,0,0|10|10|6|6,4,6|2|40|2|0|1
001478|box_n3_H24|b001189|8,10,15|4|10|15|8|2|10|2|16|8|20|10|20,12,0,0|8|8|20,10,0,0|10|10|10|4,10,4|8|24|10|2|1
001479|box_n3_H24|b001190|8,10,17|4|10|17|6|3|14|3|12|6|28|14|16,10,0,0|6|6|26,12,0,0|14|14|8|8,4,8|2|60|2|0|1
001480|box_n3_H24|b001191|8,10,19|4|10|19|6|3|16|3|12|6|32|16|16,10,0,0|6|6|28,12,0,0|16|16|8|8,6,8|2|60|2|0|1
001481|box_n3_H24|b001192|8,10,21|4|10|21|6|3|14|3|12|6|28|14|16,10,0,0|6|6|32,18,0,0|14|14|8|6,8,6|2|160|2|0|0
001482|box_n3_H24|b001193|8,10,23|4|10|23|6|3|18|3|12|6|36|18|16,10,0,0|6|6|34,16,0,0|18|18|8|8,8,8|2|80|2|0|0
001483|box_n3_H24|b001194|8,11,12|4|11|12|6|2|8|2|12|6|16|8|18,12,0,0|6|6|18,10,0,0|8|8|6|4,6,4|2|2|2|0|1
001484|box_n3_H24|b001195|8,11,13|4|11|13|10|2|10|2|20|10|20|10|17,7,0,0|10|10|21,11,0,0|10|10|8|6,8,6|2|4|2|0|1
001485|box_n3_H24|b001196|8,11,14|4|11|14|6|2|12|2|12|6|24|12|16,10,0,0|6|6|22,10,0,0|12|12|10|4,10,4|1|1|1|0|1
001486|box_n3_H24|b001197|8,11,15|4|11|15|8|2|12|2|16|8|24|12|17,9,0,0|8|8|23,11,0,0|12|12|7|7,6,7|2|3|2|0|1
001487|box_n3_H24|b001198|8,11,16|4|11|16|12|2|16|2|24|12|32|16|18,6,0,0|12|12|24,8,0,0|16|16|12|8,12,8|2|1|2|0|1
001488|box_n3_H24|b001199|8,11,17|4|11|17|8|7|12|3|16|8|24|12|17,9,0,0|8|8|27,15,0,0|12|12|7|7,6,7|2|4|2|0|1
001489|box_n3_H24|b001200|8,11,18|4|11|18|8|9|12|3|16|8|24|12|16,8,0,0|8|8|28,16,0,0|12|12|8|6,8,6|2|36|2|0|1
001490|box_n3_H24|b001201|8,11,19|4|11|19|6|3|10|3|12|6|20|10|17,11,0,0|6|6|29,19,0,0|10|10|8|8,0,8|1|2|1|0|1
001491|box_n3_H24|b001202|8,11,20|4|11|20|6|3|16|3|12|6|32|16|18,12,0,0|6|6|30,14,0,0|16|16|8|8,6,8|2|5|2|0|1
001492|box_n3_H24|b001203|8,11,21|4|11|21|10|3|14|3|20|10|28|14|17,7,0,0|10|10|33,19,0,0|14|14|8|8,8,8|2|4|2|0|1
001493|box_n3_H24|b001204|8,11,22|4|11|22|12|3|24|3|24|12|48|24|22,10,0,0|12|12|44,20,0,0|24|24|12|12,12,12|22|16|22|0|1
001494|box_n3_H24|b001205|8,11,23|4|11|23|10|3|18|3|20|10|36|18|17,7,0,0|10|10|35,17,0,0|18|18|10|9,10,9|2|3|2|0|0
001495|box_n3_H24|b001206|8,11,24|4|11|24|6|3|20|3|12|6|40|20|18,12,0,0|6|6|36,16,0,0|20|20|10|10,6,10|2|5|2|0|0
001496|box_n3_H24|b001207|8,12,13|4|12|13|8|2|12|2|16|8|24|12|18,10,0,0|8|8|18,6,0,0|12|12|8|6,8,6|2|2|2|0|1
001497|box_n3_H24|b001208|8,12,15|4|12|15|8|2|12|2|16|8|24|12|18,10,0,0|8|8|18,6,0,0|12|12|8|6,8,6|6|13|6|0|1
001498|box_n3_H24|b001209|8,12,17|4|12|17|8|2|12|3|16|8|24|12|18,10,0,0|8|8|24,12,0,0|12|12|8|6,8,6|2|2|2|0|1
001499|box_n3_H24|b001210|8,12,19|4|12|19|8|9|12|3|16|8|24|12|18,10,0,0|8|8|30,18,0,0|12|12|8|6,8,6|2|2|2|0|1
001500|box_n3_H24|b001211|8,12,21|4|12|21|8|3|18|3|16|8|36|18|18,10,0,0|8|8|36,18,0,0|18|18|10|8,10,8|6|19|6|0|1
001501|box_n3_H24|b001212|8,12,23|4|12|23|8|3|18|3|16|8|36|18|18,10,0,0|8|8|36,18,0,0|18|18|10|8,10,8|2|2|2|0|1
001502|box_n3_H24|b001213|8,13,14|4|13|14|8|2|12|2|16|8|24|12|20,12,0,0|8|8|22,10,0,0|12|12|8|6,8,6|2|56|2|0|1
001503|box_n3_H24|b001214|8,13,15|4|13|15|10|2|12|2|20|10|24|12|21,11,0,0|10|10|23,11,0,0|12|12|8|7,8,7|2|4|2|0|1
001504|box_n3_H24|b001215|8,13,16|4|13|16|6|2|16|2|12|6|32|16|18,12,0,0|6|6|24,8,0,0|16|16|10|6,10,6|2|2|2|0|1
001505|box_n3_H24|b001216|8,13,17|4|13|17|10|2|12|3|20|10|24|12|21,11,0,0|10|10|27,15,0,0|12|12|8|7,8,7|2|1|2|0|1
001506|box_n3_H24|b001217|8,13,18|4|13|18|6|2|12|3|12|6|24|12|20,14,0,0|6|6|28,16,0,0|12|12|10|4,10,4|1|2|1|0|1
001507|box_n3_H24|b001218|8,13,19|4|13|19|10|2|14|3|20|10|28|14|21,11,0,0|10|10|29,15,0,0|14|14|8|8,8,8|2|4|2|0|1
001508|box_n3_H24|b001219|8,13,20|4|13|20|6|9|16|3|12|6|32|16|18,12,0,0|6|6|30,14,0,0|16|16|8|8,6,8|2|2|2|0|1
001509|box_n3_H24|b001220|8,13,21|4|13|21|6|9|10|3|12|6|20|10|21,15,0,0|6|6|33,23,0,0|10|10|8|8,0,8|1|2|1|0|1
001510|box_n3_H24|b001221|8,13,22|4|13|22|10|3|18|3|20|10|36|18|20,10,0,0|10|10|34,16,0,0|18|18|10|10,8,10|2|44|2|0|1
001511|box_n3_H24|b001222|8,13,23|4|13|23|10|3|18|3|20|10|36|18|21,11,0,0|10|10|35,17,0,0|18|18|10|9,10,9|2|4|2|0|1
001512|box_n3_H24|b001223|8,13,24|4|13|24|6|3|20|3|12|6|40|20|18,12,0,0|6|6|36,16,0,0|20|20|10|10,6,10|2|3|2|0|1
001513|box_n3_H24|b001224|8,14,15|4|14|15|12|2|12|2|24|12|24|12|22,10,0,0|12|12|22,10,0,0|12|12|8|8,8,8|2|56|2|0|1
001514|box_n3_H24|b001225|8,14,17|4|14|17|12|2|14|3|24|12|28|14|22,10,0,0|12|12|26,12,0,0|14|14|10|10,6,10|2|56|2|0|1
001515|box_n3_H24|b001226|8,14,19|4|14|19|12|2|16|3|24|12|32|16|22,10,0,0|12|12|28,12,0,0|16|16|10|10,8,10|2|84|2|0|1
001516|box_n3_H24|b001227|8,14,21|4|14|21|16|2|14|3|32|16|28|14|28,12,0,0|16|16|28,14,0,0|14|14|14|8,14,8|14|12|14|0|1
001517|box_n3_H24|b001228|8,14,23|4|14|23|12|9|18|3|24|12|36|18|22,10,0,0|12|12|34,16,0,0|18|18|10|10,10,10|2|84|2|0|1
001518|box_n3_H24|b001229|8,15,16|4|15|16|12|2|16|2|24|12|32|16|24,12,0,0|12|12|24,8,0,0|16|16|12|8,12,8|2|2|2|0|1
001519|box_n3_H24|b001230|8,15,17|4|15|17|12|2|12|3|24|12|24|12|23,11,0,0|12|12|27,15,0,0|12|12|8|8,8,8|2|4|2|0|1
001520|box_n3_H24|b001231|8,15,18|4|15|18|12|2|14|3|24|12|28|14|24,12,0,0|12|12|30,16,0,0|14|14|10|8,10,8|6|24|6|0|1
001521|box_n3_H24|b001232|8,15,19|4|15|19|12|2|14|3|24|12|28|14|23,11,0,0|12|12|29,15,0,0|14|14|9|9,8,9|2|3|2|0|1
001522|box_n3_H24|b001233|8,15,20|4|15|20|18|2|16|3|36|18|32|16|30,12,0,0|18|18|30,14,0,0|16|16|12|12,10,12|10|13|10|0|1
001523|box_n3_H24|b001234|8,15,21|4|15|21|16|2|16|3|32|16|32|16|27,11,0,0|16|16|33,17,0,0|16|16|11|11,10,11|9|140|9|0|1
001524|box_n3_H24|b001235|8,15,22|4|15|22|8|2|18|3|16|8|36|18|22,14,0,0|8|8|34,16,0,0|18|18|14|6,14,6|1|1|1|0|1
001525|box_n3_H24|b001236|8,15,23|4|15|23|8|17|12|3|16|8|24|12|23,15,0,0|8|8|35,23,0,0|12|12|10|10,0,10|1|2|1|0|1
001526|box_n3_H24|b001237|8,15,24|4|15|24|6|11|20|3|12|6|40|20|18,12,0,0|6|6|36,16,0,0|20|20|10|10,6,10|6|27|6|0|1
001527|box_n3_H24|b001238|8,16,17|4|16|17|16|2|12|3|32|16|24|12|24,8,0,0|16|16|24,12,0,0|12|12|12|8,12,8|2|2|2|0|1
001528|box_n3_H24|b001239|8,16,19|4|16|19|16|2|18|3|32|16|36|18|24,8,0,0|16|16|30,12,0,0|18|18|14|10,14,10|2|1|2|0|1
001529|box_n3_H24|b001240|8,16,21|4|16|21|16|2|12|3|32|16|24|12|24,8,0,0|16|16|30,18,0,0|12|12|12|8,12,8|2|2|2|0|1
001530|box_n3_H24|b001241|8,16,23|4|16|23|16|2|18|3|32|16|36|18|24,8,0,0|16|16|36,18,0,0|18|18|14|10,14,10|2|2|2|0|1
001531|box_n3_H24|b001242|8,17,18|4|17|18|12|5|12|3|24|12|24|12|26,14,0,0|12|12|28,16,0,0|12|12|8|8,8,8|2|72|2|0|1
001532|box_n3_H24|b001243|8,17,19|4|17|19|12|5|14|3|24|12|28|14|27,15,0,0|12|12|29,15,0,0|14|14|9|9,8,9|2|8|2|0|1
001533|box_n3_H24|b001244|8,17,20|4|17|20|6|5|16|3|12|6|32|16|24,18,0,0|6|6|30,14,0,0|16|16|8|8,6,8|2|2|2|0|1
001534|box_n3_H24|b001245|8,17,21|4|17|21|12|5|16|3|24|12|32|16|27,15,0,0|12|12|33,17,0,0|16|16|10|9,10,9|2|1|2|0|1
001535|box_n3_H24|b001246|8,17,22|4|17|22|12|5|18|3|24|12|36|18|26,14,0,0|12|12|34,16,0,0|18|18|10|10,10,10|2|132|2|0|1
001536|box_n3_H24|b001247|8,17,23|4|17|23|12|5|16|3|24|12|32|16|27,15,0,0|12|12|35,19,0,0|16|16|10|10,8,10|2|4|2|0|1
001537|box_n3_H24|b001248|8,17,24|4|17|24|6|13|20|3|12|6|40|20|24,18,0,0|6|6|36,16,0,0|20|20|10|10,6,10|2|3|2|0|1
001538|box_n3_H24|b001249|8,18,19|4|18|19|12|5|16|3|24|12|32|16|28,16,0,0|12|12|28,12,0,0|16|16|10|10,8,10|2|72|2|0|1
001539|box_n3_H24|b001250|8,18,21|4|18|21|14|5|16|3|28|14|32|16|30,16,0,0|14|14|30,14,0,0|16|16|10|10,10,10|6|24|6|0|1
001540|box_n3_H24|b001251|8,18,23|4|18|23|12|5|20|3|24|12|40|20|28,16,0,0|12|12|34,14,0,0|20|20|12|12,8,12|2|72|2|0|1
001541|box_n3_H24|b001252|8,19,20|4|19|20|12|5|16|3|24|12|32|16|30,18,0,0|12|12|30,14,0,0|16|16|10|10,8,10|2|5|2|0|1
001542|box_n3_H24|b001253|8,19,21|4|19|21|14|5|14|3|28|14|28|14|29,15,0,0|14|14|33,19,0,0|14|14|10|10,8,10|2|8|2|0|1
001543|box_n3_H24|b001254|8,19,22|4|19|22|14|5|18|3|28|14|36|18|28,14,0,0|14|14|34,16,0,0|18|18|12|10,12,10|2|88|2|0|1
001544|box_n3_H24|b001255|8,19,23|4|19|23|14|5|18|3|28|14|36|18|29,15,0,0|14|14|35,17,0,0|18|18|11|11,10,11|2|3|2|0|1
001545|box_n3_H24|b001256|8,19,24|4|19|24|12|5|20|3|24|12|40|20|30,18,0,0|12|12|36,16,0,0|20|20|12|12,8,12|2|1|2|0|1
001546|box_n3_H24|b001257|8,20,21|4|20|21|16|5|18|3|32|16|36|18|30,14,0,0|16|16|30,12,0,0|18|18|12|12,10,12|2|3|2|0|1
001547|box_n3_H24|b001258|8,20,23|4|20|23|16|5|24|3|32|16|48|24|30,14,0,0|16|16|36,12,0,0|24|24|14|14,12,14|2|1|2|0|1
001548|box_n3_H24|b001259|8,21,22|4|21|22|14|5|18|3|28|14|36|18|32,18,0,0|14|14|34,16,0,0|18|18|12|10,12,10|2|88|2|0|1
001549|box_n3_H24|b001260|8,21,23|4|21|23|14|5|18|3|28|14|36|18|33,19,0,0|14|14|35,17,0,0|18|18|11|11,10,11|2|8|2|0|1
001550|box_n3_H24|b001261|8,21,24|4|21|24|12|5|20|3|24|12|40|20|36,24,0,0|12|12|36,16,0,0|20|20|12|12,8,12|6|29|6|0|1
001551|box_n3_H24|b001262|8,22,23|4|22|23|18|5|20|3|36|18|40|20|34,16,0,0|18|18|34,14,0,0|20|20|14|14,10,14|2|88|2|0|1
001552|box_n3_H24|b001263|8,23,24|4|23|24|12|5|20|3|24|12|40|20|36,24,0,0|12|12|36,16,0,0|20|20|12|12,8,12|2|5|2|0|1
001553|box_n3_H24|b001264|9,10,11|4|10|11|6|2|8|2|12|6|16|8|16,10,0,0|6|6|16,8,0,0|8|8|8|3,8,3|2|0|2|0|1
001554|box_n3_H24|b001265|9,10,12|4|10|12|8|2|10|2|16|8|20|10|16,8,0,0|8|8|20,10,0,0|10|10|6|6,6,6|4|96|4|0|1
001555|box_n3_H24|b001266|9,10,13|4|10|13|8|2|12|2|16|8|24|12|16,8,0,0|8|8|20,8,0,0|12|12|8|6,8,6|2|0|2|0|1
001556|box_n3_H24|b001267|9,10,14|4|10|14|10|2|12|2|20|10|24|12|18,8,0,0|10|10|22,10,0,0|12|12|8|7,8,7|6|140|6|0|1
001557|box_n3_H24|b001268|9,10,15|4|10|15|10|2|12|2|20|10|24|12|20,10,0,0|10|10|20,8,0,0|12|12|12|5,12,5|10|48|10|0|1
001558|box_n3_H24|b001269|9,10,16|4|10|16|6|6|12|2|12|6|24|12|12,6,0,0|6|6|24,12,0,0|12|12|6|6,6,6|4|27|4|0|1
001559|box_n3_H24|b001270|9,10,17|4|10|17|10|3|16|2|20|10|32|16|16,6,0,0|10|10|26,10,0,0|16|16|10|8,10,8|2|0|2|0|1
001560|box_n3_H24|b001271|9,10,18|4|10|18|10|3|20|2|20|10|40|20|18,8,0,0|10|10|30,10,0,0|20|20|14|8,14,8|6|180|6|0|1
001561|box_n3_H24|b001272|9,10,19|4|10|19|6|3|10|3|12|6|20|10|16,10,0,0|6|6|28,18,0,0|10|10|7|7,2,7|2|0|2|0|1
001562|box_n3_H24|b001273|9,10,20|4|10|20|10|3|20|3|20|10|40|20|20,10,0,0|10|10|40,20,0,0|20|20|10|10,10,10|20|40|20|0|1
001563|box_n3_H24|b001274|9,10,21|4|10|21|6|3|18|3|12|6|36|18|16,10,0,0|6|6|32,14,0,0|18|18|8|8,8,8|2|0|2|0|0
001564|box_n3_H24|b001275|9,10,22|4|10|22|10|3|18|3|20|10|36|18|18,8,0,0|10|10|34,16,0,0|18|18|10|9,10,9|6|220|6|0|0
001565|box_n3_H24|b001276|9,10,23|4|10|23|10|3|18|3|20|10|36|18|16,6,0,0|10|10|34,16,0,0|18|18|10|9,10,9|2|0|2|0|0
001566|box_n3_H24|b001277|9,10,24|4|10|24|6|6|18|3|12|6|36|18|12,6,0,0|6|6|36,18,0,0|18|18|8|8,8,8|4|38|4|0|0
001567|box_n3_H24|b001278|9,11,12|4|11|12|8|2|10|2|16|8|20|10|18,10,0,0|8|8|18,8,0,0|10|10|7|7,4,7|2|5|2|0|1
001568|box_n3_H24|b001279|9,11,13|4|11|13|7|2|11|2|14|7|22|11|17,10,0,0|7|7|21,10,0,0|11|11|8|5,8,5|3|0|3|0|1
001569|box_n3_H24|b001280|9,11,14|4|11|14|10|2|14|2|20|10|28|14|16,6,0,0|10|10|22,8,0,0|14|14|10|7,10,7|2|0|2|0|1
001570|box_n3_H24|b001281|9,11,15|4|11|15|9|2|15|2|18|9|30|15|17,8,0,0|9|9|23,8,0,0|15|15|8|8,8,8|3|0|3|0|1
001571|box_n3_H24|b001282|9,11,16|4|11|16|10|2|16|2|20|10|32|16|18,8,0,0|10|10|24,8,0,0|16|16|10|8,10,8|2|1|2|0|1
001572|box_n3_H24|b001283|9,11,17|4|11|17|7|7|13|2|14|7|26|13|17,10,0,0|7|7|27,14,0,0|13|13|7|7,6,7|3|0|3|0|1
001573|box_n3_H24|b001284|9,11,18|4|11|18|8|11|18|2|16|8|36|18|16,8,0,0|8|8|28,10,0,0|18|18|12|7,12,7|2|0|2|0|1
001574|box_n3_H24|b001285|9,11,19|4|11|19|9|3|17|3|18|9|34|17|17,8,0,0|9|9|29,12,0,0|17|17|11|11,4,11|3|0|3|0|1
001575|box_n3_H24|b001286|9,11,20|4|11|20|6|3|10|3|12|6|20|10|18,12,0,0|6|6|30,20,0,0|10|10|8|8,0,8|2|61|2|0|1
001576|box_n3_H24|b001287|9,11,21|4|11|21|9|3|19|3|18|9|38|19|17,8,0,0|9|9|33,14,0,0|19|19|11|11,6,11|3|0|3|0|1
001577|box_n3_H24|b001288|9,11,22|4|11|22|12|3|22|3|24|12|44|22|22,10,0,0|12|12|44,22,0,0|22|22|12|11,12,11|22|24|22|0|1
001578|box_n3_H24|b001289|9,11,23|4|11|23|9|3|19|3|18|9|38|19|17,8,0,0|9|9|35,16,0,0|19|19|10|9,10,9|3|0|3|0|0
001579|box_n3_H24|b001290|9,11,24|4|11|24|6|3|20|3|12|6|40|20|18,12,0,0|6|6|36,16,0,0|20|20|9|9,8,9|2|10|2|0|0
001580|box_n3_H24|b001291|9,12,13|4|12|13|6|2|10|2|12|6|20|10|18,12,0,0|6|6|18,8,0,0|10|10|6|5,6,5|2|10|2|0|1
001581|box_n3_H24|b001292|9,12,14|4|12|14|10|2|10|2|20|10|20|10|20,10,0,0|10|10|20,10,0,0|10|10|8|6,8,6|4|60|4|0|1
001582|box_n3_H24|b001293|9,12,16|4|12|16|12|2|12|2|24|12|24|12|24,12,0,0|12|12|24,12,0,0|12|12|8|8,8,8|8|13|8|0|1
001583|box_n3_H24|b001294|9,12,17|4|12|17|10|2|12|2|20|10|24|12|18,8,0,0|10|10|24,12,0,0|12|12|8|7,8,7|2|6|2|0|1
001584|box_n3_H24|b001295|9,12,19|4|12|19|6|9|14|3|12|6|28|14|18,12,0,0|6|6|30,16,0,0|14|14|7|7,6,7|2|37|2|0|1
001585|box_n3_H24|b001296|9,12,20|4|12|20|10|3|18|3|20|10|36|18|20,10,0,0|10|10|36,18,0,0|18|18|10|10,8,10|12|120|12|0|1
001586|box_n3_H24|b001297|9,12,22|4|12|22|10|3|16|3|20|10|32|16|20,10,0,0|10|10|32,16,0,0|16|16|10|8,10,8|4|36|4|0|1
001587|box_n3_H24|b001298|9,12,23|4|12|23|10|3|16|3|20|10|32|16|18,8,0,0|10|10|36,20,0,0|16|16|9|9,8,9|2|6|2|0|1
001588|box_n3_H24|b001299|9,13,14|4|13|14|12|2|14|2|24|12|28|14|20,8,0,0|12|12|22,8,0,0|14|14|10|8,10,8|2|0|2|0|1
001589|box_n3_H24|b001300|9,13,15|4|13|15|11|2|15|2|22|11|30|15|21,10,0,0|11|11|23,8,0,0|15|15|10|10,6,10|3|0|3|0|1
001590|box_n3_H24|b001301|9,13,16|4|13|16|10|2|12|2|20|10|24|12|18,8,0,0|10|10|24,12,0,0|12|12|10|6,10,6|2|3|2|0|1
001591|box_n3_H24|b001302|9,13,17|4|13|17|9|2|15|2|18|9|30|15|21,12,0,0|9|9|27,12,0,0|15|15|12|6,12,6|3|0|3|0|1
001592|box_n3_H24|b001303|9,13,18|4|13|18|12|2|18|2|24|12|36|18|20,8,0,0|12|12|28,10,0,0|18|18|14|8,14,8|2|0|2|0|1
001593|box_n3_H24|b001304|9,13,19|4|13|19|13|2|13|3|26|13|26|13|21,8,0,0|13|13|29,16,0,0|13|13|9|9,8,9|3|0|3|0|1
001594|box_n3_H24|b001305|9,13,20|4|13|20|8|9|18|3|16|8|36|18|18,10,0,0|8|8|30,12,0,0|18|18|10|10,6,10|2|7|2|0|1
001595|box_n3_H24|b001306|9,13,21|4|13|21|11|9|17|3|22|11|34|17|21,10,0,0|11|11|33,16,0,0|17|17|10|10,8,10|3|0|3|0|1
001596|box_n3_H24|b001307|9,13,22|4|13|22|8|3|14|3|16|8|28|14|20,12,0,0|8|8|34,20,0,0|14|14|10|10,2,10|2|0|2|0|1
001597|box_n3_H24|b001308|9,13,23|4|13|23|13|3|17|3|26|13|34|17|21,8,0,0|13|13|35,18,0,0|17|17|11|11,8,11|3|0|3|0|1
001598|box_n3_H24|b001309|9,13,24|4|13|24|10|3|20|3|20|10|40|20|18,8,0,0|10|10|36,16,0,0|20|20|11|11,8,11|2|7|2|0|1
001599|box_n3_H24|b001310|9,14,15|4|14|15|12|2|12|2|24|12|24|12|22,10,0,0|12|12|22,10,0,0|12|12|10|7,10,7|2|0|2|0|1
001600|box_n3_H24|b001311|9,14,16|4|14|16|12|2|12|2|24|12|24|12|24,12,0,0|12|12|24,12,0,0|12|12|8|8,8,8|4|26|4|0|1
001601|box_n3_H24|b001312|9,14,17|4|14|17|12|2|16|2|24|12|32|16|22,10,0,0|12|12|26,10,0,0|16|16|12|8,12,8|2|0|2|0|1
001602|box_n3_H24|b001313|9,14,18|4|14|18|12|2|20|2|24|12|40|20|22,10,0,0|12|12|30,10,0,0|20|20|14|9,14,9|6|252|6|0|1
001603|box_n3_H24|b001314|9,14,19|4|14|19|8|2|14|3|16|8|28|14|22,14,0,0|8|8|28,14,0,0|14|14|12|5,12,5|2|0|2|0|1
001604|box_n3_H24|b001315|9,14,20|4|14|20|10|2|16|3|20|10|32|16|20,10,0,0|10|10|32,16,0,0|16|16|10|8,10,8|4|220|4|0|1
001605|box_n3_H24|b001316|9,14,21|4|14|21|16|2|14|3|32|16|28|14|28,12,0,0|16|16|28,14,0,0|14|14|14|8,14,8|14|48|14|0|1
001606|box_n3_H24|b001317|9,14,22|4|14|22|12|9|18|3|24|12|36|18|22,10,0,0|12|12|34,16,0,0|18|18|10|10,10,10|6|308|6|0|1
001607|box_n3_H24|b001318|9,14,23|4|14|23|8|9|12|3|16|8|24|12|22,14,0,0|8|8|34,22,0,0|12|12|9|9,2,9|2|0|2|0|1
001608|box_n3_H24|b001319|9,14,24|4|14|24|12|3|18|3|24|12|36|18|24,12,0,0|12|12|36,18,0,0|18|18|10|10,10,10|4|37|4|0|1
001609|box_n3_H24|b001320|9,15,16|4|15|16|14|2|12|2|28|14|24|12|24,10,0,0|14|14|24,12,0,0|12|12|9|9,8,9|2|5|2|0|1
001610|box_n3_H24|b001321|9,15,17|4|15|17|11|2|15|2|22|11|30|15|23,12,0,0|11|11|27,12,0,0|15|15|9|9,8,9|3|0|3|0|1
001611|box_n3_H24|b001322|9,15,19|4|15|19|15|2|15|3|30|15|30|15|23,8,0,0|15|15|29,14,0,0|15|15|11|11,8,11|3|0|3|0|1
001612|box_n3_H24|b001323|9,15,20|4|15|20|18|2|14|3|36|18|28|14|30,12,0,0|18|18|30,16,0,0|14|14|11|11,10,11|10|13|10|0|1
001613|box_n3_H24|b001324|9,15,22|4|15|22|14|2|16|3|28|14|32|16|22,8,0,0|14|14|34,18,0,0|16|16|12|9,12,9|2|0|2|0|1
001614|box_n3_H24|b001325|9,15,23|4|15|23|11|9|17|3|22|11|34|17|23,12,0,0|11|11|35,18,0,0|17|17|10|10,8,10|3|0|3|0|1
001615|box_n3_H24|b001326|9,16,17|4|16|17|12|2|12|2|24|12|24|12|24,12,0,0|12|12|24,12,0,0|12|12|8|8,8,8|2|7|2|0|1
001616|box_n3_H24|b001327|9,16,18|4|16|18|12|2|16|2|24|12|32|16|24,12,0,0|12|12|24,8,0,0|16|16|12|8,12,8|4|25|4|0|1
001617|box_n3_H24|b001328|9,16,19|4|16|19|16|2|16|3|32|16|32|16|24,8,0,0|16|16|30,14,0,0|16|16|12|10,12,10|2|1|2|0|1
001618|box_n3_H24|b001329|9,16,20|4|16|20|12|2|12|3|24|12|24|12|24,12,0,0|12|12|24,12,0,0|12|12|8|8,8,8|8|17|8|0|1
001619|box_n3_H24|b001330|9,16,21|4|16|21|12|2|16|3|24|12|32|16|24,12,0,0|12|12|30,14,0,0|16|16|10|9,10,9|2|2|2|0|1
001620|box_n3_H24|b001331|9,16,22|4|16|22|12|2|18|3|24|12|36|18|24,12,0,0|12|12|36,18,0,0|18|18|10|10,10,10|4|35|4|0|1
001621|box_n3_H24|b001332|9,16,23|4|16|23|8|2|18|3|16|8|36|18|24,16,0,0|8|8|36,18,0,0|18|18|14|6,14,6|2|2|2|0|1
001622|box_n3_H24|b001333|9,16,24|4|16|24|16|2|16|3|32|16|32|16|32,16,0,0|16|16|32,16,0,0|16|16|16|8,16,8|16|96|16|0|1
001623|box_n3_H24|b001334|9,17,18|4|17|18|14|2|20|2|28|14|40|20|26,12,0,0|14|14|28,8,0,0|20|20|14|10,14,10|2|0|2|0|1
001624|box_n3_H24|b001335|9,17,19|4|17|19|15|2|17|3|30|15|34|17|27,12,0,0|15|15|29,12,0,0|17|17|11|11,10,11|3|0|3|0|1
001625|box_n3_H24|b001336|9,17,20|4|17|20|14|2|14|3|28|14|28|14|24,10,0,0|14|14|30,16,0,0|14|14|12|8,12,8|2|3|2|0|1
001626|box_n3_H24|b001337|9,17,21|4|17|21|15|2|19|3|30|15|38|19|27,12,0,0|15|15|33,14,0,0|19|19|13|13,8,13|3|0|3|0|1
001627|box_n3_H24|b001338|9,17,22|4|17|22|14|2|20|3|28|14|40|20|26,12,0,0|14|14|34,14,0,0|20|20|12|12,10,12|2|0|2|0|1
001628|box_n3_H24|b001339|9,17,23|4|17|23|17|2|19|3|34|17|38|19|27,10,0,0|17|17|35,16,0,0|19|19|13|13,10,13|3|0|3|0|1
001629|box_n3_H24|b001340|9,17,24|4|17|24|14|2|16|3|28|14|32|16|24,10,0,0|14|14|36,20,0,0|16|16|12|9,12,9|2|2|2|0|1
001630|box_n3_H24|b001341|9,18,19|4|18|19|18|2|14|3|36|18|28|14|28,10,0,0|18|18|28,14,0,0|14|14|14|9,14,9|2|0|2|0|1
001631|box_n3_H24|b001342|9,18,20|4|18|20|18|2|16|3|36|18|32|16|28,10,0,0|18|18|32,16,0,0|16|16|14|10,14,10|4|40|4|0|1
001632|box_n3_H24|b001343|9,18,22|4|18|22|20|2|18|3|40|20|36|18|30,10,0,0|20|20|34,16,0,0|18|18|16|11,16,11|6|396|6|0|1
001633|box_n3_H24|b001344|9,18,23|4|18|23|20|2|18|3|40|20|36|18|28,8,0,0|20|20|34,16,0,0|18|18|16|11,16,11|2|0|2|0|1
001634|box_n3_H24|b001345|9,19,20|4|19|20|14|5|14|3|28|14|28|14|30,16,0,0|14|14|30,16,0,0|14|14|10|10,8,10|2|6|2|0|1
001635|box_n3_H24|b001346|9,19,21|4|19|21|15|5|19|3|30|15|38|19|29,14,0,0|15|15|33,14,0,0|19|19|12|12,10,12|3|0|3|0|1
001636|box_n3_H24|b001347|9,19,22|4|19|22|16|5|20|3|32|16|40|20|28,12,0,0|16|16|34,14,0,0|20|20|14|11,14,11|2|0|2|0|1
001637|box_n3_H24|b001348|9,19,23|4|19|23|13|5|19|3|26|13|38|19|29,16,0,0|13|13|35,16,0,0|19|19|13|13,6,13|3|0|3|0|1
001638|box_n3_H24|b001349|9,19,24|4|19|24|14|5|20|3|28|14|40|20|30,16,0,0|14|14|36,16,0,0|20|20|13|13,8,13|2|9|2|0|1
001639|box_n3_H24|b001350|9,20,21|4|20|21|14|5|16|3|28|14|32|16|30,16,0,0|14|14|30,14,0,0|16|16|11|11,8,11|2|6|2|0|1
001640|box_n3_H24|b001351|9,20,22|4|20|22|16|5|16|3|32|16|32|16|32,16,0,0|16|16|32,16,0,0|16|16|12|10,12,10|4|40|4|0|1
001641|box_n3_H24|b001352|9,20,23|4|20|23|18|5|20|3|36|18|40|20|30,12,0,0|18|18|36,16,0,0|20|20|14|12,14,12|2|1|2|0|1
001642|box_n3_H24|b001353|9,20,24|4|20|24|16|5|20|3|32|16|40|20|32,16,0,0|16|16|40,20,0,0|20|20|12|12,12,12|8|24|8|0|1
001643|box_n3_H24|b001354|9,21,22|4|21|22|16|5|18|3|32|16|36|18|32,16,0,0|16|16|34,16,0,0|18|18|12|12,10,12|2|0|2|0|1
001644|box_n3_H24|b001355|9,21,23|4|21|23|17|5|19|3|34|17|38|19|33,16,0,0|17|17|35,16,0,0|19|19|13|13,10,13|3|0|3|0|1
001645|box_n3_H24|b001356|9,22,23|4|22|23|16|5|16|3|32|16|32|16|34,18,0,0|16|16|34,18,0,0|16|16|11|11,10,11|2|0|2|0|1
001646|box_n3_H24|b001357|9,22,24|4|22|24|18|5|18|3|36|18|36|18|36,18,0,0|18|18|36,18,0,0|18|18|12|12,12,12|4|38|4|0|1
001647|box_n3_H24|b001358|9,23,24|4|23|24|16|5|20|3|32|16|40|20|36,20,0,0|16|16|36,16,0,0|20|20|13|13,10,13|2|6|2|0|1
001648|box_n3_H24|b001359|10,11,12|4|11|12|6|2|10|2|12|6|20|10|18,12,0,0|6|6|18,8,0,0|10|10|10|3,10,3|2|6|2|0|1
001649|box_n3_H24|b001360|10,11,13|4|11|13|8|2|10|2|16|8|20|10|17,9,0,0|8|8|21,11,0,0|10|10|7|7,4,7|2|0|3|1|1
001650|box_n3_H24|b001361|10,11,14|4|11|14|4|2|12|2|8|4|24|12|16,12,0,0|4|4|22,10,0,0|12|12|6|5,6,5|2|0|2|0|1
001651|box_n3_H24|b001362|10,11,15|4|11|15|10|2|10|2|20|10|20|10|17,7,0,0|10|10|23,13,0,0|10|10|8|6,8,6|2|0|3|1|1
001652|box_n3_H24|b001363|10,11,16|4|11|16|8|2|12|2|16|8|24|12|18,10,0,0|8|8|24,12,0,0|12|12|8|6,8,6|2|6|2|0|1
001653|box_n3_H24|b001364|10,11,17|4|11|17|8|6|14|2|16|8|28|14|17,9,0,0|8|8|27,13,0,0|14|14|8|8,6,8|2|0|3|1|1
001654|box_n3_H24|b001365|10,11,18|4|11|18|4|6|16|2|8|4|32|16|16,12,0,0|4|4|28,12,0,0|16|16|8|6,8,6|2|0|2|0|1
001655|box_n3_H24|b001366|10,11,19|4|11|19|10|3|16|2|20|10|32|16|17,7,0,0|10|10|29,13,0,0|16|16|10|8,10,8|2|0|3|1|1
001656|box_n3_H24|b001367|10,11,20|4|11|20|8|3|20|2|16|8|40|20|18,10,0,0|8|8|30,10,0,0|20|20|14|7,14,7|2|2|2|0|1
001657|box_n3_H24|b001368|10,11,21|4|11|21|6|3|12|3|12|6|24|12|17,11,0,0|6|6|33,21,0,0|12|12|9|9,0,9|2|0|3|1|1
001658|box_n3_H24|b001369|10,11,22|4|11|22|10|3|22|3|20|10|44|22|22,12,0,0|10|10|44,22,0,0|22|22|11|11,10,11|20|4|22|2|1
001659|box_n3_H24|b001370|10,11,23|4|11|23|6|3|20|3|12|6|40|20|17,11,0,0|6|6|35,15,0,0|20|20|9|9,8,9|2|0|3|1|0
001660|box_n3_H24|b001371|10,11,24|4|11|24|8|3|18|3|16|8|36|18|18,10,0,0|8|8|36,18,0,0|18|18|10|8,10,8|2|9|2|0|0
001661|box_n3_H24|b001372|10,12,13|4|12|13|10|2|10|2|20|10|20|10|18,8,0,0|10|10|18,8,0,0|10|10|7|7,6,7|2|6|2|0|1
001662|box_n3_H24|b001373|10,12,15|4|12|15|10|2|8|2|20|10|16|8|18,8,0,0|10|10|18,10,0,0|8|8|8|5,8,5|6|13|6|0|1
001663|box_n3_H24|b001374|10,12,17|4|12|17|10|2|12|2|20|10|24|12|18,8,0,0|10|10|24,12,0,0|12|12|8|7,8,7|2|6|2|0|1
001664|box_n3_H24|b001375|10,12,19|4|12|19|10|6|14|2|20|10|28|14|18,8,0,0|10|10|30,16,0,0|14|14|10|7,10,7|2|5|2|0|1
001665|box_n3_H24|b001376|10,12,21|4|12|21|10|3|20|3|20|10|40|20|18,8,0,0|10|10|36,16,0,0|20|20|11|11,8,11|6|13|6|0|1
001666|box_n3_H24|b001377|10,12,23|4|12|23|10|3|20|3|20|10|40|20|18,8,0,0|10|10|36,16,0,0|20|20|11|11,8,11|2|6|2|0|1
001667|box_n3_H24|b001378|10,13,14|4|13|14|8|2|12|2|16|8|24|12|20,12,0,0|8|8|22,10,0,0|12|12|7|7,6,7|2|0|2|0|1
001668|box_n3_H24|b001379|10,13,15|4|13|15|10|2|10|2|20|10|20|10|21,11,0,0|10|10|23,13,0,0|10|10|7|7,6,7|2|0|3|1|1
001669|box_n3_H24|b001380|10,13,16|4|13|16|6|2|12|2|12|6|24|12|18,12,0,0|6|6|24,12,0,0|12|12|10|4,10,4|2|10|2|0|1
001670|box_n3_H24|b001381|10,13,17|4|13|17|12|2|16|2|24|12|32|16|21,9,0,0|12|12|27,11,0,0|16|16|10|9,10,9|2|0|3|1|1
001671|box_n3_H24|b001382|10,13,18|4|13|18|8|2|16|2|16|8|32|16|20,12,0,0|8|8|28,12,0,0|16|16|8|8,8,8|2|0|2|0|1
001672|box_n3_H24|b001383|10,13,19|4|13|19|12|2|16|2|24|12|32|16|21,9,0,0|12|12|29,13,0,0|16|16|10|9,10,9|2|0|3|1|1
001673|box_n3_H24|b001384|10,13,20|4|13|20|10|7|20|2|20|10|40|20|18,8,0,0|10|10|30,10,0,0|20|20|12|9,12,9|2|2|2|0|1
001674|box_n3_H24|b001385|10,13,21|4|13|21|12|9|16|3|24|12|32|16|21,9,0,0|12|12|33,17,0,0|16|16|10|10,8,10|2|0|3|1|1
001675|box_n3_H24|b001386|10,13,22|4|13|22|8|3|18|3|16|8|36|18|20,12,0,0|8|8|34,16,0,0|18|18|9|9,8,9|2|0|2|0|1
001676|box_n3_H24|b001387|10,13,23|4|13|23|8|3|12|3|16|8|24|12|21,13,0,0|8|8|35,23,0,0|12|12|10|10,0,10|2|0|3|1|1
001677|box_n3_H24|b001388|10,13,24|4|13|24|8|3|18|3|16|8|36|18|18,10,0,0|8|8|36,18,0,0|18|18|10|8,10,8|2|15|2|0|1
001678|box_n3_H24|b001389|10,14,15|4|14|15|12|2|12|2|24|12|24|12|22,10,0,0|12|12|22,10,0,0|12|12|10|7,10,7|2|0|2|0|1
001679|box_n3_H24|b001390|10,14,17|4|14|17|12|2|14|2|24|12|28|14|22,10,0,0|12|12|26,12,0,0|14|14|9|9,8,9|2|0|2|0|1
001680|box_n3_H24|b001391|10,14,19|4|14|19|12|2|16|2|24|12|32|16|22,10,0,0|12|12|28,12,0,0|16|16|10|9,10,9|2|0|2|0|1
001681|box_n3_H24|b001392|10,14,21|4|14|21|14|2|12|3|28|14|24|12|28,14,0,0|14|14|28,16,0,0|12|12|12|7,12,7|12|24|14|2|1
001682|box_n3_H24|b001393|10,14,23|4|14|23|12|9|16|3|24|12|32|16|22,10,0,0|12|12|34,18,0,0|16|16|10|9,10,9|2|0|2|0|1
001683|box_n3_H24|b001394|10,15,16|4|15|16|10|2|12|2|20|10|24|12|24,14,0,0|10|10|24,12,0,0|12|12|10|6,10,6|2|14|2|0|1
001684|box_n3_H24|b001395|10,15,17|4|15|17|10|2|14|2|20|10|28|14|23,13,0,0|10|10|27,13,0,0|14|14|8|8,8,8|2|0|3|1|1
001685|box_n3_H24|b001396|10,15,18|4|15|18|10|2|16|2|20|10|32|16|24,14,0,0|10|10|30,14,0,0|16|16|10|8,10,8|4|24|6|2|1
001686|box_n3_H24|b001397|10,15,19|4|15|19|10|2|16|2|20|10|32|16|23,13,0,0|10|10|29,13,0,0|16|16|10|8,10,8|2|0|3|1|1
001687|box_n3_H24|b001398|10,15,21|4|15|21|12|2|16|3|24|12|32|16|27,15,0,0|12|12|33,17,0,0|16|16|10|9,10,9|7|140|9|2|1
001688|box_n3_H24|b001399|10,15,22|4|15|22|12|2|18|3|24|12|36|18|22,10,0,0|12|12|34,16,0,0|18|18|12|9,12,9|2|0|2|0|1
001689|box_n3_H24|b001400|10,15,23|4|15|23|10|9|18|3|20|10|36|18|23,13,0,0|10|10|35,17,0,0|18|18|10|9,10,9|2|0|3|1|1
001690|box_n3_H24|b001401|10,15,24|4|15|24|8|9|18|3|16|8|36|18|18,10,0,0|8|8|36,18,0,0|18|18|10|8,10,8|6|27|6|0|1
001691|box_n3_H24|b001402|10,16,17|4|16|17|12|2|12|2|24|12|24|12|24,12,0,0|12|12|24,12,0,0|12|12|8|8,8,8|2|15|2|0|1
001692|box_n3_H24|b001403|10,16,19|4|16|19|12|2|16|2|24|12|32|16|24,12,0,0|12|12|30,14,0,0|16|16|10|10,8,10|2|13|2|0|1
001693|box_n3_H24|b001404|10,16,21|4|16|21|12|2|16|3|24|12|32|16|24,12,0,0|12|12|30,14,0,0|16|16|10|10,8,10|2|10|2|0|1
001694|box_n3_H24|b001405|10,16,23|4|16|23|12|2|20|3|24|12|40|20|24,12,0,0|12|12|36,16,0,0|20|20|12|12,8,12|2|14|2|0|1
001695|box_n3_H24|b001406|10,17,18|4|17|18|14|2|16|2|28|14|32|16|26,12,0,0|14|14|28,12,0,0|16|16|10|10,10,10|2|0|2|0|1
001696|box_n3_H24|b001407|10,17,19|4|17|19|14|2|14|2|28|14|28|14|27,13,0,0|14|14|29,15,0,0|14|14|10|10,8,10|2|0|3|1|1
001697|box_n3_H24|b001408|10,17,20|4|17|20|12|2|20|2|24|12|40|20|24,12,0,0|12|12|30,10,0,0|20|20|14|9,14,9|2|2|2|0|1
001698|box_n3_H24|b001409|10,17,21|4|17|21|16|2|16|3|32|16|32|16|27,11,0,0|16|16|33,17,0,0|16|16|11|11,10,11|2|0|3|1|1
001699|box_n3_H24|b001410|10,17,22|4|17|22|14|2|18|3|28|14|36|18|26,12,0,0|14|14|34,16,0,0|18|18|11|11,10,11|2|0|2|0|1
001700|box_n3_H24|b001411|10,17,23|4|17|23|14|2|18|3|28|14|36|18|27,13,0,0|14|14|35,17,0,0|18|18|11|11,10,11|2|0|3|1|1
001701|box_n3_H24|b001412|10,17,24|4|17|24|8|2|18|3|16|8|36|18|24,16,0,0|8|8|36,18,0,0|18|18|14|6,14,6|2|14|2|0|1
001702|box_n3_H24|b001413|10,18,19|4|18|19|16|2|16|2|32|16|32|16|28,12,0,0|16|16|28,12,0,0|16|16|12|10,12,10|2|0|2|0|1
001703|box_n3_H24|b001414|10,18,21|4|18|21|16|2|16|3|32|16|32|16|30,14,0,0|16|16|30,14,0,0|16|16|12|10,12,10|6|24|6|0|1
001704|box_n3_H24|b001415|10,18,23|4|18|23|16|2|16|3|32|16|32|16|28,12,0,0|16|16|34,18,0,0|16|16|12|10,12,10|2|0|2|0|1
001705|box_n3_H24|b001416|10,19,20|4|19|20|14|2|20|2|28|14|40|20|30,16,0,0|14|14|30,10,0,0|20|20|16|9,16,9|2|2|2|0|1
001706|box_n3_H24|b001417|10,19,21|4|19|21|14|2|16|3|28|14|32|16|29,15,0,0|14|14|33,17,0,0|16|16|11|11,8,11|2|0|3|1|1
001707|box_n3_H24|b001418|10,19,22|4|19|22|10|2|18|3|20|10|36|18|28,18,0,0|10|10|34,16,0,0|18|18|10|9,10,9|2|0|2|0|1
001708|box_n3_H24|b001419|10,19,23|4|19|23|16|2|16|3|32|16|32|16|29,13,0,0|16|16|35,19,0,0|16|16|11|11,10,11|2|0|3|1|1
001709|box_n3_H24|b001420|10,19,24|4|19|24|14|2|18|3|28|14|36|18|30,16,0,0|14|14|36,18,0,0|18|18|12|10,12,10|2|10|2|0|1
001710|box_n3_H24|b001421|10,20,21|4|20|21|20|2|16|3|40|20|32|16|30,10,0,0|20|20|30,14,0,0|16|16|14|11,14,11|2|2|2|0|1
001711|box_n3_H24|b001422|10,20,23|4|20|23|20|2|18|3|40|20|36|18|30,10,0,0|20|20|36,18,0,0|18|18|16|11,16,11|2|2|2|0|1
001712|box_n3_H24|b001423|10,21,22|4|21|22|14|5|18|3|28|14|36|18|32,18,0,0|14|14|34,16,0,0|18|18|11|11,10,11|2|0|2|0|1
001713|box_n3_H24|b001424|10,21,23|4|21|23|16|5|16|3|32|16|32|16|33,17,0,0|16|16|35,19,0,0|16|16|12|12,8,12|2|0|3|1|1
001714|box_n3_H24|b001425|10,21,24|4|21|24|18|5|18|3|36|18|36|18|36,18,0,0|18|18|36,18,0,0|18|18|12|12,12,12|6|26|6|0|1
001715|box_n3_H24|b001426|10,22,23|4|22|23|18|5|16|3|36|18|32|16|34,16,0,0|18|18|34,18,0,0|16|16|12|11,12,11|2|0|2|0|1
001716|box_n3_H24|b001427|10,23,24|4|23|24|18|5|18|3|36|18|36|18|36,18,0,0|18|18|36,18,0,0|18|18|12|12,12,12|2|21|2|0|1
001717|box_n3_H24|b001428|11,12,13|4|12|13|6|2|10|2|12|6|20|10|18,12,0,0|6|6|18,8,0,0|10|10|10|3,10,3|2|2|2|0|1
001718|box_n3_H24|b001429|11,12,14|4|12|14|10|2|10|2|20|10|20|10|20,10,0,0|10|10|20,10,0,0|10|10|8|6,8,6|4|108|4|0|1
001719|box_n3_H24|b001430|11,12,15|4|12|15|6|2|10|2|12|6|20|10|18,12,0,0|6|6|18,8,0,0|10|10|6|5,6,5|6|33|6|0|1
001720|box_n3_H24|b001431|11,12,16|4|12|16|12|2|12|2|24|12|24|12|24,12,0,0|12|12|24,12,0,0|12|12|8|8,8,8|8|61|8|0|1
001721|box_n3_H24|b001432|11,12,17|4|12|17|10|2|12|2|20|10|24|12|18,8,0,0|10|10|24,12,0,0|12|12|8|7,8,7|2|2|2|0|1
001722|box_n3_H24|b001433|11,12,18|4|12|18|12|2|12|2|24|12|24|12|24,12,0,0|12|12|24,12,0,0|12|12|12|6,12,6|12|72|12|0|1
001723|box_n3_H24|b001434|11,12,19|4|12|19|6|6|16|2|12|6|32|16|18,12,0,0|6|6|30,14,0,0|16|16|8|7,8,7|2|5|2|0|1
001724|box_n3_H24|b001435|11,12,20|4|12|20|10|3|18|2|20|10|36|18|20,10,0,0|10|10|36,18,0,0|18|18|10|10,8,10|12|120|12|0|1
001725|box_n3_H24|b001436|11,12,21|4|12|21|10|3|20|2|20|10|40|20|18,8,0,0|10|10|36,16,0,0|20|20|12|9,12,9|6|13|6|0|1
001726|box_n3_H24|b001437|11,12,22|4|12|22|10|3|22|2|20|10|44|22|20,10,0,0|10|10|32,10,0,0|22|22|16|8,16,8|4|168|4|0|1
001727|box_n3_H24|b001438|11,12,23|4|12|23|6|3|12|3|12|6|24|12|18,12,0,0|6|6|36,24,0,0|12|12|9|9,0,9|2|37|2|0|1
001728|box_n3_H24|b001439|11,12,24|4|12|24|12|3|24|3|24|12|48|24|24,12,0,0|12|12|48,24,0,0|24|24|12|12,12,12|24|48|24|0|1
001729|box_n3_H24|b001440|11,13,14|4|13|14|12|2|14|2|24|12|28|14|20,8,0,0|12|12|22,8,0,0|14|14|9|9,8,9|2|0|2|0|1
001730|box_n3_H24|b001441|11,13,15|4|13|15|9|2|13|2|18|9|26|13|21,12,0,0|9|9|23,10,0,0|13|13|10|6,10,6|3|0|3|0|1
001731|box_n3_H24|b001442|11,13,16|4|13|16|8|2|12|2|16|8|24|12|18,10,0,0|8|8|24,12,0,0|12|12|7|7,6,7|2|7|2|0|1
001732|box_n3_H24|b001443|11,13,17|4|13|17|11|2|17|2|22|11|34|17|21,10,0,0|11|11|27,10,0,0|17|17|10|10,8,10|3|0|3|0|1
001733|box_n3_H24|b001444|11,13,18|4|13|18|12|2|16|2|24|12|32|16|20,8,0,0|12|12|28,12,0,0|16|16|10|9,10,9|2|0|2|0|1
001734|box_n3_H24|b001445|11,13,19|4|13|19|9|2|17|2|18|9|34|17|21,12,0,0|9|9|29,12,0,0|17|17|9|9,8,9|3|0|3|0|1
001735|box_n3_H24|b001446|11,13,20|4|13|20|10|6|14|2|20|10|28|14|18,8,0,0|10|10|30,16,0,0|14|14|10|7,10,7|2|10|2|0|1
001736|box_n3_H24|b001447|11,13,21|4|13|21|9|6|17|2|18|9|34|17|21,12,0,0|9|9|33,16,0,0|17|17|10|8,10,8|3|0|3|0|1
001737|box_n3_H24|b001448|11,13,22|4|13|22|12|3|24|2|24|12|48|24|20,8,0,0|12|12|34,10,0,0|24|24|16|10,16,10|2|0|2|0|1
001738|box_n3_H24|b001449|11,13,23|4|13|23|13|3|19|3|26|13|38|19|21,8,0,0|13|13|35,16,0,0|19|19|12|12,8,12|3|0|3|0|1
001739|box_n3_H24|b001450|11,13,24|4|13|24|6|3|12|3|12|6|24|12|18,12,0,0|6|6|36,24,0,0|12|12|9|9,0,9|2|75|2|0|1
001740|box_n3_H24|b001451|11,14,15|4|14|15|8|2|12|2|16|8|24|12|22,14,0,0|8|8|22,10,0,0|12|12|8|6,8,6|2|0|2|0|1
001741|box_n3_H24|b001452|11,14,16|4|14|16|12|2|12|2|24|12|24|12|24,12,0,0|12|12|24,12,0,0|12|12|8|8,8,8|4|26|4|0|1
001742|box_n3_H24|b001453|11,14,17|4|14|17|8|2|14|2|16|8|28|14|22,14,0,0|8|8|26,12,0,0|14|14|12|5,12,5|2|0|2|0|1
001743|box_n3_H24|b001454|11,14,18|4|14|18|12|2|16|2|24|12|32|16|22,10,0,0|12|12|30,14,0,0|16|16|10|9,10,9|6|252|6|0|1
001744|box_n3_H24|b001455|11,14,19|4|14|19|12|2|16|2|24|12|32|16|22,10,0,0|12|12|28,12,0,0|16|16|12|8,12,8|2|0|2|0|1
001745|box_n3_H24|b001456|11,14,20|4|14|20|10|2|16|2|20|10|32|16|20,10,0,0|10|10|32,16,0,0|16|16|10|8,10,8|4|80|4|0|1
001746|box_n3_H24|b001457|11,14,21|4|14|21|14|2|16|2|28|14|32|16|28,14,0,0|14|14|28,12,0,0|16|16|16|7,16,7|14|24|14|0|1
001747|box_n3_H24|b001458|11,14,22|4|14|22|12|7|22|2|24|12|44|22|22,10,0,0|12|12|34,12,0,0|22|22|14|10,14,10|6|308|6|0|1
001748|box_n3_H24|b001459|11,14,23|4|14|23|8|13|16|3|16|8|32|16|22,14,0,0|8|8|34,18,0,0|16|16|8|8,8,8|2|0|2|0|1
001749|box_n3_H24|b001460|11,14,24|4|14|24|12|3|18|3|24|12|36|18|24,12,0,0|12|12|36,18,0,0|18|18|10|10,10,10|4|37|4|0|1
001750|box_n3_H24|b001461|11,15,16|4|15|16|12|2|16|2|24|12|32|16|24,12,0,0|12|12|24,8,0,0|16|16|10|9,10,9|2|1|2|0|1
001751|box_n3_H24|b001462|11,15,17|4|15|17|11|2|15|2|22|11|30|15|23,12,0,0|11|11|27,12,0,0|15|15|10|10,6,10|3|0|3|0|1
001752|box_n3_H24|b001463|11,15,18|4|15|18|14|2|18|2|28|14|36|18|24,10,0,0|14|14|30,12,0,0|18|18|12|10,12,10|6|84|6|0|1
001753|box_n3_H24|b001464|11,15,19|4|15|19|9|2|15|2|18|9|30|15|23,14,0,0|9|9|29,14,0,0|15|15|12|6,12,6|3|0|3|0|1
001754|box_n3_H24|b001465|11,15,20|4|15|20|14|2|14|2|28|14|28|14|30,16,0,0|14|14|30,16,0,0|14|14|10|9,10,9|10|34|10|0|1
001755|box_n3_H24|b001466|11,15,21|4|15|21|15|2|19|2|30|15|38|19|27,12,0,0|15|15|33,14,0,0|19|19|12|12,10,12|8|140|9|1|1
001756|box_n3_H24|b001467|11,15,22|4|15|22|12|2|22|2|24|12|44|22|22,10,0,0|12|12|34,12,0,0|22|22|16|9,16,9|2|0|2|0|1
001757|box_n3_H24|b001468|11,15,23|4|15|23|13|7|17|3|26|13|34|17|23,10,0,0|13|13|35,18,0,0|17|17|11|11,8,11|3|0|3|0|1
001758|box_n3_H24|b001469|11,15,24|4|15|24|8|9|20|3|16|8|40|20|18,10,0,0|8|8|36,16,0,0|20|20|11|11,6,11|6|27|6|0|1
001759|box_n3_H24|b001470|11,16,17|4|16|17|12|2|14|2|24|12|28|14|24,12,0,0|12|12|24,10,0,0|14|14|12|7,12,7|2|2|2|0|1
001760|box_n3_H24|b001471|11,16,18|4|16|18|12|2|12|2|24|12|24|12|24,12,0,0|12|12|24,12,0,0|12|12|8|8,8,8|4|25|4|0|1
001761|box_n3_H24|b001472|11,16,19|4|16|19|12|2|14|2|24|12|28|14|24,12,0,0|12|12|30,16,0,0|14|14|9|9,8,9|2|5|2|0|1
001762|box_n3_H24|b001473|11,16,20|4|16|20|12|2|12|2|24|12|24|12|24,12,0,0|12|12|24,12,0,0|12|12|8|8,8,8|8|13|8|0|1
001763|box_n3_H24|b001474|11,16,21|4|16|21|8|2|16|2|16|8|32|16|24,16,0,0|8|8|30,14,0,0|16|16|14|5,14,5|2|2|2|0|1
001764|box_n3_H24|b001475|11,16,22|4|16|22|12|2|24|2|24|12|48|24|24,12,0,0|12|12|36,12,0,0|24|24|16|10,16,10|4|27|4|0|1
001765|box_n3_H24|b001476|11,16,23|4|16|23|12|2|16|3|24|12|32|16|24,12,0,0|12|12|36,20,0,0|16|16|10|9,10,9|2|6|2|0|1
001766|box_n3_H24|b001477|11,16,24|4|16|24|16|2|16|3|32|16|32|16|32,16,0,0|16|16|32,16,0,0|16|16|16|8,16,8|16|96|16|0|1
001767|box_n3_H24|b001478|11,17,18|4|17|18|16|2|18|2|32|16|36|18|26,10,0,0|16|16|28,10,0,0|18|18|12|11,12,11|2|0|2|0|1
001768|box_n3_H24|b001479|11,17,19|4|17|19|11|2|15|2|22|11|30|15|27,16,0,0|11|11|29,14,0,0|15|15|9|9,8,9|3|0|3|0|1
001769|box_n3_H24|b001480|11,17,20|4|17|20|12|2|18|2|24|12|36|18|24,12,0,0|12|12|30,12,0,0|18|18|11|11,8,11|2|7|2|0|1
001770|box_n3_H24|b001481|11,17,21|4|17|21|13|2|19|2|26|13|38|19|27,14,0,0|13|13|33,14,0,0|19|19|12|10,12,10|3|0|3|0|1
001771|box_n3_H24|b001482|11,17,22|4|17|22|14|2|22|2|28|14|44|22|26,12,0,0|14|14|34,12,0,0|22|22|16|10,16,10|2|0|2|0|1
001772|box_n3_H24|b001483|11,17,23|4|17|23|11|2|19|3|22|11|38|19|27,16,0,0|11|11|35,16,0,0|19|19|14|8,14,8|3|0|3|0|1
001773|box_n3_H24|b001484|11,17,24|4|17|24|12|2|20|3|24|12|40|20|24,12,0,0|12|12|36,16,0,0|20|20|11|11,10,11|2|2|2|0|1
001774|box_n3_H24|b001485|11,18,19|4|18|19|12|2|16|2|24|12|32|16|28,16,0,0|12|12|28,12,0,0|16|16|12|8,12,8|2|0|2|0|1
001775|box_n3_H24|b001486|11,18,20|4|18|20|14|2|16|2|28|14|32|16|28,14,0,0|14|14|32,16,0,0|16|16|10|10,10,10|4|40|4|0|1
001776|box_n3_H24|b001487|11,18,21|4|18|21|16|2|16|2|32|16|32|16|30,14,0,0|16|16|30,14,0,0|16|16|14|9,14,9|6|24|6|0|1
001777|box_n3_H24|b001488|11,18,22|4|18|22|16|2|22|2|32|16|44|22|30,14,0,0|16|16|34,12,0,0|22|22|16|11,16,11|6|396|6|0|1
001778|box_n3_H24|b001489|11,18,23|4|18|23|14|2|18|3|28|14|36|18|28,14,0,0|14|14|34,16,0,0|18|18|12|10,12,10|2|0|2|0|1
001779|box_n3_H24|b001490|11,18,24|4|18|24|18|2|18|3|36|18|36|18|36,18,0,0|18|18|36,18,0,0|18|18|12|12,12,12|12|13|12|0|1
001780|box_n3_H24|b001491|11,19,20|4|19|20|16|2|18|2|32|16|36|18|30,14,0,0|16|16|30,12,0,0|18|18|12|11,12,11|2|1|2|0|1
001781|box_n3_H24|b001492|11,19,21|4|19|21|17|2|21|2|34|17|42|21|29,12,0,0|17|17|33,12,0,0|21|21|13|13,12,13|3|0|3|0|1
001782|box_n3_H24|b001493|11,19,22|4|19|22|14|2|24|2|28|14|48|24|28,14,0,0|14|14|34,10,0,0|24|24|16|11,16,11|2|0|2|0|1
001783|box_n3_H24|b001494|11,19,23|4|19|23|17|2|19|3|34|17|38|19|29,12,0,0|17|17|35,16,0,0|19|19|14|14,8,14|3|0|3|0|1
001784|box_n3_H24|b001495|11,19,24|4|19|24|16|2|16|3|32|16|32|16|30,14,0,0|16|16|36,20,0,0|16|16|11|11,10,11|2|5|2|0|1
001785|box_n3_H24|b001496|11,20,21|4|20|21|14|2|16|2|28|14|32|16|30,16,0,0|14|14|30,14,0,0|16|16|12|9,12,9|2|2|2|0|1
001786|box_n3_H24|b001497|11,20,22|4|20|22|16|2|22|2|32|16|44|22|32,16,0,0|16|16|32,10,0,0|22|22|18|10,18,10|4|40|4|0|1
001787|box_n3_H24|b001498|11,20,23|4|20|23|10|2|18|3|20|10|36|18|30,20,0,0|10|10|36,18,0,0|18|18|10|9,10,9|2|18|2|0|1
001788|box_n3_H24|b001499|11,20,24|4|20|24|16|2|20|3|32|16|40|20|32,16,0,0|16|16|40,20,0,0|20|20|12|12,12,12|8|24|8|0|1
001789|box_n3_H24|b001500|11,21,22|4|21|22|18|2|24|2|36|18|48|24|32,14,0,0|18|18|34,10,0,0|24|24|18|12,18,12|2|0|2|0|1
001790|box_n3_H24|b001501|11,21,23|4|21|23|17|2|19|3|34|17|38|19|33,16,0,0|17|17|35,16,0,0|19|19|12|12,12,12|3|0|3|0|1
001791|box_n3_H24|b001502|11,21,24|4|21|24|18|2|20|3|36|18|40|20|36,18,0,0|18|18|36,16,0,0|20|20|13|13,12,13|6|26|6|0|1
001792|box_n3_H24|b001503|11,22,23|4|22|23|22|2|18|3|44|22|36|18|34,12,0,0|22|22|34,16,0,0|18|18|18|11,18,11|2|0|2|0|1
001793|box_n3_H24|b001504|11,22,24|4|22|24|24|2|18|3|48|24|36|18|36,12,0,0|24|24|36,18,0,0|18|18|18|12,18,12|4|38|4|0|1
001794|box_n3_H24|b001505|11,23,24|4|23|24|18|5|20|3|36|18|40|20|36,18,0,0|18|18|36,16,0,0|20|20|13|13,12,13|2|1|2|0|1
001795|box_n3_H24|b001506|12,13,14|4|13|14|6|2|10|2|12|6|20|10|20,14,0,0|6|6|22,12,0,0|10|10|10|3,10,3|1|2|1|0|1
001796|box_n3_H24|b001507|12,13,15|4|13|15|10|2|8|2|20|10|16|8|21,11,0,0|10|10|23,15,0,0|8|8|6|6,6,6|2|4|2|0|1
001797|box_n3_H24|b001508|12,13,16|4|13|16|6|2|12|2|12|6|24|12|18,12,0,0|6|6|24,12,0,0|12|12|6|6,6,6|2|6|2|0|1
001798|box_n3_H24|b001509|12,13,17|4|13|17|10|2|14|2|20|10|28|14|21,11,0,0|10|10|27,13,0,0|14|14|10|7,10,7|2|1|2|0|1
001799|box_n3_H24|b001510|12,13,18|4|13|18|8|2|12|2|16|8|24|12|20,12,0,0|8|8|28,16,0,0|12|12|10|5,10,5|2|108|2|0|1
001800|box_n3_H24|b001511|12,13,19|4|13|19|10|2|14|2|20|10|28|14|21,11,0,0|10|10|29,15,0,0|14|14|8|8,8,8|2|8|2|0|1
001801|box_n3_H24|b001512|12,13,20|4|13|20|6|6|18|2|12|6|36|18|18,12,0,0|6|6|30,12,0,0|18|18|8|8,8,8|2|3|2|0|1
001802|box_n3_H24|b001513|12,13,21|4|13|21|8|6|18|2|16|8|36|18|21,13,0,0|8|8|33,15,0,0|18|18|9|9,8,9|2|5|2|0|1
001803|box_n3_H24|b001514|12,13,22|4|13|22|10|3|16|2|20|10|32|16|20,10,0,0|10|10|34,18,0,0|16|16|9|9,8,9|2|44|2|0|1
001804|box_n3_H24|b001515|12,13,23|4|13|23|10|3|20|2|20|10|40|20|21,11,0,0|10|10|35,15,0,0|20|20|12|9,12,9|2|4|2|0|1
001805|box_n3_H24|b001516|12,13,24|4|13|24|6|3|24|2|12|6|48|24|18,12,0,0|6|6|36,12,0,0|24|24|14|8,14,8|2|2|2|0|1
001806|box_n3_H24|b001517|12,14,15|4|14|15|10|2|10|2|20|10|20|10|22,12,0,0|10|10|22,12,0,0|10|10|7|7,6,7|2|112|2|0|1
001807|box_n3_H24|b001518|12,14,17|4|14|17|10|2|12|2|20|10|24|12|22,12,0,0|10|10|26,14,0,0|12|12|8|7,8,7|2|56|2|0|1
001808|box_n3_H24|b001519|12,14,19|4|14|19|10|2|14|2|20|10|28|14|22,12,0,0|10|10|28,14,0,0|14|14|10|7,10,7|2|140|2|0|1
001809|box_n3_H24|b001520|12,14,21|4|14|21|14|2|16|2|28|14|32|16|28,14,0,0|14|14|28,12,0,0|16|16|16|7,16,7|14|36|14|0|1
001810|box_n3_H24|b001521|12,14,23|4|14|23|10|6|16|2|20|10|32|16|22,12,0,0|10|10|34,18,0,0|16|16|12|7,12,7|2|168|2|0|1
001811|box_n3_H24|b001522|12,15,16|4|15|16|6|2|12|2|12|6|24|12|24,18,0,0|6|6|24,12,0,0|12|12|6|6,6,6|2|2|2|0|1
001812|box_n3_H24|b001523|12,15,17|4|15|17|8|2|14|2|16|8|28|14|23,15,0,0|8|8|27,13,0,0|14|14|8|7,8,7|2|4|2|0|1
001813|box_n3_H24|b001524|12,15,19|4|15|19|10|2|16|2|20|10|32|16|23,13,0,0|10|10|29,13,0,0|16|16|10|8,10,8|2|3|2|0|1
001814|box_n3_H24|b001525|12,15,20|4|15|20|12|2|18|2|24|12|36|18|30,18,0,0|12|12|30,12,0,0|18|18|10|10,10,10|10|29|10|0|1
001815|box_n3_H24|b001526|12,15,22|4|15|22|8|2|16|2|16|8|32|16|22,14,0,0|8|8|34,18,0,0|16|16|10|7,10,7|2|176|2|0|1
001816|box_n3_H24|b001527|12,15,23|4|15|23|8|7|18|2|16|8|36|18|23,15,0,0|8|8|35,17,0,0|18|18|9|9,8,9|2|7|2|0|1
001817|box_n3_H24|b001528|12,16,17|4|16|17|12|2|12|2|24|12|24|12|24,12,0,0|12|12|24,12,0,0|12|12|8|8,8,8|2|2|2|0|1
001818|box_n3_H24|b001529|12,16,19|4|16|19|12|2|18|2|24|12|36|18|24,12,0,0|12|12|30,12,0,0|18|18|10|10,10,10|2|5|2|0|1
001819|box_n3_H24|b001530|12,16,21|4|16|21|12|2|18|2|24|12|36|18|24,12,0,0|12|12|30,12,0,0|18|18|10|10,10,10|2|3|2|0|1
001820|box_n3_H24|b001531|12,16,23|4|16|23|12|2|24|2|24|12|48|24|24,12,0,0|12|12|36,12,0,0|24|24|12|12,12,12|2|1|2|0|1
001821|box_n3_H24|b001532|12,17,18|4|17|18|12|2|12|2|24|12|24|12|26,14,0,0|12|12|28,16,0,0|12|12|10|7,10,7|2|72|2|0|1
001822|box_n3_H24|b001533|12,17,19|4|17|19|14|2|16|2|28|14|32|16|27,13,0,0|14|14|29,13,0,0|16|16|12|9,12,9|2|4|2|0|1
001823|box_n3_H24|b001534|12,17,20|4|17|20|12|2|18|2|24|12|36|18|24,12,0,0|12|12|30,12,0,0|18|18|10|10,10,10|2|6|2|0|1
001824|box_n3_H24|b001535|12,17,21|4|17|21|14|2|20|2|28|14|40|20|27,13,0,0|14|14|33,13,0,0|20|20|14|10,14,10|2|1|2|0|1
001825|box_n3_H24|b001536|12,17,22|4|17|22|8|2|16|2|16|8|32|16|26,18,0,0|8|8|34,18,0,0|16|16|14|5,14,5|1|2|1|0|1
001826|box_n3_H24|b001537|12,17,23|4|17|23|12|2|18|2|24|12|36|18|27,15,0,0|12|12|35,17,0,0|18|18|10|10,10,10|2|12|2|0|1
001827|box_n3_H24|b001538|12,17,24|4|17|24|12|2|24|2|24|12|48|24|24,12,0,0|12|12|36,12,0,0|24|24|16|10,16,10|2|2|2|0|1
001828|box_n3_H24|b001539|12,18,19|4|18|19|12|2|16|2|24|12|32|16|28,16,0,0|12|12|28,12,0,0|16|16|10|9,10,9|2|72|2|0|1
001829|box_n3_H24|b001540|12,18,23|4|18|23|12|2|18|2|24|12|36|18|28,16,0,0|12|12|34,16,0,0|18|18|12|9,12,9|2|72|2|0|1
001830|box_n3_H24|b001541|12,19,20|4|19|20|12|2|18|2|24|12|36|18|30,18,0,0|12|12|30,12,0,0|18|18|10|10,10,10|2|2|2|0|1
001831|box_n3_H24|b001542|12,19,21|4|19|21|16|2|18|2|32|16|36|18|29,13,0,0|16|16|33,15,0,0|18|18|12|11,12,11|2|4|2|0|1
001832|box_n3_H24|b001543|12,19,22|4|19|22|14|2|16|2|28|14|32|16|28,14,0,0|14|14|34,18,0,0|16|16|12|9,12,9|2|88|2|0|1
001833|box_n3_H24|b001544|12,19,23|4|19|23|16|2|20|2|32|16|40|20|29,13,0,0|16|16|35,15,0,0|20|20|14|11,14,11|2|3|2|0|1
001834|box_n3_H24|b001545|12,19,24|4|19|24|18|2|24|2|36|18|48|24|30,12,0,0|18|18|36,12,0,0|24|24|18|12,18,12|2|1|2|0|1
001835|box_n3_H24|b001546|12,20,21|4|20|21|18|2|18|2|36|18|36|18|30,12,0,0|18|18|30,12,0,0|18|18|12|12,12,12|2|2|2|0|1
001836|box_n3_H24|b001547|12,20,23|4|20|23|18|2|18|2|36|18|36|18|30,12,0,0|18|18|36,18,0,0|18|18|12|12,12,12|2|5|2|0|1
001837|box_n3_H24|b001548|12,21,22|4|21|22|18|2|16|2|36|18|32|16|32,14,0,0|18|18|34,18,0,0|16|16|12|11,12,11|2|88|2|0|1
001838|box_n3_H24|b001549|12,21,23|4|21|23|18|2|18|2|36|18|36|18|33,15,0,0|18|18|35,17,0,0|18|18|12|12,12,12|2|4|2|0|1
001839|box_n3_H24|b001550|12,22,23|4|22|23|16|2|18|2|32|16|36|18|34,18,0,0|16|16|34,16,0,0|18|18|12|11,12,11|2|88|2|0|1
001840|box_n3_H24|b001551|12,23,24|4|23|24|18|2|24|2|36|18|48|24|36,18,0,0|18|18|36,12,0,0|24|24|18|12,18,12|2|2|2|0|1
001841|box_n3_H24|b001552|13,14,15|4|14|15|8|2|12|2|16|8|24|12|22,14,0,0|8|8|22,10,0,0|12|12|12|4,12,4|2|0|2|0|1
001842|box_n3_H24|b001553|13,14,16|4|14|16|12|2|12|2|24|12|24|12|24,12,0,0|12|12|24,12,0,0|12|12|8|8,8,8|4|6|4|0|1
001843|box_n3_H24|b001554|13,14,17|4|14|17|8|2|14|2|16|8|28|14|22,14,0,0|8|8|26,12,0,0|14|14|8|7,8,7|2|0|2|0|1
001844|box_n3_H24|b001555|13,14,18|4|14|18|12|2|16|2|24|12|32|16|22,10,0,0|12|12|30,14,0,0|16|16|10|9,10,9|6|252|6|0|1
001845|box_n3_H24|b001556|13,14,19|4|14|19|12|2|14|2|24|12|28|14|22,10,0,0|12|12|28,14,0,0|14|14|10|8,10,8|2|0|2|0|1
001846|box_n3_H24|b001557|13,14,20|4|14|20|10|2|16|2|20|10|32|16|20,10,0,0|10|10|32,16,0,0|16|16|10|8,10,8|4|60|4|0|1
001847|box_n3_H24|b001558|13,14,21|4|14|21|14|2|16|2|28|14|32|16|28,14,0,0|14|14|28,12,0,0|16|16|16|7,16,7|14|72|14|0|1
001848|box_n3_H24|b001559|13,14,22|4|14|22|12|6|18|2|24|12|36|18|22,10,0,0|12|12|34,16,0,0|18|18|10|10,10,10|6|308|6|0|1
001849|box_n3_H24|b001560|13,14,23|4|14|23|8|6|18|2|16|8|36|18|22,14,0,0|8|8|34,16,0,0|18|18|10|8,10,8|2|0|2|0|1
001850|box_n3_H24|b001561|13,14,24|4|14|24|12|3|18|2|24|12|36|18|24,12,0,0|12|12|36,18,0,0|18|18|10|10,10,10|4|9|4|0|1
001851|box_n3_H24|b001562|13,15,16|4|15|16|12|2|12|2|24|12|24|12|24,12,0,0|12|12|24,12,0,0|12|12|9|9,6,9|2|9|2|0|1
001852|box_n3_H24|b001563|13,15,17|4|15|17|9|2|15|2|18|9|30|15|23,14,0,0|9|9|27,12,0,0|15|15|12|6,12,6|3|0|3|0|1
001853|box_n3_H24|b001564|13,15,18|4|15|18|12|2|18|2|24|12|36|18|24,12,0,0|12|12|30,12,0,0|18|18|10|10,10,10|6|96|6|0|1
001854|box_n3_H24|b001565|13,15,19|4|15|19|11|2|13|2|22|11|26|13|23,12,0,0|11|11|29,16,0,0|13|13|9|9,6,9|3|0|3|0|1
001855|box_n3_H24|b001566|13,15,20|4|15|20|14|2|18|2|28|14|36|18|30,16,0,0|14|14|30,12,0,0|18|18|11|11,10,11|10|29|10|0|1
001856|box_n3_H24|b001567|13,15,21|4|15|21|11|2|19|2|22|11|38|19|27,16,0,0|11|11|33,14,0,0|19|19|11|11,8,11|8|140|9|1|1
001857|box_n3_H24|b001568|13,15,22|4|15|22|12|2|20|2|24|12|40|20|22,10,0,0|12|12|34,14,0,0|20|20|12|10,12,10|2|0|2|0|1
001858|box_n3_H24|b001569|13,15,23|4|15|23|11|6|17|2|22|11|34|17|23,12,0,0|11|11|35,18,0,0|17|17|10|10,8,10|3|0|3|0|1
001859|box_n3_H24|b001570|13,15,24|4|15|24|10|6|20|2|20|10|40|20|18,8,0,0|10|10|36,16,0,0|20|20|12|9,12,9|6|57|6|0|1
001860|box_n3_H24|b001571|13,16,17|4|16|17|8|2|12|2|16|8|24|12|24,16,0,0|8|8|24,12,0,0|12|12|7|7,6,7|2|14|2|0|1
001861|box_n3_H24|b001572|13,16,18|4|16|18|12|2|12|2|24|12|24|12|24,12,0,0|12|12|24,12,0,0|12|12|8|8,8,8|4|25|4|0|1
001862|box_n3_H24|b001573|13,16,19|4|16|19|8|2|14|2|16|8|28|14|24,16,0,0|8|8|30,16,0,0|14|14|12|5,12,5|2|2|2|0|1
001863|box_n3_H24|b001574|13,16,20|4|16|20|12|2|12|2|24|12|24|12|24,12,0,0|12|12|24,12,0,0|12|12|8|8,8,8|8|62|8|0|1
001864|box_n3_H24|b001575|13,16,21|4|16|21|12|2|16|2|24|12|32|16|24,12,0,0|12|12|30,14,0,0|16|16|10|9,10,9|2|3|2|0|1
001865|box_n3_H24|b001576|13,16,22|4|16|22|12|2|18|2|24|12|36|18|24,12,0,0|12|12|36,18,0,0|18|18|10|10,10,10|4|27|4|0|1
001866|box_n3_H24|b001577|13,16,23|4|16|23|16|2|20|2|32|16|40|20|24,8,0,0|16|16|36,16,0,0|20|20|14|11,14,11|2|1|2|0|1
001867|box_n3_H24|b001578|13,16,24|4|16|24|16|2|16|2|32|16|32|16|32,16,0,0|16|16|32,16,0,0|16|16|16|8,16,8|16|96|16|0|1
001868|box_n3_H24|b001579|13,17,18|4|17|18|14|2|18|2|28|14|36|18|26,12,0,0|14|14|28,10,0,0|18|18|11|11,10,11|2|0|2|0|1
001869|box_n3_H24|b001580|13,17,19|4|17|19|15|2|17|2|30|15|34|17|27,12,0,0|15|15|29,12,0,0|17|17|12|12,8,12|3|0|3|0|1
001870|box_n3_H24|b001581|13,17,20|4|17|20|12|2|14|2|24|12|28|14|24,12,0,0|12|12|30,16,0,0|14|14|9|9,8,9|2|3|2|0|1
001871|box_n3_H24|b001582|13,17,21|4|17|21|11|2|17|2|22|11|34|17|27,16,0,0|11|11|33,16,0,0|17|17|14|7,14,7|3|0|3|0|1
001872|box_n3_H24|b001583|13,17,22|4|17|22|16|2|20|2|32|16|40|20|26,10,0,0|16|16|34,14,0,0|20|20|14|11,14,11|2|0|2|0|1
001873|box_n3_H24|b001584|13,17,23|4|17|23|13|2|19|2|26|13|38|19|27,14,0,0|13|13|35,16,0,0|19|19|11|11,10,11|3|0|3|0|1
001874|box_n3_H24|b001585|13,17,24|4|17|24|14|2|16|2|28|14|32|16|24,10,0,0|14|14|36,20,0,0|16|16|12|9,12,9|2|7|2|0|1
001875|box_n3_H24|b001586|13,18,19|4|18|19|12|2|16|2|24|12|32|16|28,16,0,0|12|12|28,12,0,0|16|16|12|8,12,8|2|0|2|0|1
001876|box_n3_H24|b001587|13,18,20|4|18|20|14|2|16|2|28|14|32|16|28,14,0,0|14|14|32,16,0,0|16|16|10|10,10,10|4|80|4|0|1
001877|box_n3_H24|b001588|13,18,21|4|18|21|16|2|18|2|32|16|36|18|30,14,0,0|16|16|30,12,0,0|18|18|16|9,16,9|6|24|6|0|1
001878|box_n3_H24|b001589|13,18,22|4|18|22|16|2|18|2|32|16|36|18|30,14,0,0|16|16|34,16,0,0|18|18|12|11,12,11|6|396|6|0|1
001879|box_n3_H24|b001590|13,18,23|4|18|23|10|2|18|2|20|10|36|18|28,18,0,0|10|10|34,16,0,0|18|18|16|6,16,6|2|0|2|0|1
001880|box_n3_H24|b001591|13,18,24|4|18|24|18|2|18|2|36|18|36|18|36,18,0,0|18|18|36,18,0,0|18|18|12|12,12,12|11|13|12|1|1
001881|box_n3_H24|b001592|13,19,20|4|19|20|16|2|18|2|32|16|36|18|30,14,0,0|16|16|30,12,0,0|18|18|12|11,12,11|2|5|2|0|1
001882|box_n3_H24|b001593|13,19,21|4|19|21|11|2|21|2|22|11|42|21|29,18,0,0|11|11|33,12,0,0|21|21|11|11,10,11|3|0|3|0|1
001883|box_n3_H24|b001594|13,19,22|4|19|22|14|2|20|2|28|14|40|20|28,14,0,0|14|14|34,14,0,0|20|20|12|12,10,12|2|0|2|0|1
001884|box_n3_H24|b001595|13,19,23|4|19|23|15|2|19|2|30|15|38|19|29,14,0,0|15|15|35,16,0,0|19|19|12|12,10,12|3|0|3|0|1
001885|box_n3_H24|b001596|13,19,24|4|19|24|14|2|20|2|28|14|40|20|30,16,0,0|14|14|36,16,0,0|20|20|12|11,12,11|2|6|2|0|1
001886|box_n3_H24|b001597|13,20,21|4|20|21|14|2|14|2|28|14|28|14|30,16,0,0|14|14|30,16,0,0|14|14|10|9,10,9|2|10|2|0|1
001887|box_n3_H24|b001598|13,20,22|4|20|22|16|2|16|2|32|16|32|16|32,16,0,0|16|16|32,16,0,0|16|16|12|10,12,10|4|40|4|0|1
001888|box_n3_H24|b001599|13,20,23|4|20|23|14|2|18|2|28|14|36|18|30,16,0,0|14|14|36,18,0,0|18|18|11|11,10,11|2|6|2|0|1
001889|box_n3_H24|b001600|13,20,24|4|20|24|16|2|20|2|32|16|40|20|32,16,0,0|16|16|40,20,0,0|20|20|12|12,12,12|8|204|8|0|1
001890|box_n3_H24|b001601|13,21,22|4|21|22|16|2|18|2|32|16|36|18|32,16,0,0|16|16|34,16,0,0|18|18|12|11,12,11|2|0|2|0|1
001891|box_n3_H24|b001602|13,21,23|4|21|23|17|2|21|2|34|17|42|21|33,16,0,0|17|17|35,14,0,0|21|21|14|12,14,12|3|0|3|0|1
001892|box_n3_H24|b001603|13,21,24|4|21|24|20|2|20|2|40|20|40|20|36,16,0,0|20|20|36,16,0,0|20|20|14|13,14,13|6|26|6|0|1
001893|box_n3_H24|b001604|13,22,23|4|22|23|20|2|18|2|40|20|36|18|34,14,0,0|20|20|34,16,0,0|18|18|14|12,14,12|2|0|2|0|1
001894|box_n3_H24|b001605|13,22,24|4|22|24|18|2|18|2|36|18|36|18|36,18,0,0|18|18|36,18,0,0|18|18|12|12,12,12|4|39|4|0|1
001895|box_n3_H24|b001606|13,23,24|4|23|24|18|2|20|2|36|18|40|20|36,18,0,0|18|18|36,16,0,0|20|20|13|13,12,13|2|13|2|0|1
001896|box_n3_H24|b001607|14,15,16|4|15|16|8|2|12|2|16|8|24|12|24,16,0,0|8|8|24,12,0,0|12|12|12|4,12,4|2|10|2|0|1
001897|box_n3_H24|b001608|14,15,17|4|15|17|12|2|14|2|24|12|28|14|23,11,0,0|12|12|27,13,0,0|14|14|9|9,8,9|2|0|3|1|1
001898|box_n3_H24|b001609|14,15,18|4|15|18|8|2|16|2|16|8|32|16|24,16,0,0|8|8|30,14,0,0|16|16|8|8,8,8|4|36|6|2|1
001899|box_n3_H24|b001610|14,15,19|4|15|19|12|2|16|2|24|12|32|16|23,11,0,0|12|12|29,13,0,0|16|16|10|9,10,9|2|0|3|1|1
001900|box_n3_H24|b001611|14,15,20|4|15|20|14|2|16|2|28|14|32|16|30,16,0,0|14|14|30,14,0,0|16|16|12|9,12,9|10|61|10|0|1
001901|box_n3_H24|b001612|14,15,21|4|15|21|12|2|14|2|24|12|28|14|27,15,0,0|12|12|33,19,0,0|14|14|10|8,10,8|7|140|9|2|1
001902|box_n3_H24|b001613|14,15,22|4|15|22|10|2|18|2|20|10|36|18|22,12,0,0|10|10|34,16,0,0|18|18|10|9,10,9|2|0|2|0|1
001903|box_n3_H24|b001614|14,15,23|4|15|23|12|6|18|2|24|12|36|18|23,11,0,0|12|12|35,17,0,0|18|18|10|10,10,10|2|0|3|1|1
001904|box_n3_H24|b001615|14,15,24|4|15|24|8|6|18|2|16|8|36|18|18,10,0,0|8|8|36,18,0,0|18|18|10|8,10,8|6|123|6|0|1
001905|box_n3_H24|b001616|14,16,17|4|16|17|12|2|14|2|24|12|28|14|24,12,0,0|12|12|24,10,0,0|14|14|10|10,6,10|2|6|2|0|1
001906|box_n3_H24|b001617|14,16,19|4|16|19|12|2|16|2|24|12|32|16|24,12,0,0|12|12|30,14,0,0|16|16|10|10,8,10|2|13|2|0|1
001907|box_n3_H24|b001618|14,16,21|4|16|21|12|2|14|2|24|12|28|14|24,12,0,0|12|12|30,16,0,0|14|14|10|8,10,8|2|11|2|0|1
001908|box_n3_H24|b001619|14,16,23|4|16|23|12|2|18|2|24|12|36|18|24,12,0,0|12|12|36,18,0,0|18|18|10|10,10,10|2|9|2|0|1
001909|box_n3_H24|b001620|14,17,18|4|17|18|8|2|16|2|16|8|32|16|26,18,0,0|8|8|28,12,0,0|16|16|8|8,8,8|2|0|2|0|1
001910|box_n3_H24|b001621|14,17,19|4|17|19|14|2|16|2|28|14|32|16|27,13,0,0|14|14|29,13,0,0|16|16|10|10,10,10|2|0|3|1|1
001911|box_n3_H24|b001622|14,17,20|4|17|20|8|2|16|2|16|8|32|16|24,16,0,0|8|8|30,14,0,0|16|16|14|5,14,5|2|10|2|0|1
001912|box_n3_H24|b001623|14,17,21|4|17|21|14|2|16|2|28|14|32|16|27,13,0,0|14|14|33,17,0,0|16|16|12|9,12,9|2|0|3|1|1
001913|box_n3_H24|b001624|14,17,22|4|17|22|14|2|18|2|28|14|36|18|26,12,0,0|14|14|34,16,0,0|18|18|11|11,10,11|2|0|2|0|1
001914|box_n3_H24|b001625|14,17,23|4|17|23|14|2|18|2|28|14|36|18|27,13,0,0|14|14|35,17,0,0|18|18|11|11,10,11|2|0|3|1|1
001915|box_n3_H24|b001626|14,17,24|4|17|24|12|2|18|2|24|12|36|18|24,12,0,0|12|12|36,18,0,0|18|18|10|10,10,10|2|10|2|0|1
001916|box_n3_H24|b001627|14,18,19|4|18|19|16|2|16|2|32|16|32|16|28,12,0,0|16|16|28,12,0,0|16|16|12|10,12,10|2|0|2|0|1
001917|box_n3_H24|b001628|14,18,21|4|18|21|16|2|14|2|32|16|28|14|30,14,0,0|16|16|30,16,0,0|14|14|14|8,14,8|4|24|6|2|1
001918|box_n3_H24|b001629|14,18,23|4|18|23|16|2|16|2|32|16|32|16|28,12,0,0|16|16|34,18,0,0|16|16|12|10,12,10|2|0|2|0|1
001919|box_n3_H24|b001630|14,19,20|4|19|20|14|2|16|2|28|14|32|16|30,16,0,0|14|14|30,14,0,0|16|16|12|9,12,9|2|10|2|0|1
001920|box_n3_H24|b001631|14,19,21|4|19|21|16|2|16|2|32|16|32|16|29,13,0,0|16|16|33,17,0,0|16|16|14|9,14,9|2|0|3|1|1
001921|box_n3_H24|b001632|14,19,22|4|19|22|10|2|18|2|20|10|36|18|28,18,0,0|10|10|34,16,0,0|18|18|10|9,10,9|2|0|2|0|1
001922|box_n3_H24|b001633|14,19,23|4|19|23|16|2|20|2|32|16|40|20|29,13,0,0|16|16|35,15,0,0|20|20|14|11,14,11|2|0|3|1|1
001923|box_n3_H24|b001634|14,19,24|4|19|24|10|2|18|2|20|10|36|18|30,20,0,0|10|10|36,18,0,0|18|18|16|6,16,6|2|14|2|0|1
001924|box_n3_H24|b001635|14,20,21|4|20|21|16|2|14|2|32|16|28|14|30,14,0,0|16|16|30,16,0,0|14|14|12|9,12,9|2|10|2|0|1
001925|box_n3_H24|b001636|14,20,23|4|20|23|16|2|20|2|32|16|40|20|30,14,0,0|16|16|36,16,0,0|20|20|13|13,10,13|2|10|2|0|1
001926|box_n3_H24|b001637|14,21,22|4|21|22|12|2|18|2|24|12|36|18|32,20,0,0|12|12|34,16,0,0|18|18|12|9,12,9|2|0|2|0|1
001927|box_n3_H24|b001638|14,21,23|4|21|23|16|2|18|2|32|16|36|18|33,17,0,0|16|16|35,17,0,0|18|18|14|10,14,10|2|0|3|1|1
001928|box_n3_H24|b001639|14,21,24|4|21|24|16|2|18|2|32|16|36|18|36,20,0,0|16|16|36,18,0,0|18|18|14|10,14,10|6|26|6|0|1
001929|box_n3_H24|b001640|14,22,23|4|22|23|18|2|22|2|36|18|44|22|34,16,0,0|18|18|34,12,0,0|22|22|14|13,14,13|2|0|2|0|1
001930|box_n3_H24|b001641|14,23,24|4|23|24|16|2|18|2|32|16|36|18|36,20,0,0|16|16|36,18,0,0|18|18|14|10,14,10|2|5|2|0|1
001931|box_n3_H24|b001642|15,16,17|4|16|17|8|2|12|2|16|8|24|12|24,16,0,0|8|8|24,12,0,0|12|12|12|4,12,4|2|2|2|0|1
001932|box_n3_H24|b001643|15,16,18|4|16|18|12|2|14|2|24|12|28|14|24,12,0,0|12|12|24,10,0,0|14|14|10|8,10,8|4|7|4|0|1
001933|box_n3_H24|b001644|15,16,19|4|16|19|8|2|14|2|16|8|28|14|24,16,0,0|8|8|30,16,0,0|14|14|8|8,6,8|2|10|2|0|1
001934|box_n3_H24|b001645|15,16,20|4|16|20|12|2|12|2|24|12|24|12|24,12,0,0|12|12|24,12,0,0|12|12|8|8,8,8|8|13|8|0|1
001935|box_n3_H24|b001646|15,16,21|4|16|21|12|2|18|2|24|12|36|18|24,12,0,0|12|12|30,12,0,0|18|18|12|9,12,9|2|3|2|0|1
001936|box_n3_H24|b001647|15,16,22|4|16|22|12|2|18|2|24|12|36|18|24,12,0,0|12|12|36,18,0,0|18|18|10|10,10,10|4|27|4|0|1
001937|box_n3_H24|b001648|15,16,23|4|16|23|12|2|18|2|24|12|36|18|24,12,0,0|12|12|36,18,0,0|18|18|10|10,10,10|2|1|2|0|1
001938|box_n3_H24|b001649|15,16,24|4|16|24|16|2|16|2|32|16|32|16|32,16,0,0|16|16|32,16,0,0|16|16|16|8,16,8|16|96|16|0|1
001939|box_n3_H24|b001650|15,17,18|4|17|18|14|2|18|2|28|14|36|18|26,12,0,0|14|14|28,10,0,0|18|18|11|11,10,11|2|0|2|0|1
001940|box_n3_H24|b001651|15,17,19|4|17|19|11|2|17|2|22|11|34|17|27,16,0,0|11|11|29,12,0,0|17|17|14|7,14,7|3|0|3|0|1
001941|box_n3_H24|b001652|15,17,20|4|17|20|12|2|14|2|24|12|28|14|24,12,0,0|12|12|30,16,0,0|14|14|9|9,8,9|2|10|2|0|1
001942|box_n3_H24|b001653|15,17,21|4|17|21|15|2|19|2|30|15|38|19|27,12,0,0|15|15|33,14,0,0|19|19|12|12,10,12|3|0|3|0|1
001943|box_n3_H24|b001654|15,17,22|4|17|22|16|2|18|2|32|16|36|18|26,10,0,0|16|16|34,16,0,0|18|18|14|10,14,10|2|0|2|0|1
001944|box_n3_H24|b001655|15,17,23|4|17|23|11|2|21|2|22|11|42|21|27,16,0,0|11|11|35,14,0,0|21|21|11|11,10,11|3|0|3|0|1
001945|box_n3_H24|b001656|15,17,24|4|17|24|12|2|20|2|24|12|40|20|24,12,0,0|12|12|36,16,0,0|20|20|11|11,10,11|2|3|2|0|1
001946|box_n3_H24|b001657|15,18,19|4|18|19|12|2|14|2|24|12|28|14|28,16,0,0|12|12|28,14,0,0|14|14|10|8,10,8|2|0|2|0|1
001947|box_n3_H24|b001658|15,18,20|4|18|20|16|2|16|2|32|16|32|16|28,12,0,0|16|16|32,16,0,0|16|16|12|10,12,10|4|220|4|0|1
001948|box_n3_H24|b001659|15,18,22|4|18|22|16|2|18|2|32|16|36|18|30,14,0,0|16|16|34,16,0,0|18|18|12|11,12,11|6|396|6|0|1
001949|box_n3_H24|b001660|15,18,23|4|18|23|16|2|20|2|32|16|40|20|28,12,0,0|16|16|34,14,0,0|20|20|16|10,16,10|2|0|2|0|1
001950|box_n3_H24|b001661|15,19,20|4|19|20|14|2|18|2|28|14|36|18|30,16,0,0|14|14|30,12,0,0|18|18|11|11,10,11|2|1|2|0|1
001951|box_n3_H24|b001662|15,19,21|4|19|21|15|2|19|2|30|15|38|19|29,14,0,0|15|15|33,14,0,0|19|19|13|13,8,13|3|0|3|0|1
001952|box_n3_H24|b001663|15,19,22|4|19|22|14|2|18|2|28|14|36|18|28,14,0,0|14|14|34,16,0,0|18|18|11|11,10,11|2|0|2|0|1
001953|box_n3_H24|b001664|15,19,23|4|19|23|11|2|17|2|22|11|34|17|29,18,0,0|11|11|35,18,0,0|17|17|14|7,14,7|3|0|3|0|1
001954|box_n3_H24|b001665|15,19,24|4|19|24|16|2|20|2|32|16|40|20|30,14,0,0|16|16|36,16,0,0|20|20|14|11,14,11|2|1|2|0|1
001955|box_n3_H24|b001666|15,20,21|4|20|21|14|2|16|2|28|14|32|16|30,16,0,0|14|14|30,14,0,0|16|16|10|10,10,10|2|2|2|0|1
001956|box_n3_H24|b001667|15,20,22|4|20|22|16|2|16|2|32|16|32|16|32,16,0,0|16|16|32,16,0,0|16|16|12|10,12,10|4|140|4|0|1
001957|box_n3_H24|b001668|15,20,23|4|20|23|14|2|16|2|28|14|32|16|30,16,0,0|14|14|36,20,0,0|16|16|11|11,8,11|2|10|2|0|1
001958|box_n3_H24|b001669|15,20,24|4|20|24|16|2|20|2|32|16|40|20|32,16,0,0|16|16|40,20,0,0|20|20|12|12,12,12|8|144|8|0|1
001959|box_n3_H24|b001670|15,21,22|4|21|22|16|2|20|2|32|16|40|20|32,16,0,0|16|16|34,14,0,0|20|20|12|12,12,12|2|0|2|0|1
001960|box_n3_H24|b001671|15,21,23|4|21|23|13|2|19|2|26|13|38|19|33,20,0,0|13|13|35,16,0,0|19|19|12|12,8,12|3|0|3|0|1
001961|box_n3_H24|b001672|15,22,23|4|22|23|18|2|20|2|36|18|40|20|34,16,0,0|18|18|34,14,0,0|20|20|16|11,16,11|2|0|2|0|1
001962|box_n3_H24|b001673|15,22,24|4|22|24|18|2|18|2|36|18|36|18|36,18,0,0|18|18|36,18,0,0|18|18|12|12,12,12|4|38|4|0|1
001963|box_n3_H24|b001674|15,23,24|4|23|24|20|2|20|2|40|20|40|20|36,16,0,0|20|20|36,16,0,0|20|20|14|13,14,13|2|1|2|0|1
001964|box_n3_H24|b001675|16,17,18|4|17|18|8|2|12|2|16|8|24|12|26,18,0,0|8|8|28,16,0,0|12|12|12|4,12,4|1|2|1|0|1
001965|box_n3_H24|b001676|16,17,19|4|17|19|12|2|16|2|24|12|32|16|27,15,0,0|12|12|29,13,0,0|16|16|10|9,10,9|2|4|2|0|1
001966|box_n3_H24|b001677|16,17,20|4|17|20|6|2|12|2|12|6|24|12|24,18,0,0|6|6|30,18,0,0|12|12|6|6,6,6|2|6|2|0|1
001967|box_n3_H24|b001678|16,17,21|4|17|21|12|2|14|2|24|12|28|14|27,15,0,0|12|12|33,19,0,0|14|14|9|9,8,9|2|5|2|0|1
001968|box_n3_H24|b001679|16,17,22|4|17|22|12|2|18|2|24|12|36|18|26,14,0,0|12|12|34,16,0,0|18|18|10|10,10,10|2|132|2|0|1
001969|box_n3_H24|b001680|16,17,23|4|17|23|14|2|16|2|28|14|32|16|27,13,0,0|14|14|35,19,0,0|16|16|10|10,10,10|2|8|2|0|1
001970|box_n3_H24|b001681|16,17,24|4|17|24|12|2|16|2|24|12|32|16|24,12,0,0|12|12|36,20,0,0|16|16|12|8,12,8|2|2|2|0|1
001971|box_n3_H24|b001682|16,18,19|4|18|19|12|2|16|2|24|12|32|16|28,16,0,0|12|12|28,12,0,0|16|16|10|10,8,10|2|144|2|0|1
001972|box_n3_H24|b001683|16,18,21|4|18|21|14|2|14|2|28|14|28|14|30,16,0,0|14|14|30,16,0,0|14|14|12|8,12,8|6|84|6|0|1
001973|box_n3_H24|b001684|16,18,23|4|18|23|12|2|18|2|24|12|36|18|28,16,0,0|12|12|34,16,0,0|18|18|10|10,10,10|2|72|2|0|1
001974|box_n3_H24|b001685|16,19,20|4|19|20|12|2|12|2|24|12|24|12|30,18,0,0|12|12|30,18,0,0|12|12|8|8,8,8|2|2|2|0|1
001975|box_n3_H24|b001686|16,19,21|4|19|21|16|2|14|2|32|16|28|14|29,13,0,0|16|16|33,19,0,0|14|14|10|10,10,10|2|4|2|0|1
001976|box_n3_H24|b001687|16,19,22|4|19|22|10|2|18|2|20|10|36|18|28,18,0,0|10|10|34,16,0,0|18|18|16|6,16,6|1|1|1|0|1
001977|box_n3_H24|b001688|16,19,23|4|19|23|14|2|18|2|28|14|36|18|29,15,0,0|14|14|35,17,0,0|18|18|11|11,10,11|2|7|2|0|1
001978|box_n3_H24|b001689|16,19,24|4|19|24|12|2|16|2|24|12|32|16|30,18,0,0|12|12|36,20,0,0|16|16|12|8,12,8|2|2|2|0|1
001979|box_n3_H24|b001690|16,20,21|4|20|21|12|2|18|2|24|12|36|18|30,18,0,0|12|12|30,12,0,0|18|18|10|10,10,10|2|2|2|0|1
001980|box_n3_H24|b001691|16,20,23|4|20|23|12|2|18|2|24|12|36|18|30,18,0,0|12|12|36,18,0,0|18|18|10|10,10,10|2|1|2|0|1
001981|box_n3_H24|b001692|16,21,22|4|21|22|14|2|18|2|28|14|36|18|32,18,0,0|14|14|34,16,0,0|18|18|12|10,12,10|2|176|2|0|1
001982|box_n3_H24|b001693|16,21,23|4|21|23|14|2|20|2|28|14|40|20|33,19,0,0|14|14|35,15,0,0|20|20|12|11,12,11|2|4|2|0|1
001983|box_n3_H24|b001694|16,21,24|4|21|24|18|2|16|2|36|18|32|16|36,18,0,0|18|18|36,20,0,0|16|16|14|10,14,10|6|26|6|0|1
001984|box_n3_H24|b001695|16,22,23|4|22|23|18|2|18|2|36|18|36|18|34,16,0,0|18|18|34,16,0,0|18|18|12|12,12,12|2|88|2|0|1
001985|box_n3_H24|b001696|16,23,24|4|23|24|18|2|16|2|36|18|32|16|36,18,0,0|18|18|36,20,0,0|16|16|14|10,14,10|2|2|2|0|1
001986|box_n3_H24|b001697|17,18,19|4|18|19|10|2|14|2|20|10|28|14|28,18,0,0|10|10|28,14,0,0|14|14|14|5,14,5|2|0|2|0|1
001987|box_n3_H24|b001698|17,18,20|4|18|20|14|2|16|2|28|14|32|16|28,14,0,0|14|14|32,16,0,0|16|16|10|10,10,10|4|280|4|0|1
001988|box_n3_H24|b001699|17,18,21|4|18|21|12|2|16|2|24|12|32|16|30,18,0,0|12|12|30,14,0,0|16|16|12|8,12,8|6|108|6|0|1
001989|box_n3_H24|b001700|17,18,22|4|18|22|16|2|18|2|32|16|36|18|30,14,0,0|16|16|34,16,0,0|18|18|12|11,12,11|6|396|6|0|1
001990|box_n3_H24|b001701|17,18,23|4|18|23|12|2|20|2|24|12|40|20|28,16,0,0|12|12|34,14,0,0|20|20|14|9,14,9|2|0|2|0|1
001991|box_n3_H24|b001702|17,18,24|4|18|24|18|2|18|2|36|18|36|18|36,18,0,0|18|18|36,18,0,0|18|18|12|12,12,12|12|61|12|0|1
001992|box_n3_H24|b001703|17,19,20|4|19|20|14|2|18|2|28|14|36|18|30,16,0,0|14|14|30,12,0,0|18|18|12|12,8,12|2|9|2|0|1
001993|box_n3_H24|b001704|17,19,21|4|19|21|11|2|17|2|22|11|34|17|29,18,0,0|11|11|33,16,0,0|17|17|14|7,14,7|3|0|3|0|1
001994|box_n3_H24|b001705|17,19,22|4|19|22|16|2|18|2|32|16|36|18|28,12,0,0|16|16|34,16,0,0|18|18|12|11,12,11|2|0|2|0|1
001995|box_n3_H24|b001706|17,19,23|4|19|23|15|2|19|2|30|15|38|19|29,14,0,0|15|15|35,16,0,0|19|19|12|12,10,12|3|0|3|0|1
001996|box_n3_H24|b001707|17,19,24|4|19|24|16|2|16|2|32|16|32|16|30,14,0,0|16|16|36,20,0,0|16|16|12|10,12,10|2|9|2|0|1
001997|box_n3_H24|b001708|17,20,21|4|20|21|10|2|14|2|20|10|28|14|30,20,0,0|10|10|30,16,0,0|14|14|8|8,8,8|2|18|2|0|1
001998|box_n3_H24|b001709|17,20,22|4|20|22|16|2|16|2|32|16|32|16|32,16,0,0|16|16|32,16,0,0|16|16|12|10,12,10|4|80|4|0|1
001999|box_n3_H24|b001710|17,20,23|4|20|23|10|2|18|2|20|10|36|18|30,20,0,0|10|10|36,18,0,0|18|18|16|6,16,6|2|2|2|0|1
002000|box_n3_H24|b001711|17,20,24|4|20|24|16|2|20|2|32|16|40|20|32,16,0,0|16|16|40,20,0,0|20|20|12|12,12,12|8|156|8|0|1
002001|box_n3_H24|b001712|17,21,22|4|21|22|16|2|20|2|32|16|40|20|32,16,0,0|16|16|34,14,0,0|20|20|12|12,12,12|2|0|2|0|1
002002|box_n3_H24|b001713|17,21,23|4|21|23|17|2|19|2|34|17|38|19|33,16,0,0|17|17|35,16,0,0|19|19|14|14,8,14|3|0|3|0|1
002003|box_n3_H24|b001714|17,21,24|4|21|24|18|2|20|2|36|18|40|20|36,18,0,0|18|18|36,16,0,0|20|20|14|12,14,12|6|26|6|0|1
002004|box_n3_H24|b001715|17,22,23|4|22|23|18|2|18|2|36|18|36|18|34,16,0,0|18|18|34,16,0,0|18|18|14|11,14,11|2|0|2|0|1
002005|box_n3_H24|b001716|17,22,24|4|22|24|18|2|18|2|36|18|36|18|36,18,0,0|18|18|36,18,0,0|18|18|12|12,12,12|4|42|4|0|1
002006|box_n3_H24|b001717|17,23,24|4|23|24|18|2|16|2|36|18|32|16|36,18,0,0|18|18|36,20,0,0|16|16|12|12,10,12|2|5|2|0|1
002007|box_n3_H24|b001718|18,19,20|4|19|20|10|2|16|2|20|10|32|16|30,20,0,0|10|10|30,14,0,0|16|16|16|5,16,5|2|10|2|0|1
002008|box_n3_H24|b001719|18,19,21|4|19|21|14|2|16|2|28|14|32|16|29,15,0,0|14|14|33,17,0,0|16|16|10|10,10,10|2|0|3|1|1
002009|box_n3_H24|b001720|18,19,22|4|19|22|10|2|18|2|20|10|36|18|28,18,0,0|10|10|34,16,0,0|18|18|10|9,10,9|2|0|2|0|1
002010|box_n3_H24|b001721|18,19,23|4|19|23|14|2|18|2|28|14|36|18|29,15,0,0|14|14|35,17,0,0|18|18|11|11,10,11|2|0|3|1|1
002011|box_n3_H24|b001722|18,19,24|4|19|24|14|2|18|2|28|14|36|18|30,16,0,0|14|14|36,18,0,0|18|18|12|10,12,10|2|13|2|0|1
002012|box_n3_H24|b001723|18,20,21|4|20|21|16|2|16|2|32|16|32|16|30,14,0,0|16|16|30,14,0,0|16|16|11|11,10,11|2|10|2|0|1
002013|box_n3_H24|b001724|18,20,23|4|20|23|16|2|18|2|32|16|36|18|30,14,0,0|16|16|36,18,0,0|18|18|12|11,12,11|2|10|2|0|1
002014|box_n3_H24|b001725|18,21,22|4|21|22|10|2|18|2|20|10|36|18|32,22,0,0|10|10|34,16,0,0|18|18|10|9,10,9|2|0|2|0|1
002015|box_n3_H24|b001726|18,21,23|4|21|23|16|2|16|2|32|16|32|16|33,17,0,0|16|16|35,19,0,0|16|16|11|11,10,11|2|0|3|1|1
002016|box_n3_H24|b001727|18,22,23|4|22|23|18|2|22|2|36|18|44|22|34,16,0,0|18|18|34,12,0,0|22|22|14|13,14,13|2|0|2|0|1
002017|box_n3_H24|b001728|18,23,24|4|23|24|16|2|18|2|32|16|36|18|36,20,0,0|16|16|36,18,0,0|18|18|14|10,14,10|2|9|2|0|1
002018|box_n3_H24|b001729|19,20,21|4|20|21|10|2|16|2|20|10|32|16|30,20,0,0|10|10|30,14,0,0|16|16|16|5,16,5|2|2|2|0|1
002019|box_n3_H24|b001730|19,20,22|4|20|22|16|2|16|2|32|16|32|16|32,16,0,0|16|16|32,16,0,0|16|16|12|10,12,10|4|260|4|0|1
002020|box_n3_H24|b001731|19,20,23|4|20|23|10|2|16|2|20|10|32|16|30,20,0,0|10|10|36,20,0,0|16|16|9|9,8,9|2|14|2|0|1
002021|box_n3_H24|b001732|19,20,24|4|20|24|16|2|20|2|32|16|40|20|32,16,0,0|16|16|40,20,0,0|20|20|12|12,12,12|8|216|8|0|1
002022|box_n3_H24|b001733|19,21,22|4|21|22|18|2|20|2|36|18|40|20|32,14,0,0|18|18|34,14,0,0|20|20|13|13,12,13|2|0|2|0|1
002023|box_n3_H24|b001734|19,21,23|4|21|23|13|2|19|2|26|13|38|19|33,20,0,0|13|13|35,16,0,0|19|19|16|8,16,8|3|0|3|0|1
002024|box_n3_H24|b001735|19,21,24|4|21|24|18|2|20|2|36|18|40|20|36,18,0,0|18|18|36,16,0,0|20|20|13|13,12,13|6|57|6|0|1
002025|box_n3_H24|b001736|19,22,23|4|22|23|14|2|18|2|28|14|36|18|34,20,0,0|14|14|34,16,0,0|18|18|12|10,12,10|2|0|2|0|1
002026|box_n3_H24|b001737|19,22,24|4|22|24|18|2|18|2|36|18|36|18|36,18,0,0|18|18|36,18,0,0|18|18|12|12,12,12|4|38|4|0|1
002027|box_n3_H24|b001738|19,23,24|4|23|24|18|2|20|2|36|18|40|20|36,18,0,0|18|18|36,16,0,0|20|20|13|13,12,13|2|1|2|0|1
002028|box_n3_H24|b001739|20,21,22|4|21|22|10|2|16|2|20|10|32|16|32,22,0,0|10|10|34,18,0,0|16|16|16|5,16,5|1|2|1|0|1
002029|box_n3_H24|b001740|20,21,23|4|21|23|16|2|18|2|32|16|36|18|33,17,0,0|16|16|35,17,0,0|18|18|12|11,12,11|2|4|2|0|1
002030|box_n3_H24|b001741|20,21,24|4|21|24|12|2|20|2|24|12|40|20|36,24,0,0|12|12|36,16,0,0|20|20|12|10,12,10|6|155|6|0|1
002031|box_n3_H24|b001742|20,22,23|4|22|23|16|2|20|2|32|16|40|20|34,18,0,0|16|16|34,14,0,0|20|20|13|13,10,13|2|176|2|0|1
002032|box_n3_H24|b001743|20,23,24|4|23|24|12|2|20|2|24|12|40|20|36,24,0,0|12|12|36,16,0,0|20|20|12|10,12,10|2|2|2|0|1
002033|box_n3_H24|b001744|21,22,23|4|22|23|12|2|18|2|24|12|36|18|34,22,0,0|12|12|34,16,0,0|18|18|18|6,18,6|2|0|2|0|1
002034|box_n3_H24|b001745|21,22,24|4|22|24|18|2|18|2|36|18|36|18|36,18,0,0|18|18|36,18,0,0|18|18|12|12,12,12|4|10|4|0|1
002035|box_n3_H24|b001746|21,23,24|4|23|24|18|2|20|2|36|18|40|20|36,18,0,0|18|18|36,16,0,0|20|20|14|14,10,14|2|9|2|0|1
002036|box_n3_H24|b001747|22,23,24|4|23|24|12|2|18|2|24|12|36|18|36,24,0,0|12|12|36,18,0,0|18|18|18|6,18,6|2|14|2|0|1
002037|box_n4_H18|b000001|1,2,3,4|5|3|4|4|3|4|4|8|4|12|4|8,6,2,0|8|4|10,6,0,0|8|4|2|1,2,2,1|4|0|4|0|0
002038|box_n4_H18|b000002|1,2,3,5|5|3|5|2|4|2|6|4|2|4|2|8,8,2,0|4|2|12,12,2,0|4|2|1|1,-1,-1,1|2|8|2|0|0
002039|box_n4_H18|b000003|1,2,3,6|5|3|6|6|3|8|6|16|6|22|8|12,8,2,0|12|6|18,12,2,0|16|8|3|2,3,3,2|10|10|12|2|0
002040|box_n4_H18|b000004|1,2,3,7|5|3|7|4|3|8|7|8|4|22|8|8,6,2,0|8|4|18,12,2,0|16|8|2|2,2,2,2|4|0|4|0|0
002041|box_n4_H18|b000005|1,2,3,8|5|3|8|4|3|6|8|8|4|16|6|8,6,2,0|8|4|20,16,2,0|12|6|2|2,1,1,2|4|0|4|0|0
002042|box_n4_H18|b000006|1,2,3,9|5|3|9|6|3|8|9|16|6|20|8|12,8,2,0|12|6|24,20,4,0|16|8|2|2,2,2,2|10|15|12|2|0
002043|box_n4_H18|b000007|1,2,3,10|5|3|10|2|4|6|11|4|2|16|6|8,8,2,0|4|2|24,20,2,0|12|6|2|0,2,2,0|2|13|2|0|0
002044|box_n4_H18|b000008|1,2,3,11|5|3|11|4|3|10|11|8|4|28|10|8,6,2,0|8|4|28,20,2,0|20|10|4|1,4,4,1|4|0|4|0|0
002045|box_n4_H18|b000009|1,2,3,12|5|3|12|6|3|10|12|16|6|28|10|12,8,2,0|12|6|30,22,2,0|20|10|3|3,3,3,3|10|20|12|2|0
002046|box_n4_H18|b000010|1,2,3,13|5|3|13|6|3|10|13|16|6|28|10|8,2,0,0|12|6|32,24,2,0|20|10|4|4,3,3,4|4|0|4|0|0
002047|box_n4_H18|b000011|1,2,3,14|5|3|14|6|3|10|14|16|6|28|10|8,2,0,0|12|6|34,26,2,0|20|10|4|3,4,4,3|4|0|4|0|0
002048|box_n4_H18|b000012|1,2,3,15|5|3|15|0|-1|8|16|-4|0|20|8|0,0,0,0|0|0|36,32,4,0|16|8|1|1,1,1,1|-1|-1|0|0|0
002049|box_n4_H18|b000013|1,2,3,16|5|3|16|6|3|12|16|16|6|32|12|8,2,0,0|12|6|40,32,4,0|24|12|4|4,3,3,4|4|0|4|0|0
002050|box_n4_H18|b000014|1,2,3,17|5|3|17|6|3|12|17|16|6|30|12|8,2,0,0|12|6|42,36,6,0|24|12|4|4,2,2,4|4|0|4|0|0
002051|box_n4_H18|b000015|1,2,3,18|5|3|18|6|3|14|18|16|6|36|14|12,8,2,0|12|6|48,40,6,0|28|14|4|4,2,2,4|10|30|12|2|0
002052|box_n4_H18|b000016|1,2,4,5|5|4|5|4|6|4|8|10|4|8|4|12,10,2,0|8|4|12,10,2,0|8|4|1|1,1,1,1|2|9|2|0|0
002053|box_n4_H18|b000017|1,2,4,6|5|4|6|6|4|8|6|14|6|20|8|12,8,2,0|12|6|16,10,2,0|16|8|4|4,1,1,4|8|30|8|0|0
002054|box_n4_H18|b000018|1,2,4,7|5|4|7|6|4|10|7|12|6|22|10|10,6,2,0|12|6|18,12,4,0|20|10|3|2,3,3,2|4|0|4|0|0
002055|box_n4_H18|b000019|1,2,4,8|5|4|8|8|4|10|8|22|8|24|10|16,10,2,0|16|8|24,18,4,0|20|10|3|3,3,3,3|14|10|16|2|0
002056|box_n4_H18|b000020|1,2,4,9|5|4|9|6|4|10|9|12|6|22|10|10,6,2,0|12|6|22,16,4,0|20|10|3|3,2,2,3|4|0|4|0|0
002057|box_n4_H18|b000021|1,2,4,10|5|4|10|2|7|8|16|2|2|16|8|8,8,2,0|4|2|24,20,4,0|16|8|2|0,2,2,0|3|27|6|3|1
002058|box_n4_H18|b000022|1,2,4,11|5|4|11|6|4|12|11|12|6|28|12|10,6,2,0|12|6|28,20,4,0|24|12|3|3,3,3,3|4|0|4|0|0
002059|box_n4_H18|b000023|1,2,4,12|5|4|12|8|4|14|12|22|8|34|14|16,10,2,0|16|8|32,22,4,0|28|14|5|3,5,5,3|14|15|16|2|0
002060|box_n4_H18|b000024|1,2,4,13|5|4|13|6|4|12|13|12|6|28|12|10,6,2,0|12|6|32,24,4,0|24|12|5|1,5,5,1|4|0|4|0|0
002061|box_n4_H18|b000025|1,2,4,14|5|4|14|6|4|16|14|14|6|38|16|12,8,2,0|12|6|36,24,4,0|32|16|5|3,5,5,3|8|70|8|0|0
002062|box_n4_H18|b000026|1,2,4,15|5|4|15|4|6|12|23|10|4|24|12|12,10,2,0|8|4|36,30,6,0|24|12|3|1,3,3,1|2|19|2|0|0
002063|box_n4_H18|b000027|1,2,4,16|5|4|16|8|4|16|16|22|8|36|16|16,10,2,0|16|8|40,30,6,0|32|16|4|4,4,4,4|14|20|16|2|0
002064|box_n4_H18|b000028|1,2,4,17|5|4|17|4|4|18|17|12|4|42|18|10,6,0,0|8|4|42,30,6,0|36|18|4|4,4,4,4|4|0|4|0|0
002065|box_n4_H18|b000029|1,2,4,18|5|4|18|8|4|18|18|22|8|40|18|12,4,0,0|16|8|44,32,6,0|36|18|5|5,5,5,5|8|90|8|0|0
002066|box_n4_H18|b000030|1,2,5,6|5|5|6|4|6|4|8|4|4|8|4|12,12,4,0|8|4|12,10,2,0|8|4|1|1,0,0,1|2|34|2|0|0
002067|box_n4_H18|b000031|1,2,5,7|5|5|7|6|6|6|9|8|6|12|6|12,10,4,0|12|6|16,14,4,0|12|6|3|3,-1,-1,3|3|46|3|0|0
002068|box_n4_H18|b000032|1,2,5,8|5|5|8|4|7|8|11|4|4|16|8|12,12,4,0|8|4|20,16,4,0|16|8|1|1,1,1,1|3|49|3|0|1
002069|box_n4_H18|b000033|1,2,5,9|5|5|9|4|7|10|11|4|4|20|10|12,12,4,0|8|4|24,20,6,0|20|10|2|2,0,0,2|3|47|3|0|1
002070|box_n4_H18|b000034|1,2,5,10|5|5|10|8|6|12|12|20|8|26|12|20,16,4,0|16|8|30,24,6,0|24|12|3|2,3,3,2|12|10|20|8|1
002071|box_n4_H18|b000035|1,2,5,11|5|5|11|4|6|10|14|8|4|20|10|12,10,2,0|8|4|24,18,4,0|20|10|2|2,2,2,2|3|47|3|0|1
002072|box_n4_H18|b000036|1,2,5,12|5|5|12|4|7|10|16|8|4|22|10|12,10,2,0|8|4|28,22,4,0|20|10|2|2,2,2,2|3|49|3|0|1
002073|box_n4_H18|b000037|1,2,5,13|5|5|13|4|7|14|16|8|4|28|14|12,10,2,0|8|4|32,24,6,0|28|14|4|1,4,4,1|3|46|3|0|0
002074|box_n4_H18|b000038|1,2,5,14|5|5|14|4|6|14|17|8|4|30|14|12,10,2,0|8|4|36,28,6,0|28|14|4|1,4,4,1|3|48|3|0|0
002075|box_n4_H18|b000039|1,2,5,15|5|5|15|8|6|16|18|20|8|32|16|20,16,4,0|16|8|40,32,8,0|32|16|3|3,3,3,3|12|15|20|8|0
002076|box_n4_H18|b000040|1,2,5,16|5|5|16|4|7|14|21|4|4|28|14|12,12,4,0|8|4|36,28,6,0|28|14|3|1,3,3,1|3|73|3|0|0
002077|box_n4_H18|b000041|1,2,5,17|5|5|17|4|7|16|21|4|4|32|16|12,12,4,0|8|4|40,32,8,0|32|16|3|1,3,3,1|3|71|3|0|0
002078|box_n4_H18|b000042|1,2,5,18|5|5|18|6|6|18|22|8|6|36|18|12,10,4,0|12|6|44,34,8,0|36|18|3|3,3,3,3|3|74|3|0|0
002079|box_n4_H18|b000043|1,2,6,7|5|6|7|8|6|10|7|16|8|22|10|16,12,4,0|16|8|18,12,4,0|20|10|3|3,2,2,3|4|0|4|0|0
002080|box_n4_H18|b000044|1,2,6,8|5|6|8|6|6|10|8|12|6|20|10|16,14,4,0|12|6|20,14,4,0|20|10|4|4,0,0,4|8|60|8|0|0
002081|box_n4_H18|b000045|1,2,6,9|5|6|9|10|6|12|9|22|10|24|12|18,12,4,0|20|10|24,18,6,0|24|12|3|3,3,3,3|10|30|12|2|0
002082|box_n4_H18|b000046|1,2,6,10|5|6|10|6|7|10|11|12|6|16|10|16,14,4,0|12|6|24,20,6,0|20|10|2|2,1,1,2|5|46|6|1|1
002083|box_n4_H18|b000047|1,2,6,11|5|6|11|8|6|14|11|16|8|28|14|16,12,4,0|16|8|28,20,6,0|28|14|4|4,2,2,4|4|0|4|0|1
002084|box_n4_H18|b000048|1,2,6,12|5|6|12|12|6|18|12|32|12|42|18|24,16,4,0|24|12|36,24,6,0|36|18|6|4,6,6,4|20|20|24|4|1
002085|box_n4_H18|b000049|1,2,6,13|5|6|13|8|6|16|13|20|8|32|16|16,10,2,0|16|8|32,22,6,0|32|16|4|4,4,4,4|4|0|4|0|1
002086|box_n4_H18|b000050|1,2,6,14|5|6|14|10|6|18|14|24|10|38|18|16,8,2,0|20|10|36,24,6,0|36|18|6|4,6,6,4|8|105|8|0|1
002087|box_n4_H18|b000051|1,2,6,15|5|6|15|6|7|16|16|12|6|28|16|12,8,2,0|12|6|36,28,8,0|32|16|3|3,3,3,3|7|27|9|2|1
002088|box_n4_H18|b000052|1,2,6,16|5|6|16|10|6|20|16|24|10|40|20|16,8,2,0|20|10|40,28,8,0|40|20|6|4,6,6,4|8|120|8|0|0
002089|box_n4_H18|b000053|1,2,6,17|5|6|17|8|6|20|17|20|8|38|20|16,10,2,0|16|8|42,32,10,0|40|20|5|3,5,5,3|4|0|4|0|0
002090|box_n4_H18|b000054|1,2,6,18|5|6|18|12|6|22|18|32|12|44|22|24,16,4,0|24|12|48,36,10,0|44|22|6|6,4,4,6|20|30|24|4|0
002091|box_n4_H18|b000055|1,2,7,8|5|7|8|8|7|10|8|14|8|20|10|18,16,6,0|16|8|20,14,4,0|20|10|4|4,0,0,4|4|0|4|0|0
002092|box_n4_H18|b000056|1,2,7,9|5|7|9|8|7|10|9|14|8|18|10|18,16,6,0|16|8|22,18,6,0|20|10|3|3,0,0,3|4|0|4|0|0
002093|box_n4_H18|b000057|1,2,7,10|5|7|10|8|8|12|11|16|8|20|12|16,12,4,0|16|8|24,18,6,0|24|12|3|2,3,3,2|3|52|3|0|1
002094|box_n4_H18|b000058|1,2,7,11|5|7|11|10|7|16|11|22|10|32|16|18,12,4,0|20|10|28,18,6,0|32|16|4|4,4,4,4|4|0|4|0|1
002095|box_n4_H18|b000059|1,2,7,12|5|7|12|10|7|16|12|22|10|32|16|18,12,4,0|20|10|30,20,6,0|32|16|4|4,4,4,4|4|0|4|0|1
002096|box_n4_H18|b000060|1,2,7,13|5|7|13|8|7|16|13|18|8|28|16|18,14,4,0|16|8|32,24,8,0|32|16|4|4,2,2,4|4|0|4|0|1
002097|box_n4_H18|b000061|1,2,7,14|5|7|14|14|7|20|14|36|14|44|20|28,20,6,0|28|14|42,30,8,0|40|20|6|4,6,6,4|24|20|28|4|1
002098|box_n4_H18|b000062|1,2,7,15|5|7|15|6|8|18|16|12|6|32|18|16,14,4,0|12|6|36,26,8,0|36|18|3|3,3,3,3|3|67|3|0|1
002099|box_n4_H18|b000063|1,2,7,16|5|7|16|8|7|20|16|18|8|40|20|18,14,4,0|16|8|40,28,8,0|40|20|5|3,5,5,3|4|0|4|0|1
002100|box_n4_H18|b000064|1,2,7,17|5|7|17|10|7|22|17|22|10|42|22|18,12,4,0|20|10|42,30,10,0|44|22|5|5,4,4,5|4|0|4|0|1
002101|box_n4_H18|b000065|1,2,7,18|5|7|18|10|7|22|18|22|10|40|22|18,12,4,0|20|10|44,32,10,0|44|22|6|6,3,3,6|4|0|4|0|0
002102|box_n4_H18|b000066|1,2,8,9|5|8|9|8|8|8|9|12|8|14|8|20,18,6,0|16|8|22,20,6,0|16|8|2|2,0,0,2|4|0|4|0|0
002103|box_n4_H18|b000067|1,2,8,10|5|8|10|8|9|8|11|16|8|12|8|24,22,6,0|16|8|24,22,6,0|16|8|4|4,-2,-2,4|6|29|6|0|1
002104|box_n4_H18|b000068|1,2,8,11|5|8|11|10|8|14|11|20|10|28|14|20,14,4,0|20|10|28,20,6,0|28|14|4|3,4,4,3|4|0|4|0|1
002105|box_n4_H18|b000069|1,2,8,12|5|8|12|12|8|14|12|28|12|30|14|24,16,4,0|24|12|32,24,6,0|28|14|5|5,3,3,5|14|30|16|2|1
002106|box_n4_H18|b000070|1,2,8,13|5|8|13|10|8|14|13|20|10|24|14|20,14,4,0|20|10|32,26,8,0|28|14|4|4,2,2,4|4|0|4|0|1
002107|box_n4_H18|b000071|1,2,8,14|5|8|14|8|8|12|14|16|8|22|12|20,16,4,0|16|8|36,32,8,0|24|12|3|1,3,3,1|8|140|8|0|1
002108|box_n4_H18|b000072|1,2,8,15|5|8|15|6|9|12|16|12|6|16|12|20,18,4,0|12|6|36,34,10,0|24|12|3|3,-1,-1,3|3|68|3|0|1
002109|box_n4_H18|b000073|1,2,8,16|5|8|16|14|8|20|16|36|14|44|20|32,24,6,0|28|14|48,38,10,0|40|20|5|4,5,5,4|24|20|32|8|1
002110|box_n4_H18|b000074|1,2,8,17|5|8|17|8|8|18|17|16|8|34|18|20,16,4,0|16|8|42,34,10,0|36|18|4|4,2,2,4|4|0|4|0|1
002111|box_n4_H18|b000075|1,2,8,18|5|8|18|8|8|16|18|16|8|28|16|20,16,4,0|16|8|44,38,10,0|32|16|4|4,1,1,4|8|180|8|0|1
002112|box_n4_H18|b000076|1,2,9,10|5|9|10|8|11|8|13|16|8|12|8|24,22,6,0|16|8|24,22,6,0|16|8|2|2,0,0,2|2|19|2|0|1
002113|box_n4_H18|b000077|1,2,9,11|5|9|11|8|9|12|11|14|8|24|12|22,20,6,0|16|8|28,22,6,0|24|12|5|5,-1,-1,5|4|0|4|0|1
002114|box_n4_H18|b000078|1,2,9,12|5|9|12|14|9|14|12|28|14|28|14|24,16,6,0|28|14|30,22,6,0|28|14|5|3,5,5,3|10|60|12|2|1
002115|box_n4_H18|b000079|1,2,9,13|5|9|13|10|9|14|13|22|10|28|14|22,16,4,0|20|10|32,24,6,0|28|14|4|4,3,3,4|4|0|4|0|1
002116|box_n4_H18|b000080|1,2,9,14|5|9|14|12|9|14|14|22|12|24|14|22,16,6,0|24|12|34,28,8,0|28|14|3|3,3,3,3|4|0|4|0|1
002117|box_n4_H18|b000081|1,2,9,15|5|9|15|10|11|14|19|20|10|24|14|24,20,6,0|20|10|36,30,8,0|28|14|3|2,3,3,2|6|61|6|0|1
002118|box_n4_H18|b000082|1,2,9,16|5|9|16|10|9|16|16|18|10|28|16|22,18,6,0|20|10|40,34,10,0|32|16|3|3,2,2,3|4|0|4|0|1
002119|box_n4_H18|b000083|1,2,9,17|5|9|17|10|9|20|17|18|10|38|20|22,18,6,0|20|10|42,32,10,0|40|20|4|3,4,4,3|4|0|4|0|1
002120|box_n4_H18|b000084|1,2,9,18|5|9|18|16|9|22|18|40|16|46|22|36,28,8,0|32|16|54,44,12,0|44|22|5|4,5,5,4|24|20|36|12|1
002121|box_n4_H18|b000085|1,2,10,11|5|10|11|8|11|8|13|12|8|12|8|24,22,6,0|16|8|24,22,6,0|16|8|2|2,0,0,2|2|64|2|0|1
002122|box_n4_H18|b000086|1,2,10,12|5|10|12|8|11|8|14|12|8|10|8|24,22,6,0|16|8|24,22,6,0|16|8|4|4,-2,-2,4|6|74|6|0|1
002123|box_n4_H18|b000087|1,2,10,13|5|10|13|8|13|14|16|12|8|28|14|24,22,6,0|16|8|32,24,6,0|28|14|3|2,3,3,2|3|92|3|0|1
002124|box_n4_H18|b000088|1,2,10,14|5|10|14|10|12|14|16|20|10|26|14|24,18,4,0|20|10|32,24,6,0|28|14|4|4,3,3,4|5|99|6|1|1
002125|box_n4_H18|b000089|1,2,10,15|5|10|15|12|11|16|17|26|12|32|16|30,24,6,0|24|12|40,32,8,0|32|16|4|4,3,3,4|12|30|20|8|1
002126|box_n4_H18|b000090|1,2,10,16|5|10|16|8|11|16|18|12|8|32|16|24,22,6,0|16|8|40,32,8,0|32|16|3|2,3,3,2|5|98|6|1|1
002127|box_n4_H18|b000091|1,2,10,17|5|10|17|12|11|16|19|20|12|32|16|24,18,6,0|24|12|40,32,8,0|32|16|4|4,3,3,4|3|91|3|0|1
002128|box_n4_H18|b000092|1,2,10,18|5|10|18|8|12|18|21|12|8|36|18|24,22,6,0|16|8|48,40,10,0|36|18|3|2,3,3,2|6|97|6|0|1
002129|box_n4_H18|b000093|1,2,11,12|5|11|12|12|11|14|12|24|12|28|14|28,22,6,0|24|12|30,22,6,0|28|14|4|4,3,3,4|4|0|4|0|1
002130|box_n4_H18|b000094|1,2,11,13|5|11|13|12|11|14|13|24|12|28|14|28,22,6,0|24|12|32,24,6,0|28|14|7|7,0,0,7|4|0|4|0|1
002131|box_n4_H18|b000095|1,2,11,14|5|11|14|14|11|18|14|28|14|36|18|28,20,6,0|28|14|34,22,6,0|36|18|5|5,5,5,5|4|0|4|0|1
002132|box_n4_H18|b000096|1,2,11,15|5|11|15|10|12|16|16|20|10|32|16|24,18,4,0|20|10|36,26,6,0|32|16|4|4,4,4,4|3|81|3|0|1
002133|box_n4_H18|b000097|1,2,11,16|5|11|16|14|11|18|16|32|14|40|18|28,18,4,0|28|14|40,28,6,0|36|18|6|6,5,5,6|4|0|4|0|1
002134|box_n4_H18|b000098|1,2,11,17|5|11|17|14|11|20|17|28|14|42|20|28,20,6,0|28|14|42,30,8,0|40|20|6|4,6,6,4|4|0|4|0|1
002135|box_n4_H18|b000099|1,2,11,18|5|11|18|14|11|18|18|28|14|36|18|28,20,6,0|28|14|44,34,8,0|36|18|5|5,4,4,5|4|0|4|0|1
002136|box_n4_H18|b000100|1,2,12,13|5|12|13|12|12|14|13|24|12|28|14|30,24,6,0|24|12|32,24,6,0|28|14|5|5,2,2,5|4|0|4|0|1
002137|box_n4_H18|b000101|1,2,12,14|5|12|14|14|12|16|14|30|14|34|16|32,24,6,0|28|14|36,26,6,0|32|16|7|7,2,2,7|8|210|8|0|1
002138|box_n4_H18|b000102|1,2,12,15|5|12|15|16|13|16|16|38|16|32|16|36,26,6,0|32|16|36,26,6,0|32|16|6|4,6,6,4|9|73|9|0|1
002139|box_n4_H18|b000103|1,2,12,16|5|12|16|16|12|20|16|34|16|44|20|32,22,6,0|32|16|40,26,6,0|40|20|6|6,6,6,6|14|60|16|2|1
002140|box_n4_H18|b000104|1,2,12,17|5|12|17|14|12|20|17|32|14|46|20|30,20,4,0|28|14|42,28,6,0|40|20|6|6,6,6,6|4|0|4|0|1
002141|box_n4_H18|b000105|1,2,12,18|5|12|18|16|12|22|18|38|16|48|22|36,26,6,0|32|16|48,34,8,0|44|22|7|7,5,5,7|20|60|24|4|1
002142|box_n4_H18|b000106|1,2,13,14|5|13|14|12|13|12|14|20|12|24|12|32,28,8,0|24|12|34,28,6,0|24|12|3|3,2,2,3|4|0|4|0|1
002143|box_n4_H18|b000107|1,2,13,15|5|13|15|10|14|10|16|16|10|16|10|32,30,8,0|20|10|36,34,8,0|20|10|5|5,-3,-3,5|3|158|3|0|1
002144|box_n4_H18|b000108|1,2,13,16|5|13|16|14|13|20|16|24|14|44|20|32,26,8,0|28|14|40,26,6,0|40|20|6|4,6,6,4|4|0|4|0|1
002145|box_n4_H18|b000109|1,2,13,17|5|13|17|16|13|20|17|28|16|42|20|32,24,8,0|32|16|42,30,8,0|40|20|6|6,4,4,6|4|0|4|0|1
002146|box_n4_H18|b000110|1,2,13,18|5|13|18|14|13|18|18|28|14|40|18|32,24,6,0|28|14|44,32,6,0|36|18|6|6,4,4,6|4|0|4|0|1
002147|box_n4_H18|b000111|1,2,14,15|5|14|15|12|16|12|18|22|12|20|12|36,32,8,0|24|12|36,32,8,0|24|12|3|3,1,1,3|2|29|2|0|1
002148|box_n4_H18|b000112|1,2,14,16|5|14|16|14|14|16|16|26|14|32|16|36,30,8,0|28|14|40,32,8,0|32|16|8|8,-1,-1,8|8|280|8|0|1
002149|box_n4_H18|b000113|1,2,14,17|5|14|17|16|14|22|17|28|16|46|22|34,26,8,0|32|16|42,28,8,0|44|22|7|4,7,7,4|4|0|4|0|1
002150|box_n4_H18|b000114|1,2,14,18|5|14|18|14|14|20|18|26|14|40|20|36,30,8,0|28|14|44,32,8,0|40|20|5|5,4,4,5|8|315|8|0|1
002151|box_n4_H18|b000115|1,2,15,16|5|15|16|12|16|12|18|16|12|20|12|36,34,10,0|24|12|36,32,8,0|24|12|3|3,0,0,3|2|94|2|0|1
002152|box_n4_H18|b000116|1,2,15,17|5|15|17|14|16|14|19|20|14|24|14|36,32,10,0|28|14|40,36,10,0|28|14|7|7,-3,-3,7|3|213|3|0|1
002153|box_n4_H18|b000117|1,2,15,18|5|15|18|16|18|16|21|24|16|24|16|36,30,10,0|32|16|36,28,8,0|32|16|4|3,4,4,3|9|123|9|0|1
002154|box_n4_H18|b000118|1,2,16,17|5|16|17|16|16|18|17|28|16|34|18|40,34,10,0|32|16|42,34,10,0|36|18|5|5,2,2,5|4|0|4|0|1
002155|box_n4_H18|b000119|1,2,16,18|5|16|18|14|16|18|18|24|14|32|18|40,36,10,0|28|14|44,36,10,0|36|18|8|8,-2,-2,8|8|360|8|0|1
002156|box_n4_H18|b000120|1,2,17,18|5|17|18|16|17|18|18|26|16|32|18|42,38,12,0|32|16|44,36,10,0|36|18|6|6,0,0,6|4|0|4|0|1
002157|box_n4_H18|b000121|1,3,4,5|5|4|5|2|9|2|11|4|2|4|2|12,12,2,0|4|2|12,10,0,0|4|2|1|1,0,0,1|2|9|2|0|1
002158|box_n4_H18|b000122|1,3,4,6|5|4|6|6|4|6|6|12|6|18|6|12,8,2,0|12|6|16,10,0,0|12|6|3|2,3,3,2|8|30|8|0|0
002159|box_n4_H18|b000123|1,3,4,7|5|4|7|4|4|4|7|6|4|10|4|10,8,2,0|8|4|18,16,2,0|8|4|1|1,1,1,1|4|0|4|0|0
002160|box_n4_H18|b000124|1,3,4,8|5|4|8|6|4|8|8|16|6|20|8|16,12,2,0|12|6|24,18,2,0|16|8|3|2,3,3,2|12|20|16|4|0
002161|box_n4_H18|b000125|1,3,4,9|5|4|9|4|4|6|9|6|4|16|6|10,8,2,0|8|4|22,16,0,0|12|6|2|2,2,2,2|4|0|4|0|0
002162|box_n4_H18|b000126|1,3,4,10|5|4|10|2|9|4|21|0|2|8|4|8,8,2,0|4|2|24,22,2,0|8|4|1|1,0,0,1|2|37|4|2|1
002163|box_n4_H18|b000127|1,3,4,11|5|4|11|4|4|8|11|6|4|20|8|10,8,2,0|8|4|28,22,2,0|16|8|2|2,2,2,2|4|0|4|0|0
002164|box_n4_H18|b000128|1,3,4,12|5|4|12|6|4|8|12|16|6|20|8|16,12,2,0|12|6|32,26,2,0|16|8|3|3,2,2,3|12|30|16|4|0
002165|box_n4_H18|b000129|1,3,4,13|5|4|13|4|4|10|13|6|4|24|10|10,8,2,0|8|4|32,24,2,0|20|10|4|1,4,4,1|4|0|4|0|0
002166|box_n4_H18|b000130|1,3,4,14|5|4|14|6|4|8|14|12|6|20|8|12,8,2,0|12|6|36,30,2,0|16|8|3|3,2,2,3|8|70|8|0|0
002167|box_n4_H18|b000131|1,3,4,15|5|4|15|2|9|6|31|4|2|12|6|12,12,2,0|4|2|36,32,2,0|12|6|2|0,2,2,0|2|19|2|0|0
002168|box_n4_H18|b000132|1,3,4,16|5|4|16|6|4|10|16|16|6|24|10|16,12,2,0|12|6|40,32,2,0|20|10|3|3,3,3,3|12|40|16|4|0
002169|box_n4_H18|b000133|1,3,4,17|5|4|17|6|4|10|17|14|6|26|10|10,4,0,0|12|6|42,32,0,0|20|10|4|4,4,4,4|4|0|4|0|0
002170|box_n4_H18|b000134|1,3,4,18|5|4|18|4|4|10|18|12|4|28|10|12,8,0,0|8|4|44,34,0,0|20|10|4|3,4,4,3|8|90|8|0|0
002171|box_n4_H18|b000135|1,3,5,6|5|5|6|4|6|4|8|4|4|10|4|12,10,2,0|8|4|12,8,0,0|8|4|2|2,1,1,2|3|46|3|0|0
002172|box_n4_H18|b000136|1,3,5,7|5|5|7|4|6|6|9|4|4|12|6|12,10,2,0|8|4|16,12,2,0|12|6|2|2,1,1,2|2|11|2|0|0
002173|box_n4_H18|b000137|1,3,5,8|5|5|8|2|11|4|18|0|2|8|4|12,12,2,0|4|2|20,18,2,0|8|4|1|1,0,0,1|2|58|2|0|1
002174|box_n4_H18|b000138|1,3,5,9|5|5|9|2|12|8|11|0|2|18|8|12,12,2,0|4|2|24,18,2,0|16|8|2|1,2,2,1|3|102|3|0|1
002175|box_n4_H18|b000139|1,3,5,10|5|5|10|6|6|10|12|16|6|22|10|20,16,2,0|12|6|30,24,4,0|20|10|3|2,3,3,2|10|20|20|10|1
002176|box_n4_H18|b000140|1,3,5,11|5|5|11|4|6|6|14|4|4|12|6|12,10,2,0|8|4|24,20,2,0|12|6|2|2,1,1,2|2|37|2|0|1
002177|box_n4_H18|b000141|1,3,5,12|5|5|12|4|11|8|16|4|4|16|8|12,10,2,0|8|4|28,22,2,0|16|8|2|2,2,2,2|2|4|3|1|1
002178|box_n4_H18|b000142|1,3,5,13|5|5|13|4|11|10|16|4|4|20|10|12,10,2,0|8|4|32,26,4,0|20|10|2|2,2,2,2|2|11|2|0|0
002179|box_n4_H18|b000143|1,3,5,14|5|5|14|4|6|12|17|4|4|24|12|12,10,2,0|8|4|36,28,4,0|24|12|4|1,4,4,1|3|48|3|0|0
002180|box_n4_H18|b000144|1,3,5,15|5|5|15|6|6|12|18|16|6|24|12|20,16,2,0|12|6|40,32,4,0|24|12|3|3,3,3,3|10|30|20|10|0
002181|box_n4_H18|b000145|1,3,5,16|5|5|16|2|12|10|21|0|2|20|10|12,12,2,0|4|2|36,28,2,0|20|10|3|1,3,3,1|3|73|3|0|0
002182|box_n4_H18|b000146|1,3,5,17|5|5|17|2|11|12|21|0|2|24|12|12,12,2,0|4|2|40,30,2,0|24|12|3|2,3,3,2|3|122|3|0|0
002183|box_n4_H18|b000147|1,3,5,18|5|5|18|4|6|14|22|4|4|32|14|12,10,2,0|8|4|44,32,2,0|28|14|5|2,5,5,2|2|24|3|1|0
002184|box_n4_H18|b000148|1,3,6,7|5|6|7|8|6|10|7|18|8|22|10|16,10,2,0|16|8|18,10,2,0|20|10|4|4,3,3,4|4|0|4|0|0
002185|box_n4_H18|b000149|1,3,6,8|5|6|8|8|6|10|8|18|8|20|10|16,10,2,0|16|8|20,12,2,0|20|10|4|3,4,4,3|8|60|8|0|0
002186|box_n4_H18|b000150|1,3,6,9|5|6|9|8|6|12|9|20|8|26|12|18,12,2,0|16|8|24,14,2,0|24|12|5|5,3,3,5|12|30|12|0|0
002187|box_n4_H18|b000151|1,3,6,10|5|6|10|8|7|12|11|18|8|20|12|16,10,2,0|16|8|24,16,4,0|24|12|5|2,5,5,2|6|71|6|0|1
002188|box_n4_H18|b000152|1,3,6,11|5|6|11|8|6|14|11|18|8|28|14|16,10,2,0|16|8|28,18,4,0|28|14|5|3,5,5,3|4|0|4|0|1
002189|box_n4_H18|b000153|1,3,6,12|5|6|12|12|6|16|12|34|12|36|16|24,14,2,0|24|12|36,24,4,0|32|16|6|5,6,6,5|20|30|24|4|1
002190|box_n4_H18|b000154|1,3,6,13|5|6|13|8|6|16|13|18|8|32|16|16,10,2,0|16|8|32,20,4,0|32|16|6|3,6,6,3|4|0|4|0|1
002191|box_n4_H18|b000155|1,3,6,14|5|6|14|10|6|16|14|22|10|32|16|16,8,2,0|20|10|36,24,4,0|32|16|6|4,6,6,4|8|105|8|0|1
002192|box_n4_H18|b000156|1,3,6,15|5|6|15|4|7|16|16|6|4|28|16|12,10,2,0|8|4|36,24,4,0|32|16|5|2,5,5,2|7|71|9|2|1
002193|box_n4_H18|b000157|1,3,6,16|5|6|16|10|6|20|16|22|10|40|20|16,8,2,0|20|10|40,24,4,0|40|20|7|5,7,7,5|8|120|8|0|0
002194|box_n4_H18|b000158|1,3,6,17|5|6|17|8|6|20|17|18|8|38|20|16,10,2,0|16|8|42,26,4,0|40|20|7|4,7,7,4|4|0|4|0|0
002195|box_n4_H18|b000159|1,3,6,18|5|6|18|12|6|24|18|34|12|52|24|24,14,2,0|24|12|48,28,4,0|48|24|9|6,9,9,6|20|45|24|4|0
002196|box_n4_H18|b000160|1,3,7,8|5|7|8|6|7|8|8|10|6|16|8|18,16,4,0|12|6|20,14,2,0|16|8|4|4,0,0,4|4|0|4|0|0
002197|box_n4_H18|b000161|1,3,7,9|5|7|9|8|7|10|9|14|8|20|10|18,14,4,0|16|8|22,14,2,0|20|10|4|4,2,2,4|4|0|4|0|0
002198|box_n4_H18|b000162|1,3,7,10|5|7|10|6|8|8|11|8|6|12|8|16,14,4,0|12|6|24,20,4,0|16|8|3|3,0,0,3|2|17|2|0|1
002199|box_n4_H18|b000163|1,3,7,11|5|7|11|8|7|14|11|14|8|28|14|18,14,4,0|16|8|28,18,4,0|28|14|4|3,4,4,3|4|0|4|0|1
002200|box_n4_H18|b000164|1,3,7,12|5|7|12|8|7|12|12|14|8|22|12|18,14,4,0|16|8|30,22,4,0|24|12|4|4,2,2,4|4|0|4|0|1
002201|box_n4_H18|b000165|1,3,7,13|5|7|13|8|7|12|13|14|8|20|12|18,14,4,0|16|8|32,26,6,0|24|12|4|4,1,1,4|4|0|4|0|1
002202|box_n4_H18|b000166|1,3,7,14|5|7|14|12|7|16|14|32|12|34|16|28,20,4,0|24|12|42,32,6,0|32|16|5|4,5,5,4|20|30|28|8|1
002203|box_n4_H18|b000167|1,3,7,15|5|7|15|4|8|12|16|8|4|20|12|16,14,2,0|8|4|36,28,4,0|24|12|4|1,4,4,1|2|22|2|0|1
002204|box_n4_H18|b000168|1,3,7,16|5|7|16|10|7|16|16|22|10|32|16|18,10,2,0|20|10|40,28,4,0|32|16|7|3,7,7,3|4|0|4|0|1
002205|box_n4_H18|b000169|1,3,7,17|5|7|17|10|7|16|17|22|10|30|16|18,10,2,0|20|10|42,30,4,0|32|16|6|6,4,4,6|4|0|4|0|1
002206|box_n4_H18|b000170|1,3,7,18|5|7|18|10|7|18|18|22|10|36|18|18,10,2,0|20|10|44,30,4,0|36|18|6|5,6,6,5|4|0|4|0|0
002207|box_n4_H18|b000171|1,3,8,9|5|8|9|6|8|8|9|8|6|16|8|20,18,4,0|12|6|22,16,2,0|16|8|4|4,0,0,4|4|0|4|0|0
002208|box_n4_H18|b000172|1,3,8,10|5|8|10|8|9|8|11|16|8|12|8|24,20,4,0|16|8|24,20,4,0|16|8|3|3,1,1,3|4|29|6|2|1
002209|box_n4_H18|b000173|1,3,8,11|5|8|11|10|8|12|11|16|10|24|12|20,14,4,0|20|10|28,20,4,0|24|12|5|5,2,2,5|4|0|4|0|1
002210|box_n4_H18|b000174|1,3,8,12|5|8|12|10|8|12|12|20|10|24|12|24,18,4,0|20|10|32,24,4,0|24|12|4|4,3,3,4|12|60|16|4|1
002211|box_n4_H18|b000175|1,3,8,13|5|8|13|6|8|12|13|8|6|20|12|20,18,4,0|12|6|32,26,6,0|24|12|2|2,2,2,2|4|0|4|0|1
002212|box_n4_H18|b000176|1,3,8,14|5|8|14|8|8|12|14|12|8|20|12|20,16,4,0|16|8|36,30,6,0|24|12|3|3,2,2,3|8|140|8|0|1
002213|box_n4_H18|b000177|1,3,8,15|5|8|15|6|9|10|16|8|6|12|10|20,18,4,0|12|6|36,32,6,0|20|10|2|2,1,1,2|3|143|3|0|1
002214|box_n4_H18|b000178|1,3,8,16|5|8|16|12|8|18|16|32|12|40|18|32,24,4,0|24|12|48,36,6,0|36|18|6|4,6,6,4|24|40|32|8|1
002215|box_n4_H18|b000179|1,3,8,17|5|8|17|8|8|16|17|16|8|30|16|20,14,2,0|16|8|42,30,4,0|32|16|6|3,6,6,3|4|0|4|0|1
002216|box_n4_H18|b000180|1,3,8,18|5|8|18|8|8|16|18|16|8|32|16|20,14,2,0|16|8|44,32,4,0|32|16|5|4,5,5,4|8|180|8|0|1
002217|box_n4_H18|b000181|1,3,9,10|5|9|10|8|11|6|13|14|8|8|6|24,20,4,0|16|8|24,22,4,0|12|6|4|4,-1,-1,4|3|147|3|0|1
002218|box_n4_H18|b000182|1,3,9,11|5|9|11|10|9|12|11|16|10|24|12|22,16,4,0|20|10|28,20,4,0|24|12|5|5,2,2,5|4|0|4|0|1
002219|box_n4_H18|b000183|1,3,9,12|5|9|12|8|9|10|12|14|8|18|10|24,20,4,0|16|8|30,24,4,0|20|10|4|4,1,1,4|12|60|12|0|1
002220|box_n4_H18|b000184|1,3,9,13|5|9|13|10|9|14|13|16|10|24|14|22,16,4,0|20|10|32,24,6,0|28|14|4|3,4,4,3|4|0|4|0|1
002221|box_n4_H18|b000185|1,3,9,14|5|9|14|10|9|12|14|16|10|18|12|22,16,4,0|20|10|34,28,6,0|24|12|4|4,2,2,4|4|0|4|0|1
002222|box_n4_H18|b000186|1,3,9,15|5|9|15|6|11|8|19|10|6|8|8|24,22,4,0|12|6|36,34,6,0|16|8|3|3,-1,-1,3|5|88|6|1|1
002223|box_n4_H18|b000187|1,3,9,16|5|9|16|10|9|12|16|16|10|20|12|22,16,4,0|20|10|40,34,6,0|24|12|4|4,2,2,4|4|0|4|0|1
002224|box_n4_H18|b000188|1,3,9,17|5|9|17|8|9|12|17|12|8|18|12|22,18,4,0|16|8|42,36,6,0|24|12|3|2,3,3,2|4|0|4|0|1
002225|box_n4_H18|b000189|1,3,9,18|5|9|18|14|9|20|18|38|14|46|20|36,26,4,0|28|14|54,40,6,0|40|20|7|5,7,7,5|26|40|36|10|1
002226|box_n4_H18|b000190|1,3,10,11|5|10|11|8|11|8|13|8|8|12|8|24,22,6,0|16|8|24,20,4,0|16|8|5|5,-2,-2,5|3|141|3|0|1
002227|box_n4_H18|b000191|1,3,10,12|5|10|12|8|11|10|14|8|8|12|10|24,22,6,0|16|8|24,18,4,0|20|10|4|4,0,0,4|4|76|6|2|1
002228|box_n4_H18|b000192|1,3,10,13|5|10|13|8|13|10|16|8|8|16|10|24,22,6,0|16|8|32,28,6,0|20|10|3|3,0,0,3|2|22|2|0|1
002229|box_n4_H18|b000193|1,3,10,14|5|10|14|8|12|12|16|12|8|16|12|24,20,4,0|16|8|32,26,6,0|24|12|4|1,4,4,1|6|146|6|0|1
002230|box_n4_H18|b000194|1,3,10,15|5|10|15|10|11|14|17|22|10|24|14|30,24,4,0|20|10|40,32,6,0|28|14|4|4,3,3,4|10|60|20|10|1
002231|box_n4_H18|b000195|1,3,10,16|5|10|16|8|11|14|18|12|8|24|14|24,20,4,0|16|8|40,32,6,0|28|14|5|5,1,1,5|6|198|6|0|1
002232|box_n4_H18|b000196|1,3,10,17|5|10|17|6|11|14|19|8|6|20|14|24,22,4,0|12|6|40,32,6,0|28|14|3|3,2,2,3|3|91|3|0|1
002233|box_n4_H18|b000197|1,3,10,18|5|10|18|10|12|18|21|16|10|36|18|24,18,4,0|20|10|48,36,6,0|36|18|5|4,5,5,4|5|196|6|1|1
002234|box_n4_H18|b000198|1,3,11,12|5|11|12|10|11|12|12|16|10|22|12|28,24,6,0|20|10|30,22,4,0|24|12|6|6,0,0,6|4|0|4|0|1
002235|box_n4_H18|b000199|1,3,11,13|5|11|13|12|11|16|13|20|12|28|16|28,22,6,0|24|12|32,22,6,0|32|16|5|5,3,3,5|4|0|4|0|1
002236|box_n4_H18|b000200|1,3,11,14|5|11|14|10|11|12|14|16|10|18|12|28,24,6,0|20|10|34,28,6,0|24|12|5|5,0,0,5|4|0|4|0|1
002237|box_n4_H18|b000201|1,3,11,15|5|11|15|10|12|16|16|16|10|24|16|24,18,4,0|20|10|36,26,6,0|32|16|5|3,5,5,3|3|81|3|0|1
002238|box_n4_H18|b000202|1,3,11,16|5|11|16|12|11|18|16|24|12|32|18|28,20,4,0|24|12|40,28,6,0|36|18|6|4,6,6,4|4|0|4|0|1
002239|box_n4_H18|b000203|1,3,11,17|5|11|17|12|11|18|17|24|12|30|18|28,20,4,0|24|12|42,30,6,0|36|18|6|6,4,4,6|4|0|4|0|1
002240|box_n4_H18|b000204|1,3,11,18|5|11|18|12|11|20|18|24|12|36|20|28,20,4,0|24|12|44,30,6,0|40|20|6|6,5,5,6|4|0|4|0|1
002241|box_n4_H18|b000205|1,3,12,13|5|12|13|10|12|10|13|14|10|16|10|30,26,6,0|20|10|32,28,6,0|20|10|6|6,-2,-2,6|4|0|4|0|1
002242|box_n4_H18|b000206|1,3,12,14|5|12|14|14|12|12|14|24|14|20|12|32,24,6,0|28|14|36,30,6,0|24|12|5|5,2,2,5|8|210|8|0|1
002243|box_n4_H18|b000207|1,3,12,15|5|12|15|10|13|10|16|20|10|12|10|36,32,6,0|20|10|36,32,6,0|20|10|4|4,0,0,4|6|109|6|0|1
002244|box_n4_H18|b000208|1,3,12,16|5|12|16|16|12|14|16|28|16|24|14|32,22,6,0|32|16|40,32,6,0|28|14|5|4,5,5,4|12|120|16|4|1
002245|box_n4_H18|b000209|1,3,12,17|5|12|17|14|12|16|17|26|14|26|16|30,20,4,0|28|14|42,32,6,0|32|16|6|6,4,4,6|4|0|4|0|1
002246|box_n4_H18|b000210|1,3,12,18|5|12|18|14|12|18|18|32|14|36|18|36,26,4,0|28|14|48,36,6,0|36|18|9|9,2,2,9|20|90|24|4|1
002247|box_n4_H18|b000211|1,3,13,14|5|13|14|12|13|12|14|20|12|18|12|32,26,6,0|24|12|34,28,6,0|24|12|6|6,0,0,6|4|0|4|0|1
002248|box_n4_H18|b000212|1,3,13,15|5|13|15|12|14|14|16|20|12|20|14|32,26,6,0|24|12|36,28,6,0|28|14|5|5,2,2,5|3|223|3|0|1
002249|box_n4_H18|b000213|1,3,13,16|5|13|16|10|13|14|16|16|10|24|14|32,28,6,0|20|10|40,32,6,0|28|14|5|5,1,1,5|4|0|4|0|1
002250|box_n4_H18|b000214|1,3,13,17|5|13|17|14|13|18|17|24|14|30|18|32,24,6,0|28|14|42,30,6,0|36|18|5|5,5,5,5|4|0|4|0|1
002251|box_n4_H18|b000215|1,3,13,18|5|13|18|14|13|20|18|28|14|36|20|32,22,4,0|28|14|44,30,6,0|40|20|6|6,6,6,6|4|0|4|0|1
002252|box_n4_H18|b000216|1,3,14,15|5|14|15|10|16|10|18|16|10|12|10|36,32,6,0|20|10|36,32,6,0|20|10|6|6,-2,-2,6|3|296|3|0|1
002253|box_n4_H18|b000217|1,3,14,16|5|14|16|14|14|16|16|24|14|28|16|36,28,6,0|28|14|40,30,6,0|32|16|6|6,3,3,6|8|280|8|0|1
002254|box_n4_H18|b000218|1,3,14,17|5|14|17|12|14|14|17|18|12|22|14|34,28,6,0|24|12|42,34,6,0|28|14|5|5,2,2,5|4|0|4|0|1
002255|box_n4_H18|b000219|1,3,14,18|5|14|18|16|14|20|18|28|16|36|20|36,26,6,0|32|16|44,30,6,0|40|20|7|5,7,7,5|8|315|8|0|1
002256|box_n4_H18|b000220|1,3,15,16|5|15|16|10|16|10|18|12|10|12|10|36,32,6,0|20|10|36,32,6,0|20|10|6|6,-2,-2,6|3|286|3|0|1
002257|box_n4_H18|b000221|1,3,15,17|5|15|17|12|16|14|19|16|12|20|14|36,30,6,0|24|12|40,32,6,0|28|14|5|5,2,2,5|3|366|3|0|1
002258|box_n4_H18|b000222|1,3,15,18|5|15|18|10|18|10|21|12|10|8|10|36,32,6,0|20|10|36,32,6,0|20|10|4|4,0,0,4|6|194|6|0|1
002259|box_n4_H18|b000223|1,3,16,17|5|16|17|14|16|14|17|24|14|22|14|40,32,6,0|28|14|42,34,6,0|28|14|8|8,0,0,8|4|0|4|0|1
002260|box_n4_H18|b000224|1,3,16,18|5|16|18|18|16|20|18|32|18|36|20|40,28,6,0|36|18|44,30,6,0|40|20|8|8,5,5,8|8|360|8|0|1
002261|box_n4_H18|b000225|1,3,17,18|5|17|18|14|17|16|18|22|14|28|16|42,34,6,0|28|14|44,34,6,0|32|16|9|9,0,0,9|4|0|4|0|1
002262|box_n4_H18|b000226|1,4,5,6|5|5|6|2|11|2|9|0|2|4|2|12,12,2,0|4|2|12,10,0,0|4|2|1|1,0,0,1|2|39|2|0|1
002263|box_n4_H18|b000227|1,4,5,7|5|5|7|4|8|4|11|4|4|8|4|12,10,2,0|8|4|16,12,0,0|8|4|2|1,2,2,1|2|18|2|0|1
002264|box_n4_H18|b000228|1,4,5,8|5|5|8|4|8|8|12|4|4|20|8|12,10,2,0|8|4|20,12,0,0|16|8|4|1,4,4,1|3|54|3|0|1
002265|box_n4_H18|b000229|1,4,5,9|5|5|9|2|9|4|14|0|2|8|4|12,12,2,0|4|2|24,22,2,0|8|4|2|2,-1,-1,2|2|34|2|0|1
002266|box_n4_H18|b000230|1,4,5,10|5|5|10|6|8|8|16|16|6|18|8|20,16,2,0|12|6|30,24,2,0|16|8|3|2,3,3,2|12|20|20|8|1
002267|box_n4_H18|b000231|1,4,5,11|5|5|11|2|8|6|17|0|2|12|6|12,12,2,0|4|2|24,18,0,0|12|6|3|0,3,3,0|2|42|2|0|1
002268|box_n4_H18|b000232|1,4,5,12|5|5|12|4|9|8|18|4|4|18|8|12,10,2,0|8|4|28,20,0,0|16|8|3|3,2,2,3|3|78|3|0|1
002269|box_n4_H18|b000233|1,4,5,13|5|5|13|4|9|8|21|4|4|16|8|12,10,2,0|8|4|32,26,2,0|16|8|3|3,1,1,3|3|97|3|0|0
002270|box_n4_H18|b000234|1,4,5,14|5|5|14|2|8|10|21|0|2|22|10|12,12,2,0|4|2|36,28,2,0|20|10|2|2,2,2,2|2|48|3|1|0
002271|box_n4_H18|b000235|1,4,5,15|5|5|15|6|8|10|23|16|6|20|10|20,16,2,0|12|6|40,32,2,0|20|10|3|3,3,3,3|12|30|20|8|0
002272|box_n4_H18|b000236|1,4,5,16|5|5|16|2|9|10|24|0|2|20|10|12,12,2,0|4|2|36,26,0,0|20|10|3|3,2,2,3|3|196|3|0|0
002273|box_n4_H18|b000237|1,4,5,17|5|5|17|4|8|10|26|4|4|20|10|12,10,2,0|8|4|40,32,2,0|20|10|4|1,4,4,1|2|16|2|0|0
002274|box_n4_H18|b000238|1,4,5,18|5|5|18|4|8|10|27|4|4|20|10|12,10,2,0|8|4|44,36,2,0|20|10|4|1,4,4,1|3|99|3|0|0
002275|box_n4_H18|b000239|1,4,6,7|5|6|7|6|6|6|7|12|6|14|6|16,12,2,0|12|6|18,12,0,0|12|6|3|2,3,3,2|4|0|4|0|0
002276|box_n4_H18|b000240|1,4,6,8|5|6|8|8|6|10|8|16|8|24|10|16,10,2,0|16|8|20,10,0,0|20|10|6|2,6,6,2|8|60|8|0|0
002277|box_n4_H18|b000241|1,4,6,9|5|6|9|8|6|8|9|18|8|16|8|18,12,2,0|16|8|24,18,2,0|16|8|4|4,2,2,4|8|30|12|4|0
002278|box_n4_H18|b000242|1,4,6,10|5|6|10|4|11|6|19|8|4|8|6|16,14,2,0|8|4|24,20,2,0|12|6|2|2,1,1,2|4|53|6|2|1
002279|box_n4_H18|b000243|1,4,6,11|5|6|11|8|6|10|11|16|8|20|10|16,10,2,0|16|8|28,20,2,0|20|10|4|4,3,3,4|4|0|4|0|1
002280|box_n4_H18|b000244|1,4,6,12|5|6|12|10|6|14|12|28|10|34|14|24,16,2,0|20|10|36,24,2,0|28|14|6|4,6,6,4|18|20|24|6|1
002281|box_n4_H18|b000245|1,4,6,13|5|6|13|8|6|12|13|16|8|24|12|16,10,2,0|16|8|32,22,2,0|24|12|4|4,4,4,4|4|0|4|0|1
002282|box_n4_H18|b000246|1,4,6,14|5|6|14|6|6|14|14|12|6|30|14|16,12,2,0|12|6|36,24,2,0|28|14|6|6,2,2,6|8|105|8|0|1
002283|box_n4_H18|b000247|1,4,6,15|5|6|15|6|9|10|28|8|6|16|10|12,8,2,0|12|6|36,28,2,0|20|10|3|3,3,3,3|7|51|9|2|1
002284|box_n4_H18|b000248|1,4,6,16|5|6|16|6|6|14|16|12|6|28|14|16,12,2,0|12|6|40,28,2,0|28|14|6|6,2,2,6|8|120|8|0|0
002285|box_n4_H18|b000249|1,4,6,17|5|6|17|8|6|14|17|16|8|26|14|16,10,2,0|16|8|42,32,4,0|28|14|6|2,6,6,2|4|0|4|0|0
002286|box_n4_H18|b000250|1,4,6,18|5|6|18|10|6|16|18|28|10|32|16|24,16,2,0|20|10|48,36,4,0|32|16|6|4,6,6,4|18|30|24|6|0
002287|box_n4_H18|b000251|1,4,7,8|5|7|8|8|7|8|8|14|8|20|8|18,12,2,0|16|8|20,12,0,0|16|8|4|3,4,4,3|4|0|4|0|0
002288|box_n4_H18|b000252|1,4,7,9|5|7|9|6|7|8|9|10|6|14|8|18,14,2,0|12|6|22,16,2,0|16|8|3|2,3,3,2|4|0|4|0|0
002289|box_n4_H18|b000253|1,4,7,10|5|7|10|4|12|8|16|4|4|12|8|16,14,2,0|8|4|24,18,2,0|16|8|3|1,3,3,1|2|36|2|0|1
002290|box_n4_H18|b000254|1,4,7,11|5|7|11|8|7|10|11|14|8|20|10|18,12,2,0|16|8|28,20,2,0|20|10|4|4,3,3,4|4|0|4|0|1
002291|box_n4_H18|b000255|1,4,7,12|5|7|12|8|7|12|12|14|8|24|12|18,12,2,0|16|8|30,20,2,0|24|12|4|4,4,4,4|4|0|4|0|1
002292|box_n4_H18|b000256|1,4,7,13|5|7|13|6|7|12|13|10|6|20|12|18,14,2,0|12|6|32,24,4,0|24|12|3|3,3,3,3|4|0|4|0|1
002293|box_n4_H18|b000257|1,4,7,14|5|7|14|10|7|14|14|28|10|32|14|28,20,2,0|20|10|42,32,4,0|28|14|5|4,5,5,4|16|30|28|12|1
002294|box_n4_H18|b000258|1,4,7,15|5|7|15|4|11|10|24|4|4|16|10|16,14,2,0|8|4|36,28,2,0|20|10|3|3,2,2,3|2|62|3|1|1
002295|box_n4_H18|b000259|1,4,7,16|5|7|16|6|7|14|16|10|6|28|14|18,14,2,0|12|6|40,28,2,0|28|14|4|4,4,4,4|4|0|4|0|1
002296|box_n4_H18|b000260|1,4,7,17|5|7|17|8|7|16|17|14|8|30|16|18,12,2,0|16|8|42,30,4,0|32|16|6|3,6,6,3|4|0|4|0|1
002297|box_n4_H18|b000261|1,4,7,18|5|7|18|8|7|14|18|14|8|24|14|18,12,2,0|16|8|44,34,4,0|28|14|4|4,4,4,4|4|0|4|0|0
002298|box_n4_H18|b000262|1,4,8,9|5|8|9|6|8|8|9|12|6|14|8|20,16,2,0|12|6|22,16,2,0|16|8|3|3,2,2,3|4|0|4|0|0
002299|box_n4_H18|b000263|1,4,8,10|5|8|10|8|13|8|16|20|8|12|8|24,18,2,0|16|8|24,18,2,0|16|8|4|2,4,4,2|5|54|6|1|1
002300|box_n4_H18|b000264|1,4,8,11|5|8|11|10|8|14|11|20|10|28|14|20,12,2,0|20|10|28,16,2,0|28|14|7|3,7,7,3|4|0|4|0|1
002301|box_n4_H18|b000265|1,4,8,12|5|8|12|10|8|14|12|24|10|30|14|24,16,2,0|20|10|32,20,2,0|28|14|5|5,5,5,5|16|60|16|0|1
002302|box_n4_H18|b000266|1,4,8,13|5|8|13|10|8|14|13|20|10|24|14|20,12,2,0|20|10|32,22,4,0|28|14|5|4,5,5,4|4|0|4|0|1
002303|box_n4_H18|b000267|1,4,8,14|5|8|14|10|8|16|14|20|10|30|16|20,12,2,0|20|10|36,24,4,0|32|16|5|5,5,5,5|8|140|8|0|1
002304|box_n4_H18|b000268|1,4,8,15|5|8|15|8|12|12|23|16|8|16|12|20,14,2,0|16|8|36,28,4,0|24|12|4|3,4,4,3|3|148|3|0|1
002305|box_n4_H18|b000269|1,4,8,16|5|8|16|14|8|18|16|40|14|40|18|32,20,2,0|28|14|48,34,4,0|36|18|7|6,7,7,6|24|30|32|8|1
002306|box_n4_H18|b000270|1,4,8,17|5|8|17|10|8|18|17|20|10|34|18|20,12,2,0|20|10|42,28,4,0|36|18|8|3,8,8,3|4|0|4|0|1
002307|box_n4_H18|b000271|1,4,8,18|5|8|18|10|8|18|18|20|10|32|18|20,12,2,0|20|10|44,30,4,0|36|18|7|4,7,7,4|8|180|8|0|1
002308|box_n4_H18|b000272|1,4,9,10|5|9|10|6|16|6|18|8|6|8|6|24,22,4,0|12|6|24,20,2,0|12|6|3|3,0,0,3|3|109|3|0|1
002309|box_n4_H18|b000273|1,4,9,11|5|9|11|8|9|10|11|10|8|20|10|22,18,4,0|16|8|28,20,2,0|20|10|4|4,2,2,4|4|0|4|0|1
002310|box_n4_H18|b000274|1,4,9,12|5|9|12|10|9|10|12|16|10|20|10|24,18,4,0|20|10|30,22,2,0|20|10|4|3,4,4,3|8|60|12|4|1
002311|box_n4_H18|b000275|1,4,9,13|5|9|13|8|9|8|13|10|8|12|8|22,18,4,0|16|8|32,28,4,0|16|8|4|4,0,0,4|4|0|4|0|1
002312|box_n4_H18|b000276|1,4,9,14|5|9|14|8|9|12|14|10|8|20|12|22,18,4,0|16|8|34,26,4,0|24|12|5|5,1,1,5|4|0|4|0|1
002313|box_n4_H18|b000277|1,4,9,15|5|9|15|8|14|10|23|12|8|12|10|24,20,4,0|16|8|36,30,4,0|20|10|4|4,1,1,4|6|79|9|3|1
002314|box_n4_H18|b000278|1,4,9,16|5|9|16|8|9|12|16|10|8|20|12|22,18,4,0|16|8|40,32,4,0|24|12|6|6,0,0,6|4|0|4|0|1
002315|box_n4_H18|b000279|1,4,9,17|5|9|17|8|9|12|17|10|8|18|12|22,18,4,0|16|8|42,36,6,0|24|12|3|3,2,2,3|4|0|4|0|1
002316|box_n4_H18|b000280|1,4,9,18|5|9|18|12|9|18|18|32|12|38|18|36,28,4,0|24|12|54,42,6,0|36|18|6|4,6,6,4|20|30|36|16|1
002317|box_n4_H18|b000281|1,4,10,11|5|10|11|6|16|6|18|4|6|8|6|24,22,4,0|12|6|24,20,2,0|12|6|3|3,0,0,3|2|84|2|0|1
002318|box_n4_H18|b000282|1,4,10,12|5|10|12|6|18|8|21|4|6|10|8|24,22,4,0|12|6|24,18,2,0|16|8|2|2,2,2,2|5|123|6|1|1
002319|box_n4_H18|b000283|1,4,10,13|5|10|13|8|17|12|21|8|8|20|12|24,20,4,0|16|8|32,24,4,0|24|12|3|3,3,3,3|3|191|3|0|1
002320|box_n4_H18|b000284|1,4,10,14|5|10|14|6|16|8|23|4|6|10|8|24,22,4,0|12|6|32,28,4,0|16|8|4|4,-1,-1,4|4|157|4|0|1
002321|box_n4_H18|b000285|1,4,10,15|5|10|15|10|16|12|24|18|10|20|12|30,24,4,0|20|10|40,32,4,0|24|12|4|4,3,3,4|12|60|20|8|1
002322|box_n4_H18|b000286|1,4,10,16|5|10|16|6|17|12|26|4|6|20|12|24,22,4,0|12|6|40,32,4,0|24|12|4|4,1,1,4|5|196|6|1|1
002323|box_n4_H18|b000287|1,4,10,17|5|10|17|8|16|14|28|8|8|20|14|24,20,4,0|16|8|40,32,6,0|28|14|3|3,3,3,3|3|242|3|0|1
002324|box_n4_H18|b000288|1,4,10,18|5|10|18|6|16|14|29|4|6|24|14|24,22,4,0|12|6|48,40,6,0|28|14|4|4,1,1,4|4|109|4|0|1
002325|box_n4_H18|b000289|1,4,11,12|5|11|12|10|11|12|12|16|10|24|12|28,22,4,0|20|10|30,20,2,0|24|12|5|5,3,3,5|4|0|4|0|1
002326|box_n4_H18|b000290|1,4,11,13|5|11|13|12|11|12|13|20|12|20|12|28,20,4,0|24|12|32,24,4,0|24|12|4|4,4,4,4|4|0|4|0|1
002327|box_n4_H18|b000291|1,4,11,14|5|11|14|10|11|16|14|16|10|28|16|28,22,4,0|20|10|34,22,4,0|32|16|5|5,4,4,5|4|0|4|0|1
002328|box_n4_H18|b000292|1,4,11,15|5|11|15|8|17|10|23|8|8|12|10|24,20,4,0|16|8|36,30,4,0|20|10|4|4,1,1,4|3|73|3|0|1
002329|box_n4_H18|b000293|1,4,11,16|5|11|16|10|11|16|16|16|10|28|16|28,22,4,0|20|10|40,28,4,0|32|16|6|6,3,3,6|4|0|4|0|1
002330|box_n4_H18|b000294|1,4,11,17|5|11|17|12|11|18|17|20|12|30|18|28,20,4,0|24|12|42,30,6,0|36|18|5|5,5,5,5|4|0|4|0|1
002331|box_n4_H18|b000295|1,4,11,18|5|11|18|10|11|18|18|16|10|28|18|28,22,4,0|20|10|44,32,6,0|36|18|5|4,5,5,4|4|0|4|0|1
002332|box_n4_H18|b000296|1,4,12,13|5|12|13|10|12|10|13|16|10|16|10|30,24,4,0|20|10|32,26,4,0|20|10|5|5,1,1,5|4|0|4|0|1
002333|box_n4_H18|b000297|1,4,12,14|5|12|14|12|12|14|14|22|12|26|14|32,24,4,0|24|12|36,26,4,0|28|14|5|5,4,4,5|8|210|8|0|1
002334|box_n4_H18|b000298|1,4,12,15|5|12|15|14|18|10|23|30|14|12|10|36,26,4,0|28|14|36,30,4,0|20|10|5|3,5,5,3|9|122|9|0|1
002335|box_n4_H18|b000299|1,4,12,16|5|12|16|10|12|14|16|18|10|24|14|32,26,4,0|20|10|40,30,4,0|28|14|6|6,2,2,6|16|120|16|0|1
002336|box_n4_H18|b000300|1,4,12,17|5|12|17|14|12|16|17|24|14|26|16|30,20,4,0|28|14|42,32,6,0|32|16|6|4,6,6,4|4|0|4|0|1
002337|box_n4_H18|b000301|1,4,12,18|5|12|18|14|12|16|18|30|14|28|16|36,26,4,0|28|14|48,38,6,0|32|16|5|5,5,5,5|18|60|24|6|1
002338|box_n4_H18|b000302|1,4,13,14|5|13|14|10|13|12|14|12|10|20|12|32,28,6,0|20|10|34,26,4,0|24|12|6|6,0,0,6|4|0|4|0|1
002339|box_n4_H18|b000303|1,4,13,15|5|13|15|10|23|10|26|12|10|12|10|32,28,6,0|20|10|36,30,4,0|20|10|3|3,2,2,3|3|293|3|0|1
002340|box_n4_H18|b000304|1,4,13,16|5|13|16|10|13|16|16|12|10|28|16|32,28,6,0|20|10|40,28,4,0|32|16|4|4,4,4,4|4|0|4|0|1
002341|box_n4_H18|b000305|1,4,13,17|5|13|17|14|13|14|17|20|14|22|14|32,24,6,0|28|14|42,34,6,0|28|14|6|6,2,2,6|4|0|4|0|1
002342|box_n4_H18|b000306|1,4,13,18|5|13|18|12|13|16|18|20|12|24|16|32,24,4,0|24|12|44,34,6,0|32|16|6|3,6,6,3|4|0|4|0|1
002343|box_n4_H18|b000307|1,4,14,15|5|14|15|12|21|10|23|18|12|12|10|36,30,6,0|24|12|36,30,4,0|20|10|6|6,0,0,6|3|239|3|0|1
002344|box_n4_H18|b000308|1,4,14,16|5|14|16|12|14|16|16|18|12|28|16|36,30,6,0|24|12|40,28,4,0|32|16|8|8,1,1,8|8|280|8|0|1
002345|box_n4_H18|b000309|1,4,14,17|5|14|17|14|14|18|17|20|14|30|18|34,26,6,0|28|14|42,30,6,0|36|18|6|4,6,6,4|4|0|4|0|1
002346|box_n4_H18|b000310|1,4,14,18|5|14|18|12|14|14|18|18|12|20|14|36,30,6,0|24|12|44,36,6,0|28|14|5|5,2,2,5|8|315|8|0|1
002347|box_n4_H18|b000311|1,4,15,16|5|15|16|6|26|10|24|0|6|12|10|36,36,6,0|12|6|36,30,4,0|20|10|5|5,-2,-2,5|3|524|3|0|1
002348|box_n4_H18|b000312|1,4,15,17|5|15|17|12|23|14|26|12|12|20|14|36,30,6,0|24|12|40,32,6,0|28|14|4|3,4,4,3|3|363|3|0|1
002349|box_n4_H18|b000313|1,4,15,18|5|15|18|14|23|14|27|16|14|12|14|36,28,6,0|28|14|36,28,6,0|28|14|5|3,5,5,3|8|153|9|1|1
002350|box_n4_H18|b000314|1,4,16,17|5|16|17|14|16|12|17|20|14|18|12|40,32,6,0|28|14|42,36,6,0|24|12|6|6,1,1,6|4|0|4|0|1
002351|box_n4_H18|b000315|1,4,16,18|5|16|18|14|16|14|18|20|14|20|14|40,32,6,0|28|14|44,36,6,0|28|14|4|4,4,4,4|8|360|8|0|1
002352|box_n4_H18|b000316|1,4,17,18|5|17|18|14|17|14|18|22|14|20|14|42,34,6,0|28|14|44,36,6,0|28|14|6|6,2,2,6|4|0|4|0|1
002353|box_n4_H18|b000317|1,5,6,7|5|6|7|2|14|4|9|0|2|12|4|16,16,2,0|4|2|18,14,0,0|8|4|2|2,0,0,2|2|12|2|0|0
002354|box_n4_H18|b000318|1,5,6,8|5|6|8|4|9|6|11|4|4|16|6|16,14,2,0|8|4|20,14,0,0|12|6|2|2,2,2,2|4|12|6|2|1
002355|box_n4_H18|b000319|1,5,6,9|5|6|9|6|8|8|11|10|6|22|8|18,14,2,0|12|6|24,16,0,0|16|8|3|3,3,3,3|8|30|12|4|1
002356|box_n4_H18|b000320|1,5,6,10|5|6|10|4|8|10|12|4|4|26|10|16,14,2,0|8|4|24,14,0,0|20|10|5|1,5,5,1|5|46|6|1|1
002357|box_n4_H18|b000321|1,5,6,11|5|6|11|2|9|4|14|0|2|8|4|16,16,2,0|4|2|28,26,2,0|8|4|2|2,-1,-1,2|2|27|2|0|1
002358|box_n4_H18|b000322|1,5,6,12|5|6|12|6|8|10|16|16|6|26|10|24,20,2,0|12|6|36,28,2,0|20|10|4|2,4,4,2|12|30|24|12|1
002359|box_n4_H18|b000323|1,5,6,13|5|6|13|2|8|10|16|0|2|28|10|16,16,2,0|4|2|32,22,0,0|20|10|3|2,3,3,2|2|18|2|0|1
002360|box_n4_H18|b000324|1,5,6,14|5|6|14|6|8|12|17|8|6|34|12|16,12,2,0|12|6|36,24,0,0|24|12|4|4,4,4,4|5|72|6|1|1
002361|box_n4_H18|b000325|1,5,6,15|5|6|15|2|9|12|18|-4|2|32|12|12,12,2,0|4|2|36,24,0,0|24|12|3|3,3,3,3|4|47|9|5|1
002362|box_n4_H18|b000326|1,5,6,16|5|6|16|6|8|12|21|8|6|28|12|16,12,2,0|12|6|40,30,2,0|24|12|4|4,3,3,4|4|24|6|2|0
002363|box_n4_H18|b000327|1,5,6,17|5|6|17|2|8|12|21|0|2|28|12|16,16,2,0|4|2|42,32,2,0|24|12|3|2,3,3,2|2|24|2|0|0
002364|box_n4_H18|b000328|1,5,6,18|5|6|18|6|8|14|22|16|6|36|14|24,20,2,0|12|6|48,36,2,0|28|14|4|4,4,4,4|12|45|24|12|0
002365|box_n4_H18|b000329|1,5,7,8|5|7|8|6|11|6|13|8|6|12|6|18,16,4,0|12|6|20,16,2,0|12|6|2|2,1,1,2|2|5|3|1|1
002366|box_n4_H18|b000330|1,5,7,9|5|7|9|4|9|8|11|4|4|16|8|18,18,4,0|8|4|22,16,2,0|16|8|2|2,1,1,2|2|14|2|0|1
002367|box_n4_H18|b000331|1,5,7,10|5|7|10|6|9|12|12|6|6|26|12|16,14,4,0|12|6|24,14,2,0|24|12|5|1,5,5,1|3|92|3|0|1
002368|box_n4_H18|b000332|1,5,7,11|5|7|11|6|11|10|14|12|6|20|10|18,14,2,0|12|6|28,20,2,0|20|10|3|3,3,3,3|2|5|2|0|1
002369|box_n4_H18|b000333|1,5,7,12|5|7|12|4|11|8|19|8|4|12|8|18,16,2,0|8|4|30,26,4,0|16|8|3|3,0,0,3|2|35|2|0|1
002370|box_n4_H18|b000334|1,5,7,13|5|7|13|6|9|12|16|8|6|24|12|18,16,4,0|12|6|32,24,4,0|24|12|3|2,3,3,2|3|138|3|0|1
002371|box_n4_H18|b000335|1,5,7,14|5|7|14|10|9|16|17|26|10|36|16|28,22,4,0|20|10|42,32,6,0|32|16|5|3,5,5,3|16|20|28|12|1
002372|box_n4_H18|b000336|1,5,7,15|5|7|15|4|11|14|18|2|4|28|14|16,16,4,0|8|4|36,26,4,0|28|14|3|2,3,3,2|3|137|3|0|1
002373|box_n4_H18|b000337|1,5,7,16|5|7|16|6|12|12|26|8|6|24|12|18,16,4,0|12|6|40,32,4,0|24|12|5|0,5,5,0|2|3|2|0|1
002374|box_n4_H18|b000338|1,5,7,17|5|7|17|8|9|14|21|16|8|28|14|18,12,2,0|16|8|42,32,4,0|28|14|5|5,3,3,5|3|243|3|0|1
002375|box_n4_H18|b000339|1,5,7,18|5|7|18|8|9|16|22|16|8|28|16|18,12,2,0|16|8|44,34,6,0|32|16|4|4,4,4,4|3|170|3|0|0
002376|box_n4_H18|b000340|1,5,8,9|5|8|9|6|11|6|13|8|6|12|6|20,18,4,0|12|6|22,18,2,0|12|6|3|3,0,0,3|2|4|2|0|1
002377|box_n4_H18|b000341|1,5,8,10|5|8|10|10|11|10|14|20|10|22|10|24,18,4,0|20|10|24,16,2,0|20|10|4|3,4,4,3|6|78|6|0|1
002378|box_n4_H18|b000342|1,5,8,11|5|8|11|6|12|10|16|12|6|16|10|20,16,2,0|12|6|28,22,4,0|20|10|3|2,3,3,2|2|1|2|0|1
002379|box_n4_H18|b000343|1,5,8,12|5|8|12|10|11|12|17|24|10|22|12|24,16,2,0|20|10|32,24,4,0|24|12|5|3,5,5,3|12|60|16|4|1
002380|box_n4_H18|b000344|1,5,8,13|5|8|13|6|11|10|18|8|6|16|10|20,18,4,0|12|6|32,28,6,0|20|10|3|3,0,0,3|2|1|2|0|1
002381|box_n4_H18|b000345|1,5,8,14|5|8|14|8|12|14|21|12|8|26|14|20,16,4,0|16|8|36,28,6,0|28|14|3|3,3,3,3|4|28|6|2|1
002382|box_n4_H18|b000346|1,5,8,15|5|8|15|6|12|14|21|8|6|24|14|20,18,4,0|12|6|36,28,6,0|28|14|3|3,2,2,3|3|148|3|0|1
002383|box_n4_H18|b000347|1,5,8,16|5|8|16|12|11|18|22|32|12|36|18|32,24,4,0|24|12|48,38,8,0|36|18|5|4,5,5,4|24|40|32|8|1
002384|box_n4_H18|b000348|1,5,8,17|5|8|17|6|11|14|24|12|6|24|14|20,16,2,0|12|6|42,34,6,0|28|14|4|2,4,4,2|3|243|3|0|1
002385|box_n4_H18|b000349|1,5,8,18|5|8|18|6|12|14|26|12|6|24|14|20,16,2,0|12|6|44,36,6,0|28|14|4|4,2,2,4|4|36|6|2|1
002386|box_n4_H18|b000350|1,5,9,10|5|9|10|8|11|8|13|14|8|18|8|24,20,4,0|16|8|24,18,2,0|16|8|3|3,2,2,3|3|146|3|0|1
002387|box_n4_H18|b000351|1,5,9,11|5|9|11|6|11|10|14|12|6|16|10|22,18,2,0|12|6|28,22,4,0|20|10|3|3,2,2,3|3|45|3|0|1
002388|box_n4_H18|b000352|1,5,9,12|5|9|12|10|12|10|16|22|10|16|10|24,16,2,0|20|10|30,24,4,0|20|10|4|3,4,4,3|8|60|12|4|1
002389|box_n4_H18|b000353|1,5,9,13|5|9|13|8|12|12|16|12|8|20|12|22,18,4,0|16|8|32,26,6,0|24|12|3|2,3,3,2|2|2|2|0|1
002390|box_n4_H18|b000354|1,5,9,14|5|9|14|8|11|10|18|12|8|16|10|22,18,4,0|16|8|34,30,6,0|20|10|5|5,-1,-1,5|2|3|2|0|1
002391|box_n4_H18|b000355|1,5,9,15|5|9|15|10|11|14|19|18|10|24|14|24,18,4,0|20|10|36,28,6,0|28|14|4|4,3,3,4|8|71|9|1|1
002392|box_n4_H18|b000356|1,5,9,16|5|9|16|8|12|12|21|16|8|16|12|22,16,2,0|16|8|40,36,8,0|24|12|3|3,2,2,3|3|310|3|0|1
002393|box_n4_H18|b000357|1,5,9,17|5|9|17|6|12|14|21|12|6|20|14|22,18,2,0|12|6|42,36,8,0|28|14|3|2,3,3,2|2|4|2|0|1
002394|box_n4_H18|b000358|1,5,9,18|5|9|18|14|11|20|22|38|14|42|20|36,26,4,0|28|14|54,42,8,0|40|20|6|5,6,6,5|24|30|36|12|1
002395|box_n4_H18|b000359|1,5,10,11|5|10|11|8|12|8|14|18|8|8|8|24,18,2,0|16|8|24,20,4,0|16|8|3|3,2,2,3|3|194|3|0|1
002396|box_n4_H18|b000360|1,5,10,12|5|10|12|10|14|8|16|22|10|10|8|24,16,2,0|20|10|24,18,2,0|16|8|4|3,4,4,3|6|123|6|0|1
002397|box_n4_H18|b000361|1,5,10,13|5|10|13|12|13|16|16|22|12|32|16|24,16,4,0|24|12|32,20,4,0|32|16|7|3,7,7,3|3|92|3|0|1
002398|box_n4_H18|b000362|1,5,10,14|5|10|14|12|12|16|17|22|12|30|16|24,16,4,0|24|12|32,20,4,0|32|16|7|3,7,7,3|6|99|6|0|1
002399|box_n4_H18|b000363|1,5,10,15|5|10|15|12|12|18|18|28|12|40|18|30,22,4,0|24|12|40,26,4,0|36|18|7|7,4,4,7|20|60|20|0|1
002400|box_n4_H18|b000364|1,5,10,16|5|10|16|10|14|16|21|22|10|24|16|24,16,2,0|20|10|40,32,8,0|32|16|5|3,5,5,3|6|196|6|0|1
002401|box_n4_H18|b000365|1,5,10,17|5|10|17|10|13|14|21|22|10|22|14|24,16,2,0|20|10|40,32,6,0|28|14|5|3,5,5,3|3|91|3|0|1
002402|box_n4_H18|b000366|1,5,10,18|5|10|18|12|12|18|22|22|12|36|18|24,16,4,0|24|12|48,36,6,0|36|18|7|3,7,7,3|6|97|6|0|1
002403|box_n4_H18|b000367|1,5,11,12|5|11|12|6|16|6|18|8|6|12|6|28,26,4,0|12|6|30,26,2,0|12|6|3|3,0,0,3|2|6|2|0|1
002404|box_n4_H18|b000368|1,5,11,13|5|11|13|10|14|12|16|16|10|28|12|28,22,4,0|20|10|32,22,2,0|24|12|6|6,2,2,6|2|1|2|0|1
002405|box_n4_H18|b000369|1,5,11,14|5|11|14|8|14|12|17|8|8|28|12|28,26,6,0|16|8|34,24,2,0|24|12|3|3,3,3,3|3|276|3|0|1
002406|box_n4_H18|b000370|1,5,11,15|5|11|15|6|16|14|18|0|6|32|14|24,24,6,0|12|6|36,24,2,0|28|14|4|2,4,4,2|3|2|3|0|1
002407|box_n4_H18|b000371|1,5,11,16|5|11|16|8|16|10|24|8|8|16|10|28,26,6,0|16|8|40,36,6,0|20|10|4|4,-1,-1,4|2|2|2|0|1
002408|box_n4_H18|b000372|1,5,11,17|5|11|17|8|14|14|21|8|8|28|14|28,26,6,0|16|8|42,32,4,0|28|14|3|3,3,3,3|2|3|2|0|1
002409|box_n4_H18|b000373|1,5,11,18|5|11|18|10|14|14|22|16|10|28|14|28,22,4,0|20|10|44,34,4,0|28|14|6|6,2,2,6|2|9|2|0|1
002410|box_n4_H18|b000374|1,5,12,13|5|12|13|8|16|10|18|8|8|20|10|30,28,6,0|16|8|32,26,4,0|20|10|4|4,0,0,4|2|5|3|1|1
002411|box_n4_H18|b000375|1,5,12,14|5|12|14|12|16|12|19|18|12|26|12|32,26,6,0|24|12|36,28,4,0|24|12|4|4,3,3,4|4|42|6|2|1
002412|box_n4_H18|b000376|1,5,12,15|5|12|15|12|17|14|21|22|12|28|14|36,30,6,0|24|12|36,26,4,0|28|14|5|3,5,5,3|7|97|9|2|1
002413|box_n4_H18|b000377|1,5,12,16|5|12|16|14|16|14|22|26|14|28|14|32,22,4,0|28|14|40,30,4,0|28|14|6|4,6,6,4|12|120|16|4|1
002414|box_n4_H18|b000378|1,5,12,17|5|12|17|8|16|12|23|12|8|20|12|30,26,4,0|16|8|42,36,6,0|24|12|5|5,0,0,5|2|35|2|0|1
002415|box_n4_H18|b000379|1,5,12,18|5|12|18|12|16|16|24|22|12|32|16|36,30,6,0|24|12|48,38,6,0|32|16|5|5,3,3,5|12|90|24|12|1
002416|box_n4_H18|b000380|1,5,13,14|5|13|14|12|16|12|18|16|12|20|12|32,28,8,0|24|12|34,28,6,0|24|12|6|6,-1,-1,6|2|4|2|0|1
002417|box_n4_H18|b000381|1,5,13,15|5|13|15|10|16|14|19|12|10|24|14|32,30,8,0|20|10|36,28,6,0|28|14|4|4,1,1,4|3|228|3|0|1
002418|box_n4_H18|b000382|1,5,13,16|5|13|16|10|18|14|21|16|10|24|14|32,28,6,0|20|10|40,32,6,0|28|14|4|2,4,4,2|2|11|2|0|1
002419|box_n4_H18|b000383|1,5,13,17|5|13|17|12|17|16|21|24|12|28|16|32,24,4,0|24|12|42,32,6,0|32|16|5|4,5,5,4|3|517|3|0|1
002420|box_n4_H18|b000384|1,5,13,18|5|13|18|10|16|14|23|16|10|20|14|32,28,6,0|20|10|44,38,8,0|28|14|5|5,0,0,5|2|11|2|0|1
002421|box_n4_H18|b000385|1,5,14,15|5|14|15|10|17|12|18|14|10|20|12|36,34,8,0|20|10|36,30,6,0|24|12|5|5,-1,-1,5|3|297|3|0|1
002422|box_n4_H18|b000386|1,5,14,16|5|14|16|14|19|14|21|26|14|20|14|36,28,6,0|28|14|40,34,8,0|28|14|6|6,1,1,6|6|243|6|0|1
002423|box_n4_H18|b000387|1,5,14,17|5|14|17|14|18|20|21|28|14|32|20|34,24,4,0|28|14|42,30,8,0|40|20|6|5,6,6,5|3|70|3|0|1
002424|box_n4_H18|b000388|1,5,14,18|5|14|18|14|17|18|22|26|14|28|18|36,28,6,0|28|14|44,34,8,0|36|18|6|3,6,6,3|4|63|6|2|1
002425|box_n4_H18|b000389|1,5,15,16|5|15|16|12|21|10|23|20|12|8|10|36,30,6,0|24|12|36,34,8,0|20|10|5|5,-1,-1,5|3|364|3|0|1
002426|box_n4_H18|b000390|1,5,15,17|5|15|17|14|19|14|21|28|14|22|14|36,26,4,0|28|14|40,32,6,0|28|14|6|6,3,3,6|3|213|3|0|1
002427|box_n4_H18|b000391|1,5,15,18|5|15|18|16|18|12|22|28|16|12|12|36,26,6,0|32|16|36,30,6,0|24|12|5|3,5,5,3|7|128|9|2|1
002428|box_n4_H18|b000392|1,5,16,17|5|16|17|12|21|12|23|16|12|20|12|40,36,8,0|24|12|42,36,6,0|24|12|6|6,-1,-1,6|2|6|2|0|1
002429|box_n4_H18|b000393|1,5,16,18|5|16|18|12|21|16|24|20|12|32|16|40,34,6,0|24|12|44,32,4,0|32|16|6|6,3,3,6|4|72|6|2|1
002430|box_n4_H18|b000394|1,5,17,18|5|17|18|12|21|12|23|16|12|20|12|42,38,8,0|24|12|44,38,6,0|24|12|6|6,-1,-1,6|2|5|3|1|1
002431|box_n4_H18|b000395|1,6,7,8|5|7|8|6|7|6|8|10|6|16|6|18,16,4,0|12|6|20,16,2,0|12|6|2|2,1,1,2|4|0|4|0|0
002432|box_n4_H18|b000396|1,6,7,9|5|7|9|8|7|10|9|14|8|24|10|18,14,4,0|16|8|22,14,2,0|20|10|3|3,3,3,3|4|0|4|0|0
002433|box_n4_H18|b000397|1,6,7,10|5|7|10|8|8|8|11|12|8|20|8|16,12,4,0|16|8|24,18,2,0|16|8|4|1,4,4,1|3|94|3|0|1
002434|box_n4_H18|b000398|1,6,7,11|5|7|11|6|7|12|11|14|6|32|12|18,14,2,0|12|6|28,16,0,0|24|12|5|3,5,5,3|4|0|4|0|1
002435|box_n4_H18|b000399|1,6,7,12|5|7|12|10|7|14|12|22|10|36|14|18,10,2,0|20|10|30,18,2,0|28|14|8|2,8,8,2|4|0|4|0|1
002436|box_n4_H18|b000400|1,6,7,13|5|7|13|6|7|10|13|10|6|24|10|18,16,4,0|12|6|32,26,4,0|20|10|4|4,0,0,4|4|0|4|0|1
002437|box_n4_H18|b000401|1,6,7,14|5|7|14|12|7|16|14|32|12|40|16|28,20,4,0|24|12|42,32,6,0|32|16|5|4,5,5,4|20|30|28|8|1
002438|box_n4_H18|b000402|1,6,7,15|5|7|15|4|8|12|16|4|4|28|12|16,16,4,0|8|4|36,28,4,0|24|12|4|0,4,4,0|3|141|3|0|1
002439|box_n4_H18|b000403|1,6,7,16|5|7|16|8|7|14|16|14|8|40|14|18,14,4,0|16|8|40,28,2,0|28|14|6|2,6,6,2|4|0|4|0|1
002440|box_n4_H18|b000404|1,6,7,17|5|7|17|10|7|16|17|22|10|42|16|18,10,2,0|20|10|42,28,2,0|32|16|6|5,6,6,5|4|0|4|0|1
002441|box_n4_H18|b000405|1,6,7,18|5|7|18|10|7|18|18|22|10|44|18|18,10,2,0|20|10|44,30,4,0|36|18|6|5,6,6,5|4|0|4|0|0
002442|box_n4_H18|b000406|1,6,8,9|5|8|9|8|8|10|9|12|8|20|10|20,18,6,0|16|8|22,16,4,0|20|10|3|3,1,1,3|4|0|4|0|0
002443|box_n4_H18|b000407|1,6,8,10|5|8|10|8|9|10|11|16|8|20|10|24,22,6,0|16|8|24,18,4,0|20|10|2|2,2,2,2|5|74|6|1|1
002444|box_n4_H18|b000408|1,6,8,11|5|8|11|10|8|12|11|20|10|28|12|20,14,4,0|20|10|28,18,2,0|24|12|6|2,6,6,2|4|0|4|0|1
002445|box_n4_H18|b000409|1,6,8,12|5|8|12|12|8|16|12|28|12|38|16|24,16,4,0|24|12|32,20,4,0|32|16|9|1,9,9,1|12|42|12|0|1
002446|box_n4_H18|b000410|1,6,8,13|5|8|13|8|8|16|13|16|8|32|16|20,16,4,0|16|8|32,22,6,0|32|16|4|4,3,3,4|4|0|4|0|1
002447|box_n4_H18|b000411|1,6,8,14|5|8|14|8|8|12|14|16|8|22|12|20,16,4,0|16|8|36,32,8,0|24|12|3|3,1,1,3|8|140|8|0|1
002448|box_n4_H18|b000412|1,6,8,15|5|8|15|8|9|14|16|12|8|24|14|20,18,6,0|16|8|36,30,8,0|28|14|2|2,2,2,2|3|68|3|0|1
002449|box_n4_H18|b000413|1,6,8,16|5|8|16|14|8|22|16|36|14|52|22|32,24,6,0|28|14|48,34,8,0|44|22|7|4,7,7,4|20|20|32|12|1
002450|box_n4_H18|b000414|1,6,8,17|5|8|17|10|8|18|17|20|10|38|18|20,14,4,0|20|10|42,30,6,0|36|18|6|3,6,6,3|4|0|4|0|1
002451|box_n4_H18|b000415|1,6,8,18|5|8|18|8|8|20|18|16|8|44|20|20,16,4,0|16|8|44,30,6,0|40|20|7|2,7,7,2|8|180|8|0|1
002452|box_n4_H18|b000416|1,6,9,10|5|9|10|10|11|8|13|18|10|12|8|24,20,6,0|20|10|24,22,6,0|16|8|4|4,-1,-1,4|3|109|3|0|1
002453|box_n4_H18|b000417|1,6,9,11|5|9|11|8|9|12|11|16|8|24|12|22,18,4,0|16|8|28,20,4,0|24|12|5|5,1,1,5|4|0|4|0|1
002454|box_n4_H18|b000418|1,6,9,12|5|9|12|12|9|16|12|30|12|36|16|24,14,2,0|24|12|30,18,4,0|32|16|10|1,10,10,1|12|60|12|0|1
002455|box_n4_H18|b000419|1,6,9,13|5|9|13|10|9|16|13|20|10|28|16|22,16,4,0|20|10|32,24,8,0|32|16|4|3,4,4,3|4|0|4|0|1
002456|box_n4_H18|b000420|1,6,9,14|5|9|14|12|9|16|14|24|12|28|16|22,14,4,0|24|12|34,26,8,0|32|16|6|6,2,2,6|4|0|4|0|1
002457|box_n4_H18|b000421|1,6,9,15|5|9|15|8|11|12|19|14|8|16|12|24,22,6,0|16|8|36,34,10,0|24|12|3|3,-1,-1,3|7|97|9|2|1
002458|box_n4_H18|b000422|1,6,9,16|5|9|16|12|9|16|16|24|12|28|16|22,14,4,0|24|12|40,34,10,0|32|16|4|4,3,3,4|4|0|4|0|1
002459|box_n4_H18|b000423|1,6,9,17|5|9|17|8|9|16|17|16|8|26|16|22,18,4,0|16|8|42,36,10,0|32|16|4|1,4,4,1|4|0|4|0|1
002460|box_n4_H18|b000424|1,6,9,18|5|9|18|16|9|24|18|42|16|54|24|36,26,6,0|32|16|54,40,10,0|48|24|7|5,7,7,5|28|40|36|8|1
002461|box_n4_H18|b000425|1,6,10,11|5|10|11|6|11|6|13|8|6|8|6|24,24,6,0|12|6|24,22,4,0|12|6|2|2,-1,-1,2|3|141|3|0|1
002462|box_n4_H18|b000426|1,6,10,12|5|10|12|10|11|12|14|20|10|26|12|24,18,4,0|20|10|24,14,2,0|24|12|4|4,4,4,4|6|74|6|0|1
002463|box_n4_H18|b000427|1,6,10,13|5|10|13|8|13|12|16|16|8|24|12|24,20,4,0|16|8|32,26,6,0|24|12|4|1,4,4,1|3|253|3|0|1
002464|box_n4_H18|b000428|1,6,10,14|5|10|14|8|12|14|16|12|8|26|14|24,22,6,0|16|8|32,24,6,0|28|14|3|2,3,3,2|6|146|6|0|1
002465|box_n4_H18|b000429|1,6,10,15|5|10|15|12|11|16|17|26|12|32|16|30,24,6,0|24|12|40,32,8,0|32|16|4|4,3,3,4|12|60|20|8|1
002466|box_n4_H18|b000430|1,6,10,16|5|10|16|8|11|14|18|12|8|24|14|24,22,6,0|16|8|40,36,10,0|28|14|4|4,-1,-1,4|5|98|6|1|1
002467|box_n4_H18|b000431|1,6,10,17|5|10|17|10|11|18|19|16|10|32|18|24,20,6,0|20|10|40,30,8,0|36|18|5|5,2,2,5|3|91|3|0|1
002468|box_n4_H18|b000432|1,6,10,18|5|10|18|8|12|20|21|12|8|44|20|24,22,6,0|16|8|48,36,8,0|40|20|5|2,5,5,2|5|102|6|1|1
002469|box_n4_H18|b000433|1,6,11,12|5|11|12|12|11|14|12|24|12|36|14|28,20,4,0|24|12|30,18,2,0|28|14|5|5,5,5,5|4|0|4|0|1
002470|box_n4_H18|b000434|1,6,11,13|5|11|13|12|11|14|13|28|12|32|14|28,18,2,0|24|12|32,22,4,0|28|14|6|6,4,4,6|4|0|4|0|1
002471|box_n4_H18|b000435|1,6,11,14|5|11|14|10|11|14|14|20|10|32|14|28,22,4,0|20|10|34,24,4,0|28|14|4|4,4,4,4|4|0|4|0|1
002472|box_n4_H18|b000436|1,6,11,15|5|11|15|12|12|16|16|20|12|32|16|24,16,4,0|24|12|36,26,6,0|32|16|5|4,5,5,4|3|4|3|0|1
002473|box_n4_H18|b000437|1,6,11,16|5|11|16|12|11|18|16|20|12|36|18|28,22,6,0|24|12|40,30,8,0|36|18|4|4,4,4,4|4|0|4|0|1
002474|box_n4_H18|b000438|1,6,11,17|5|11|17|12|11|16|17|20|12|34|16|28,22,6,0|24|12|42,32,6,0|32|16|6|6,2,2,6|4|0|4|0|1
002475|box_n4_H18|b000439|1,6,11,18|5|11|18|12|11|18|18|24|12|40|18|28,20,4,0|24|12|44,32,6,0|36|18|5|5,5,5,5|4|0|4|0|1
002476|box_n4_H18|b000440|1,6,12,13|5|12|13|12|12|14|13|28|12|28|14|30,22,4,0|24|12|32,24,6,0|28|14|5|5,3,3,5|4|0|4|0|1
002477|box_n4_H18|b000441|1,6,12,14|5|12|14|16|12|18|14|38|16|42|18|32,20,4,0|32|16|36,22,4,0|36|18|7|7,6,6,7|8|210|8|0|1
002478|box_n4_H18|b000442|1,6,12,15|5|12|15|16|13|16|16|38|16|32|16|36,26,6,0|32|16|36,26,6,0|32|16|9|1,9,9,1|8|78|9|1|1
002479|box_n4_H18|b000443|1,6,12,16|5|12|16|18|12|20|16|42|18|44|20|32,18,4,0|36|18|40,26,6,0|40|20|10|4,10,10,4|12|84|12|0|1
002480|box_n4_H18|b000444|1,6,12,17|5|12|17|16|12|22|17|36|16|46|22|30,18,4,0|32|16|42,26,6,0|44|22|10|4,10,10,4|4|0|4|0|1
002481|box_n4_H18|b000445|1,6,12,18|5|12|18|16|12|24|18|38|16|56|24|36,26,6,0|32|16|48,30,6,0|48|24|9|9,5,5,9|24|60|24|0|1
002482|box_n4_H18|b000446|1,6,13,14|5|13|14|10|13|12|14|16|10|24|12|32,30,8,0|20|10|34,28,6,0|24|12|5|5,-1,-1,5|4|0|4|0|1
002483|box_n4_H18|b000447|1,6,13,15|5|13|15|14|14|12|16|24|14|24|12|32,26,8,0|28|14|36,30,6,0|24|12|6|6,0,0,6|3|223|3|0|1
002484|box_n4_H18|b000448|1,6,13,16|5|13|16|12|13|16|16|20|12|36|16|32,28,8,0|24|12|40,30,6,0|32|16|6|1,6,6,1|4|0|4|0|1
002485|box_n4_H18|b000449|1,6,13,17|5|13|17|16|13|18|17|32|16|42|18|32,22,6,0|32|16|42,28,4,0|36|18|7|5,7,7,5|4|0|4|0|1
002486|box_n4_H18|b000450|1,6,13,18|5|13|18|16|13|20|18|28|16|44|20|32,24,8,0|32|16|44,30,6,0|40|20|6|6,5,5,6|4|0|4|0|1
002487|box_n4_H18|b000451|1,6,14,15|5|14|15|14|16|12|18|22|14|20|12|36,32,10,0|28|14|36,32,8,0|24|12|6|6,-2,-2,6|3|239|3|0|1
002488|box_n4_H18|b000452|1,6,14,16|5|14|16|14|14|18|16|26|14|40|18|36,30,8,0|28|14|40,28,6,0|36|18|8|8,1,1,8|8|280|8|0|1
002489|box_n4_H18|b000453|1,6,14,17|5|14|17|16|14|18|17|32|16|38|18|34,24,6,0|32|16|42,30,6,0|36|18|8|3,8,8,3|4|0|4|0|1
002490|box_n4_H18|b000454|1,6,14,18|5|14|18|16|14|22|18|34|16|48|22|36,26,6,0|32|16|44,28,6,0|44|22|7|7,6,6,7|8|315|8|0|1
002491|box_n4_H18|b000455|1,6,15,16|5|15|16|12|16|12|18|16|12|20|12|36,34,10,0|24|12|36,32,8,0|24|12|5|5,-2,-2,5|3|286|3|0|1
002492|box_n4_H18|b000456|1,6,15,17|5|15|17|16|16|14|19|28|16|28|14|36,28,8,0|32|16|40,32,6,0|28|14|6|6,2,2,6|3|293|3|0|1
002493|box_n4_H18|b000457|1,6,15,18|5|15|18|12|18|16|21|20|12|28|16|36,32,8,0|24|12|36,26,6,0|32|16|6|1,6,6,1|8|123|9|1|1
002494|box_n4_H18|b000458|1,6,16,17|5|16|17|16|16|18|17|28|16|34|18|40,34,10,0|32|16|42,32,8,0|36|18|7|7,1,1,7|4|0|4|0|1
002495|box_n4_H18|b000459|1,6,16,18|5|16|18|16|16|22|18|32|16|48|22|40,32,8,0|32|16|44,28,6,0|44|22|8|8,4,4,8|8|360|8|0|1
002496|box_n4_H18|b000460|1,6,17,18|5|17|18|14|17|18|18|22|14|36|18|42,38,10,0|28|14|44,34,8,0|36|18|7|7,0,0,7|4|0|4|0|1
002497|box_n4_H18|b000461|1,7,8,9|5|8|9|6|8|6|9|8|6|14|6|20,18,4,0|12|6|22,18,2,0|12|6|2|2,1,1,2|4|0|4|0|0
002498|box_n4_H18|b000462|1,7,8,10|5|8|10|8|9|8|11|16|8|20|8|24,20,4,0|16|8|24,18,2,0|16|8|3|3,2,2,3|4|9|4|0|1
002499|box_n4_H18|b000463|1,7,8,11|5|8|11|10|8|12|11|16|10|32|12|20,14,4,0|20|10|28,18,2,0|24|12|5|3,5,5,3|4|0|4|0|1
002500|box_n4_H18|b000464|1,7,8,12|5|8|12|10|8|12|12|20|10|32|12|24,18,4,0|20|10|32,22,2,0|24|12|4|4,4,4,4|12|60|16|4|1
002501|box_n4_H18|b000465|1,7,8,13|5|8|13|8|8|10|13|16|8|24|10|20,14,2,0|16|8|32,24,2,0|20|10|4|3,4,4,3|4|0|4|0|1
002502|box_n4_H18|b000466|1,7,8,14|5|8|14|8|8|14|14|16|8|36|14|20,14,2,0|16|8|36,24,2,0|28|14|7|2,7,7,2|8|140|8|0|1
002503|box_n4_H18|b000467|1,7,8,15|5|8|15|4|9|6|16|4|4|12|6|20,20,4,0|8|4|36,34,4,0|12|6|3|3,-2,-2,3|2|23|2|0|1
002504|box_n4_H18|b000468|1,7,8,16|5|8|16|12|8|18|16|32|12|44|18|32,24,4,0|24|12|48,36,6,0|36|18|6|4,6,6,4|24|40|32|8|1
002505|box_n4_H18|b000469|1,7,8,17|5|8|17|6|8|16|17|8|6|38|16|20,18,4,0|12|6|42,30,4,0|32|16|5|2,5,5,2|4|0|4|0|1
002506|box_n4_H18|b000470|1,7,8,18|5|8|18|8|8|12|18|12|8|32|12|20,16,4,0|16|8|44,34,2,0|24|12|4|4,3,3,4|8|180|8|0|1
002507|box_n4_H18|b000471|1,7,9,10|5|9|10|8|11|6|18|12|8|12|6|24,22,6,0|16|8|24,22,4,0|12|6|3|3,-1,-1,3|2|19|2|0|1
002508|box_n4_H18|b000472|1,7,9,11|5|9|11|8|9|12|11|10|8|28|12|22,20,6,0|16|8|28,20,4,0|24|12|3|3,2,2,3|4|0|4|0|1
002509|box_n4_H18|b000473|1,7,9,12|5|9|12|10|9|12|12|20|10|26|12|24,18,4,0|20|10|30,22,4,0|24|12|5|2,5,5,2|10|60|12|2|1
002510|box_n4_H18|b000474|1,7,9,13|5|9|13|8|9|12|13|14|8|24|12|22,18,4,0|16|8|32,24,4,0|24|12|4|2,4,4,2|4|0|4|0|1
002511|box_n4_H18|b000475|1,7,9,14|5|9|14|10|9|14|14|22|10|34|14|22,14,2,0|20|10|34,22,2,0|28|14|6|4,6,6,4|4|0|4|0|1
002512|box_n4_H18|b000476|1,7,9,15|5|9|15|8|11|12|19|16|8|20|12|24,20,4,0|16|8|36,30,6,0|24|12|3|3,2,2,3|6|22|9|3|1
002513|box_n4_H18|b000477|1,7,9,16|5|9|16|8|9|12|16|14|8|20|12|22,18,4,0|16|8|40,36,8,0|24|12|5|5,-1,-1,5|4|0|4|0|1
002514|box_n4_H18|b000478|1,7,9,17|5|9|17|8|9|16|17|10|8|30|16|22,20,6,0|16|8|42,34,8,0|32|16|3|2,3,3,2|4|0|4|0|1
002515|box_n4_H18|b000479|1,7,9,18|5|9|18|14|9|20|18|36|14|46|20|36,28,6,0|28|14|54,42,8,0|40|20|6|4,6,6,4|22|30|36|14|1
002516|box_n4_H18|b000480|1,7,10,11|5|10|11|10|11|10|13|12|10|16|10|24,22,8,0|20|10|24,20,6,0|20|10|3|3,0,0,3|3|194|3|0|1
002517|box_n4_H18|b000481|1,7,10,12|5|10|12|10|11|8|14|16|10|12|8|24,20,6,0|20|10|24,20,4,0|16|8|2|2,2,2,2|6|146|6|0|1
002518|box_n4_H18|b000482|1,7,10,13|5|10|13|6|17|12|16|12|6|20|12|24,22,4,0|12|6|32,26,6,0|24|12|3|1,3,3,1|3|204|3|0|1
002519|box_n4_H18|b000483|1,7,10,14|5|10|14|12|12|16|16|20|12|32|16|24,18,6,0|24|12|32,20,4,0|32|16|7|2,7,7,2|6|122|6|0|1
002520|box_n4_H18|b000484|1,7,10,15|5|10|15|12|11|16|17|26|12|28|16|30,24,6,0|24|12|40,32,8,0|32|16|4|4,3,3,4|11|54|15|4|1
002521|box_n4_H18|b000485|1,7,10,16|5|10|16|10|11|16|18|16|10|28|16|24,20,6,0|20|10|40,32,8,0|32|16|3|3,3,3,3|6|146|6|0|1
002522|box_n4_H18|b000486|1,7,10,17|5|10|17|8|11|14|19|12|8|20|14|24,22,6,0|16|8|40,36,10,0|28|14|5|5,-2,-2,5|3|193|3|0|1
002523|box_n4_H18|b000487|1,7,10,18|5|10|18|10|12|20|21|20|10|36|20|24,18,4,0|20|10|48,38,10,0|40|20|5|3,5,5,3|6|173|6|0|1
002524|box_n4_H18|b000488|1,7,11,12|5|11|12|10|11|14|12|20|10|26|14|28,24,6,0|20|10|30,22,6,0|28|14|5|5,1,1,5|4|0|4|0|1
002525|box_n4_H18|b000489|1,7,11,13|5|11|13|12|11|16|13|28|12|32|16|28,20,4,0|24|12|32,20,4,0|32|16|6|6,4,4,6|4|0|4|0|1
002526|box_n4_H18|b000490|1,7,11,14|5|11|14|14|11|18|14|28|14|38|18|28,20,6,0|28|14|34,20,4,0|36|18|7|4,7,7,4|4|0|4|0|1
002527|box_n4_H18|b000491|1,7,11,15|5|11|15|8|12|16|16|16|8|24|16|24,20,4,0|16|8|36,28,8,0|32|16|4|2,4,4,2|3|62|3|0|1
002528|box_n4_H18|b000492|1,7,11,16|5|11|16|14|11|20|16|28|14|36|20|28,20,6,0|28|14|40,28,8,0|40|20|5|5,5,5,5|4|0|4|0|1
002529|box_n4_H18|b000493|1,7,11,17|5|11|17|14|11|22|17|28|14|42|22|28,20,6,0|28|14|42,28,8,0|44|22|6|5,6,6,5|4|0|4|0|1
002530|box_n4_H18|b000494|1,7,11,18|5|11|18|12|11|18|18|24|12|28|18|28,22,6,0|24|12|44,36,10,0|36|18|7|7,0,0,7|4|0|4|0|1
002531|box_n4_H18|b000495|1,7,12,13|5|12|13|10|12|12|13|18|10|24|12|30,26,6,0|20|10|32,24,4,0|24|12|5|5,1,1,5|4|0|4|0|1
002532|box_n4_H18|b000496|1,7,12,14|5|12|14|14|12|16|14|32|14|40|16|32,22,4,0|28|14|36,22,2,0|32|16|7|5,7,7,5|8|210|8|0|1
002533|box_n4_H18|b000497|1,7,12,15|5|12|15|14|13|12|16|32|14|20|12|36,28,6,0|28|14|36,30,6,0|24|12|4|3,4,4,3|7|103|9|2|1
002534|box_n4_H18|b000498|1,7,12,16|5|12|16|14|12|18|16|32|14|36|18|32,22,4,0|28|14|40,28,6,0|36|18|7|4,7,7,4|12|120|16|4|1
002535|box_n4_H18|b000499|1,7,12,17|5|12|17|14|12|18|17|26|14|38|18|30,22,6,0|28|14|42,30,6,0|36|18|5|5,5,5,5|4|0|4|0|1
002536|box_n4_H18|b000500|1,7,12,18|5|12|18|16|12|18|18|36|16|36|18|36,26,6,0|32|16|48,38,8,0|36|18|6|6,4,4,6|20|90|24|4|1
002537|box_n4_H18|b000501|1,7,13,14|5|13|14|12|13|12|14|20|12|30|12|32,26,6,0|24|12|34,24,2,0|24|12|4|4,4,4,4|4|0|4|0|1
002538|box_n4_H18|b000502|1,7,13,15|5|13|15|10|14|12|16|20|10|24|12|32,26,4,0|20|10|36,28,4,0|24|12|4|4,3,3,4|3|158|3|0|1
002539|box_n4_H18|b000503|1,7,13,16|5|13|16|12|13|16|16|20|12|36|16|32,26,6,0|24|12|40,28,4,0|32|16|6|3,6,6,3|4|0|4|0|1
002540|box_n4_H18|b000504|1,7,13,17|5|13|17|14|13|18|17|28|14|42|18|32,22,4,0|28|14|42,28,4,0|36|18|6|6,6,6,6|4|0|4|0|1
002541|box_n4_H18|b000505|1,7,13,18|5|13|18|12|13|18|18|20|12|36|18|32,26,6,0|24|12|44,32,6,0|36|18|5|5,4,4,5|4|0|4|0|1
002542|box_n4_H18|b000506|1,7,14,15|5|14|15|12|16|12|18|28|12|20|12|36,28,4,0|24|12|36,30,6,0|24|12|4|4,3,3,4|3|366|3|0|1
002543|box_n4_H18|b000507|1,7,14,16|5|14|16|16|14|16|16|36|16|36|16|36,24,4,0|32|16|40,28,4,0|32|16|6|6,6,6,6|8|280|8|0|1
002544|box_n4_H18|b000508|1,7,14,17|5|14|17|18|14|20|17|38|18|46|20|34,20,4,0|36|18|42,26,4,0|40|20|10|5,10,10,5|4|0|4|0|1
002545|box_n4_H18|b000509|1,7,14,18|5|14|18|18|14|18|18|40|18|40|18|36,22,4,0|36|18|44,30,4,0|36|18|10|4,10,10,4|8|315|8|0|1
002546|box_n4_H18|b000510|1,7,15,16|5|15|16|10|16|10|18|12|10|16|10|36,34,8,0|20|10|36,32,6,0|20|10|4|4,-1,-1,4|2|94|2|0|1
002547|box_n4_H18|b000511|1,7,15,17|5|15|17|12|16|14|19|16|12|28|14|36,32,8,0|24|12|40,32,6,0|28|14|5|5,1,1,5|3|293|3|0|1
002548|box_n4_H18|b000512|1,7,15,18|5|15|18|14|18|12|21|24|14|20|12|36,28,6,0|28|14|36,28,4,0|24|12|4|4,4,4,4|7|99|9|2|1
002549|box_n4_H18|b000513|1,7,16,17|5|16|17|14|16|18|17|20|14|34|18|40,36,10,0|28|14|42,32,8,0|36|18|6|6,1,1,6|4|0|4|0|1
002550|box_n4_H18|b000514|1,7,16,18|5|16|18|16|16|16|18|28|16|32|16|40,32,8,0|32|16|44,34,6,0|32|16|5|5,4,4,5|8|360|8|0|1
002551|box_n4_H18|b000515|1,7,17,18|5|17|18|16|17|16|18|26|16|28|16|42,36,10,0|32|16|44,36,8,0|32|16|7|7,0,0,7|4|0|4|0|1
002552|box_n4_H18|b000516|1,8,9,10|5|9|10|4|19|4|14|4|4|8|4|24,24,4,0|8|4|24,22,2,0|8|4|2|2,-1,-1,2|2|6|3|1|1
002553|box_n4_H18|b000517|1,8,9,11|5|9|11|8|9|12|11|10|8|32|12|22,18,4,0|16|8|28,18,2,0|24|12|4|4,3,3,4|4|0|4|0|1
002554|box_n4_H18|b000518|1,8,9,12|5|9|12|10|9|10|12|16|10|24|10|24,18,4,0|20|10|30,22,2,0|20|10|5|2,5,5,2|10|60|12|2|1
002555|box_n4_H18|b000519|1,8,9,13|5|9|13|8|9|10|13|10|8|24|10|22,18,4,0|16|8|32,24,2,0|20|10|5|1,5,5,1|4|0|4|0|1
002556|box_n4_H18|b000520|1,8,9,14|5|9|14|8|9|10|14|14|8|24|10|22,16,2,0|16|8|34,24,0,0|20|10|5|5,3,3,5|4|0|4|0|1
002557|box_n4_H18|b000521|1,8,9,15|5|9|15|6|13|8|21|12|6|16|8|24,20,2,0|12|6|36,30,2,0|16|8|3|2,3,3,2|4|8|6|2|1
002558|box_n4_H18|b000522|1,8,9,16|5|9|16|10|9|14|16|18|10|36|14|22,14,2,0|20|10|40,28,2,0|28|14|7|3,7,7,3|4|0|4|0|1
002559|box_n4_H18|b000523|1,8,9,17|5|9|17|6|9|8|17|6|6|18|8|22,20,4,0|12|6|42,38,4,0|16|8|3|3,0,0,3|4|0|4|0|1
002560|box_n4_H18|b000524|1,8,9,18|5|9|18|12|9|16|18|32|12|38|16|36,28,4,0|24|12|54,44,6,0|32|16|5|4,5,5,4|24|40|36|12|1
002561|box_n4_H18|b000525|1,8,10,11|5|10|11|8|11|8|18|8|8|16|8|24,22,6,0|16|8|24,20,4,0|16|8|4|4,-1,-1,4|3|191|3|0|1
002562|box_n4_H18|b000526|1,8,10,12|5|10|12|8|11|8|21|8|8|14|8|24,22,6,0|16|8|24,18,2,0|16|8|2|2,2,2,2|5|123|6|1|1
002563|box_n4_H18|b000527|1,8,10,13|5|10|13|8|14|10|18|12|8|20|10|24,20,4,0|16|8|32,26,4,0|20|10|4|1,4,4,1|3|102|3|0|1
002564|box_n4_H18|b000528|1,8,10,14|5|10|14|6|16|10|23|8|6|18|10|24,22,4,0|12|6|32,24,2,0|20|10|5|0,5,5,0|4|99|6|2|1
002565|box_n4_H18|b000529|1,8,10,15|5|10|15|10|11|12|21|22|10|24|12|30,24,4,0|20|10|40,32,4,0|24|12|4|4,3,3,4|10|30|20|10|1
002566|box_n4_H18|b000530|1,8,10,16|5|10|16|10|11|18|18|16|10|44|18|24,18,4,0|20|10|40,24,2,0|36|18|7|4,7,7,4|6|98|6|0|1
002567|box_n4_H18|b000531|1,8,10,17|5|10|17|10|11|14|19|16|10|24|14|24,18,4,0|20|10|40,32,6,0|28|14|5|5,2,2,5|3|258|3|0|1
002568|box_n4_H18|b000532|1,8,10,18|5|10|18|6|16|12|29|8|6|20|12|24,22,4,0|12|6|48,44,8,0|24|12|4|4,-1,-1,4|4|109|4|0|1
002569|box_n4_H18|b000533|1,8,11,12|5|11|12|14|11|12|12|24|14|24|12|28,22,8,0|28|14|30,22,4,0|24|12|5|5,2,2,5|4|0|4|0|1
002570|box_n4_H18|b000534|1,8,11,13|5|11|13|14|11|16|13|28|14|32|16|28,20,6,0|28|14|32,20,4,0|32|16|5|5,5,5,5|4|0|4|0|1
002571|box_n4_H18|b000535|1,8,11,14|5|11|14|10|11|14|14|20|10|24|14|28,24,6,0|20|10|34,24,4,0|28|14|4|3,4,4,3|4|0|4|0|1
002572|box_n4_H18|b000536|1,8,11,15|5|11|15|10|12|12|16|20|10|20|12|24,18,4,0|20|10|36,28,4,0|24|12|6|1,6,6,1|3|62|3|0|1
002573|box_n4_H18|b000537|1,8,11,16|5|11|16|16|11|20|16|32|16|44|20|28,18,6,0|32|16|40,24,4,0|40|20|9|4,9,9,4|4|0|4|0|1
002574|box_n4_H18|b000538|1,8,11,17|5|11|17|12|11|20|17|28|12|38|20|28,20,4,0|24|12|42,28,6,0|40|20|6|5,6,6,5|4|0|4|0|1
002575|box_n4_H18|b000539|1,8,11,18|5|11|18|14|11|20|18|28|14|32|20|28,20,6,0|28|14|44,32,8,0|40|20|7|7,3,3,7|4|0|4|0|1
002576|box_n4_H18|b000540|1,8,12,13|5|12|13|10|12|12|13|16|10|20|12|30,26,6,0|20|10|32,26,6,0|24|12|5|5,0,0,5|4|0|4|0|1
002577|box_n4_H18|b000541|1,8,12,14|5|12|14|12|12|14|14|26|12|26|14|32,24,4,0|24|12|36,26,4,0|28|14|6|3,6,6,3|8|210|8|0|1
002578|box_n4_H18|b000542|1,8,12,15|5|12|15|14|13|12|16|34|14|16|12|36,26,4,0|28|14|36,30,6,0|24|12|5|3,5,5,3|8|97|9|1|1
002579|box_n4_H18|b000543|1,8,12,16|5|12|16|16|12|22|16|38|16|48|22|32,18,2,0|32|16|40,22,4,0|44|22|14|2,14,14,2|16|120|16|0|1
002580|box_n4_H18|b000544|1,8,12,17|5|12|17|12|12|18|17|24|12|30|18|30,22,4,0|24|12|42,32,8,0|36|18|5|5,4,4,5|4|0|4|0|1
002581|box_n4_H18|b000545|1,8,12,18|5|12|18|14|12|18|18|34|14|32|18|36,26,4,0|28|14|48,38,8,0|36|18|7|7,3,3,7|18|60|24|6|1
002582|box_n4_H18|b000546|1,8,13,14|5|13|14|10|13|12|14|16|10|20|12|32,28,6,0|20|10|34,26,4,0|24|12|5|5,1,1,5|4|0|4|0|1
002583|box_n4_H18|b000547|1,8,13,15|5|13|15|10|14|12|16|20|10|20|12|32,26,4,0|20|10|36,28,4,0|24|12|5|5,2,2,5|3|158|3|0|1
002584|box_n4_H18|b000548|1,8,13,16|5|13|16|14|13|20|16|24|14|44|20|32,24,6,0|28|14|40,24,4,0|40|20|10|2,10,10,2|4|0|4|0|1
002585|box_n4_H18|b000549|1,8,13,17|5|13|17|16|13|16|17|32|16|30|16|32,20,4,0|32|16|42,32,6,0|32|16|7|4,7,7,4|4|0|4|0|1
002586|box_n4_H18|b000550|1,8,13,18|5|13|18|10|13|16|18|16|10|28|16|32,28,6,0|20|10|44,34,6,0|32|16|4|4,3,3,4|4|0|4|0|1
002587|box_n4_H18|b000551|1,8,14,15|5|14|15|8|21|8|23|14|8|12|8|36,32,4,0|16|8|36,32,4,0|16|8|4|4,0,0,4|2|29|2|0|1
002588|box_n4_H18|b000552|1,8,14,16|5|14|16|16|14|18|16|34|16|44|18|36,22,2,0|32|16|40,24,2,0|36|18|9|6,9,9,6|8|280|8|0|1
002589|box_n4_H18|b000553|1,8,14,17|5|14|17|12|14|16|17|24|12|34|16|34,24,2,0|24|12|42,30,4,0|32|16|7|4,7,7,4|4|0|4|0|1
002590|box_n4_H18|b000554|1,8,14,18|5|14|18|14|14|16|18|26|14|32|16|36,26,4,0|28|14|44,32,4,0|32|16|8|3,8,8,3|8|315|8|0|1
002591|box_n4_H18|b000555|1,8,15,16|5|15|16|12|16|12|18|16|12|28|12|36,30,6,0|24|12|36,26,2,0|24|12|5|5,3,3,5|3|286|3|0|1
002592|box_n4_H18|b000556|1,8,15,17|5|15|17|14|16|14|19|24|14|28|14|36,26,4,0|28|14|40,30,4,0|28|14|5|5,5,5,5|3|286|3|0|1
002593|box_n4_H18|b000557|1,8,15,18|5|15|18|12|22|10|26|20|12|16|10|36,28,4,0|24|12|36,28,2,0|20|10|5|3,5,5,3|6|27|9|3|1
002594|box_n4_H18|b000558|1,8,16,17|5|16|17|16|16|18|17|36|16|34|18|40,28,4,0|32|16|42,30,6,0|36|18|7|7,5,5,7|4|0|4|0|1
002595|box_n4_H18|b000559|1,8,16,18|5|16|18|16|16|20|18|36|16|40|20|40,28,4,0|32|16|44,28,4,0|40|20|8|6,8,8,6|8|360|8|0|1
002596|box_n4_H18|b000560|1,8,17,18|5|17|18|12|17|14|18|18|12|24|14|42,38,8,0|24|12|44,36,6,0|28|14|7|7,-1,-1,7|4|0|4|0|1
002597|box_n4_H18|b000561|1,9,10,11|5|10|11|4|21|4|14|0|4|8|4|24,24,4,0|8|4|24,22,2,0|8|4|2|2,-1,-1,2|2|74|2|0|1
002598|box_n4_H18|b000562|1,9,10,12|5|10|12|8|14|6|16|8|8|12|6|24,20,4,0|16|8|24,18,0,0|12|6|3|2,3,3,2|6|74|6|0|1
002599|box_n4_H18|b000563|1,9,10,13|5|10|13|10|13|10|16|12|10|24|10|24,18,4,0|20|10|32,24,2,0|20|10|4|4,3,3,4|3|92|3|0|1
002600|box_n4_H18|b000564|1,9,10,14|5|10|14|6|13|8|18|4|6|16|8|24,22,4,0|12|6|32,26,2,0|16|8|3|1,3,3,1|4|88|4|0|1
002601|box_n4_H18|b000565|1,9,10,15|5|10|15|10|14|10|19|18|10|24|10|30,24,4,0|20|10|40,32,2,0|20|10|4|4,3,3,4|12|60|20|8|1
002602|box_n4_H18|b000566|1,9,10,16|5|10|16|8|14|8|21|12|8|20|8|24,18,2,0|16|8|40,32,0,0|16|8|4|4,3,3,4|5|102|6|1|1
002603|box_n4_H18|b000567|1,9,10,17|5|10|17|6|13|10|21|8|6|20|10|24,20,2,0|12|6|40,32,2,0|20|10|4|2,4,4,2|2|31|2|0|1
002604|box_n4_H18|b000568|1,9,10,18|5|10|18|8|13|18|22|12|8|46|18|24,18,2,0|16|8|48,32,2,0|36|18|9|2,9,9,2|5|97|6|1|1
002605|box_n4_H18|b000569|1,9,11,12|5|11|12|12|11|10|12|20|12|22|10|28,22,6,0|24|12|30,22,2,0|20|10|4|4,3,3,4|4|0|4|0|1
002606|box_n4_H18|b000570|1,9,11,13|5|11|13|12|11|14|13|20|12|32|14|28,22,6,0|24|12|32,20,2,0|28|14|5|5,4,4,5|4|0|4|0|1
002607|box_n4_H18|b000571|1,9,11,14|5|11|14|12|11|12|14|20|12|22|12|28,22,6,0|24|12|34,26,4,0|24|12|5|5,2,2,5|4|0|4|0|1
002608|box_n4_H18|b000572|1,9,11,15|5|11|15|10|16|14|19|16|10|28|14|24,18,4,0|20|10|36,24,2,0|28|14|6|3,6,6,3|3|2|3|0|1
002609|box_n4_H18|b000573|1,9,11,16|5|11|16|10|11|14|16|20|10|28|14|28,22,4,0|20|10|40,28,2,0|28|14|5|4,5,5,4|4|0|4|0|1
002610|box_n4_H18|b000574|1,9,11,17|5|11|17|12|11|14|17|28|12|30|14|28,18,2,0|24|12|42,30,2,0|28|14|6|5,6,6,5|4|0|4|0|1
002611|box_n4_H18|b000575|1,9,11,18|5|11|18|14|11|18|18|28|14|42|18|28,18,4,0|28|14|44,28,2,0|36|18|9|4,9,9,4|4|0|4|0|1
002612|box_n4_H18|b000576|1,9,12,13|5|12|13|12|12|12|13|18|12|24|12|30,24,6,0|24|12|32,24,4,0|24|12|5|5,2,2,5|4|0|4|0|1
002613|box_n4_H18|b000577|1,9,12,14|5|12|14|14|12|14|14|24|14|24|14|32,24,6,0|28|14|36,28,6,0|28|14|4|4,4,4,4|8|210|8|0|1
002614|box_n4_H18|b000578|1,9,12,15|5|12|15|10|17|14|21|20|10|24|14|36,32,6,0|20|10|36,26,4,0|28|14|6|1,6,6,1|7|78|9|2|1
002615|box_n4_H18|b000579|1,9,12,16|5|12|16|14|12|16|16|28|14|28|16|32,22,4,0|28|14|40,28,4,0|32|16|7|4,7,7,4|8|36|12|4|1
002616|box_n4_H18|b000580|1,9,12,17|5|12|17|12|12|18|17|22|12|34|18|30,22,4,0|24|12|42,28,4,0|36|18|7|4,7,7,4|4|0|4|0|1
002617|box_n4_H18|b000581|1,9,12,18|5|12|18|14|12|22|18|32|14|50|22|36,26,4,0|28|14|48,30,4,0|44|22|11|3,11,11,3|20|90|24|4|1
002618|box_n4_H18|b000582|1,9,13,14|5|13|14|10|13|12|14|12|10|18|12|32,30,8,0|20|10|34,28,6,0|24|12|4|4,0,0,4|4|0|4|0|1
002619|box_n4_H18|b000583|1,9,13,15|5|13|15|10|16|12|19|16|10|16|12|32,28,6,0|20|10|36,30,6,0|24|12|4|4,1,1,4|3|288|3|0|1
002620|box_n4_H18|b000584|1,9,13,16|5|13|16|12|13|16|16|20|12|28|16|32,26,6,0|24|12|40,28,4,0|32|16|5|4,5,5,4|4|0|4|0|1
002621|box_n4_H18|b000585|1,9,13,17|5|13|17|12|13|18|17|24|12|30|18|32,24,4,0|24|12|42,30,6,0|36|18|7|3,7,7,3|4|0|4|0|1
002622|box_n4_H18|b000586|1,9,13,18|5|13|18|16|13|22|18|28|16|46|22|32,22,6,0|32|16|44,26,4,0|44|22|9|5,9,9,5|4|0|4|0|1
002623|box_n4_H18|b000587|1,9,14,15|5|14|15|10|21|12|19|16|10|16|12|36,32,6,0|20|10|36,30,6,0|24|12|6|6,-1,-1,6|3|239|3|0|1
002624|box_n4_H18|b000588|1,9,14,16|5|14|16|14|14|14|16|28|14|24|14|36,26,4,0|28|14|40,30,4,0|28|14|7|7,3,3,7|8|280|8|0|1
002625|box_n4_H18|b000589|1,9,14,17|5|14|17|14|14|18|17|26|14|34|18|34,24,4,0|28|14|42,28,4,0|36|18|6|6,6,6,6|4|0|4|0|1
002626|box_n4_H18|b000590|1,9,14,18|5|14|18|16|14|22|18|28|16|46|22|36,26,6,0|32|16|44,26,4,0|44|22|10|4,10,10,4|8|315|8|0|1
002627|box_n4_H18|b000591|1,9,15,16|5|15|16|10|21|8|23|12|10|8|8|36,32,6,0|20|10|36,32,4,0|16|8|4|4,0,0,4|3|441|3|0|1
002628|box_n4_H18|b000592|1,9,15,17|5|15|17|12|19|14|21|20|12|24|14|36,28,4,0|24|12|40,30,4,0|28|14|6|6,3,3,6|3|361|3|0|1
002629|box_n4_H18|b000593|1,9,15,18|5|15|18|14|19|18|22|24|14|34|18|36,26,4,0|28|14|36,20,2,0|36|18|9|4,9,9,4|8|128|9|1|1
002630|box_n4_H18|b000594|1,9,16,17|5|16|17|12|16|12|17|20|12|22|12|40,32,4,0|24|12|42,34,4,0|24|12|5|5,3,3,5|4|0|4|0|1
002631|box_n4_H18|b000595|1,9,16,18|5|16|18|16|16|20|18|28|16|46|20|40,28,4,0|32|16|44,26,2,0|40|20|9|6,9,9,6|8|360|8|0|1
002632|box_n4_H18|b000596|1,9,17,18|5|17|18|16|17|16|18|26|16|38|16|42,32,6,0|32|16|44,30,2,0|32|16|6|6,6,6,6|4|0|4|0|1
002633|box_n4_H18|b000597|1,10,11,12|5|11|12|4|24|4|14|0|4|8|4|28,28,4,0|8|4|30,28,2,0|8|4|2|2,-1,-1,2|2|22|2|0|1
002634|box_n4_H18|b000598|1,10,11,13|5|11|13|8|14|10|16|8|8|28|10|28,24,4,0|16|8|32,22,0,0|20|10|4|4,3,3,4|2|23|2|0|1
002635|box_n4_H18|b000599|1,10,11,14|5|11|14|8|13|8|16|8|8|20|8|28,24,4,0|16|8|34,28,2,0|16|8|3|2,3,3,2|3|285|3|0|1
002636|box_n4_H18|b000600|1,10,11,15|5|11|15|4|13|12|17|-4|4|32|12|24,24,4,0|8|4|36,24,0,0|24|12|4|2,4,4,2|3|217|3|0|1
002637|box_n4_H18|b000601|1,10,11,16|5|11|16|8|13|12|18|8|8|28|12|28,24,4,0|16|8|40,30,2,0|24|12|5|2,5,5,2|3|230|3|0|1
002638|box_n4_H18|b000602|1,10,11,17|5|11|17|6|14|12|19|8|6|32|12|28,24,2,0|12|6|42,30,0,0|24|12|5|5,3,3,5|2|22|2|0|1
002639|box_n4_H18|b000603|1,10,11,18|5|11|18|8|13|14|21|12|8|36|14|28,22,2,0|16|8|44,30,0,0|28|14|6|6,4,4,6|2|33|2|0|1
002640|box_n4_H18|b000604|1,10,12,13|5|12|13|8|16|10|18|4|8|20|10|30,30,8,0|16|8|32,26,4,0|20|10|3|3,0,0,3|2|10|3|1|1
002641|box_n4_H18|b000605|1,10,12,14|5|12|14|8|14|12|16|6|8|22|12|32,32,8,0|16|8|36,30,6,0|24|12|3|3,0,0,3|4|72|6|2|1
002642|box_n4_H18|b000606|1,10,12,15|5|12|15|10|14|14|17|14|10|28|14|36,34,8,0|20|10|36,26,4,0|28|14|4|2,4,4,2|7|78|9|2|1
002643|box_n4_H18|b000607|1,10,12,16|5|12|16|10|14|14|18|18|10|28|14|32,26,4,0|20|10|40,30,4,0|28|14|6|2,6,6,2|7|58|8|1|1
002644|box_n4_H18|b000608|1,10,12,17|5|12|17|8|16|14|19|12|8|28|14|30,26,4,0|16|8|42,32,4,0|28|14|6|1,6,6,1|3|350|3|0|1
002645|box_n4_H18|b000609|1,10,12,18|5|12|18|12|14|18|21|22|12|40|18|36,30,6,0|24|12|48,34,4,0|36|18|5|5,5,5,5|18|60|24|6|1
002646|box_n4_H18|b000610|1,10,13,14|5|13|14|12|16|10|18|16|12|16|10|32,28,8,0|24|12|34,30,6,0|20|10|5|5,-1,-1,5|2|4|2|0|1
002647|box_n4_H18|b000611|1,10,13,15|5|13|15|10|16|14|19|12|10|24|14|32,30,8,0|20|10|36,28,6,0|28|14|4|4,1,1,4|3|228|3|0|1
002648|box_n4_H18|b000612|1,10,13,16|5|13|16|8|18|14|21|12|8|28|14|32,30,6,0|16|8|40,30,4,0|28|14|4|2,4,4,2|2|11|2|0|1
002649|box_n4_H18|b000613|1,10,13,17|5|13|17|14|17|16|21|28|14|28|16|32,22,4,0|28|14|42,32,6,0|32|16|7|3,7,7,3|3|250|3|0|1
002650|box_n4_H18|b000614|1,10,13,18|5|13|18|12|16|16|23|20|12|32|16|32,26,6,0|24|12|44,32,4,0|32|16|6|3,6,6,3|3|458|3|0|1
002651|box_n4_H18|b000615|1,10,14,15|5|14|15|8|16|12|18|6|8|20|12|36,38,10,0|16|8|36,30,6,0|24|12|4|4,-2,-2,4|3|296|3|0|1
002652|box_n4_H18|b000616|1,10,14,16|5|14|16|12|16|14|19|22|12|24|14|36,30,6,0|24|12|40,32,6,0|28|14|4|4,3,3,4|6|243|6|0|1
002653|box_n4_H18|b000617|1,10,14,17|5|14|17|12|18|16|21|20|12|28|16|34,28,6,0|24|12|42,32,6,0|32|16|6|2,6,6,2|3|70|3|0|1
002654|box_n4_H18|b000618|1,10,14,18|5|14|18|10|17|18|21|14|10|32|18|36,34,8,0|20|10|44,32,6,0|36|18|4|3,4,4,3|4|134|4|0|1
002655|box_n4_H18|b000619|1,10,15,16|5|15|16|12|17|12|18|20|12|16|12|36,30,6,0|24|12|36,30,6,0|24|12|6|6,0,0,6|3|302|3|0|1
002656|box_n4_H18|b000620|1,10,15,17|5|15|17|14|19|14|19|28|14|22|14|36,26,4,0|28|14|40,32,6,0|28|14|6|6,3,3,6|3|213|3|0|1
002657|box_n4_H18|b000621|1,10,15,18|5|15|18|16|18|14|21|28|16|20|14|36,26,6,0|32|16|36,26,4,0|28|14|6|4,6,6,4|7|123|9|2|1
002658|box_n4_H18|b000622|1,10,16,17|5|16|17|12|21|12|19|20|12|20|12|40,34,6,0|24|12|42,36,6,0|24|12|6|6,0,0,6|2|6|2|0|1
002659|box_n4_H18|b000623|1,10,16,18|5|16|18|14|19|16|21|24|14|32|16|40,32,6,0|28|14|44,32,4,0|32|16|6|6,4,4,6|4|117|6|2|1
002660|box_n4_H18|b000624|1,10,17,18|5|17|18|12|21|14|23|16|12|24|14|42,38,8,0|24|12|44,36,6,0|28|14|6|6,0,0,6|2|5|3|1|1
002661|box_n4_H18|b000625|1,11,12,13|5|12|13|8|12|10|13|10|8|24|10|30,28,6,0|16|8|32,26,4,0|20|10|4|4,0,0,4|4|0|4|0|1
002662|box_n4_H18|b000626|1,11,12,14|5|12|14|14|12|12|14|24|14|28|12|32,24,6,0|28|14|36,28,4,0|24|12|4|4,4,4,4|8|210|8|0|1
002663|box_n4_H18|b000627|1,11,12,15|5|12|15|14|13|12|16|28|14|28|12|36,28,6,0|28|14|36,28,4,0|24|12|5|3,5,5,3|7|98|9|2|1
002664|box_n4_H18|b000628|1,11,12,16|5|12|16|12|12|14|16|24|12|36|14|32,24,4,0|24|12|40,28,2,0|28|14|6|4,6,6,4|8|36|12|4|1
002665|box_n4_H18|b000629|1,11,12,17|5|12|17|14|12|16|17|26|14|38|16|30,20,4,0|28|14|42,30,4,0|32|16|7|4,7,7,4|4|0|4|0|1
002666|box_n4_H18|b000630|1,11,12,18|5|12|18|14|12|16|18|28|14|40|16|36,28,6,0|28|14|48,36,4,0|32|16|5|5,5,5,5|18|60|24|6|1
002667|box_n4_H18|b000631|1,11,13,14|5|13|14|12|13|12|14|16|12|22|12|32,30,10,0|24|12|34,28,6,0|24|12|5|5,-1,-1,5|4|0|4|0|1
002668|box_n4_H18|b000632|1,11,13,15|5|13|15|12|14|12|16|16|12|20|12|32,30,10,0|24|12|36,32,8,0|24|12|3|3,0,0,3|3|223|3|0|1
002669|box_n4_H18|b000633|1,11,13,16|5|13|16|14|13|16|16|24|14|36|16|32,26,8,0|28|14|40,28,4,0|32|16|5|4,5,5,4|4|0|4|0|1
002670|box_n4_H18|b000634|1,11,13,17|5|13|17|14|13|20|17|32|14|42|20|32,22,4,0|28|14|42,28,6,0|40|20|8|4,8,8,4|4|0|4|0|1
002671|box_n4_H18|b000635|1,11,13,18|5|13|18|14|13|18|18|28|14|36|18|32,24,6,0|28|14|44,32,6,0|36|18|5|5,5,5,5|4|0|4|0|1
002672|box_n4_H18|b000636|1,11,14,15|5|14|15|14|16|14|18|20|14|24|14|36,32,10,0|28|14|36,30,8,0|28|14|6|6,-1,-1,6|3|239|3|0|1
002673|box_n4_H18|b000637|1,11,14,16|5|14|16|16|14|18|16|28|16|36|18|36,28,8,0|32|16|40,28,6,0|36|18|8|8,2,2,8|8|280|8|0|1
002674|box_n4_H18|b000638|1,11,14,17|5|14|17|12|14|18|17|22|12|34|18|34,28,6,0|24|12|42,32,8,0|36|18|6|2,6,6,2|4|0|4|0|1
002675|box_n4_H18|b000639|1,11,14,18|5|14|18|14|14|18|18|24|14|32|18|36,30,8,0|28|14|44,34,8,0|36|18|5|3,5,5,3|8|315|8|0|1
002676|box_n4_H18|b000640|1,11,15,16|5|15|16|10|16|10|18|12|10|16|10|36,36,10,0|20|10|36,32,6,0|20|10|4|4,-2,-2,4|3|286|3|0|1
002677|box_n4_H18|b000641|1,11,15,17|5|15|17|14|16|16|19|28|14|28|16|36,28,6,0|28|14|40,32,8,0|32|16|5|5,3,3,5|3|286|3|0|1
002678|box_n4_H18|b000642|1,11,15,18|5|15|18|16|18|14|21|28|16|20|14|36,28,8,0|32|16|36,28,6,0|28|14|6|2,6,6,2|7|147|9|2|1
002679|box_n4_H18|b000643|1,11,16,17|5|16|17|16|16|18|17|28|16|34|18|40,32,8,0|32|16|42,32,8,0|36|18|6|6,3,3,6|4|0|4|0|1
002680|box_n4_H18|b000644|1,11,16,18|5|16|18|16|16|18|18|28|16|36|18|40,32,8,0|32|16|44,32,6,0|36|18|6|6,4,4,6|8|360|8|0|1
002681|box_n4_H18|b000645|1,11,17,18|5|17|18|14|17|14|18|26|14|24|14|42,36,8,0|28|14|44,38,8,0|28|14|7|7,-1,-1,7|4|0|4|0|1
002682|box_n4_H18|b000646|1,12,13,14|5|13|14|8|13|8|14|8|8|20|8|32,30,6,0|16|8|34,28,2,0|16|8|3|3,1,1,3|4|0|4|0|1
002683|box_n4_H18|b000647|1,12,13,15|5|13|15|10|14|10|16|12|10|20|10|32,28,6,0|20|10|36,30,4,0|20|10|4|4,1,1,4|3|228|3|0|1
002684|box_n4_H18|b000648|1,12,13,16|5|13|16|14|13|14|16|20|14|36|14|32,24,6,0|28|14|40,28,2,0|28|14|8|2,8,8,2|4|0|4|0|1
002685|box_n4_H18|b000649|1,12,13,17|5|13|17|12|13|16|17|20|12|42|16|32,24,4,0|24|12|42,28,2,0|32|16|6|6,5,5,6|4|0|4|0|1
002686|box_n4_H18|b000650|1,12,13,18|5|13|18|12|13|18|18|20|12|44|18|32,24,4,0|24|12|44,28,2,0|36|18|6|6,6,6,6|4|0|4|0|1
002687|box_n4_H18|b000651|1,12,14,15|5|14|15|12|16|10|23|18|12|16|10|36,32,8,0|24|12|36,32,6,0|20|10|4|4,0,0,4|2|6|3|1|1
002688|box_n4_H18|b000652|1,12,14,16|5|14|16|14|14|14|16|22|14|28|14|36,30,8,0|28|14|40,32,6,0|28|14|4|4,3,3,4|8|280|8|0|1
002689|box_n4_H18|b000653|1,12,14,17|5|14|17|16|14|18|17|28|16|42|18|34,24,6,0|32|16|42,28,4,0|36|18|8|4,8,8,4|4|0|4|0|1
002690|box_n4_H18|b000654|1,12,14,18|5|14|18|14|14|20|18|30|14|44|20|36,26,4,0|28|14|44,28,4,0|40|20|8|5,8,8,5|8|315|8|0|1
002691|box_n4_H18|b000655|1,12,15,16|5|15|16|14|16|12|18|16|14|20|12|36,32,10,0|28|14|36,30,6,0|24|12|4|4,1,1,4|3|364|3|0|1
002692|box_n4_H18|b000656|1,12,15,17|5|15|17|14|16|16|19|20|14|28|16|36,30,8,0|28|14|40,32,8,0|32|16|6|6,1,1,6|3|302|3|0|1
002693|box_n4_H18|b000657|1,12,15,18|5|15|18|10|22|16|21|16|10|24|16|36,32,6,0|20|10|36,26,6,0|32|16|6|1,6,6,1|8|123|9|1|1
002694|box_n4_H18|b000658|1,12,16,17|5|16|17|12|16|18|17|20|12|34|18|40,36,8,0|24|12|42,32,8,0|36|18|5|5,2,2,5|4|0|4|0|1
002695|box_n4_H18|b000659|1,12,16,18|5|16|18|14|16|22|18|28|14|44|22|40,32,6,0|28|14|44,28,6,0|44|22|6|6,6,6,6|8|360|8|0|1
002696|box_n4_H18|b000660|1,12,17,18|5|17|18|14|17|18|18|22|14|36|18|42,38,10,0|28|14|44,32,6,0|36|18|8|8,0,0,8|4|0|4|0|1
002697|box_n4_H18|b000661|1,13,14,15|5|14|15|6|29|6|19|4|6|12|6|36,36,6,0|12|6|36,32,2,0|12|6|3|3,-1,-1,3|2|11|3|1|1
002698|box_n4_H18|b000662|1,13,14,16|5|14|16|14|14|12|16|20|14|28|12|36,28,6,0|28|14|40,32,4,0|24|12|5|5,3,3,5|8|280|8|0|1
002699|box_n4_H18|b000663|1,13,14,17|5|14|17|14|14|16|17|18|14|42|16|34,26,6,0|28|14|42,28,2,0|32|16|7|4,7,7,4|4|0|4|0|1
002700|box_n4_H18|b000664|1,13,14,18|5|14|18|10|14|12|18|16|10|32|12|36,30,4,0|20|10|44,34,2,0|24|12|5|3,5,5,3|8|315|8|0|1
002701|box_n4_H18|b000665|1,13,15,16|5|15|16|12|16|10|23|12|12|16|10|36,32,8,0|24|12|36,32,6,0|20|10|5|5,-1,-1,5|3|361|3|0|1
002702|box_n4_H18|b000666|1,13,15,17|5|15|17|12|16|14|21|12|12|28|14|36,32,8,0|24|12|40,32,6,0|28|14|4|4,2,2,4|3|516|3|0|1
002703|box_n4_H18|b000667|1,13,15,18|5|15|18|12|19|12|26|16|12|20|12|36,30,6,0|24|12|36,28,4,0|24|12|4|3,4,4,3|7|196|9|2|1
002704|box_n4_H18|b000668|1,13,16,17|5|16|17|18|16|18|17|28|18|34|18|40,32,10,0|36|18|42,32,8,0|36|18|7|7,2,2,7|4|0|4|0|1
002705|box_n4_H18|b000669|1,13,16,18|5|16|18|16|16|20|18|28|16|36|20|40,32,8,0|32|16|44,32,8,0|40|20|7|7,3,3,7|8|360|8|0|1
002706|box_n4_H18|b000670|1,13,17,18|5|17|18|14|17|16|18|22|14|28|16|42,38,10,0|28|14|44,36,8,0|32|16|7|7,-1,-1,7|4|0|4|0|1
002707|box_n4_H18|b000671|1,14,15,16|5|15|16|6|31|6|19|0|6|12|6|36,36,6,0|12|6|36,32,2,0|12|6|3|3,-1,-1,3|2|109|2|0|1
002708|box_n4_H18|b000672|1,14,15,17|5|15|17|12|19|12|21|12|12|28|12|36,30,6,0|24|12|40,32,4,0|24|12|4|4,3,3,4|3|213|3|0|1
002709|box_n4_H18|b000673|1,14,15,18|5|15|18|14|18|10|21|16|14|20|10|36,28,6,0|28|14|36,28,2,0|20|10|6|2,6,6,2|7|104|9|2|1
002710|box_n4_H18|b000674|1,14,16,17|5|16|17|14|16|16|17|20|14|34|16|40,34,8,0|28|14|42,32,6,0|32|16|6|6,2,2,6|4|0|4|0|1
002711|box_n4_H18|b000675|1,14,16,18|5|16|18|16|16|18|18|24|16|36|18|40,32,8,0|32|16|44,32,6,0|36|18|6|4,6,6,4|8|360|8|0|1
002712|box_n4_H18|b000676|1,14,17,18|5|17|18|18|17|16|18|26|18|28|16|42,36,12,0|36|18|44,36,8,0|32|16|6|6,1,1,6|4|0|4|0|1
002713|box_n4_H18|b000677|1,15,16,17|5|16|17|6|34|8|19|0|6|20|8|40,40,6,0|12|6|42,36,2,0|16|8|4|4,-1,-1,4|2|32|2|0|1
002714|box_n4_H18|b000678|1,15,16,18|5|16|18|12|19|10|21|12|12|20|10|40,34,6,0|24|12|44,38,4,0|20|10|4|4,2,2,4|4|72|6|2|1
002715|box_n4_H18|b000679|1,15,17,18|5|17|18|14|21|10|28|16|14|12|10|42,38,10,0|28|14|44,42,8,0|20|10|4|4,-1,-1,4|2|10|3|1|1
002716|box_n4_H18|b000680|1,16,17,18|5|17|18|10|17|10|18|10|10|24|10|42,40,8,0|20|10|44,38,4,0|20|10|4|4,0,0,4|4|0|4|0|1
002717|box_n4_H18|b000681|2,3,4,5|5|4|5|4|2|4|3|10|4|8|4|12,10,2,0|8|4|12,8,0,0|8|4|3|0,3,3,0|3|46|3|0|1
002718|box_n4_H18|b000682|2,3,4,6|5|4|6|6|2|8|3|14|6|22|8|12,8,2,0|12|6|16,8,0,0|16|8|4|2,4,4,2|8|30|8|0|0
002719|box_n4_H18|b000683|2,3,4,7|5|4|7|6|2|8|4|12|6|18|8|10,6,2,0|12|6|18,12,2,0|16|8|3|3,2,2,3|4|0|4|0|0
002720|box_n4_H18|b000684|2,3,4,8|5|4|8|8|2|10|4|22|8|24|10|16,10,2,0|16|8|24,16,2,0|20|10|4|3,4,4,3|12|18|12|0|0
002721|box_n4_H18|b000685|2,3,4,9|5|4|9|6|3|10|6|12|6|24|10|10,6,2,0|12|6|22,12,0,0|20|10|5|2,5,5,2|4|0|4|0|0
002722|box_n4_H18|b000686|2,3,4,10|5|4|10|2|3|8|6|2|2|16|8|8,8,2,0|4|2|24,18,2,0|16|8|2|1,2,2,1|4|21|6|2|1
002723|box_n4_H18|b000687|2,3,4,11|5|4|11|6|3|12|6|12|6|28|12|10,6,2,0|12|6|28,18,2,0|24|12|4|3,4,4,3|4|0|4|0|0
002724|box_n4_H18|b000688|2,3,4,12|5|4|12|8|2|14|6|22|8|34|14|16,10,2,0|16|8|32,20,2,0|28|14|5|4,5,5,4|12|27|12|0|0
002725|box_n4_H18|b000689|2,3,4,13|5|4|13|6|2|14|7|12|6|32|14|10,6,2,0|12|6|32,20,2,0|28|14|6|2,6,6,2|4|0|4|0|0
002726|box_n4_H18|b000690|2,3,4,14|5|4|14|6|2|16|7|14|6|38|16|12,8,2,0|12|6|36,22,2,0|32|16|7|2,7,7,2|8|70|8|0|0
002727|box_n4_H18|b000691|2,3,4,15|5|4|15|4|2|12|8|10|4|24|12|12,10,2,0|8|4|36,26,2,0|24|12|5|1,5,5,1|3|138|3|0|0
002728|box_n4_H18|b000692|2,3,4,16|5|4|16|8|2|16|8|22|8|36|16|16,10,2,0|16|8|40,26,2,0|32|16|7|3,7,7,3|12|36|12|0|0
002729|box_n4_H18|b000693|2,3,4,17|5|4|17|8|2|16|9|20|8|38|16|10,2,0,0|16|8|42,26,0,0|32|16|6|6,6,6,6|4|0|4|0|0
002730|box_n4_H18|b000694|2,3,4,18|5|4|18|8|2|18|9|22|8|44|18|12,4,0,0|16|8|44,26,0,0|36|18|7|6,7,7,6|8|90|8|0|0
002731|box_n4_H18|b000695|2,3,5,6|5|5|6|4|3|6|3|4|4|14|6|12,10,2,0|8|4|12,6,0,0|12|6|3|1,3,3,1|3|26|3|0|0
002732|box_n4_H18|b000696|2,3,5,7|5|5|7|2|6|4|4|0|2|8|4|12,12,2,0|4|2|16,14,2,0|8|4|2|2,-1,-1,2|2|13|2|0|0
002733|box_n4_H18|b000697|2,3,5,8|5|5|8|2|4|4|4|0|2|8|4|12,12,2,0|4|2|20,18,2,0|8|4|2|2,-1,-1,2|2|12|2|0|1
002734|box_n4_H18|b000698|2,3,5,9|5|5|9|2|4|8|6|0|2|18|8|12,12,2,0|4|2|24,18,2,0|16|8|2|2,1,1,2|3|21|3|0|1
002735|box_n4_H18|b000699|2,3,5,10|5|5|10|6|3|10|6|16|6|22|10|20,16,2,0|12|6|30,24,4,0|20|10|3|2,3,3,2|12|10|20|8|1
002736|box_n4_H18|b000700|2,3,5,11|5|5|11|6|3|8|6|8|6|16|8|12,8,2,0|12|6|24,18,2,0|16|8|3|3,2,2,3|3|24|3|0|1
002737|box_n4_H18|b000701|2,3,5,12|5|5|12|2|3|10|6|0|2|22|10|12,12,2,0|4|2|28,20,2,0|20|10|2|2,2,2,2|2|4|3|1|1
002738|box_n4_H18|b000702|2,3,5,13|5|5|13|2|3|10|7|0|2|20|10|12,12,2,0|4|2|32,26,4,0|20|10|3|0,3,3,0|2|6|2|0|0
002739|box_n4_H18|b000703|2,3,5,14|5|5|14|6|3|12|7|8|6|26|12|12,8,2,0|12|6|36,28,4,0|24|12|4|2,4,4,2|3|21|3|0|0
002740|box_n4_H18|b000704|2,3,5,15|5|5|15|6|3|12|8|16|6|24|12|20,16,2,0|12|6|40,32,4,0|24|12|3|3,3,3,3|12|15|20|8|0
002741|box_n4_H18|b000705|2,3,5,16|5|5|16|2|4|10|8|0|2|20|10|12,12,2,0|4|2|36,28,2,0|20|10|2|2,2,2,2|2|24|3|1|0
002742|box_n4_H18|b000706|2,3,5,17|5|5|17|2|4|12|9|0|2|24|12|12,12,2,0|4|2|40,30,2,0|24|12|3|2,3,3,2|3|77|3|0|0
002743|box_n4_H18|b000707|2,3,5,18|5|5|18|2|6|16|9|0|2|36|16|12,12,2,0|4|2|44,30,2,0|32|16|4|3,4,4,3|3|47|3|0|0
002744|box_n4_H18|b000708|2,3,6,7|5|6|7|8|3|10|4|18|8|22|10|16,10,2,0|16|8|18,10,2,0|20|10|4|3,4,4,3|4|0|4|0|0
002745|box_n4_H18|b000709|2,3,6,8|5|6|8|6|3|8|4|14|6|16|8|16,12,2,0|12|6|20,14,2,0|16|8|3|3,2,2,3|8|60|8|0|0
002746|box_n4_H18|b000710|2,3,6,9|5|6|9|8|4|10|6|20|8|22|10|18,12,2,0|16|8|24,16,2,0|20|10|4|4,3,3,4|12|30|12|0|0
002747|box_n4_H18|b000711|2,3,6,10|5|6|10|6|4|8|6|14|6|12|8|16,12,2,0|12|6|24,20,4,0|16|8|2|2,2,2,2|5|26|6|1|1
002748|box_n4_H18|b000712|2,3,6,11|5|6|11|8|4|14|6|18|8|28|14|16,10,2,0|16|8|28,18,4,0|28|14|4|4,4,4,4|4|0|4|0|1
002749|box_n4_H18|b000713|2,3,6,12|5|6|12|12|3|16|6|34|12|38|16|24,14,2,0|24|12|36,24,4,0|32|16|6|5,6,6,5|20|10|24|4|1
002750|box_n4_H18|b000714|2,3,6,13|5|6|13|10|3|14|7|22|10|28|14|16,8,2,0|20|10|32,22,4,0|28|14|6|3,6,6,3|4|0|4|0|1
002751|box_n4_H18|b000715|2,3,6,14|5|6|14|10|3|16|7|22|10|34|16|16,8,2,0|20|10|36,24,4,0|32|16|8|2,8,8,2|8|105|8|0|1
002752|box_n4_H18|b000716|2,3,6,15|5|6|15|4|3|12|8|6|4|20|12|12,10,2,0|8|4|36,28,4,0|24|12|4|1,4,4,1|7|27|9|2|1
002753|box_n4_H18|b000717|2,3,6,16|5|6|16|10|3|16|8|22|10|32|16|16,8,2,0|20|10|40,28,4,0|32|16|7|3,7,7,3|8|120|8|0|0
002754|box_n4_H18|b000718|2,3,6,17|5|6|17|10|3|16|9|22|10|30|16|16,8,2,0|20|10|42,30,4,0|32|16|5|5,5,5,5|4|0|4|0|0
002755|box_n4_H18|b000719|2,3,6,18|5|6|18|12|3|20|9|34|12|44|20|24,14,2,0|24|12|48,32,4,0|40|20|7|6,7,7,6|20|15|24|4|0
002756|box_n4_H18|b000720|2,3,7,8|5|7|8|6|6|10|4|10|6|20|10|18,16,4,0|12|6|20,12,2,0|20|10|4|4,1,1,4|4|0|4|0|0
002757|box_n4_H18|b000721|2,3,7,9|5|7|9|8|6|8|8|14|8|16|8|18,14,4,0|16|8|22,16,2,0|16|8|4|4,1,1,4|4|0|4|0|0
002758|box_n4_H18|b000722|2,3,7,10|5|7|10|6|6|6|9|8|6|8|6|16,14,4,0|12|6|24,22,4,0|12|6|3|3,-1,-1,3|3|43|3|0|1
002759|box_n4_H18|b000723|2,3,7,11|5|7|11|8|4|12|6|14|8|24|12|18,14,4,0|16|8|28,20,4,0|24|12|4|4,2,2,4|4|0|4|0|1
002760|box_n4_H18|b000724|2,3,7,12|5|7|12|8|4|12|6|14|8|24|12|18,14,4,0|16|8|30,22,4,0|24|12|5|5,1,1,5|4|0|4|0|1
002761|box_n4_H18|b000725|2,3,7,13|5|7|13|10|4|12|7|18|10|20|12|18,12,4,0|20|10|32,26,6,0|24|12|5|5,1,1,5|4|0|4|0|1
002762|box_n4_H18|b000726|2,3,7,14|5|7|14|12|4|18|7|32|12|40|18|28,20,4,0|24|12|42,30,6,0|36|18|6|4,6,6,4|18|10|28|10|1
002763|box_n4_H18|b000727|2,3,7,15|5|7|15|6|4|14|8|12|6|24|14|16,12,2,0|12|6|36,26,4,0|28|14|4|3,4,4,3|3|62|3|0|1
002764|box_n4_H18|b000728|2,3,7,16|5|7|16|8|6|16|8|18|8|32|16|18,12,2,0|16|8|40,28,4,0|32|16|5|4,5,5,4|4|0|4|0|1
002765|box_n4_H18|b000729|2,3,7,17|5|7|17|6|7|14|9|14|6|26|14|18,14,2,0|12|6|42,32,4,0|28|14|5|5,2,2,5|4|0|4|0|1
002766|box_n4_H18|b000730|2,3,7,18|5|7|18|6|7|18|9|14|6|36|18|18,14,2,0|12|6|44,30,4,0|36|18|5|5,4,4,5|4|0|4|0|0
002767|box_n4_H18|b000731|2,3,8,9|5|8|9|8|6|8|7|12|8|16|8|20,16,4,0|16|8|22,16,2,0|16|8|3|2,3,3,2|4|0|4|0|0
002768|box_n4_H18|b000732|2,3,8,10|5|8|10|6|6|6|8|12|6|8|6|24,22,4,0|12|6|24,22,4,0|12|6|3|3,-1,-1,3|4|29|6|2|1
002769|box_n4_H18|b000733|2,3,8,11|5|8|11|8|6|8|9|12|8|16|8|20,16,4,0|16|8|28,24,4,0|16|8|4|4,0,0,4|4|0|4|0|1
002770|box_n4_H18|b000734|2,3,8,12|5|8|12|10|4|12|6|20|10|26|12|24,18,4,0|20|10|32,24,4,0|24|12|7|7,0,0,7|12|54|12|0|1
002771|box_n4_H18|b000735|2,3,8,13|5|8|13|8|4|10|11|12|8|16|10|20,16,4,0|16|8|32,28,6,0|20|10|3|3,1,1,3|4|0|4|0|1
002772|box_n4_H18|b000736|2,3,8,14|5|8|14|8|4|12|7|12|8|22|12|20,16,4,0|16|8|36,30,6,0|24|12|3|2,3,3,2|8|140|8|0|1
002773|box_n4_H18|b000737|2,3,8,15|5|8|15|8|4|8|12|12|8|8|8|20,16,4,0|16|8|36,34,6,0|16|8|3|3,0,0,3|3|143|3|0|1
002774|box_n4_H18|b000738|2,3,8,16|5|8|16|12|4|16|8|32|12|36|16|32,24,4,0|24|12|48,38,6,0|32|16|5|4,5,5,4|20|10|32|12|1
002775|box_n4_H18|b000739|2,3,8,17|5|8|17|8|4|14|13|16|8|26|14|20,14,2,0|16|8|42,32,4,0|28|14|5|5,3,3,5|4|0|4|0|1
002776|box_n4_H18|b000740|2,3,8,18|5|8|18|8|4|14|9|16|8|28|14|20,14,2,0|16|8|44,34,4,0|28|14|6|6,2,2,6|8|180|8|0|1
002777|box_n4_H18|b000741|2,3,9,10|5|9|10|10|6|8|7|18|10|12|8|24,18,4,0|20|10|24,20,4,0|16|8|3|2,3,3,2|3|42|3|0|1
002778|box_n4_H18|b000742|2,3,9,11|5|9|11|10|6|10|8|16|10|20|10|22,16,4,0|20|10|28,22,4,0|20|10|5|5,1,1,5|4|0|4|0|1
002779|box_n4_H18|b000743|2,3,9,12|5|9|12|8|6|12|8|14|8|24|12|24,20,4,0|16|8|30,22,4,0|24|12|5|5,1,1,5|12|60|12|0|1
002780|box_n4_H18|b000744|2,3,9,13|5|9|13|10|6|14|9|16|10|24|14|22,16,4,0|20|10|32,24,6,0|28|14|4|4,3,3,4|4|0|4|0|1
002781|box_n4_H18|b000745|2,3,9,14|5|9|14|10|8|12|11|16|10|20|12|22,16,4,0|20|10|34,28,6,0|24|12|4|2,4,4,2|4|0|4|0|1
002782|box_n4_H18|b000746|2,3,9,15|5|9|15|6|7|10|11|10|6|12|10|24,22,4,0|12|6|36,32,6,0|20|10|2|2,1,1,2|5|46|9|4|1
002783|box_n4_H18|b000747|2,3,9,16|5|9|16|8|7|14|11|12|8|24|14|22,18,4,0|16|8|40,32,6,0|28|14|3|3,3,3,3|4|0|4|0|1
002784|box_n4_H18|b000748|2,3,9,17|5|9|17|10|6|16|12|16|10|26|16|22,16,4,0|20|10|42,32,6,0|32|16|4|4,4,4,4|4|0|4|0|1
002785|box_n4_H18|b000749|2,3,9,18|5|9|18|14|6|20|12|38|14|46|20|36,26,4,0|28|14|54,40,6,0|40|20|7|5,7,7,5|26|20|36|10|1
002786|box_n4_H18|b000750|2,3,10,11|5|10|11|10|6|10|7|12|10|16|10|24,20,6,0|20|10|24,18,4,0|20|10|3|3,2,2,3|3|47|3|0|1
002787|box_n4_H18|b000751|2,3,10,12|5|10|12|6|6|8|8|4|6|10|8|24,24,6,0|12|6|24,20,4,0|16|8|4|4,-2,-2,4|4|44|4|0|1
002788|box_n4_H18|b000752|2,3,10,13|5|10|13|6|6|10|8|4|6|16|10|24,24,6,0|12|6|32,28,6,0|20|10|3|3,-1,-1,3|3|51|3|0|1
002789|box_n4_H18|b000753|2,3,10,14|5|10|14|10|6|12|9|16|10|18|12|24,18,4,0|20|10|32,26,6,0|24|12|3|3,3,3,3|5|71|6|1|1
002790|box_n4_H18|b000754|2,3,10,15|5|10|15|10|6|14|9|22|10|24|14|30,24,4,0|20|10|40,32,6,0|28|14|4|4,3,3,4|12|30|20|8|1
002791|box_n4_H18|b000755|2,3,10,16|5|10|16|6|7|14|11|8|6|24|14|24,22,4,0|12|6|40,32,6,0|28|14|3|3,2,2,3|5|79|6|1|1
002792|box_n4_H18|b000756|2,3,10,17|5|10|17|8|7|14|11|12|8|20|14|24,20,4,0|16|8|40,32,6,0|28|14|3|3,3,3,3|3|99|3|0|1
002793|box_n4_H18|b000757|2,3,10,18|5|10|18|8|7|18|11|12|8|36|18|24,20,4,0|16|8|48,36,6,0|36|18|4|4,4,4,4|6|97|6|0|1
002794|box_n4_H18|b000758|2,3,11,12|5|11|12|12|6|14|7|20|12|28|14|28,22,6,0|24|12|30,20,4,0|28|14|4|4,4,4,4|4|0|4|0|1
002795|box_n4_H18|b000759|2,3,11,13|5|11|13|10|6|12|8|16|10|20|12|28,24,6,0|20|10|32,26,6,0|24|12|5|5,0,0,5|4|0|4|0|1
002796|box_n4_H18|b000760|2,3,11,14|5|11|14|14|6|14|8|24|14|24|14|28,20,6,0|28|14|34,26,6,0|28|14|6|6,2,2,6|4|0|4|0|1
002797|box_n4_H18|b000761|2,3,11,15|5|11|15|8|6|14|9|12|8|20|14|24,20,4,0|16|8|36,28,6,0|28|14|4|4,2,2,4|3|136|3|0|1
002798|box_n4_H18|b000762|2,3,11,16|5|11|16|14|6|18|9|28|14|32|18|28,18,4,0|28|14|40,28,6,0|36|18|6|5,6,6,5|4|0|4|0|1
002799|box_n4_H18|b000763|2,3,11,17|5|11|17|12|8|16|11|24|12|26|16|28,20,4,0|24|12|42,32,6,0|32|16|5|5,4,4,5|4|0|4|0|1
002800|box_n4_H18|b000764|2,3,11,18|5|11|18|12|7|18|11|24|12|32|18|28,20,4,0|24|12|44,32,6,0|36|18|5|5,5,5,5|4|0|4|0|1
002801|box_n4_H18|b000765|2,3,12,13|5|12|13|14|6|14|7|24|14|24|14|30,22,6,0|28|14|32,24,6,0|28|14|5|5,3,3,5|4|0|4|0|1
002802|box_n4_H18|b000766|2,3,12,14|5|12|14|14|6|14|7|26|14|26|14|32,24,6,0|28|14|36,28,6,0|28|14|6|6,2,2,6|8|210|8|0|1
002803|box_n4_H18|b000767|2,3,12,15|5|12|15|12|6|12|8|26|12|16|12|36,30,6,0|24|12|36,30,6,0|24|12|6|6,0,0,6|7|71|9|2|1
002804|box_n4_H18|b000768|2,3,12,16|5|12|16|14|6|16|8|26|14|28|16|32,24,6,0|28|14|40,30,6,0|32|16|6|6,3,3,6|12|108|12|0|1
002805|box_n4_H18|b000769|2,3,12,17|5|12|17|14|6|16|9|28|14|26|16|30,20,4,0|28|14|42,32,6,0|32|16|7|7,3,3,7|4|0|4|0|1
002806|box_n4_H18|b000770|2,3,12,18|5|12|18|16|6|20|9|38|16|40|20|36,24,4,0|32|16|48,34,6,0|40|20|10|10,3,3,10|20|30|24|4|1
002807|box_n4_H18|b000771|2,3,13,14|5|13|14|16|7|16|7|28|16|28|16|32,22,6,0|32|16|34,24,6,0|32|16|7|3,7,7,3|4|0|4|0|1
002808|box_n4_H18|b000772|2,3,13,15|5|13|15|10|7|12|8|16|10|16|12|32,28,6,0|20|10|36,30,6,0|24|12|5|5,0,0,5|3|158|3|0|1
002809|box_n4_H18|b000773|2,3,13,16|5|13|16|12|7|16|8|20|12|28|16|32,26,6,0|24|12|40,30,6,0|32|16|7|7,1,1,7|4|0|4|0|1
002810|box_n4_H18|b000774|2,3,13,17|5|13|17|10|9|16|9|16|10|26|16|32,28,6,0|20|10|42,32,6,0|32|16|6|6,1,1,6|4|0|4|0|1
002811|box_n4_H18|b000775|2,3,13,18|5|13|18|14|8|20|9|28|14|36|20|32,22,4,0|28|14|44,30,6,0|40|20|7|7,5,5,7|4|0|4|0|1
002812|box_n4_H18|b000776|2,3,14,15|5|14|15|14|7|14|8|26|14|20|14|36,28,6,0|28|14|36,28,6,0|28|14|5|3,5,5,3|3|63|3|0|1
002813|box_n4_H18|b000777|2,3,14,16|5|14|16|12|7|16|8|22|12|28|16|36,30,6,0|24|12|40,30,6,0|32|16|6|6,2,2,6|8|280|8|0|1
002814|box_n4_H18|b000778|2,3,14,17|5|14|17|10|7|14|9|16|10|22|14|34,30,6,0|20|10|42,34,6,0|28|14|5|5,1,1,5|4|0|4|0|1
002815|box_n4_H18|b000779|2,3,14,18|5|14|18|14|7|20|9|26|14|36|20|36,28,6,0|28|14|44,30,6,0|40|20|6|6,5,5,6|8|315|8|0|1
002816|box_n4_H18|b000780|2,3,15,16|5|15|16|12|8|14|8|16|12|20|14|36,30,6,0|24|12|36,28,6,0|28|14|4|3,4,4,3|3|88|3|0|1
002817|box_n4_H18|b000781|2,3,15,17|5|15|17|8|11|10|9|8|8|12|10|36,34,6,0|16|8|40,36,6,0|20|10|5|5,-2,-2,5|3|293|3|0|1
002818|box_n4_H18|b000782|2,3,15,18|5|15|18|8|11|10|9|8|8|8|10|36,34,6,0|16|8|36,32,6,0|20|10|5|5,-2,-2,5|6|74|9|3|1
002819|box_n4_H18|b000783|2,3,16,17|5|16|17|16|8|16|9|28|16|26|16|40,30,6,0|32|16|42,32,6,0|32|16|5|5,5,5,5|4|0|4|0|1
002820|box_n4_H18|b000784|2,3,16,18|5|16|18|14|8|16|9|24|14|28|16|40,32,6,0|28|14|44,34,6,0|32|16|8|8,1,1,8|8|360|8|0|1
002821|box_n4_H18|b000785|2,3,17,18|5|17|18|16|11|20|9|26|16|36|20|42,32,6,0|32|16|44,30,6,0|40|20|7|7,5,5,7|4|0|4|0|1
002822|box_n4_H18|b000786|2,4,5,6|5|5|6|2|3|6|3|4|2|12|6|12,12,2,0|4|2|12,8,2,0|12|6|2|0,2,2,0|3|3|3|0|1
002823|box_n4_H18|b000787|2,4,5,7|5|5|7|4|8|6|4|4|4|12|6|12,12,4,0|8|4|16,14,4,0|12|6|1|1,0,0,1|2|13|2|0|1
002824|box_n4_H18|b000788|2,4,5,8|5|5|8|4|4|10|4|8|4|24|10|12,10,2,0|8|4|20,12,2,0|20|10|3|2,3,3,2|3|4|3|0|1
002825|box_n4_H18|b000789|2,4,5,9|5|5|9|4|4|8|6|4|4|16|8|12,12,4,0|8|4|24,22,6,0|16|8|3|3,-2,-2,3|3|21|3|0|1
002826|box_n4_H18|b000790|2,4,5,10|5|5|10|8|3|12|6|20|8|26|12|20,16,4,0|16|8|30,24,6,0|24|12|3|2,3,3,2|12|20|20|8|1
002827|box_n4_H18|b000791|2,4,5,11|5|5|11|6|3|12|6|8|6|24|12|12,10,4,0|12|6|24,16,4,0|24|12|4|1,4,4,1|3|24|3|0|1
002828|box_n4_H18|b000792|2,4,5,12|5|5|12|4|3|14|6|4|4|32|14|12,12,4,0|8|4|28,18,4,0|28|14|3|3,2,2,3|3|49|3|0|1
002829|box_n4_H18|b000793|2,4,5,13|5|5|13|4|3|12|7|4|4|24|12|12,12,4,0|8|4|32,26,6,0|24|12|2|1,2,2,1|3|46|3|0|0
002830|box_n4_H18|b000794|2,4,5,14|5|5|14|6|3|16|7|8|6|36|16|12,10,4,0|12|6|36,28,8,0|32|16|3|3,2,2,3|3|21|3|0|0
002831|box_n4_H18|b000795|2,4,5,15|5|5|15|8|3|16|8|20|8|32|16|20,16,4,0|16|8|40,32,8,0|32|16|3|3,3,3,3|12|30|20|8|0
002832|box_n4_H18|b000796|2,4,5,16|5|5|16|4|4|16|8|4|4|32|16|12,12,4,0|8|4|36,26,6,0|32|16|4|4,1,1,4|3|24|3|0|0
002833|box_n4_H18|b000797|2,4,5,17|5|5|17|4|4|16|9|8|4|32|16|12,10,2,0|8|4|40,32,8,0|32|16|4|1,4,4,1|3|21|3|0|0
002834|box_n4_H18|b000798|2,4,5,18|5|5|18|4|8|20|9|4|4|40|20|12,12,4,0|8|4|44,34,10,0|40|20|3|2,3,3,2|3|27|3|0|0
002835|box_n4_H18|b000799|2,4,6,7|5|6|7|8|3|8|4|16|8|22|8|16,12,4,0|16|8|18,12,2,0|16|8|4|1,4,4,1|4|0|4|0|0
002836|box_n4_H18|b000800|2,4,6,9|5|6|9|10|4|8|6|22|10|20|8|18,12,4,0|20|10|24,20,4,0|16|8|3|3,2,2,3|10|30|12|2|0
002837|box_n4_H18|b000801|2,4,6,11|5|6|11|8|4|10|6|20|8|28|10|16,10,2,0|16|8|28,20,2,0|20|10|5|5,2,2,5|4|0|4|0|1
002838|box_n4_H18|b000802|2,4,6,13|5|6|13|10|3|10|7|24|10|28|10|16,8,2,0|20|10|32,24,2,0|20|10|4|4,4,4,4|4|0|4|0|1
002839|box_n4_H18|b000803|2,4,6,15|5|6|15|6|3|8|8|12|6|20|8|12,8,2,0|12|6|36,32,4,0|16|8|2|2,2,2,2|6|21|9|3|1
002840|box_n4_H18|b000804|2,4,6,17|5|6|17|10|3|12|9|24|10|30|12|16,8,2,0|20|10|42,36,6,0|24|12|4|3,4,4,3|4|0|4|0|0
002841|box_n4_H18|b000805|2,4,7,8|5|7|8|10|6|12|4|22|10|28|12|18,12,4,0|20|10|20,10,2,0|24|12|5|3,5,5,3|4|0|4|0|0
002842|box_n4_H18|b000806|2,4,7,9|5|7|9|8|6|10|8|18|8|18|10|18,14,4,0|16|8|22,18,6,0|20|10|2|2,2,2,2|4|0|4|0|0
002843|box_n4_H18|b000807|2,4,7,10|5|7|10|6|6|10|9|12|6|16|10|16,14,4,0|12|6|24,20,6,0|20|10|2|1,2,2,1|3|43|3|0|1
002844|box_n4_H18|b000808|2,4,7,11|5|7|11|10|4|12|6|22|10|24|12|18,12,4,0|20|10|28,22,6,0|24|12|5|5,1,1,5|4|0|4|0|1
002845|box_n4_H18|b000809|2,4,7,12|5|7|12|10|4|16|6|22|10|34|16|18,12,4,0|20|10|30,20,6,0|32|16|5|5,3,3,5|4|0|4|0|1
002846|box_n4_H18|b000810|2,4,7,13|5|7|13|10|4|16|7|22|10|28|16|18,12,4,0|20|10|32,24,8,0|32|16|4|4,3,3,4|4|0|4|0|1
002847|box_n4_H18|b000811|2,4,7,14|5|7|14|14|4|22|7|36|14|50|22|28,20,6,0|28|14|42,30,10,0|44|22|6|4,6,6,4|24|10|28|4|1
002848|box_n4_H18|b000812|2,4,7,15|5|7|15|8|4|16|8|16|8|32|16|16,12,4,0|16|8|36,26,6,0|32|16|5|5,2,2,5|3|62|3|0|1
002849|box_n4_H18|b000813|2,4,7,16|5|7|16|8|6|20|8|14|8|40|20|18,16,6,0|16|8|40,28,8,0|40|20|5|5,2,2,5|4|0|4|0|1
002850|box_n4_H18|b000814|2,4,7,17|5|7|17|8|7|20|9|14|8|38|20|18,16,6,0|16|8|42,32,10,0|40|20|4|2,4,4,2|4|0|4|0|1
002851|box_n4_H18|b000815|2,4,7,18|5|7|18|8|7|20|9|14|8|40|20|18,16,6,0|16|8|44,34,10,0|40|20|4|4,2,2,4|4|0|4|0|0
002852|box_n4_H18|b000816|2,4,8,9|5|8|9|10|6|10|7|20|10|22|10|20,14,4,0|20|10|22,16,4,0|20|10|5|1,5,5,1|4|0|4|0|0
002853|box_n4_H18|b000817|2,4,8,11|5|8|11|10|6|12|9|20|10|28|12|20,14,4,0|20|10|28,20,4,0|24|12|5|2,5,5,2|4|0|4|0|1
002854|box_n4_H18|b000818|2,4,8,13|5|8|13|12|4|12|11|28|12|28|12|20,10,2,0|24|12|32,24,4,0|24|12|5|5,4,4,5|4|0|4|0|1
002855|box_n4_H18|b000819|2,4,8,15|5|8|15|10|4|12|12|24|10|24|12|20,12,2,0|20|10|36,30,6,0|24|12|4|4,3,3,4|3|4|3|0|1
002856|box_n4_H18|b000820|2,4,8,17|5|8|17|10|4|18|13|24|10|42|18|20,12,2,0|20|10|42,30,6,0|36|18|5|5,5,5,5|4|0|4|0|1
002857|box_n4_H18|b000821|2,4,9,10|5|9|10|10|6|10|7|20|10|20|10|24,20,6,0|20|10|24,18,4,0|20|10|4|1,4,4,1|3|42|3|0|1
002858|box_n4_H18|b000822|2,4,9,11|5|9|11|10|6|12|8|18|10|24|12|22,18,6,0|20|10|28,22,6,0|24|12|4|4,1,1,4|4|0|4|0|1
002859|box_n4_H18|b000823|2,4,9,12|5|9|12|12|6|16|8|24|12|34|16|24,18,6,0|24|12|30,20,6,0|32|16|4|4,4,4,4|10|60|12|2|1
002860|box_n4_H18|b000824|2,4,9,13|5|9|13|10|6|12|9|18|10|20|12|22,18,6,0|20|10|32,28,8,0|24|12|5|5,-1,-1,5|4|0|4|0|1
002861|box_n4_H18|b000825|2,4,9,14|5|9|14|10|8|16|11|18|10|34|16|22,18,6,0|20|10|34,26,8,0|32|16|3|3,3,3,3|4|0|4|0|1
002862|box_n4_H18|b000826|2,4,9,15|5|9|15|10|7|16|11|20|10|28|16|24,20,6,0|20|10|36,28,8,0|32|16|3|3,3,3,3|9|79|9|0|1
002863|box_n4_H18|b000827|2,4,9,16|5|9|16|8|7|18|11|14|8|36|18|22,20,6,0|16|8|40,30,8,0|36|18|5|5,1,1,5|4|0|4|0|1
002864|box_n4_H18|b000828|2,4,9,17|5|9|17|12|6|20|12|22|12|38|20|22,16,6,0|24|12|42,32,10,0|40|20|5|5,3,3,5|4|0|4|0|1
002865|box_n4_H18|b000829|2,4,9,18|5|9|18|16|6|24|12|40|16|54|24|36,28,8,0|32|16|54,42,12,0|48|24|6|4,6,6,4|24|10|36|12|1
002866|box_n4_H18|b000830|2,4,10,11|5|10|11|10|6|10|7|16|10|20|10|24,20,6,0|20|10|24,18,4,0|20|10|4|1,4,4,1|3|47|3|0|1
002867|box_n4_H18|b000831|2,4,10,13|5|10|13|8|6|14|8|12|8|28|14|24,22,6,0|16|8|32,24,6,0|28|14|3|3,2,2,3|3|41|3|0|1
002868|box_n4_H18|b000832|2,4,10,15|5|10|15|12|6|16|9|26|12|32|16|30,24,6,0|24|12|40,32,8,0|32|16|4|4,3,3,4|12|60|20|8|1
002869|box_n4_H18|b000833|2,4,10,17|5|10|17|10|7|16|11|20|10|32|16|24,18,4,0|20|10|40,32,8,0|32|16|4|3,4,4,3|3|42|3|0|1
002870|box_n4_H18|b000834|2,4,11,12|5|11|12|14|6|16|7|28|14|38|16|28,20,6,0|28|14|30,18,4,0|32|16|7|3,7,7,3|4|0|4|0|1
002871|box_n4_H18|b000835|2,4,11,13|5|11|13|12|6|12|8|24|12|20|12|28,22,6,0|24|12|32,28,8,0|24|12|4|4,1,1,4|4|0|4|0|1
002872|box_n4_H18|b000836|2,4,11,14|5|11|14|16|6|20|8|32|16|46|20|28,18,6,0|32|16|34,20,6,0|40|20|6|6,6,6,6|4|0|4|0|1
002873|box_n4_H18|b000837|2,4,11,15|5|11|15|8|6|12|9|12|8|20|12|24,22,6,0|16|8|36,32,8,0|24|12|5|5,-2,-2,5|3|81|3|0|1
002874|box_n4_H18|b000838|2,4,11,16|5|11|16|14|6|20|9|28|14|40|20|28,20,6,0|28|14|40,28,8,0|40|20|7|7,3,3,7|4|0|4|0|1
002875|box_n4_H18|b000839|2,4,11,17|5|11|17|14|8|20|11|28|14|38|20|28,20,6,0|28|14|42,32,10,0|40|20|5|4,5,5,4|4|0|4|0|1
002876|box_n4_H18|b000840|2,4,11,18|5|11|18|12|7|20|11|24|12|40|20|28,22,6,0|24|12|44,34,10,0|40|20|5|3,5,5,3|4|0|4|0|1
002877|box_n4_H18|b000841|2,4,12,13|5|12|13|16|6|16|7|34|16|32|16|30,20,6,0|32|16|32,22,6,0|32|16|6|4,6,6,4|4|0|4|0|1
002878|box_n4_H18|b000842|2,4,12,15|5|12|15|18|6|16|8|44|18|28|16|36,24,6,0|36|18|36,28,8,0|32|16|5|5,5,5,5|8|46|9|1|1
002879|box_n4_H18|b000843|2,4,12,17|5|12|17|16|6|20|9|34|16|38|20|30,20,6,0|32|16|42,32,10,0|40|20|5|5,5,5,5|4|0|4|0|1
002880|box_n4_H18|b000844|2,4,13,14|5|13|14|16|7|18|7|28|16|42|18|32,24,8,0|32|16|34,22,6,0|36|18|7|3,7,7,3|4|0|4|0|1
002881|box_n4_H18|b000845|2,4,13,15|5|13|15|10|7|12|8|16|10|20|12|32,30,8,0|20|10|36,32,8,0|24|12|3|3,0,0,3|2|28|2|0|1
002882|box_n4_H18|b000846|2,4,13,16|5|13|16|14|7|20|8|24|14|44|20|32,26,8,0|28|14|40,26,6,0|40|20|6|6,4,4,6|4|0|4|0|1
002883|box_n4_H18|b000847|2,4,13,17|5|13|17|12|9|16|9|20|12|30|16|32,28,8,0|24|12|42,36,10,0|32|16|7|7,-2,-2,7|4|0|4|0|1
002884|box_n4_H18|b000848|2,4,13,18|5|13|18|14|8|20|9|28|14|40|20|32,24,6,0|28|14|44,34,10,0|40|20|5|4,5,5,4|4|0|4|0|1
002885|box_n4_H18|b000849|2,4,14,15|5|14|15|18|7|18|8|40|18|32|18|36,26,8,0|36|18|36,26,8,0|36|18|7|3,7,7,3|3|7|3|0|1
002886|box_n4_H18|b000850|2,4,14,17|5|14|17|16|7|22|9|30|16|42|22|34,28,10,0|32|16|42,30,10,0|44|22|5|4,5,5,4|4|0|4|0|1
002887|box_n4_H18|b000851|2,4,15,16|5|15|16|12|8|16|8|16|12|32|16|36,34,10,0|24|12|36,26,6,0|32|16|4|2,4,4,2|3|8|3|0|1
002888|box_n4_H18|b000852|2,4,15,17|5|15|17|12|11|14|9|16|12|24|14|36,34,10,0|24|12|40,36,10,0|28|14|3|3,0,0,3|2|33|2|0|1
002889|box_n4_H18|b000853|2,4,15,18|5|15|18|14|11|16|9|24|14|28|16|36,30,8,0|28|14|36,28,8,0|32|16|4|4,3,3,4|7|51|9|2|1
002890|box_n4_H18|b000854|2,4,16,17|5|16|17|18|8|18|9|36|18|34|18|40,30,8,0|36|18|42,34,10,0|36|18|6|3,6,6,3|4|0|4|0|1
002891|box_n4_H18|b000855|2,4,17,18|5|17|18|20|11|22|9|38|20|44|22|42,32,10,0|40|20|44,32,10,0|44|22|7|4,7,7,4|4|0|4|0|1
002892|box_n4_H18|b000856|2,5,6,7|5|6|7|2|3|4|4|4|2|8|4|16,16,2,0|4|2|18,14,0,0|8|4|1|1,1,1,1|2|3|2|0|0
002893|box_n4_H18|b000857|2,5,6,8|5|6|8|4|3|6|4|4|4|12|6|16,16,4,0|8|4|20,16,2,0|12|6|2|2,0,0,2|8|60|8|0|1
002894|box_n4_H18|b000858|2,5,6,9|5|6|9|6|4|8|6|14|6|18|8|18,14,2,0|12|6|24,18,2,0|16|8|3|2,3,3,2|8|30|12|4|1
002895|box_n4_H18|b000859|2,5,6,10|5|6|10|4|4|8|6|4|4|18|8|16,16,4,0|8|4|24,18,2,0|16|8|2|1,2,2,1|4|26|6|2|1
002896|box_n4_H18|b000860|2,5,6,11|5|6|11|4|4|8|6|4|4|12|8|16,16,4,0|8|4|28,26,6,0|16|8|3|3,-2,-2,3|2|20|2|0|1
002897|box_n4_H18|b000861|2,5,6,12|5|6|12|8|3|12|6|20|8|28|12|24,20,4,0|16|8|36,28,4,0|24|12|4|2,4,4,2|12|18|18|6|1
002898|box_n4_H18|b000862|2,5,6,13|5|6|13|6|3|12|7|8|6|24|12|16,14,4,0|12|6|32,24,4,0|24|12|3|2,3,3,2|2|3|2|0|1
002899|box_n4_H18|b000863|2,5,6,14|5|6|14|6|3|14|7|12|6|32|14|16,12,2,0|12|6|36,24,2,0|28|14|6|2,6,6,2|8|105|8|0|1
002900|box_n4_H18|b000864|2,5,6,15|5|6|15|4|3|12|8|0|4|24|12|12,12,4,0|8|4|36,28,4,0|24|12|2|2,2,2,2|6|47|9|3|1
002901|box_n4_H18|b000865|2,5,6,16|5|6|16|6|3|12|8|12|6|20|12|16,12,2,0|12|6|40,34,6,0|24|12|3|2,3,3,2|8|120|8|0|0
002902|box_n4_H18|b000866|2,5,6,17|5|6|17|6|3|12|9|8|6|20|12|16,14,4,0|12|6|42,36,6,0|24|12|3|3,1,1,3|2|2|2|0|0
002903|box_n4_H18|b000867|2,5,6,18|5|6|18|8|3|16|9|20|8|32|16|24,20,4,0|16|8|48,40,8,0|32|16|4|4,2,2,4|12|27|18|6|0
002904|box_n4_H18|b000868|2,5,7,8|5|7|8|4|11|6|4|4|4|16|6|18,16,2,0|8|4|20,14,0,0|12|6|2|2,2,2,2|2|20|2|0|1
002905|box_n4_H18|b000869|2,5,7,9|5|7|9|2|9|4|11|0|2|12|4|18,18,2,0|4|2|22,18,0,0|8|4|2|2,0,0,2|2|14|2|0|1
002906|box_n4_H18|b000870|2,5,7,10|5|7|10|4|9|8|12|2|4|22|8|16,14,2,0|8|4|24,16,0,0|16|8|4|1,4,4,1|3|92|3|0|1
002907|box_n4_H18|b000871|2,5,7,11|5|7|11|6|4|8|6|8|6|20|8|18,14,2,0|12|6|28,22,2,0|16|8|4|4,1,1,4|2|21|2|0|1
002908|box_n4_H18|b000872|2,5,7,12|5|7|12|4|4|6|6|4|4|14|6|18,16,2,0|8|4|30,26,2,0|12|6|4|4,-1,-1,4|2|29|2|0|1
002909|box_n4_H18|b000873|2,5,7,13|5|7|13|6|4|10|7|8|6|24|10|18,14,2,0|12|6|32,24,2,0|20|10|3|3,3,3,3|3|75|3|0|1
002910|box_n4_H18|b000874|2,5,7,14|5|7|14|8|4|14|7|22|8|38|14|28,22,2,0|16|8|42,30,2,0|28|14|6|3,6,6,3|16|20|28|12|1
002911|box_n4_H18|b000875|2,5,7,15|5|7|15|4|4|12|8|2|4|32|12|16,14,2,0|8|4|36,24,0,0|24|12|4|4,3,3,4|3|81|3|0|1
002912|box_n4_H18|b000876|2,5,7,16|5|7|16|2|12|10|8|0|2|24|10|18,18,2,0|4|2|40,32,2,0|20|10|3|1,3,3,1|2|40|2|0|1
002913|box_n4_H18|b000877|2,5,7,17|5|7|17|4|9|10|9|4|4|24|10|18,16,2,0|8|4|42,34,2,0|20|10|4|4,1,1,4|2|86|2|0|1
002914|box_n4_H18|b000878|2,5,7,18|5|7|18|4|9|12|9|4|4|32|12|18,16,2,0|8|4|44,34,2,0|24|12|4|4,2,2,4|3|170|3|0|0
002915|box_n4_H18|b000879|2,5,8,9|5|8|9|6|6|6|7|12|6|12|6|20,16,2,0|12|6|22,18,2,0|12|6|3|1,3,3,1|2|4|2|0|1
002916|box_n4_H18|b000880|2,5,8,10|5|8|10|8|6|8|8|16|8|18|8|24,20,4,0|16|8|24,18,2,0|16|8|3|3,2,2,3|4|14|4|0|1
002917|box_n4_H18|b000881|2,5,8,11|5|8|11|6|6|8|16|8|6|12|8|20,18,4,0|12|6|28,26,6,0|16|8|1|1,1,1,1|2|4|2|0|1
002918|box_n4_H18|b000882|2,5,8,12|5|8|12|10|4|12|6|24|10|24|12|24,16,2,0|20|10|32,24,4,0|24|12|6|6,2,2,6|12|30|16|4|1
002919|box_n4_H18|b000883|2,5,8,13|5|8|13|8|4|8|18|12|8|12|8|20,16,4,0|16|8|32,30,6,0|16|8|4|4,-1,-1,4|2|1|2|0|1
002920|box_n4_H18|b000884|2,5,8,14|5|8|14|6|4|12|7|12|6|24|12|20,16,2,0|12|6|36,28,4,0|24|12|4|2,4,4,2|8|140|8|0|1
002921|box_n4_H18|b000885|2,5,8,15|5|8|15|8|4|12|12|12|8|20|12|20,16,4,0|16|8|36,30,6,0|24|12|4|4,1,1,4|3|4|3|0|1
002922|box_n4_H18|b000886|2,5,8,16|5|8|16|12|4|16|8|32|12|32|16|32,24,4,0|24|12|48,40,8,0|32|16|4|4,4,4,4|20|10|32|12|1
002923|box_n4_H18|b000887|2,5,8,17|5|8|17|8|4|12|13|12|8|20|12|20,16,4,0|16|8|42,36,6,0|24|12|4|4,1,1,4|3|155|3|0|1
002924|box_n4_H18|b000888|2,5,8,18|5|8|18|8|4|14|9|12|8|24|14|20,16,4,0|16|8|44,38,8,0|28|14|6|6,-1,-1,6|8|180|8|0|1
002925|box_n4_H18|b000889|2,5,9,10|5|9|10|10|6|10|7|18|10|22|10|24,18,4,0|20|10|24,16,2,0|20|10|6|1,6,6,1|3|42|3|0|1
002926|box_n4_H18|b000890|2,5,9,11|5|9|11|8|6|8|8|12|8|16|8|22,18,4,0|16|8|28,24,4,0|16|8|3|3,1,1,3|2|5|3|1|1
002927|box_n4_H18|b000891|2,5,9,12|5|9|12|10|6|10|8|22|10|22|10|24,16,2,0|20|10|30,22,2,0|20|10|4|4,4,4,4|8|60|12|4|1
002928|box_n4_H18|b000892|2,5,9,13|5|9|13|8|6|10|9|12|8|20|10|22,18,4,0|16|8|32,26,4,0|20|10|3|3,2,2,3|2|3|2|0|1
002929|box_n4_H18|b000893|2,5,9,14|5|9|14|6|11|8|11|12|6|14|8|22,18,2,0|12|6|34,30,4,0|16|8|3|3,1,1,3|2|63|2|0|1
002930|box_n4_H18|b000894|2,5,9,15|5|9|15|10|7|14|11|18|10|28|14|24,18,4,0|20|10|36,26,4,0|28|14|5|3,5,5,3|7|49|9|2|1
002931|box_n4_H18|b000895|2,5,9,16|5|9|16|8|7|12|11|12|8|20|12|22,18,4,0|16|8|40,34,6,0|24|12|3|2,3,3,2|2|32|2|0|1
002932|box_n4_H18|b000896|2,5,9,17|5|9|17|8|6|14|12|16|8|28|14|22,16,2,0|16|8|42,32,4,0|28|14|4|4,4,4,4|2|6|2|0|1
002933|box_n4_H18|b000897|2,5,9,18|5|9|18|14|6|20|12|38|14|46|20|36,26,4,0|28|14|54,42,8,0|40|20|6|5,6,6,5|24|30|36|12|1
002934|box_n4_H18|b000898|2,5,10,11|5|10|11|12|6|10|7|22|12|16|10|24,16,4,0|24|12|24,18,4,0|20|10|6|1,6,6,1|3|47|3|0|1
002935|box_n4_H18|b000899|2,5,10,12|5|10|12|8|6|8|8|18|8|8|8|24,18,2,0|16|8|24,20,4,0|16|8|3|3,2,2,3|4|27|6|2|1
002936|box_n4_H18|b000900|2,5,10,13|5|10|13|10|6|16|8|18|10|32|16|24,18,4,0|20|10|32,20,4,0|32|16|6|3,6,6,3|3|41|3|0|1
002937|box_n4_H18|b000901|2,5,10,14|5|10|14|12|6|14|9|26|12|28|14|24,14,2,0|24|12|32,20,2,0|28|14|6|5,6,6,5|6|71|6|0|1
002938|box_n4_H18|b000902|2,5,10,15|5|10|15|12|6|18|9|28|12|40|18|30,22,4,0|24|12|40,26,4,0|36|18|7|7,4,4,7|20|30|20|0|1
002939|box_n4_H18|b000903|2,5,10,16|5|10|16|10|7|14|11|18|10|24|14|24,18,4,0|20|10|40,32,6,0|28|14|6|1,6,6,1|6|76|6|0|1
002940|box_n4_H18|b000904|2,5,10,17|5|10|17|12|7|16|11|26|12|22|16|24,14,2,0|24|12|40,32,8,0|32|16|6|3,6,6,3|3|1|3|0|1
002941|box_n4_H18|b000905|2,5,10,18|5|10|18|10|7|20|11|18|10|40|20|24,18,4,0|20|10|48,36,8,0|40|20|6|3,6,6,3|6|47|6|0|1
002942|box_n4_H18|b000906|2,5,11,12|5|11|12|10|6|10|7|16|10|18|10|28,24,6,0|20|10|30,24,4,0|20|10|4|1,4,4,1|3|60|3|0|1
002943|box_n4_H18|b000907|2,5,11,13|5|11|13|12|6|12|8|16|12|20|12|28,24,8,0|24|12|32,26,6,0|24|12|6|6,-1,-1,6|2|3|2|0|1
002944|box_n4_H18|b000908|2,5,11,14|5|11|14|10|6|16|8|20|10|30|16|28,22,4,0|20|10|34,22,4,0|32|16|5|4,5,5,4|3|219|3|0|1
002945|box_n4_H18|b000909|2,5,11,15|5|11|15|6|6|16|9|0|6|28|16|24,26,8,0|12|6|36,26,6,0|32|16|3|3,1,1,3|3|141|3|0|1
002946|box_n4_H18|b000910|2,5,11,16|5|11|16|10|6|12|9|16|10|16|12|28,24,6,0|20|10|40,36,8,0|24|12|5|5,-1,-1,5|2|7|2|0|1
002947|box_n4_H18|b000911|2,5,11,17|5|11|17|8|8|16|11|12|8|24|16|28,26,6,0|16|8|42,34,8,0|32|16|3|2,3,3,2|2|7|2|0|1
002948|box_n4_H18|b000912|2,5,11,18|5|11|18|12|7|18|11|20|12|28|18|28,22,6,0|24|12|44,36,10,0|36|18|5|5,2,2,5|3|54|3|0|1
002949|box_n4_H18|b000913|2,5,12,13|5|12|13|12|6|12|7|18|12|28|12|30,24,6,0|24|12|32,22,2,0|24|12|5|3,5,5,3|3|127|3|0|1
002950|box_n4_H18|b000914|2,5,12,14|5|12|14|10|6|12|7|20|10|28|12|32,26,4,0|20|10|36,26,2,0|24|12|5|5,3,3,5|8|210|8|0|1
002951|box_n4_H18|b000915|2,5,12,15|5|12|15|14|6|14|8|28|14|32|14|36,28,6,0|28|14|36,24,2,0|28|14|5|5,5,5,5|8|27|9|1|1
002952|box_n4_H18|b000916|2,5,12,16|5|12|16|12|6|16|8|24|12|32|16|32,24,4,0|24|12|40,28,4,0|32|16|6|6,4,4,6|12|60|16|4|1
002953|box_n4_H18|b000917|2,5,12,17|5|12|17|10|6|12|9|14|10|20|12|30,26,6,0|20|10|42,36,6,0|24|12|6|6,-1,-1,6|2|4|2|0|1
002954|box_n4_H18|b000918|2,5,12,18|5|12|18|14|6|18|9|28|14|40|18|36,28,6,0|28|14|48,36,6,0|36|18|6|6,4,4,6|12|54|18|6|1
002955|box_n4_H18|b000919|2,5,13,14|5|13|14|12|7|14|7|24|12|26|14|32,24,4,0|24|12|34,24,4,0|28|14|6|3,6,6,3|3|65|3|0|1
002956|box_n4_H18|b000920|2,5,13,15|5|13|15|8|7|12|8|8|8|20|12|32,32,8,0|16|8|36,30,6,0|24|12|4|4,-1,-1,4|3|144|3|0|1
002957|box_n4_H18|b000921|2,5,13,16|5|13|16|12|7|18|8|20|12|28|18|32,26,6,0|24|12|40,30,8,0|36|18|4|4,4,4,4|3|65|3|0|1
002958|box_n4_H18|b000922|2,5,13,17|5|13|17|10|9|16|9|16|10|24|16|32,28,6,0|20|10|42,34,8,0|32|16|5|5,1,1,5|3|10|3|0|1
002959|box_n4_H18|b000923|2,5,13,18|5|13|18|12|8|16|9|16|12|24|16|32,28,8,0|24|12|44,38,10,0|32|16|6|6,-1,-1,6|2|6|2|0|1
002960|box_n4_H18|b000924|2,5,14,15|5|14|15|12|7|14|8|20|12|28|14|36,30,6,0|24|12|36,26,4,0|28|14|6|2,6,6,2|3|7|3|0|1
002961|box_n4_H18|b000925|2,5,14,16|5|14|16|12|7|12|8|20|12|20|12|36,30,6,0|24|12|40,34,6,0|24|12|6|6,0,0,6|8|280|8|0|1
002962|box_n4_H18|b000926|2,5,14,17|5|14|17|12|7|16|9|22|12|32|16|34,26,4,0|24|12|42,30,4,0|32|16|5|5,5,5,5|2|1|2|0|1
002963|box_n4_H18|b000927|2,5,14,18|5|14|18|12|7|16|9|20|12|32|16|36,30,6,0|24|12|44,34,6,0|32|16|4|4,4,4,4|8|315|8|0|1
002964|box_n4_H18|b000928|2,5,15,16|5|15|16|14|8|12|8|24|14|16|12|36,28,6,0|28|14|36,30,6,0|24|12|5|2,5,5,2|3|8|3|0|1
002965|box_n4_H18|b000929|2,5,15,17|5|15|17|12|11|12|9|20|12|14|12|36,30,6,0|24|12|40,36,8,0|24|12|6|6,-1,-1,6|3|213|3|0|1
002966|box_n4_H18|b000930|2,5,15,18|5|15|18|16|11|14|9|24|16|16|14|36,28,8,0|32|16|36,30,8,0|28|14|4|4,3,3,4|8|76|9|1|1
002967|box_n4_H18|b000931|2,5,16,17|5|16|17|14|8|14|9|20|14|24|14|40,34,8,0|28|14|42,34,6,0|28|14|4|3,4,4,3|3|85|3|0|1
002968|box_n4_H18|b000932|2,5,16,18|5|16|18|12|8|16|9|12|12|28|16|40,38,10,0|24|12|44,36,8,0|32|16|6|6,-1,-1,6|8|360|8|0|1
002969|box_n4_H18|b000933|2,5,17,18|5|17|18|14|11|16|9|20|14|32|16|42,36,8,0|28|14|44,34,6,0|32|16|4|4,4,4,4|3|347|3|0|1
002970|box_n4_H18|b000934|2,6,7,8|5|7|8|4|7|8|4|10|4|16|8|18,16,2,0|8|4|20,14,2,0|16|8|2|2,2,2,2|4|0|4|0|0
002971|box_n4_H18|b000935|2,6,7,9|5|7|9|8|7|8|9|14|8|16|8|18,14,4,0|16|8|22,16,2,0|16|8|3|3,2,2,3|4|0|4|0|0
002972|box_n4_H18|b000936|2,6,7,10|5|7|10|6|8|6|11|12|6|8|6|16,12,2,0|12|6|24,20,2,0|12|6|3|1,3,3,1|3|94|3|0|1
002973|box_n4_H18|b000937|2,6,7,11|5|7|11|8|4|14|6|14|8|28|14|18,14,4,0|16|8|28,18,4,0|28|14|4|4,3,3,4|4|0|4|0|1
002974|box_n4_H18|b000938|2,6,7,12|5|7|12|10|4|14|6|22|10|34|14|18,10,2,0|20|10|30,18,2,0|28|14|7|3,7,7,3|4|0|4|0|1
002975|box_n4_H18|b000939|2,6,7,13|5|7|13|8|4|12|7|14|8|20|12|18,14,4,0|16|8|32,26,6,0|24|12|5|5,0,0,5|4|0|4|0|1
002976|box_n4_H18|b000940|2,6,7,14|5|7|14|12|4|18|7|32|12|42|18|28,20,4,0|24|12|42,30,6,0|36|18|6|4,6,6,4|20|20|28|8|1
002977|box_n4_H18|b000941|2,6,7,15|5|7|15|6|4|14|8|8|6|24|14|16,14,4,0|12|6|36,26,4,0|28|14|4|2,4,4,2|3|71|3|0|1
002978|box_n4_H18|b000942|2,6,7,16|5|7|16|6|7|16|8|10|6|32|16|18,16,4,0|12|6|40,28,4,0|32|16|4|3,4,4,3|4|0|4|0|1
002979|box_n4_H18|b000943|2,6,7,17|5|7|17|8|7|16|9|14|8|30|16|18,14,4,0|16|8|42,30,4,0|32|16|4|4,4,4,4|4|0|4|0|1
002980|box_n4_H18|b000944|2,6,7,18|5|7|18|8|7|18|9|14|8|36|18|18,14,4,0|16|8|44,30,4,0|36|18|5|5,4,4,5|4|0|4|0|0
002981|box_n4_H18|b000945|2,6,8,9|5|8|9|8|8|6|9|12|8|16|6|20,16,4,0|16|8|22,16,0,0|12|6|4|1,4,4,1|4|0|4|0|0
002982|box_n4_H18|b000946|2,6,8,11|5|8|11|8|8|8|11|12|8|20|8|20,16,4,0|16|8|28,22,2,0|16|8|4|1,4,4,1|4|0|4|0|1
002983|box_n4_H18|b000947|2,6,8,13|5|8|13|8|4|10|13|16|8|24|10|20,14,2,0|16|8|32,24,2,0|20|10|5|5,2,2,5|4|0|4|0|1
002984|box_n4_H18|b000948|2,6,8,15|5|8|15|6|4|6|16|12|6|12|6|20,16,2,0|12|6|36,32,2,0|12|6|3|3,1,1,3|3|4|3|0|1
002985|box_n4_H18|b000949|2,6,8,17|5|8|17|8|4|10|17|16|8|26|10|20,14,2,0|16|8|42,32,0,0|20|10|5|5,3,3,5|4|0|4|0|1
002986|box_n4_H18|b000950|2,6,9,10|5|9|10|8|6|6|13|18|8|8|6|24,18,2,0|16|8|24,20,2,0|12|6|3|2,3,3,2|3|96|3|0|1
002987|box_n4_H18|b000951|2,6,9,11|5|9|11|8|6|10|11|12|8|20|10|22,18,4,0|16|8|28,22,4,0|20|10|5|5,0,0,5|4|0|4|0|1
002988|box_n4_H18|b000952|2,6,9,12|5|9|12|12|6|16|8|26|12|38|16|24,14,2,0|24|12|30,16,2,0|32|16|10|2,10,10,2|12|60|12|0|1
002989|box_n4_H18|b000953|2,6,9,13|5|9|13|10|6|14|13|16|10|24|14|22,16,4,0|20|10|32,24,6,0|28|14|4|4,3,3,4|4|0|4|0|1
002990|box_n4_H18|b000954|2,6,9,14|5|9|14|10|9|14|14|20|10|26|14|22,14,2,0|20|10|34,26,6,0|28|14|4|4,4,4,4|4|0|4|0|1
002991|box_n4_H18|b000955|2,6,9,15|5|9|15|6|11|10|19|10|6|12|10|24,22,4,0|12|6|36,32,6,0|20|10|2|2,1,1,2|6|67|6|0|1
002992|box_n4_H18|b000956|2,6,9,16|5|9|16|8|9|14|16|16|8|24|14|22,16,2,0|16|8|40,32,6,0|28|14|4|3,4,4,3|4|0|4|0|1
002993|box_n4_H18|b000957|2,6,9,17|5|9|17|10|6|16|17|16|10|26|16|22,16,4,0|20|10|42,32,6,0|32|16|5|3,5,5,3|4|0|4|0|1
002994|box_n4_H18|b000958|2,6,9,18|5|9|18|14|6|20|12|38|14|46|20|36,26,4,0|28|14|54,40,6,0|40|20|7|5,7,7,5|26|20|36|10|1
002995|box_n4_H18|b000959|2,6,10,11|5|10|11|6|6|6|7|4|6|12|6|24,22,4,0|12|6|24,20,2,0|12|6|3|0,3,3,0|2|36|2|0|1
002996|box_n4_H18|b000960|2,6,10,13|5|10|13|6|6|10|8|4|6|20|10|24,22,4,0|12|6|32,26,4,0|20|10|3|1,3,3,1|3|41|3|0|1
002997|box_n4_H18|b000961|2,6,10,15|5|10|15|10|6|12|9|18|10|24|12|30,24,4,0|20|10|40,32,4,0|24|12|4|4,3,3,4|10|30|20|10|1
002998|box_n4_H18|b000962|2,6,10,17|5|10|17|8|11|12|11|12|8|24|12|24,18,2,0|16|8|40,30,2,0|24|12|5|5,3,3,5|3|42|3|0|1
002999|box_n4_H18|b000963|2,6,11,12|5|11|12|14|6|16|7|28|14|38|16|28,18,4,0|28|14|30,16,2,0|32|16|9|3,9,9,3|4|0|4|0|1
003000|box_n4_H18|b000964|2,6,11,13|5|11|13|12|6|12|8|24|12|20|12|28,20,4,0|24|12|32,26,6,0|24|12|6|6,1,1,6|4|0|4|0|1
003001|box_n4_H18|b000965|2,6,11,14|5|11|14|14|6|16|8|28|14|34|16|28,18,4,0|28|14|34,22,4,0|32|16|6|5,6,6,5|4|0|4|0|1
003002|box_n4_H18|b000966|2,6,11,15|5|11|15|10|6|14|9|16|10|20|14|24,18,4,0|20|10|36,28,6,0|28|14|5|5,2,2,5|3|146|3|0|1
003003|box_n4_H18|b000967|2,6,11,16|5|11|16|12|6|16|9|24|12|28|16|28,20,4,0|24|12|40,30,6,0|32|16|5|5,4,4,5|4|0|4|0|1
003004|box_n4_H18|b000968|2,6,11,17|5|11|17|10|11|14|11|20|10|22|14|28,22,4,0|20|10|42,34,6,0|28|14|5|5,2,2,5|4|0|4|0|1
003005|box_n4_H18|b000969|2,6,11,18|5|11|18|12|7|16|11|24|12|28|16|28,20,4,0|24|12|44,34,6,0|32|16|5|4,5,5,4|4|0|4|0|1
003006|box_n4_H18|b000970|2,6,12,13|5|12|13|16|6|16|7|34|16|32|16|30,18,4,0|32|16|32,20,4,0|32|16|8|4,8,8,4|4|0|4|0|1
003007|box_n4_H18|b000971|2,6,12,15|5|12|15|16|6|16|8|40|16|28|16|36,24,4,0|32|16|36,24,4,0|32|16|9|3,9,9,3|8|46|9|1|1
003008|box_n4_H18|b000972|2,6,12,17|5|12|17|16|6|20|9|34|16|38|20|30,18,4,0|32|16|42,26,4,0|40|20|9|5,9,9,5|4|0|4|0|1
003009|box_n4_H18|b000973|2,6,13,14|5|13|14|12|7|14|7|20|12|30|14|32,26,6,0|24|12|34,24,4,0|28|14|6|2,6,6,2|4|0|4|0|1
003010|box_n4_H18|b000974|2,6,13,15|5|13|15|10|7|10|8|16|10|12|10|32,28,6,0|20|10|36,32,6,0|20|10|6|6,-2,-2,6|3|147|3|0|1
003011|box_n4_H18|b000975|2,6,13,16|5|13|16|12|7|16|8|20|12|32|16|32,26,6,0|24|12|40,28,4,0|32|16|6|3,6,6,3|4|0|4|0|1
003012|box_n4_H18|b000976|2,6,13,17|5|13|17|12|13|18|9|20|12|30|18|32,26,6,0|24|12|42,30,6,0|36|18|6|6,3,3,6|4|0|4|0|1
003013|box_n4_H18|b000977|2,6,13,18|5|13|18|14|8|20|9|24|14|36|20|32,24,6,0|28|14|44,30,6,0|40|20|7|7,4,4,7|4|0|4|0|1
003014|box_n4_H18|b000978|2,6,14,15|5|14|15|14|7|12|8|28|14|20|12|36,28,6,0|28|14|36,28,4,0|24|12|5|3,5,5,3|3|7|3|0|1
003015|box_n4_H18|b000979|2,6,14,17|5|14|17|14|7|16|9|26|14|30|16|34,26,6,0|28|14|42,30,4,0|32|16|7|3,7,7,3|4|0|4|0|1
003016|box_n4_H18|b000980|2,6,15,16|5|15|16|10|8|12|8|12|10|20|12|36,32,6,0|20|10|36,28,4,0|24|12|4|2,4,4,2|3|8|3|0|1
003017|box_n4_H18|b000981|2,6,15,17|5|15|17|10|16|10|9|12|10|12|10|36,32,6,0|20|10|40,36,6,0|20|10|6|6,-2,-2,6|3|152|3|0|1
003018|box_n4_H18|b000982|2,6,15,18|5|15|18|8|18|14|9|8|8|20|14|36,34,6,0|16|8|36,26,4,0|28|14|4|2,4,4,2|8|123|9|1|1
003019|box_n4_H18|b000983|2,6,16,17|5|16|17|14|8|16|9|24|14|30|16|40,32,6,0|28|14|42,30,4,0|32|16|6|4,6,6,4|4|0|4|0|1
003020|box_n4_H18|b000984|2,6,17,18|5|17|18|12|11|18|9|18|12|36|18|42,36,6,0|24|12|44,30,4,0|36|18|5|5,5,5,5|4|0|4|0|1
003021|box_n4_H18|b000985|2,7,8,9|5|8|9|6|7|6|8|16|6|10|6|20,16,2,0|12|6|22,18,2,0|12|6|4|0,4,4,0|4|0|4|0|0
003022|box_n4_H18|b000986|2,7,8,10|5|8|10|8|7|8|9|16|8|12|8|24,22,6,0|16|8|24,20,4,0|16|8|3|3,0,0,3|5|49|6|1|1
003023|box_n4_H18|b000987|2,7,8,11|5|8|11|8|8|10|11|16|8|20|10|20,16,4,0|16|8|28,22,4,0|20|10|3|2,3,3,2|4|0|4|0|1
003024|box_n4_H18|b000988|2,7,8,12|5|8|12|10|4|14|6|24|10|30|14|24,18,4,0|20|10|32,22,4,0|28|14|7|7,1,1,7|12|6|12|0|1
003025|box_n4_H18|b000989|2,7,8,13|5|8|13|12|4|12|12|24|12|20|12|20,12,4,0|24|12|32,26,6,0|24|12|4|4,3,3,4|4|0|4|0|1
003026|box_n4_H18|b000990|2,7,8,14|5|8|14|10|4|16|7|20|10|38|16|20,14,4,0|20|10|36,24,4,0|32|16|8|1,8,8,1|8|140|8|0|1
003027|box_n4_H18|b000991|2,7,8,15|5|8|15|8|4|10|13|12|8|12|10|20,18,6,0|16|8|36,36,10,0|20|10|4|4,-3,-3,4|3|137|3|0|1
003028|box_n4_H18|b000992|2,7,8,16|5|8|16|14|4|18|8|36|14|40|18|32,24,6,0|28|14|48,38,8,0|36|18|5|4,5,5,4|20|20|32|12|1
003029|box_n4_H18|b000993|2,7,8,17|5|8|17|8|4|16|16|12|8|30|16|20,18,6,0|16|8|42,32,6,0|32|16|4|4,2,2,4|4|0|4|0|1
003030|box_n4_H18|b000994|2,7,8,18|5|8|18|8|4|16|9|16|8|28|16|20,16,4,0|16|8|44,36,8,0|32|16|6|6,0,0,6|8|180|8|0|1
003031|box_n4_H18|b000995|2,7,9,10|5|9|10|8|8|6|9|12|8|12|6|24,20,4,0|16|8|24,20,2,0|12|6|3|1,3,3,1|3|91|3|0|1
003032|box_n4_H18|b000996|2,7,9,11|5|9|11|6|9|8|11|6|6|20|8|22,20,4,0|12|6|28,22,2,0|16|8|3|3,1,1,3|4|0|4|0|1
003033|box_n4_H18|b000997|2,7,9,12|5|9|12|8|9|10|11|16|8|28|10|24,18,2,0|16|8|30,20,0,0|20|10|5|3,5,5,3|8|60|12|4|1
003034|box_n4_H18|b000998|2,7,9,13|5|9|13|8|8|10|12|10|8|24|10|22,18,4,0|16|8|32,24,2,0|20|10|3|3,3,3,3|4|0|4|0|1
003035|box_n4_H18|b000999|2,7,9,14|5|9|14|10|8|14|12|18|10|36|14|22,14,2,0|20|10|34,22,2,0|28|14|8|2,8,8,2|4|0|4|0|1
003036|box_n4_H18|b001000|2,7,9,15|5|9|15|8|8|12|13|12|8|28|12|24,20,4,0|16|8|36,28,4,0|24|12|4|2,4,4,2|6|49|9|3|1
003037|box_n4_H18|b001001|2,7,9,16|5|9|16|6|9|10|14|6|6|24|10|22,20,4,0|12|6|40,34,4,0|20|10|4|4,0,0,4|4|0|4|0|1
003038|box_n4_H18|b001002|2,7,9,17|5|9|17|6|9|14|16|10|6|34|14|22,18,2,0|12|6|42,30,2,0|28|14|4|4,4,4,4|4|0|4|0|1
003039|box_n4_H18|b001003|2,7,9,18|5|9|18|12|8|18|16|32|12|46|18|36,28,4,0|24|12|54,42,6,0|36|18|6|4,6,6,4|20|20|36|16|1
003040|box_n4_H18|b001004|2,7,10,11|5|10|11|8|11|8|13|12|8|16|8|24,20,4,0|16|8|24,18,2,0|16|8|4|1,4,4,1|2|42|3|1|1
003041|box_n4_H18|b001005|2,7,10,12|5|10|12|6|11|6|14|8|6|6|6|24,22,4,0|12|6|24,22,4,0|12|6|2|2,0,0,2|4|106|4|0|1
003042|box_n4_H18|b001006|2,7,10,13|5|10|13|6|9|10|16|4|6|20|10|24,24,6,0|12|6|32,26,4,0|20|10|2|1,2,2,1|3|147|3|0|1
003043|box_n4_H18|b001007|2,7,10,14|5|10|14|10|9|14|12|20|10|34|14|24,16,2,0|20|10|32,20,2,0|28|14|6|4,6,6,4|6|78|6|0|1
003044|box_n4_H18|b001008|2,7,10,15|5|10|15|12|9|16|13|22|12|32|16|30,24,6,0|24|12|40,32,8,0|32|16|4|4,3,3,4|12|30|20|8|1
003045|box_n4_H18|b001009|2,7,10,16|5|10|16|6|11|14|14|8|6|28|14|24,22,4,0|12|6|40,32,6,0|28|14|4|1,4,4,1|5|146|6|1|1
003046|box_n4_H18|b001010|2,7,10,17|5|10|17|8|11|12|19|12|8|16|12|24,20,4,0|16|8|40,36,8,0|24|12|5|5,-1,-1,5|3|193|3|0|1
003047|box_n4_H18|b001011|2,7,10,18|5|10|18|8|9|18|16|12|8|36|18|24,20,4,0|16|8|48,38,8,0|36|18|4|3,4,4,3|5|97|6|1|1
003048|box_n4_H18|b001012|2,7,11,12|5|11|12|10|6|12|12|20|10|28|12|28,22,4,0|20|10|30,20,2,0|24|12|5|3,5,5,3|4|0|4|0|1
003049|box_n4_H18|b001013|2,7,11,13|5|11|13|12|6|12|13|20|12|24|12|28,22,6,0|24|12|32,24,4,0|24|12|6|6,1,1,6|4|0|4|0|1
003050|box_n4_H18|b001014|2,7,11,14|5|11|14|14|6|18|8|32|14|44|18|28,16,2,0|28|14|34,18,2,0|36|18|9|5,9,9,5|4|0|4|0|1
003051|box_n4_H18|b001015|2,7,11,15|5|11|15|8|6|12|16|8|8|24|12|24,22,6,0|16|8|36,30,6,0|24|12|3|3,1,1,3|3|81|3|0|1
003052|box_n4_H18|b001016|2,7,11,16|5|11|16|14|6|18|9|28|14|36|18|28,18,4,0|28|14|40,28,6,0|36|18|6|6,5,5,6|4|0|4|0|1
003053|box_n4_H18|b001017|2,7,11,17|5|11|17|12|11|18|17|24|12|34|18|28,20,4,0|24|12|42,30,6,0|36|18|6|4,6,6,4|4|0|4|0|1
003054|box_n4_H18|b001018|2,7,11,18|5|11|18|10|11|14|18|20|10|24|14|28,22,4,0|20|10|44,38,8,0|28|14|6|6,0,0,6|4|0|4|0|1
003055|box_n4_H18|b001019|2,7,12,13|5|12|13|12|6|14|7|24|12|32|14|30,22,4,0|24|12|32,20,2,0|28|14|6|4,6,6,4|4|0|4|0|1
003056|box_n4_H18|b001020|2,7,12,14|5|12|14|14|6|18|7|30|14|46|18|32,22,4,0|28|14|36,20,2,0|36|18|7|6,7,7,6|8|210|8|0|1
003057|box_n4_H18|b001021|2,7,12,15|5|12|15|16|6|14|8|34|16|28|14|36,26,6,0|32|16|36,28,6,0|28|14|5|5,4,4,5|8|22|9|1|1
003058|box_n4_H18|b001022|2,7,12,16|5|12|16|12|6|18|8|26|12|40|18|32,24,4,0|24|12|40,26,4,0|36|18|6|6,5,5,6|12|12|12|0|1
003059|box_n4_H18|b001023|2,7,12,17|5|12|17|14|6|18|9|24|14|34|18|30,22,6,0|28|14|42,30,6,0|36|18|6|6,4,4,6|4|0|4|0|1
003060|box_n4_H18|b001024|2,7,12,18|5|12|18|16|6|18|9|38|16|40|18|36,24,4,0|32|16|48,36,6,0|36|18|7|7,5,5,7|18|60|24|6|1
003061|box_n4_H18|b001025|2,7,13,14|5|13|14|14|7|18|7|28|14|40|18|32,22,4,0|28|14|34,20,4,0|36|18|11|1,11,11,1|4|0|4|0|1
003062|box_n4_H18|b001026|2,7,13,15|5|13|15|12|7|14|8|16|12|24|14|32,28,8,0|24|12|36,30,8,0|28|14|4|4,1,1,4|3|149|3|0|1
003063|box_n4_H18|b001027|2,7,13,16|5|13|16|12|7|20|8|24|12|40|20|32,24,4,0|24|12|40,26,6,0|40|20|6|5,6,6,5|4|0|4|0|1
003064|box_n4_H18|b001028|2,7,13,17|5|13|17|12|13|18|9|20|12|34|18|32,26,6,0|24|12|42,30,6,0|36|18|7|7,2,2,7|4|0|4|0|1
003065|box_n4_H18|b001029|2,7,13,18|5|13|18|12|12|20|9|20|12|36|20|32,26,6,0|24|12|44,32,8,0|40|20|6|6,3,3,6|4|0|4|0|1
003066|box_n4_H18|b001030|2,7,14,15|5|14|15|18|7|16|8|38|18|32|16|36,24,6,0|36|18|36,26,6,0|32|16|10|1,10,10,1|3|63|3|0|1
003067|box_n4_H18|b001031|2,7,14,16|5|14|16|14|7|18|8|34|14|36|18|36,26,4,0|28|14|40,28,6,0|36|18|6|6,5,5,6|8|280|8|0|1
003068|box_n4_H18|b001032|2,7,14,17|5|14|17|16|7|20|9|36|16|42|20|34,22,4,0|32|16|42,26,4,0|40|20|9|5,9,9,5|4|0|4|0|1
003069|box_n4_H18|b001033|2,7,14,18|5|14|18|16|7|20|9|38|16|40|20|36,24,4,0|32|16|44,30,6,0|40|20|8|5,8,8,5|8|315|8|0|1
003070|box_n4_H18|b001034|2,7,15,16|5|15|16|12|8|14|8|20|12|24|14|36,32,8,0|24|12|36,28,6,0|28|14|5|1,5,5,1|3|72|3|0|1
003071|box_n4_H18|b001035|2,7,15,17|5|15|17|10|16|12|9|12|10|16|12|36,36,10,0|20|10|40,36,8,0|24|12|5|5,-3,-3,5|3|152|3|0|1
003072|box_n4_H18|b001036|2,7,15,18|5|15|18|14|14|14|9|24|14|20|14|36,30,8,0|28|14|36,28,6,0|28|14|5|5,2,2,5|7|99|9|2|1
003073|box_n4_H18|b001037|2,7,16,17|5|16|17|14|8|16|9|24|14|34|16|40,34,8,0|28|14|42,30,4,0|32|16|6|3,6,6,3|4|0|4|0|1
003074|box_n4_H18|b001038|2,7,16,18|5|16|18|12|8|14|9|20|12|24|14|40,36,8,0|24|12|44,38,8,0|28|14|5|5,0,0,5|8|360|8|0|1
003075|box_n4_H18|b001039|2,7,17,18|5|17|18|14|16|18|9|26|14|36|18|42,34,6,0|28|14|44,32,6,0|36|18|5|5,5,5,5|4|0|4|0|1
003076|box_n4_H18|b001040|2,8,9,10|5|9|10|4|7|6|8|8|4|8|6|24,22,2,0|8|4|24,20,2,0|12|6|3|0,3,3,0|2|34|2|0|1
003077|box_n4_H18|b001041|2,8,9,11|5|9|11|8|7|10|9|10|8|20|10|22,18,4,0|16|8|28,20,2,0|20|10|4|4,2,2,4|4|0|4|0|1
003078|box_n4_H18|b001042|2,8,9,12|5|9|12|8|9|12|9|16|8|26|12|24,18,2,0|16|8|30,20,2,0|24|12|5|3,5,5,3|8|60|12|4|1
003079|box_n4_H18|b001043|2,8,9,13|5|9|13|8|8|12|11|10|8|20|12|22,18,4,0|16|8|32,24,4,0|24|12|4|2,4,4,2|4|0|4|0|1
003080|box_n4_H18|b001044|2,8,9,14|5|9|14|8|8|12|11|14|8|22|12|22,16,2,0|16|8|34,24,2,0|24|12|5|3,5,5,3|4|0|4|0|1
003081|box_n4_H18|b001045|2,8,9,15|5|9|15|8|7|12|12|12|8|16|12|24,20,4,0|16|8|36,28,4,0|24|12|5|1,5,5,1|7|46|9|2|1
003082|box_n4_H18|b001046|2,8,9,16|5|9|16|8|7|16|12|14|8|36|16|22,16,2,0|16|8|40,26,2,0|32|16|8|2,8,8,2|4|0|4|0|1
003083|box_n4_H18|b001047|2,8,9,17|5|9|17|8|7|14|13|10|8|22|14|22,18,4,0|16|8|42,34,6,0|28|14|5|5,1,1,5|4|0|4|0|1
003084|box_n4_H18|b001048|2,8,9,18|5|9|18|12|7|16|14|32|12|34|16|36,28,4,0|24|12|54,44,6,0|32|16|5|4,5,5,4|20|30|36|16|1
003085|box_n4_H18|b001049|2,8,10,11|5|10|11|8|8|6|9|8|8|12|6|24,20,4,0|16|8|24,18,0,0|12|6|3|2,3,3,2|2|42|3|1|1
003086|box_n4_H18|b001050|2,8,10,13|5|10|13|6|9|8|11|4|6|16|8|24,22,4,0|12|6|32,26,2,0|16|8|3|1,3,3,1|3|102|3|0|1
003087|box_n4_H18|b001051|2,8,10,15|5|10|15|10|8|10|12|18|10|20|10|30,24,4,0|20|10|40,32,2,0|20|10|4|4,3,3,4|12|30|20|8|1
003088|box_n4_H18|b001052|2,8,10,17|5|10|17|10|8|10|13|16|10|20|10|24,16,2,0|20|10|40,32,2,0|20|10|5|5,3,3,5|3|198|3|0|1
003089|box_n4_H18|b001053|2,8,11,12|5|11|12|10|11|12|9|20|10|26|12|28,20,2,0|20|10|30,20,2,0|24|12|6|3,6,6,3|4|0|4|0|1
003090|box_n4_H18|b001054|2,8,11,13|5|11|13|10|11|12|13|16|10|20|12|28,22,4,0|20|10|32,24,4,0|24|12|5|5,2,2,5|4|0|4|0|1
003091|box_n4_H18|b001055|2,8,11,14|5|11|14|10|9|14|11|20|10|26|14|28,20,2,0|20|10|34,22,2,0|28|14|6|4,6,6,4|4|0|4|0|1
003092|box_n4_H18|b001056|2,8,11,15|5|11|15|8|9|10|12|8|8|12|10|24,20,4,0|16|8|36,30,4,0|20|10|3|2,3,3,2|3|141|3|0|1
003093|box_n4_H18|b001057|2,8,11,16|5|11|16|14|9|18|12|28|14|40|18|28,16,2,0|28|14|40,24,2,0|36|18|9|5,9,9,5|4|0|4|0|1
003094|box_n4_H18|b001058|2,8,11,17|5|11|17|12|9|18|13|20|12|30|18|28,20,4,0|24|12|42,30,6,0|36|18|6|4,6,6,4|4|0|4|0|1
003095|box_n4_H18|b001059|2,8,11,18|5|11|18|10|11|16|14|20|10|24|16|28,20,2,0|20|10|44,34,6,0|32|16|6|6,3,3,6|4|0|4|0|1
003096|box_n4_H18|b001060|2,8,12,13|5|12|13|12|6|12|12|22|12|24|12|30,22,4,0|24|12|32,22,2,0|24|12|5|4,5,5,4|4|0|4|0|1
003097|box_n4_H18|b001061|2,8,12,15|5|12|15|16|6|10|14|36|16|16|10|36,24,4,0|32|16|36,28,2,0|20|10|5|5,5,5,5|7|51|9|2|1
003098|box_n4_H18|b001062|2,8,12,17|5|12|17|12|6|14|16|22|12|26|14|30,22,4,0|24|12|42,32,4,0|28|14|6|6,3,3,6|4|0|4|0|1
003099|box_n4_H18|b001063|2,8,13,14|5|13|14|12|11|14|7|20|12|26|14|32,24,4,0|24|12|34,22,2,0|28|14|8|2,8,8,2|4|0|4|0|1
003100|box_n4_H18|b001064|2,8,13,15|5|13|15|8|11|10|13|12|8|12|10|32,28,4,0|16|8|36,30,4,0|20|10|5|5,0,0,5|3|223|3|0|1
003101|box_n4_H18|b001065|2,8,13,16|5|13|16|14|11|20|8|24|14|44|20|32,22,4,0|28|14|40,22,2,0|40|20|10|4,10,10,4|4|0|4|0|1
003102|box_n4_H18|b001066|2,8,13,17|5|13|17|12|13|14|16|20|12|22|14|32,24,4,0|24|12|42,34,6,0|28|14|5|5,3,3,5|4|0|4|0|1
003103|box_n4_H18|b001067|2,8,13,18|5|13|18|8|12|16|9|12|8|24|16|32,28,4,0|16|8|44,34,6,0|32|16|5|5,2,2,5|4|0|4|0|1
003104|box_n4_H18|b001068|2,8,14,15|5|14|15|12|7|10|12|20|12|16|10|36,28,4,0|24|12|36,28,2,0|20|10|7|1,7,7,1|3|7|3|0|1
003105|box_n4_H18|b001069|2,8,14,17|5|14|17|12|7|16|14|18|12|30|16|34,26,4,0|24|12|42,30,4,0|32|16|6|4,6,6,4|4|0|4|0|1
003106|box_n4_H18|b001070|2,8,15,16|5|15|16|12|12|16|8|16|12|32|16|36,28,4,0|24|12|36,22,2,0|32|16|9|2,9,9,2|3|8|3|0|1
003107|box_n4_H18|b001071|2,8,15,17|5|15|17|10|12|12|13|12|10|16|12|36,30,4,0|20|10|40,34,6,0|24|12|5|5,1,1,5|3|286|3|0|1
003108|box_n4_H18|b001072|2,8,15,18|5|15|18|10|14|12|9|12|10|12|12|36,30,4,0|20|10|36,28,4,0|24|12|4|4,3,3,4|6|136|6|0|1
003109|box_n4_H18|b001073|2,8,16,17|5|16|17|18|8|18|13|36|18|34|18|40,26,4,0|36|18|42,28,4,0|36|18|10|4,10,10,4|4|0|4|0|1
003110|box_n4_H18|b001074|2,8,17,18|5|17|18|12|13|16|9|18|12|28|16|42,36,6,0|24|12|44,32,4,0|32|16|5|5,4,4,5|4|0|4|0|1
003111|box_n4_H18|b001075|2,9,10,11|5|10|11|4|7|6|8|8|4|8|6|24,22,2,0|8|4|24,20,2,0|12|6|3|0,3,3,0|3|47|3|0|1
003112|box_n4_H18|b001076|2,9,10,12|5|10|12|8|7|8|8|8|8|10|8|24,22,6,0|16|8|24,20,4,0|16|8|2|2,1,1,2|5|52|6|1|1
003113|box_n4_H18|b001077|2,9,10,13|5|10|13|8|9|12|9|12|8|24|12|24,20,4,0|16|8|32,24,4,0|24|12|4|4,2,2,4|3|51|3|0|1
003114|box_n4_H18|b001078|2,9,10,14|5|10|14|8|8|10|11|12|8|14|10|24,20,4,0|16|8|32,26,4,0|20|10|3|3,2,2,3|4|11|4|0|1
003115|box_n4_H18|b001079|2,9,10,15|5|10|15|10|8|14|11|22|10|28|14|30,24,4,0|20|10|40,32,6,0|28|14|4|4,3,3,4|10|60|20|10|1
003116|box_n4_H18|b001080|2,9,10,16|5|10|16|8|7|14|11|12|8|24|14|24,20,4,0|16|8|40,32,6,0|28|14|4|2,4,4,2|6|71|6|0|1
003117|box_n4_H18|b001081|2,9,10,17|5|10|17|10|7|16|12|16|10|28|16|24,18,4,0|20|10|40,32,8,0|32|16|5|2,5,5,2|3|52|3|0|1
003118|box_n4_H18|b001082|2,9,10,18|5|10|18|8|7|20|12|12|8|46|20|24,20,4,0|16|8|48,32,4,0|40|20|8|2,8,8,2|6|74|6|0|1
003119|box_n4_H18|b001083|2,9,11,12|5|11|12|12|8|12|8|20|12|28|12|28,20,4,0|24|12|30,20,2,0|24|12|7|2,7,7,2|4|0|4|0|1
003120|box_n4_H18|b001084|2,9,11,13|5|11|13|8|11|10|9|12|8|24|10|28,24,4,0|16|8|32,24,2,0|20|10|5|5,1,1,5|4|0|4|0|1
003121|box_n4_H18|b001085|2,9,11,14|5|11|14|12|9|10|11|24|12|24|10|28,18,2,0|24|12|34,24,0,0|20|10|6|6,4,4,6|4|0|4|0|1
003122|box_n4_H18|b001086|2,9,11,15|5|11|15|8|9|12|11|8|8|28|12|24,20,4,0|16|8|36,26,2,0|24|12|4|4,3,3,4|3|152|3|0|1
003123|box_n4_H18|b001087|2,9,11,16|5|11|16|10|8|14|11|20|10|32|14|28,20,2,0|20|10|40,28,2,0|28|14|5|5,5,5,5|4|0|4|0|1
003124|box_n4_H18|b001088|2,9,11,17|5|11|17|14|8|14|12|24|14|34|14|28,18,4,0|28|14|42,32,4,0|28|14|6|4,6,6,4|4|0|4|0|1
003125|box_n4_H18|b001089|2,9,11,18|5|11|18|12|8|16|12|24|12|38|16|28,18,2,0|24|12|44,30,2,0|32|16|9|3,9,9,3|4|0|4|0|1
003126|box_n4_H18|b001090|2,9,12,13|5|12|13|14|8|14|9|28|14|32|14|30,20,4,0|28|14|32,20,2,0|28|14|7|4,7,7,4|4|0|4|0|1
003127|box_n4_H18|b001091|2,9,12,14|5|12|14|12|11|14|13|26|12|26|14|32,24,4,0|24|12|36,26,4,0|28|14|5|5,4,4,5|8|210|8|0|1
003128|box_n4_H18|b001092|2,9,12,15|5|12|15|12|9|16|11|26|12|32|16|36,30,6,0|24|12|36,24,4,0|32|16|6|3,6,6,3|7|46|9|2|1
003129|box_n4_H18|b001093|2,9,12,16|5|12|16|12|9|18|11|26|12|36|18|32,24,4,0|24|12|40,26,4,0|36|18|6|6,5,5,6|14|60|16|2|1
003130|box_n4_H18|b001094|2,9,12,17|5|12|17|14|8|20|12|24|14|42|20|30,22,6,0|28|14|42,28,6,0|40|20|6|5,6,6,5|4|0|4|0|1
003131|box_n4_H18|b001095|2,9,12,18|5|12|18|16|8|24|12|38|16|54|24|36,24,4,0|32|16|48,28,4,0|48|24|12|4,12,12,4|20|30|24|4|1
003132|box_n4_H18|b001096|2,9,13,14|5|13|14|12|11|12|12|20|12|24|12|32,26,6,0|24|12|34,24,2,0|24|12|7|1,7,7,1|4|0|4|0|1
003133|box_n4_H18|b001097|2,9,13,15|5|13|15|10|11|10|13|12|10|16|10|32,30,8,0|20|10|36,32,6,0|20|10|4|4,-1,-1,4|2|28|2|0|1
003134|box_n4_H18|b001098|2,9,13,16|5|13|16|12|9|16|11|24|12|36|16|32,24,4,0|24|12|40,26,2,0|32|16|6|6,5,5,6|4|0|4|0|1
003135|box_n4_H18|b001099|2,9,13,17|5|13|17|12|9|16|16|16|12|34|16|32,28,8,0|24|12|42,32,6,0|32|16|4|4,3,3,4|4|0|4|0|1
003136|box_n4_H18|b001100|2,9,13,18|5|13|18|16|9|20|12|28|16|46|20|32,22,6,0|32|16|44,26,2,0|40|20|8|6,8,8,6|4|0|4|0|1
003137|box_n4_H18|b001101|2,9,14,15|5|14|15|12|11|14|12|22|12|28|14|36,28,4,0|24|12|36,26,4,0|28|14|6|3,6,6,3|3|137|3|0|1
003138|box_n4_H18|b001102|2,9,14,16|5|14|16|12|11|14|13|22|12|28|14|36,28,4,0|24|12|40,30,4,0|28|14|7|7,2,2,7|8|280|8|0|1
003139|box_n4_H18|b001103|2,9,14,17|5|14|17|14|11|20|14|20|14|42|20|34,26,6,0|28|14|42,28,6,0|40|20|6|6,5,5,6|4|0|4|0|1
003140|box_n4_H18|b001104|2,9,14,18|5|14|18|12|13|20|16|22|12|46|20|36,28,4,0|24|12|44,26,2,0|40|20|8|5,8,8,5|8|315|8|0|1
003141|box_n4_H18|b001105|2,9,15,16|5|15|16|12|11|12|12|20|12|20|12|36,30,6,0|24|12|36,28,4,0|24|12|6|1,6,6,1|3|147|3|0|1
003142|box_n4_H18|b001106|2,9,15,17|5|15|17|14|11|14|13|16|14|24|14|36,32,10,0|28|14|40,34,8,0|28|14|6|6,-1,-1,6|3|213|3|0|1
003143|box_n4_H18|b001107|2,9,15,18|5|15|18|14|11|18|14|24|14|34|18|36,28,6,0|28|14|36,20,2,0|36|18|7|5,7,7,5|8|98|9|1|1
003144|box_n4_H18|b001108|2,9,16,17|5|16|17|16|11|16|12|28|16|34|16|40,30,6,0|32|16|42,32,6,0|32|16|8|2,8,8,2|4|0|4|0|1
003145|box_n4_H18|b001109|2,9,16,18|5|16|18|14|11|16|13|24|14|38|16|40,32,6,0|28|14|44,30,2,0|32|16|6|6,5,5,6|8|360|8|0|1
003146|box_n4_H18|b001110|2,9,17,18|5|17|18|20|12|22|12|38|20|46|22|42,30,8,0|40|20|44,26,4,0|44|22|11|4,11,11,4|4|0|4|0|1
003147|box_n4_H18|b001111|2,10,11,12|5|11|12|4|7|6|8|8|4|6|6|28,26,2,0|8|4|30,26,2,0|12|6|3|0,3,3,0|2|52|2|0|1
003148|box_n4_H18|b001112|2,10,11,13|5|11|13|8|7|10|8|8|8|20|10|28,26,6,0|16|8|32,26,4,0|20|10|4|4,0,0,4|2|3|2|0|1
003149|box_n4_H18|b001113|2,10,11,14|5|11|14|10|7|12|9|20|10|22|12|28,20,2,0|20|10|34,26,4,0|24|12|5|3,5,5,3|3|219|3|0|1
003150|box_n4_H18|b001114|2,10,11,15|5|11|15|4|9|14|9|-4|4|28|14|24,26,6,0|8|4|36,26,4,0|28|14|3|3,1,1,3|3|151|3|0|1
003151|box_n4_H18|b001115|2,10,11,16|5|11|16|10|8|14|11|16|10|28|14|28,22,4,0|20|10|40,30,4,0|28|14|5|3,5,5,3|3|166|3|0|1
003152|box_n4_H18|b001116|2,10,11,17|5|11|17|8|8|14|11|12|8|28|14|28,24,4,0|16|8|42,32,4,0|28|14|4|4,3,3,4|2|7|2|0|1
003153|box_n4_H18|b001117|2,10,11,18|5|11|18|10|7|16|11|16|10|32|16|28,22,4,0|20|10|44,32,4,0|32|16|5|5,4,4,5|3|54|3|0|1
003154|box_n4_H18|b001118|2,10,12,13|5|12|13|8|8|10|8|6|8|28|10|30,26,4,0|16|8|32,22,0,0|20|10|5|2,5,5,2|3|122|3|0|1
003155|box_n4_H18|b001119|2,10,12,15|5|12|15|8|9|12|9|12|8|32|12|36,32,4,0|16|8|36,24,0,0|24|12|4|4,4,4,4|6|22|9|3|1
003156|box_n4_H18|b001120|2,10,12,17|5|12|17|8|8|12|11|6|8|28|12|30,26,4,0|16|8|42,32,2,0|24|12|5|2,5,5,2|3|350|3|0|1
003157|box_n4_H18|b001121|2,10,13,14|5|13|14|12|8|12|9|24|12|22|12|32,24,4,0|24|12|34,26,4,0|24|12|6|2,6,6,2|3|65|3|0|1
003158|box_n4_H18|b001122|2,10,13,15|5|13|15|8|11|12|9|8|8|20|12|32,32,8,0|16|8|36,30,6,0|24|12|4|4,-1,-1,4|3|147|3|0|1
003159|box_n4_H18|b001123|2,10,13,16|5|13|16|10|9|16|11|16|10|32|16|32,28,6,0|20|10|40,28,4,0|32|16|4|4,4,4,4|3|65|3|0|1
003160|box_n4_H18|b001124|2,10,13,17|5|13|17|12|9|14|11|20|12|24|14|32,26,6,0|24|12|42,34,6,0|28|14|4|4,3,3,4|3|10|3|0|1
003161|box_n4_H18|b001125|2,10,13,18|5|13|18|12|8|16|11|20|12|32|16|32,26,6,0|24|12|44,32,4,0|32|16|5|4,5,5,4|2|6|2|0|1
003162|box_n4_H18|b001126|2,10,14,15|5|14|15|10|11|14|9|12|10|28|14|36,34,8,0|20|10|36,26,4,0|28|14|5|1,5,5,1|3|137|3|0|1
003163|box_n4_H18|b001127|2,10,14,17|5|14|17|10|11|14|14|14|10|28|14|34,30,6,0|20|10|42,32,4,0|28|14|5|2,5,5,2|2|1|2|0|1
003164|box_n4_H18|b001128|2,10,15,16|5|15|16|14|11|14|12|24|14|24|14|36,28,6,0|28|14|36,26,4,0|28|14|6|3,6,6,3|3|147|3|0|1
003165|box_n4_H18|b001129|2,10,15,17|5|15|17|12|11|12|13|20|12|14|12|36,30,6,0|24|12|40,36,8,0|24|12|6|6,-1,-1,6|3|213|3|0|1
003166|box_n4_H18|b001130|2,10,15,18|5|15|18|14|11|14|14|24|14|20|14|36,28,6,0|28|14|36,26,4,0|28|14|5|5,4,4,5|8|154|9|1|1
003167|box_n4_H18|b001131|2,10,16,17|5|16|17|14|11|14|12|24|14|24|14|40,32,6,0|28|14|42,34,6,0|28|14|5|3,5,5,3|3|85|3|0|1
003168|box_n4_H18|b001132|2,10,17,18|5|17|18|14|11|16|12|20|14|32|16|42,36,8,0|28|14|44,32,4,0|32|16|5|4,5,5,4|3|257|3|0|1
003169|box_n4_H18|b001133|2,11,12,13|5|12|13|8|7|12|8|20|8|24|12|30,24,2,0|16|8|32,22,2,0|24|12|5|3,5,5,3|4|0|4|0|1
003170|box_n4_H18|b001134|2,11,12,14|5|12|14|14|7|16|8|26|14|34|16|32,24,6,0|28|14|36,26,6,0|32|16|5|5,4,4,5|8|210|8|0|1
003171|box_n4_H18|b001135|2,11,12,15|5|12|15|14|7|14|9|34|14|28|14|36,26,4,0|28|14|36,26,4,0|28|14|5|5,5,5,5|8|49|9|1|1
003172|box_n4_H18|b001136|2,11,12,16|5|12|16|12|9|18|9|22|12|40|18|32,26,6,0|24|12|40,26,4,0|36|18|6|6,4,4,6|14|60|16|2|1
003173|box_n4_H18|b001137|2,11,12,17|5|12|17|14|8|16|11|28|14|34|16|30,20,4,0|28|14|42,30,4,0|32|16|6|5,6,6,5|4|0|4|0|1
003174|box_n4_H18|b001138|2,11,12,18|5|12|18|14|8|18|11|34|14|40|18|36,26,4,0|28|14|48,34,4,0|36|18|6|6,6,6,6|18|60|24|6|1
003175|box_n4_H18|b001139|2,11,13,14|5|13|14|12|8|12|8|16|12|32|12|32,26,6,0|24|12|34,24,2,0|24|12|6|2,6,6,2|4|0|4|0|1
003176|box_n4_H18|b001140|2,11,13,15|5|13|15|6|14|6|9|4|6|12|6|32,32,6,0|12|6|36,34,4,0|12|6|3|3,-2,-2,3|2|12|3|1|1
003177|box_n4_H18|b001141|2,11,13,16|5|13|16|12|9|14|9|20|12|40|14|32,24,4,0|24|12|40,26,0,0|28|14|6|6,5,5,6|4|0|4|0|1
003178|box_n4_H18|b001142|2,11,13,17|5|13|17|12|9|14|11|16|12|34|14|32,26,6,0|24|12|42,30,2,0|28|14|5|5,4,4,5|4|0|4|0|1
003179|box_n4_H18|b001143|2,11,13,18|5|13|18|12|8|12|11|20|12|32|12|32,24,4,0|24|12|44,32,0,0|24|12|6|6,4,4,6|4|0|4|0|1
003180|box_n4_H18|b001144|2,11,14,15|5|14|15|14|8|14|9|30|14|28|14|36,28,6,0|28|14|36,26,4,0|28|14|6|3,6,6,3|3|78|3|0|1
003181|box_n4_H18|b001145|2,11,14,16|5|14|16|14|11|18|9|26|14|36|18|36,30,8,0|28|14|40,28,6,0|36|18|8|8,1,1,8|8|280|8|0|1
003182|box_n4_H18|b001146|2,11,14,17|5|14|17|12|11|16|17|20|12|30|16|34,30,8,0|24|12|42,32,6,0|32|16|5|2,5,5,2|4|0|4|0|1
003183|box_n4_H18|b001147|2,11,14,18|5|14|18|12|9|16|11|22|12|28|16|36,32,8,0|24|12|44,34,6,0|32|16|4|4,3,3,4|8|315|8|0|1
003184|box_n4_H18|b001148|2,11,15,16|5|15|16|10|11|12|9|12|10|24|12|36,34,8,0|20|10|36,28,4,0|24|12|4|1,4,4,1|3|147|3|0|1
003185|box_n4_H18|b001149|2,11,15,17|5|15|17|14|11|10|13|16|14|16|10|36,32,10,0|28|14|40,36,6,0|20|10|5|5,-1,-1,5|3|212|3|0|1
003186|box_n4_H18|b001150|2,11,15,18|5|15|18|12|11|10|14|20|12|16|10|36,30,6,0|24|12|36,28,2,0|20|10|4|3,4,4,3|6|98|9|3|1
003187|box_n4_H18|b001151|2,11,16,17|5|16|17|18|11|18|12|32|18|34|18|40,30,8,0|36|18|42,30,6,0|36|18|8|3,8,8,3|4|0|4|0|1
003188|box_n4_H18|b001152|2,11,16,18|5|16|18|12|11|16|13|20|12|24|16|40,36,8,0|24|12|44,36,8,0|32|16|6|6,0,0,6|8|360|8|0|1
003189|box_n4_H18|b001153|2,11,17,18|5|17|18|16|11|16|12|26|16|28|16|42,34,8,0|32|16|44,34,6,0|32|16|5|5,4,4,5|4|0|4|0|1
003190|box_n4_H18|b001154|2,12,13,14|5|13|14|10|7|14|7|24|10|30|14|32,26,4,0|20|10|34,24,4,0|28|14|8|0,8,8,0|4|0|4|0|1
003191|box_n4_H18|b001155|2,12,13,15|5|13|15|12|7|12|8|16|12|20|12|32,30,10,0|24|12|36,32,8,0|24|12|4|4,-1,-1,4|3|144|3|0|1
003192|box_n4_H18|b001156|2,12,13,16|5|13|16|16|7|20|8|32|16|44|20|32,22,6,0|32|16|40,26,6,0|40|20|8|4,8,8,4|4|0|4|0|1
003193|box_n4_H18|b001157|2,12,13,17|5|13|17|12|9|18|9|20|12|38|18|32,28,8,0|24|12|42,30,6,0|36|18|7|7,1,1,7|4|0|4|0|1
003194|box_n4_H18|b001158|2,12,13,18|5|13|18|16|8|22|9|28|16|48|22|32,24,8,0|32|16|44,28,6,0|44|22|7|7,5,5,7|4|0|4|0|1
003195|box_n4_H18|b001159|2,12,14,15|5|14|15|16|7|12|8|28|16|28|12|36,28,8,0|32|16|36,28,4,0|24|12|7|1,7,7,1|3|7|3|0|1
003196|box_n4_H18|b001160|2,12,14,17|5|14|17|14|7|16|9|26|14|42|16|34,26,6,0|28|14|42,28,2,0|32|16|7|4,7,7,4|4|0|4|0|1
003197|box_n4_H18|b001161|2,12,15,16|5|15|16|14|8|16|8|24|14|32|16|36,30,8,0|28|14|36,26,6,0|32|16|7|1,7,7,1|3|8|3|0|1
003198|box_n4_H18|b001162|2,12,15,17|5|15|17|12|11|12|9|16|12|20|12|36,34,10,0|24|12|40,36,8,0|24|12|6|6,-3,-3,6|3|152|3|0|1
003199|box_n4_H18|b001163|2,12,15,18|5|15|18|12|11|16|9|16|12|28|16|36,34,10,0|24|12|36,26,6,0|32|16|4|2,4,4,2|8|123|9|1|1
003200|box_n4_H18|b001164|2,12,16,17|5|16|17|16|8|18|9|28|16|38|18|40,34,10,0|32|16|42,30,6,0|36|18|7|2,7,7,2|4|0|4|0|1
003201|box_n4_H18|b001165|2,12,17,18|5|17|18|16|11|22|9|26|16|48|22|42,36,10,0|32|16|44,28,6,0|44|22|6|6,5,5,6|4|0|4|0|1
003202|box_n4_H18|b001166|2,13,14,15|5|14|15|8|7|10|8|18|8|16|10|36,32,4,0|16|8|36,28,2,0|20|10|6|0,6,6,0|3|441|3|0|1
003203|box_n4_H18|b001167|2,13,14,16|5|14|16|14|7|16|8|22|14|32|16|36,30,8,0|28|14|40,32,8,0|32|16|5|5,2,2,5|8|280|8|0|1
003204|box_n4_H18|b001168|2,13,14,17|5|14|17|12|7|18|9|20|12|38|18|34,28,6,0|24|12|42,28,4,0|36|18|6|4,6,6,4|4|0|4|0|1
003205|box_n4_H18|b001169|2,13,14,18|5|14|18|12|7|16|9|18|12|32|16|36,32,8,0|24|12|44,34,6,0|32|16|4|4,3,3,4|8|315|8|0|1
003206|box_n4_H18|b001170|2,13,15,16|5|15|16|12|8|12|8|12|12|28|12|36,30,6,0|24|12|36,28,4,0|24|12|5|2,5,5,2|3|72|3|0|1
003207|box_n4_H18|b001171|2,13,15,17|5|15|17|6|16|8|9|0|6|16|8|36,36,6,0|12|6|40,36,4,0|16|8|4|4,-2,-2,4|2|33|2|0|1
003208|box_n4_H18|b001172|2,13,15,18|5|15|18|8|14|10|9|8|8|20|10|36,32,4,0|16|8|36,28,2,0|20|10|4|4,2,2,4|5|124|9|4|1
003209|box_n4_H18|b001173|2,13,16,17|5|16|17|18|8|16|9|36|18|34|16|40,30,8,0|36|18|42,30,4,0|32|16|7|4,7,7,4|4|0|4|0|1
003210|box_n4_H18|b001174|2,13,16,18|5|16|18|14|8|16|9|24|14|28|16|40,36,10,0|28|14|44,36,8,0|32|16|7|7,-1,-1,7|8|360|8|0|1
003211|box_n4_H18|b001175|2,13,17,18|5|17|18|14|11|18|9|22|14|36|18|42,36,8,0|28|14|44,32,6,0|36|18|5|5,4,4,5|4|0|4|0|1
003212|box_n4_H18|b001176|2,14,15,16|5|15|16|6|8|12|8|12|6|20|12|36,34,4,0|12|6|36,28,4,0|24|12|5|0,5,5,0|3|8|3|0|1
003213|box_n4_H18|b001177|2,14,15,17|5|15|17|12|12|12|9|12|12|20|12|36,34,10,0|24|12|40,36,8,0|24|12|4|4,-1,-1,4|2|33|2|0|1
003214|box_n4_H18|b001178|2,14,15,18|5|15|18|12|14|14|9|20|12|20|14|36,30,6,0|24|12|36,28,6,0|28|14|4|3,4,4,3|6|22|9|3|1
003215|box_n4_H18|b001179|2,14,16,17|5|16|17|16|8|16|9|24|16|38|16|40,32,8,0|32|16|42,30,4,0|32|16|7|3,7,7,3|4|0|4|0|1
003216|box_n4_H18|b001180|2,14,17,18|5|17|18|16|16|18|9|30|16|36|18|42,34,8,0|32|16|44,32,6,0|36|18|6|4,6,6,4|4|0|4|0|1
003217|box_n4_H18|b001181|2,15,16,17|5|16|17|6|8|10|9|12|6|16|10|40,38,4,0|12|6|42,34,2,0|20|10|4|1,4,4,1|2|8|2|0|1
003218|box_n4_H18|b001182|2,15,16,18|5|16|18|12|8|12|9|12|12|12|12|40,38,10,0|24|12|44,42,10,0|24|12|4|4,-2,-2,4|8|360|8|0|1
003219|box_n4_H18|b001183|2,15,17,18|5|17|18|12|13|10|9|12|12|20|10|42,36,6,0|24|12|44,38,4,0|20|10|4|2,4,4,2|2|13|2|0|1
003220|box_n4_H18|b001184|2,16,17,18|5|17|18|8|12|14|9|18|8|24|14|42,38,4,0|16|8|44,34,4,0|28|14|5|2,5,5,2|4|0|4|0|1
003221|box_n4_H18|b001185|3,4,5,6|5|5|6|6|2|6|2|8|6|14|6|12,10,4,0|12|6|12,6,0,0|12|6|3|1,3,3,1|3|21|3|0|1
003222|box_n4_H18|b001186|3,4,5,7|5|5|7|2|2|4|3|4|2|8|4|12,12,2,0|4|2|16,12,0,0|8|4|2|0,2,2,0|3|71|3|0|1
003223|box_n4_H18|b001187|3,4,5,8|5|5|8|6|2|8|3|8|6|20|8|12,10,4,0|12|6|20,14,2,0|16|8|2|2,2,2,2|3|22|3|0|1
003224|box_n4_H18|b001188|3,4,5,9|5|5|9|4|2|8|3|4|4|18|8|12,12,4,0|8|4|24,20,4,0|16|8|2|2,0,0,2|3|78|3|0|1
003225|box_n4_H18|b001189|3,4,5,10|5|5|10|8|2|10|4|20|8|22|10|20,16,4,0|16|8|30,24,4,0|20|10|3|2,3,3,2|11|6|15|4|1
003226|box_n4_H18|b001190|3,4,5,11|5|5|11|4|3|8|4|8|4|16|8|12,10,2,0|8|4|24,18,2,0|16|8|3|1,3,3,1|3|46|3|0|1
003227|box_n4_H18|b001191|3,4,5,12|5|5|12|4|3|12|4|4|4|26|12|12,12,4,0|8|4|28,18,2,0|24|12|3|3,2,2,3|3|104|3|0|1
003228|box_n4_H18|b001192|3,4,5,13|5|5|13|4|3|10|6|4|4|20|10|12,12,4,0|8|4|32,28,6,0|20|10|2|2,0,0,2|3|121|3|0|0
003229|box_n4_H18|b001193|3,4,5,14|5|5|14|4|3|12|6|8|4|26|12|12,10,2,0|8|4|36,28,4,0|24|12|3|3,2,2,3|3|49|3|0|0
003230|box_n4_H18|b001194|3,4,5,15|5|5|15|8|2|14|6|20|8|28|14|20,16,4,0|16|8|40,32,6,0|28|14|3|3,3,3,3|11|9|15|4|0
003231|box_n4_H18|b001195|3,4,5,16|5|5|16|4|2|14|6|4|4|28|14|12,12,4,0|8|4|36,26,4,0|28|14|4|4,1,1,4|3|76|3|0|0
003232|box_n4_H18|b001196|3,4,5,17|5|5|17|6|2|16|6|8|6|32|16|12,10,4,0|12|6|40,30,6,0|32|16|4|2,4,4,2|3|23|3|0|0
003233|box_n4_H18|b001197|3,4,5,18|5|5|18|2|2|16|6|4|2|36|16|12,12,2,0|4|2|44,32,4,0|32|16|5|1,5,5,1|3|174|3|0|0
003234|box_n4_H18|b001198|3,4,6,7|5|6|7|8|2|8|3|18|8|18|8|16,10,2,0|16|8|18,10,0,0|16|8|5|2,5,5,2|4|0|4|0|0
003235|box_n4_H18|b001199|3,4,6,8|5|6|8|10|2|12|3|22|10|28|12|16,8,2,0|20|10|20,10,2,0|24|12|8|1,8,8,1|8|60|8|0|0
003236|box_n4_H18|b001200|3,4,6,9|5|6|9|8|2|12|3|20|8|26|12|18,12,2,0|16|8|24,16,4,0|24|12|5|5,2,2,5|12|30|12|0|0
003237|box_n4_H18|b001201|3,4,6,10|5|6|10|6|2|8|4|14|6|12|8|16,12,2,0|12|6|24,20,4,0|16|8|2|2,2,2,2|5|23|6|1|1
003238|box_n4_H18|b001202|3,4,6,11|5|6|11|10|2|14|4|22|10|28|14|16,8,2,0|20|10|28,18,4,0|28|14|5|4,5,5,4|4|0|4|0|1
003239|box_n4_H18|b001203|3,4,6,12|5|6|12|12|2|16|4|34|12|38|16|24,14,2,0|24|12|36,24,4,0|32|16|6|5,6,6,5|20|10|24|4|1
003240|box_n4_H18|b001204|3,4,6,13|5|6|13|10|3|16|6|22|10|32|16|16,8,2,0|20|10|32,22,6,0|32|16|6|3,6,6,3|4|0|4|0|1
003241|box_n4_H18|b001205|3,4,6,14|5|6|14|6|3|16|6|14|6|34|16|16,12,2,0|12|6|36,24,4,0|32|16|4|4,4,4,4|8|105|8|0|1
003242|box_n4_H18|b001206|3,4,6,15|5|6|15|4|3|14|6|6|4|24|14|12,10,2,0|8|4|36,28,6,0|28|14|4|1,4,4,1|7|21|9|2|1
003243|box_n4_H18|b001207|3,4,6,16|5|6|16|6|3|18|6|14|6|36|18|16,12,2,0|12|6|40,28,6,0|36|18|5|5,3,3,5|8|120|8|0|0
003244|box_n4_H18|b001208|3,4,6,17|5|6|17|10|3|20|6|22|10|38|20|16,8,2,0|20|10|42,30,8,0|40|20|6|4,6,6,4|4|0|4|0|0
003245|box_n4_H18|b001209|3,4,6,18|5|6|18|12|2|22|6|34|12|48|22|24,14,2,0|24|12|48,32,6,0|44|22|9|4,9,9,4|20|15|24|4|0
003246|box_n4_H18|b001210|3,4,7,8|5|7|8|8|3|10|3|14|8|28|10|18,12,2,0|16|8|20,10,0,0|20|10|5|3,5,5,3|4|0|4|0|0
003247|box_n4_H18|b001211|3,4,7,9|5|7|9|8|3|10|3|14|8|24|10|18,12,2,0|16|8|22,14,2,0|20|10|4|3,4,4,3|4|0|4|0|0
003248|box_n4_H18|b001212|3,4,7,10|5|7|10|2|6|4|4|0|2|8|4|16,16,2,0|4|2|24,22,2,0|8|4|2|2,-1,-1,2|2|17|2|0|1
003249|box_n4_H18|b001213|3,4,7,11|5|7|11|6|4|8|4|10|6|20|8|18,14,2,0|12|6|28,22,2,0|16|8|4|4,1,1,4|4|0|4|0|1
003250|box_n4_H18|b001214|3,4,7,12|5|7|12|6|4|10|4|10|6|24|10|18,14,2,0|12|6|30,22,2,0|20|10|5|5,1,1,5|4|0|4|0|1
003251|box_n4_H18|b001215|3,4,7,13|5|7|13|8|4|10|6|14|8|24|10|18,12,2,0|16|8|32,26,4,0|20|10|4|4,2,2,4|4|0|4|0|1
003252|box_n4_H18|b001216|3,4,7,14|5|7|14|10|3|14|6|28|10|36|14|28,20,2,0|20|10|42,32,4,0|28|14|5|4,5,5,4|20|10|28|8|1
003253|box_n4_H18|b001217|3,4,7,15|5|7|15|6|3|10|6|8|6|24|10|16,12,2,0|12|6|36,28,2,0|20|10|3|3,3,3,3|3|213|3|0|1
003254|box_n4_H18|b001218|3,4,7,16|5|7|16|8|3|14|6|14|8|36|14|18,12,2,0|16|8|40,28,2,0|28|14|5|5,4,4,5|4|0|4|0|1
003255|box_n4_H18|b001219|3,4,7,17|5|7|17|6|3|14|6|10|6|34|14|18,14,2,0|12|6|42,32,4,0|28|14|4|3,4,4,3|4|0|4|0|1
003256|box_n4_H18|b001220|3,4,7,18|5|7|18|6|3|16|6|10|6|36|16|18,14,2,0|12|6|44,32,4,0|32|16|5|3,5,5,3|4|0|4|0|0
003257|box_n4_H18|b001221|3,4,8,9|5|8|9|10|3|14|3|20|10|28|14|20,14,4,0|20|10|22,12,4,0|28|14|5|3,5,5,3|4|0|4|0|0
003258|box_n4_H18|b001222|3,4,8,10|5|8|10|10|3|10|4|24|10|16|10|24,18,4,0|20|10|24,18,4,0|20|10|5|1,5,5,1|6|29|6|0|1
003259|box_n4_H18|b001223|3,4,8,11|5|8|11|8|6|12|4|20|8|24|12|20,14,2,0|16|8|28,20,4,0|24|12|4|4,3,3,4|4|0|4|0|1
003260|box_n4_H18|b001224|3,4,8,12|5|8|12|10|4|16|4|24|10|34|16|24,18,4,0|20|10|32,20,4,0|32|16|7|7,2,2,7|16|60|16|0|1
003261|box_n4_H18|b001225|3,4,8,13|5|8|13|10|4|16|6|20|10|28|16|20,14,4,0|20|10|32,24,8,0|32|16|4|3,4,4,3|4|0|4|0|1
003262|box_n4_H18|b001226|3,4,8,14|5|8|14|10|4|18|6|24|10|38|18|20,12,2,0|20|10|36,22,4,0|36|18|6|6,5,5,6|8|140|8|0|1
003263|box_n4_H18|b001227|3,4,8,15|5|8|15|10|4|16|6|24|10|24|16|20,12,2,0|20|10|36,28,8,0|32|16|5|3,5,5,3|3|63|3|0|1
003264|box_n4_H18|b001228|3,4,8,16|5|8|16|16|3|22|6|44|16|48|22|32,20,4,0|32|16|48,34,8,0|44|22|7|6,7,7,6|28|10|32|4|1
003265|box_n4_H18|b001229|3,4,8,17|5|8|17|14|3|22|6|28|14|46|22|20,10,4,0|28|14|42,26,6,0|44|22|9|4,9,9,4|4|0|4|0|1
003266|box_n4_H18|b001230|3,4,8,18|5|8|18|12|3|24|6|28|12|48|24|20,10,2,0|24|12|44,26,6,0|48|24|8|6,8,8,6|8|180|8|0|1
003267|box_n4_H18|b001231|3,4,9,10|5|9|10|10|3|10|4|22|10|16|10|24,18,4,0|20|10|24,18,4,0|20|10|3|3,3,3,3|3|57|3|0|1
003268|box_n4_H18|b001232|3,4,9,11|5|9|11|12|3|12|4|24|12|24|12|22,14,4,0|24|12|28,20,4,0|24|12|4|4,4,4,4|4|0|4|0|1
003269|box_n4_H18|b001233|3,4,9,12|5|9|12|8|3|12|4|14|8|24|12|24,22,6,0|16|8|30,22,4,0|24|12|5|5,0,0,5|12|60|12|0|1
003270|box_n4_H18|b001234|3,4,9,13|5|9|13|10|6|12|9|16|10|20|12|22,18,6,0|20|10|32,28,8,0|24|12|4|4,0,0,4|4|0|4|0|1
003271|box_n4_H18|b001235|3,4,9,14|5|9|14|8|4|14|6|16|8|24|14|22,18,4,0|16|8|34,26,6,0|28|14|4|4,2,2,4|4|0|4|0|1
003272|box_n4_H18|b001236|3,4,9,15|5|9|15|8|4|12|6|14|8|16|12|24,22,6,0|16|8|36,32,8,0|24|12|4|4,-1,-1,4|6|23|9|3|1
003273|box_n4_H18|b001237|3,4,9,16|5|9|16|10|4|18|6|16|10|32|18|22,18,6,0|20|10|40,30,8,0|36|18|6|6,1,1,6|4|0|4|0|1
003274|box_n4_H18|b001238|3,4,9,17|5|9|17|10|4|16|6|20|10|26|16|22,16,4,0|20|10|42,36,10,0|32|16|4|4,2,2,4|4|0|4|0|1
003275|box_n4_H18|b001239|3,4,9,18|5|9|18|16|3|24|6|42|16|54|24|36,26,6,0|32|16|54,38,8,0|48|24|8|5,8,8,5|28|10|36|8|1
003276|box_n4_H18|b001240|3,4,10,11|5|10|11|8|6|10|4|12|8|20|10|24,20,4,0|16|8|24,16,2,0|20|10|4|4,2,2,4|3|51|3|0|1
003277|box_n4_H18|b001241|3,4,10,12|5|10|12|6|6|10|4|4|6|18|10|24,24,6,0|12|6|24,16,2,0|20|10|2|2,2,2,2|5|147|6|1|1
003278|box_n4_H18|b001242|3,4,10,13|5|10|13|8|6|10|8|8|8|20|10|24,22,6,0|16|8|32,28,6,0|20|10|4|4,-1,-1,4|3|93|3|0|1
003279|box_n4_H18|b001243|3,4,10,14|5|10|14|6|6|8|9|8|6|10|8|24,22,4,0|12|6|32,30,6,0|16|8|3|3,-1,-1,3|4|52|6|2|1
003280|box_n4_H18|b001244|3,4,10,15|5|10|15|12|4|14|6|22|12|28|14|30,24,6,0|24|12|40,32,6,0|28|14|4|4,3,3,4|11|18|15|4|1
003281|box_n4_H18|b001245|3,4,10,16|5|10|16|8|4|14|6|8|8|28|14|24,22,6,0|16|8|40,32,6,0|28|14|5|5,0,0,5|5|76|6|1|1
003282|box_n4_H18|b001246|3,4,10,17|5|10|17|8|4|16|6|8|8|28|16|24,22,6,0|16|8|40,32,8,0|32|16|3|2,3,3,2|3|91|3|0|1
003283|box_n4_H18|b001247|3,4,10,18|5|10|18|8|4|18|6|12|8|40|18|24,20,4,0|16|8|48,36,6,0|36|18|6|6,2,2,6|6|199|6|0|1
003284|box_n4_H18|b001248|3,4,11,12|5|11|12|12|6|14|4|20|12|32|14|28,22,6,0|24|12|30,18,2,0|28|14|5|5,4,4,5|4|0|4|0|1
003285|box_n4_H18|b001249|3,4,11,13|5|11|13|12|6|12|8|20|12|24|12|28,22,6,0|24|12|32,26,6,0|24|12|4|2,4,4,2|4|0|4|0|1
003286|box_n4_H18|b001250|3,4,11,14|5|11|14|10|6|12|8|20|10|24|12|28,22,4,0|20|10|34,26,4,0|24|12|6|6,1,1,6|4|0|4|0|1
003287|box_n4_H18|b001251|3,4,11,15|5|11|15|8|6|10|9|8|8|16|10|24,22,6,0|16|8|36,32,6,0|20|10|4|4,-1,-1,4|2|26|2|0|1
003288|box_n4_H18|b001252|3,4,11,16|5|11|16|12|6|16|9|20|12|36|16|28,22,6,0|24|12|40,28,4,0|32|16|5|5,4,4,5|4|0|4|0|1
003289|box_n4_H18|b001253|3,4,11,17|5|11|17|12|4|16|6|24|12|34|16|28,20,4,0|24|12|42,32,6,0|32|16|6|6,3,3,6|4|0|4|0|1
003290|box_n4_H18|b001254|3,4,11,18|5|11|18|12|4|20|6|20|12|40|20|28,22,6,0|24|12|44,30,6,0|40|20|6|4,6,6,4|4|0|4|0|1
003291|box_n4_H18|b001255|3,4,12,13|5|12|13|14|6|14|7|24|14|24|14|30,22,6,0|28|14|32,26,8,0|28|14|5|5,2,2,5|4|0|4|0|1
003292|box_n4_H18|b001256|3,4,12,14|5|12|14|12|6|14|7|26|12|26|14|32,24,4,0|24|12|36,28,6,0|28|14|4|4,4,4,4|8|210|8|0|1
003293|box_n4_H18|b001257|3,4,12,15|5|12|15|12|6|10|8|26|12|12|10|36,30,6,0|24|12|36,34,8,0|20|10|5|5,-1,-1,5|7|29|9|2|1
003294|box_n4_H18|b001258|3,4,12,16|5|12|16|10|6|14|8|18|10|24|14|32,28,6,0|20|10|40,34,8,0|28|14|6|6,-1,-1,6|16|120|16|0|1
003295|box_n4_H18|b001259|3,4,12,17|5|12|17|14|6|16|9|28|14|26|16|30,20,4,0|28|14|42,36,10,0|32|16|5|5,3,3,5|4|0|4|0|1
003296|box_n4_H18|b001260|3,4,12,18|5|12|18|16|4|18|6|38|16|36|18|36,24,4,0|32|16|48,38,8,0|36|18|8|8,3,3,8|20|30|24|4|1
003297|box_n4_H18|b001261|3,4,13,14|5|13|14|16|6|18|7|32|16|32|18|32,22,6,0|32|16|34,22,6,0|36|18|6|6,5,5,6|4|0|4|0|1
003298|box_n4_H18|b001262|3,4,13,15|5|13|15|14|6|16|7|24|14|28|16|32,26,8,0|28|14|36,26,6,0|32|16|5|3,5,5,3|3|61|3|0|1
003299|box_n4_H18|b001263|3,4,13,16|5|13|16|14|6|16|8|20|14|28|16|32,28,10,0|28|14|40,32,8,0|32|16|7|7,-1,-1,7|4|0|4|0|1
003300|box_n4_H18|b001264|3,4,13,17|5|13|17|12|6|16|8|20|12|26|16|32,28,8,0|24|12|42,36,10,0|32|16|6|6,-1,-1,6|4|0|4|0|1
003301|box_n4_H18|b001265|3,4,13,18|5|13|18|16|6|20|9|32|16|36|20|32,22,6,0|32|16|44,32,8,0|40|20|7|4,7,7,4|4|0|4|0|1
003302|box_n4_H18|b001266|3,4,14,15|5|14|15|16|6|14|7|30|16|28|14|36,26,6,0|32|16|36,26,4,0|28|14|6|6,4,4,6|3|142|3|0|1
003303|box_n4_H18|b001267|3,4,14,16|5|14|16|14|6|18|7|22|14|40|18|36,30,8,0|28|14|40,26,4,0|36|18|6|6,4,4,6|8|280|8|0|1
003304|box_n4_H18|b001268|3,4,14,17|5|14|17|12|6|14|8|16|12|26|14|34,30,8,0|24|12|42,36,8,0|28|14|5|5,0,0,5|4|0|4|0|1
003305|box_n4_H18|b001269|3,4,14,18|5|14|18|14|6|16|8|26|14|32|16|36,28,6,0|28|14|44,34,6,0|32|16|6|6,3,3,6|8|315|8|0|1
003306|box_n4_H18|b001270|3,4,15,16|5|15|16|14|6|16|7|16|14|28|16|36,32,10,0|28|14|36,26,6,0|32|16|5|5,2,2,5|3|136|3|0|1
003307|box_n4_H18|b001271|3,4,15,17|5|15|17|12|6|16|7|16|12|28|16|36,32,8,0|24|12|40,32,8,0|32|16|5|1,5,5,1|3|69|3|0|1
003308|box_n4_H18|b001272|3,4,15,18|5|15|18|12|6|12|8|16|12|12|12|36,32,8,0|24|12|36,32,8,0|24|12|5|5,-1,-1,5|7|74|9|2|1
003309|box_n4_H18|b001273|3,4,16,17|5|16|17|20|6|18|7|36|20|30|18|40,28,8,0|40|20|42,34,10,0|36|18|6|6,4,4,6|4|0|4|0|1
003310|box_n4_H18|b001274|3,4,16,18|5|16|18|18|6|18|7|36|18|32|18|40,28,6,0|36|18|44,34,8,0|36|18|7|4,7,7,4|8|360|8|0|1
003311|box_n4_H18|b001275|3,4,17,18|5|17|18|20|6|20|7|42|20|40|20|42,28,6,0|40|20|44,30,6,0|40|20|7|7,7,7,7|4|0|4|0|1
003312|box_n4_H18|b001276|3,5,6,7|5|6|7|6|2|8|3|10|6|16|8|16,14,4,0|12|6|18,12,2,0|16|8|2|2,2,2,2|2|2|2|0|0
003313|box_n4_H18|b001277|3,5,6,8|5|6|8|6|2|6|3|14|6|12|6|16,12,2,0|12|6|20,14,0,0|12|6|4|1,4,4,1|4|36|6|2|1
003314|box_n4_H18|b001278|3,5,6,9|5|6|9|8|2|12|3|16|8|28|12|18,14,4,0|16|8|24,14,2,0|24|12|4|4,3,3,4|12|30|12|0|1
003315|box_n4_H18|b001279|3,5,6,10|5|6|10|8|2|12|4|14|8|26|12|16,12,4,0|16|8|24,14,2,0|24|12|6|1,6,6,1|5|23|6|1|1
003316|box_n4_H18|b001280|3,5,6,11|5|6|11|4|2|8|4|10|4|12|8|16,14,2,0|8|4|28,24,4,0|16|8|2|2,1,1,2|2|2|2|0|1
003317|box_n4_H18|b001281|3,5,6,12|5|6|12|10|2|14|4|26|10|30|14|24,18,4,0|20|10|36,28,6,0|28|14|4|3,4,4,3|20|30|24|4|1
003318|box_n4_H18|b001282|3,5,6,13|5|6|13|6|3|12|6|10|6|24|12|16,14,4,0|12|6|32,22,2,0|24|12|5|1,5,5,1|2|3|2|0|1
003319|box_n4_H18|b001283|3,5,6,14|5|6|14|6|3|16|6|14|6|34|16|16,12,2,0|12|6|36,24,4,0|32|16|6|2,6,6,2|5|30|6|1|1
003320|box_n4_H18|b001284|3,5,6,15|5|6|15|2|3|16|6|-2|2|32|16|12,14,4,0|4|2|36,24,4,0|32|16|4|1,4,4,1|6|71|9|3|1
003321|box_n4_H18|b001285|3,5,6,16|5|6|16|6|3|14|6|14|6|28|14|16,12,2,0|12|6|40,30,4,0|28|14|4|3,4,4,3|4|29|4|0|0
003322|box_n4_H18|b001286|3,5,6,17|5|6|17|6|3|18|6|10|6|36|18|16,14,4,0|12|6|42,30,6,0|36|18|4|4,3,3,4|2|2|2|0|0
003323|box_n4_H18|b001287|3,5,6,18|5|6|18|10|2|22|6|26|10|48|22|24,18,4,0|20|10|48,32,6,0|44|22|7|4,7,7,4|20|45|24|4|0
003324|box_n4_H18|b001288|3,5,7,8|5|7|8|4|3|6|3|8|4|12|6|18,16,2,0|8|4|20,14,0,0|12|6|2|2,2,2,2|3|37|3|0|1
003325|box_n4_H18|b001289|3,5,7,9|5|7|9|6|3|10|3|8|6|22|10|18,16,4,0|12|6|22,14,2,0|20|10|3|3,2,2,3|2|1|2|0|1
003326|box_n4_H18|b001290|3,5,7,10|5|7|10|4|9|8|4|2|4|18|8|16,16,4,0|8|4|24,18,2,0|16|8|2|2,1,1,2|3|48|3|0|1
003327|box_n4_H18|b001291|3,5,7,11|5|7|11|4|4|10|4|8|4|16|10|18,16,2,0|8|4|28,22,4,0|20|10|3|3,1,1,3|2|2|2|0|1
003328|box_n4_H18|b001292|3,5,7,12|5|7|12|4|4|8|4|4|4|12|8|18,18,4,0|8|4|30,28,6,0|16|8|4|4,-3,-3,4|2|4|2|0|1
003329|box_n4_H18|b001293|3,5,7,13|5|7|13|6|4|10|6|12|6|16|10|18,14,2,0|12|6|32,26,4,0|20|10|3|3,2,2,3|3|68|3|0|1
003330|box_n4_H18|b001294|3,5,7,14|5|7|14|10|3|16|6|26|10|36|16|28,22,4,0|20|10|42,32,6,0|32|16|5|3,5,5,3|15|34|21|6|1
003331|box_n4_H18|b001295|3,5,7,15|5|7|15|6|3|14|6|6|6|28|14|16,14,4,0|12|6|36,26,4,0|28|14|4|2,4,4,2|3|4|3|0|1
003332|box_n4_H18|b001296|3,5,7,16|5|7|16|6|3|14|6|12|6|24|14|18,14,2,0|12|6|40,32,6,0|28|14|5|1,5,5,1|3|161|3|0|1
003333|box_n4_H18|b001297|3,5,7,17|5|7|17|8|3|16|6|12|8|28|16|18,14,4,0|16|8|42,34,8,0|32|16|5|5,1,1,5|3|100|3|0|1
003334|box_n4_H18|b001298|3,5,7,18|5|7|18|8|3|18|6|12|8|36|18|18,14,4,0|16|8|44,32,6,0|36|18|5|3,5,5,3|3|103|3|0|0
003335|box_n4_H18|b001299|3,5,8,9|5|8|9|6|3|8|3|8|6|22|8|20,16,2,0|12|6|22,14,0,0|16|8|3|3,3,3,3|2|3|2|0|1
003336|box_n4_H18|b001300|3,5,8,10|5|8|10|8|3|8|4|16|8|22|8|24,18,2,0|16|8|24,16,0,0|16|8|5|2,5,5,2|6|98|6|0|1
003337|box_n4_H18|b001301|3,5,8,11|5|8|11|4|6|4|4|4|4|8|4|20,18,2,0|8|4|28,26,2,0|8|4|3|3,-1,-1,3|2|21|2|0|1
003338|box_n4_H18|b001302|3,5,8,12|5|8|12|8|4|10|4|16|8|26|10|24,18,2,0|16|8|32,24,2,0|20|10|5|5,2,2,5|12|60|16|4|1
003339|box_n4_H18|b001303|3,5,8,13|5|8|13|2|4|4|6|0|2|8|4|20,20,2,0|4|2|32,30,2,0|8|4|2|2,-1,-1,2|2|36|2|0|1
003340|box_n4_H18|b001304|3,5,8,14|5|8|14|6|4|12|6|8|6|30|12|20,16,2,0|12|6|36,26,2,0|24|12|4|4,3,3,4|4|40|6|2|1
003341|box_n4_H18|b001305|3,5,8,15|5|8|15|6|4|10|6|8|6|24|10|20,16,2,0|12|6|36,28,2,0|20|10|3|3,3,3,3|3|66|3|0|1
003342|box_n4_H18|b001306|3,5,8,16|5|8|16|10|3|14|6|28|10|36|14|32,24,2,0|20|10|48,38,4,0|28|14|5|4,5,5,4|20|10|32|12|1
003343|box_n4_H18|b001307|3,5,8,17|5|8|17|8|3|12|6|12|8|32|12|20,14,2,0|16|8|42,32,2,0|24|12|5|3,5,5,3|3|83|3|0|1
003344|box_n4_H18|b001308|3,5,8,18|5|8|18|8|3|14|6|12|8|36|14|20,14,2,0|16|8|44,32,2,0|28|14|6|6,3,3,6|4|15|4|0|1
003345|box_n4_H18|b001309|3,5,9,10|5|9|10|12|3|10|4|24|12|22|10|24,16,4,0|24|12|24,16,2,0|20|10|5|3,5,5,3|3|3|3|0|1
003346|box_n4_H18|b001310|3,5,9,11|5|9|11|10|3|10|4|22|10|16|10|22,14,2,0|20|10|28,22,4,0|20|10|4|3,4,4,3|3|221|3|0|1
003347|box_n4_H18|b001311|3,5,9,12|5|9|12|8|3|12|4|16|8|20|12|24,20,4,0|16|8|30,24,6,0|24|12|5|5,0,0,5|12|60|12|0|1
003348|box_n4_H18|b001312|3,5,9,13|5|9|13|6|6|10|9|14|6|16|10|22,18,2,0|12|6|32,26,4,0|20|10|3|2,3,3,2|2|3|2|0|1
003349|box_n4_H18|b001313|3,5,9,14|5|9|14|8|4|10|6|14|8|16|10|22,18,4,0|16|8|34,30,6,0|20|10|4|4,0,0,4|2|3|2|0|1
003350|box_n4_H18|b001314|3,5,9,15|5|9|15|8|4|12|6|16|8|20|12|24,20,4,0|16|8|36,30,6,0|24|12|4|4,1,1,4|6|23|9|3|1
003351|box_n4_H18|b001315|3,5,9,16|5|9|16|8|4|14|6|18|8|20|14|22,16,2,0|16|8|40,34,8,0|28|14|3|3,3,3,3|3|86|3|0|1
003352|box_n4_H18|b001316|3,5,9,17|5|9|17|10|4|16|6|18|10|24|16|22,16,4,0|20|10|42,36,10,0|32|16|3|3,3,3,3|2|5|2|0|1
003353|box_n4_H18|b001317|3,5,9,18|5|9|18|16|3|24|6|44|16|54|24|36,24,4,0|32|16|54,38,8,0|48|24|8|6,8,8,6|28|10|36|8|1
003354|box_n4_H18|b001318|3,5,10,11|5|10|11|10|6|10|4|22|10|16|10|24,16,2,0|20|10|24,16,2,0|20|10|4|4,4,4,4|3|47|3|0|1
003355|box_n4_H18|b001319|3,5,10,12|5|10|12|10|6|12|4|18|10|18|12|24,18,4,0|20|10|24,16,4,0|24|12|4|3,4,4,3|6|147|6|0|1
003356|box_n4_H18|b001320|3,5,10,13|5|10|13|8|6|12|8|18|8|20|12|24,18,2,0|16|8|32,24,4,0|24|12|4|4,3,3,4|3|51|3|0|1
003357|box_n4_H18|b001321|3,5,10,14|5|10|14|12|6|14|9|22|12|26|14|24,16,4,0|24|12|32,22,4,0|28|14|7|2,7,7,2|6|71|6|0|1
003358|box_n4_H18|b001322|3,5,10,15|5|10|15|12|4|18|6|28|12|40|18|30,22,4,0|24|12|40,26,4,0|36|18|7|7,4,4,7|20|30|20|0|1
003359|box_n4_H18|b001323|3,5,10,16|5|10|16|10|4|14|6|22|10|24|14|24,16,2,0|20|10|40,32,6,0|28|14|4|4,4,4,4|6|76|6|0|1
003360|box_n4_H18|b001324|3,5,10,17|5|10|17|10|4|16|6|18|10|26|16|24,18,4,0|20|10|40,32,8,0|32|16|5|2,5,5,2|3|91|3|0|1
003361|box_n4_H18|b001325|3,5,10,18|5|10|18|12|4|24|6|26|12|48|24|24,14,2,0|24|12|48,32,8,0|48|24|8|5,8,8,5|6|47|6|0|1
003362|box_n4_H18|b001326|3,5,11,12|5|11|12|8|6|10|4|8|8|20|10|28,26,6,0|16|8|30,24,4,0|20|10|3|3,1,1,3|2|7|2|0|1
003363|box_n4_H18|b001327|3,5,11,13|5|11|13|8|6|10|8|12|8|20|10|28,24,4,0|16|8|32,24,2,0|20|10|4|4,2,2,4|2|10|2|0|1
003364|box_n4_H18|b001328|3,5,11,14|5|11|14|8|6|10|8|8|8|20|10|28,26,6,0|16|8|34,28,4,0|20|10|4|4,0,0,4|2|10|3|1|1
003365|box_n4_H18|b001329|3,5,11,15|5|11|15|4|6|14|9|-4|4|28|14|24,26,6,0|8|4|36,26,4,0|28|14|2|2,2,2,2|3|141|3|0|1
003366|box_n4_H18|b001330|3,5,11,16|5|11|16|6|6|10|9|8|6|16|10|28,26,4,0|12|6|40,36,6,0|20|10|3|3,0,0,3|2|77|2|0|1
003367|box_n4_H18|b001331|3,5,11,17|5|11|17|8|4|14|6|8|8|28|14|28,26,6,0|16|8|42,34,6,0|28|14|4|4,1,1,4|2|7|2|0|1
003368|box_n4_H18|b001332|3,5,11,18|5|11|18|10|4|16|6|16|10|36|16|28,22,4,0|20|10|44,32,4,0|32|16|6|6,3,3,6|3|270|3|0|1
003369|box_n4_H18|b001333|3,5,12,13|5|12|13|10|6|10|7|16|10|16|10|30,26,6,0|20|10|32,26,4,0|20|10|4|4,1,1,4|3|127|3|0|1
003370|box_n4_H18|b001334|3,5,12,14|5|12|14|12|6|12|7|22|12|22|12|32,26,6,0|24|12|36,30,6,0|24|12|3|3,3,3,3|4|56|4|0|1
003371|box_n4_H18|b001335|3,5,12,15|5|12|15|10|6|12|8|18|10|20|12|36,34,8,0|20|10|36,30,6,0|24|12|5|5,-1,-1,5|7|29|9|2|1
003372|box_n4_H18|b001336|3,5,12,16|5|12|16|12|6|14|8|26|12|20|14|32,24,4,0|24|12|40,34,8,0|28|14|4|4,3,3,4|12|120|16|4|1
003373|box_n4_H18|b001337|3,5,12,17|5|12|17|12|6|12|9|16|12|16|12|30,26,8,0|24|12|42,40,10,0|24|12|6|6,-3,-3,6|2|4|2|0|1
003374|box_n4_H18|b001338|3,5,12,18|5|12|18|14|4|18|6|30|14|36|18|36,28,6,0|28|14|48,38,8,0|36|18|8|8,1,1,8|20|90|24|4|1
003375|box_n4_H18|b001339|3,5,13,14|5|13|14|14|6|12|7|24|14|28|12|32,22,4,0|28|14|34,24,2,0|24|12|6|6,4,4,6|2|7|2|0|1
003376|box_n4_H18|b001340|3,5,13,15|5|13|15|10|6|14|7|12|10|32|14|32,28,6,0|20|10|36,24,2,0|28|14|4|4,4,4,4|3|1|3|0|1
003377|box_n4_H18|b001341|3,5,13,16|5|13|16|8|6|10|8|12|8|16|10|32,28,4,0|16|8|40,36,6,0|20|10|5|5,-1,-1,5|2|8|2|0|1
003378|box_n4_H18|b001342|3,5,13,17|5|13|17|10|6|14|8|12|10|28|14|32,28,6,0|20|10|42,34,6,0|28|14|4|4,2,2,4|3|257|3|0|1
003379|box_n4_H18|b001343|3,5,13,18|5|13|18|12|6|14|9|16|12|28|14|32,26,6,0|24|12|44,36,6,0|28|14|6|6,1,1,6|2|1|2|0|1
003380|box_n4_H18|b001344|3,5,14,15|5|14|15|14|6|16|7|22|14|28|16|36,30,8,0|28|14|36,26,6,0|32|16|5|5,3,3,5|3|63|3|0|1
003381|box_n4_H18|b001345|3,5,14,16|5|14|16|12|6|14|7|26|12|24|14|36,28,4,0|24|12|40,32,6,0|28|14|4|4,4,4,4|4|35|6|2|1
003382|box_n4_H18|b001346|3,5,14,17|5|14|17|14|6|14|8|20|14|24|14|34,28,8,0|28|14|42,36,8,0|28|14|6|6,0,0,6|2|2|2|0|1
003383|box_n4_H18|b001347|3,5,14,18|5|14|18|16|6|18|8|30|16|36|18|36,26,6,0|32|16|44,32,6,0|36|18|7|4,7,7,4|4|35|4|0|1
003384|box_n4_H18|b001348|3,5,15,16|5|15|16|14|6|12|7|28|14|16|12|36,26,4,0|28|14|36,30,6,0|24|12|5|5,3,3,5|3|153|3|0|1
003385|box_n4_H18|b001349|3,5,15,17|5|15|17|16|6|16|7|24|16|26|16|36,28,8,0|32|16|40,32,8,0|32|16|4|4,4,4,4|3|8|3|0|1
003386|box_n4_H18|b001350|3,5,15,18|5|15|18|12|6|10|8|20|12|8|10|36,30,6,0|24|12|36,34,8,0|20|10|5|5,-1,-1,5|7|76|9|2|1
003387|box_n4_H18|b001351|3,5,16,17|5|16|17|16|6|14|7|24|16|28|14|40,32,8,0|32|16|42,34,6,0|28|14|6|6,2,2,6|2|7|2|0|1
003388|box_n4_H18|b001352|3,5,16,18|5|16|18|18|6|18|7|28|18|40|18|40,30,8,0|36|18|44,30,4,0|36|18|6|6,6,6,6|4|38|4|0|1
003389|box_n4_H18|b001353|3,5,17,18|5|17|18|20|6|20|7|32|20|36|20|42,32,10,0|40|20|44,32,8,0|40|20|7|7,4,4,7|3|5|3|0|1
003390|box_n4_H18|b001354|3,6,7,8|5|7|8|8|3|10|3|14|8|20|10|18,16,6,0|16|8|20,14,4,0|20|10|2|2,2,2,2|4|0|4|0|0
003391|box_n4_H18|b001355|3,6,7,9|5|7|9|8|3|12|3|22|8|30|12|18,12,2,0|16|8|22,12,2,0|24|12|4|4,4,4,4|4|0|4|0|0
003392|box_n4_H18|b001356|3,6,7,10|5|7|10|6|8|8|4|12|6|12|8|16,14,4,0|12|6|24,22,6,0|16|8|2|2,0,0,2|2|17|2|0|1
003393|box_n4_H18|b001357|3,6,7,11|5|7|11|8|4|14|4|14|8|32|14|18,16,6,0|16|8|28,18,4,0|28|14|3|3,3,3,3|4|0|4|0|1
003394|box_n4_H18|b001358|3,6,7,12|5|7|12|10|4|14|4|22|10|32|14|18,12,4,0|20|10|30,20,4,0|28|14|5|3,5,5,3|4|0|4|0|1
003395|box_n4_H18|b001359|3,6,7,13|5|7|13|8|4|12|6|18|8|20|12|18,14,4,0|16|8|32,28,8,0|24|12|5|5,-1,-1,5|4|0|4|0|1
003396|box_n4_H18|b001360|3,6,7,14|5|7|14|14|3|18|6|36|14|40|18|28,20,6,0|28|14|42,32,8,0|36|18|5|4,5,5,4|24|30|28|4|1
003397|box_n4_H18|b001361|3,6,7,15|5|7|15|6|3|14|6|12|6|28|14|16,14,4,0|12|6|36,28,6,0|28|14|5|0,5,5,0|3|136|3|0|1
003398|box_n4_H18|b001362|3,6,7,16|5|7|16|10|3|20|6|22|10|40|20|18,12,4,0|20|10|40,28,8,0|40|20|6|3,6,6,3|4|0|4|0|1
003399|box_n4_H18|b001363|3,6,7,17|5|7|17|10|3|20|6|22|10|42|20|18,12,4,0|20|10|42,30,8,0|40|20|5|5,4,4,5|4|0|4|0|1
003400|box_n4_H18|b001364|3,6,7,18|5|7|18|10|3|22|6|22|10|52|22|18,12,4,0|20|10|44,28,6,0|44|22|7|4,7,7,4|4|0|4|0|0
003401|box_n4_H18|b001365|3,6,8,9|5|8|9|6|3|12|3|16|6|30|12|20,16,2,0|12|6|22,12,2,0|24|12|4|3,4,4,3|4|0|4|0|0
003402|box_n4_H18|b001366|3,6,8,10|5|8|10|8|3|10|4|16|8|20|10|24,22,6,0|16|8|24,18,4,0|20|10|3|1,3,3,1|5|21|6|1|1
003403|box_n4_H18|b001367|3,6,8,11|5|8|11|8|8|12|4|16|8|24|12|20,16,4,0|16|8|28,22,6,0|24|12|3|3,2,2,3|4|0|4|0|1
003404|box_n4_H18|b001368|3,6,8,12|5|8|12|10|4|16|4|24|10|38|16|24,18,4,0|20|10|32,20,4,0|32|16|6|3,6,6,3|14|30|16|2|1
003405|box_n4_H18|b001369|3,6,8,13|5|8|13|8|4|14|6|12|8|28|14|20,18,6,0|16|8|32,24,6,0|28|14|3|3,2,2,3|4|0|4|0|1
003406|box_n4_H18|b001370|3,6,8,14|5|8|14|8|4|14|6|16|8|26|14|20,16,4,0|16|8|36,30,8,0|28|14|4|4,1,1,4|8|140|8|0|1
003407|box_n4_H18|b001371|3,6,8,15|5|8|15|8|4|14|6|16|8|24|14|20,16,4,0|16|8|36,30,8,0|28|14|3|2,3,3,2|3|143|3|0|1
003408|box_n4_H18|b001372|3,6,8,16|5|8|16|14|3|22|6|36|14|52|22|32,24,6,0|28|14|48,34,8,0|44|22|7|4,7,7,4|24|20|32|8|1
003409|box_n4_H18|b001373|3,6,8,17|5|8|17|12|3|22|6|24|12|46|22|20,12,4,0|24|12|42,28,8,0|44|22|7|4,7,7,4|4|0|4|0|1
003410|box_n4_H18|b001374|3,6,8,18|5|8|18|10|3|24|6|20|10|56|24|20,14,4,0|20|10|44,26,6,0|48|24|8|4,8,8,4|8|180|8|0|1
003411|box_n4_H18|b001375|3,6,9,10|5|9|10|12|3|6|4|28|12|16|6|24,16,4,0|24|12|24,20,2,0|12|6|4|4,2,2,4|3|3|3|0|1
003412|box_n4_H18|b001376|3,6,9,11|5|9|11|12|3|10|4|26|12|28|10|22,14,4,0|24|12|28,20,2,0|20|10|5|5,3,3,5|4|0|4|0|1
003413|box_n4_H18|b001377|3,6,9,13|5|9|13|10|6|10|13|22|10|28|10|22,16,4,0|20|10|32,24,2,0|20|10|4|3,4,4,3|4|0|4|0|1
003414|box_n4_H18|b001378|3,6,9,14|5|9|14|12|4|10|6|26|12|28|10|22,14,4,0|24|12|34,26,2,0|20|10|5|5,3,3,5|4|0|4|0|1
003415|box_n4_H18|b001379|3,6,9,16|5|9|16|12|4|12|6|26|12|32|12|22,14,4,0|24|12|40,32,4,0|24|12|4|4,4,4,4|4|0|4|0|1
003416|box_n4_H18|b001380|3,6,9,17|5|9|17|10|4|12|6|22|10|30|12|22,16,4,0|20|10|42,36,6,0|24|12|4|2,4,4,2|4|0|4|0|1
003417|box_n4_H18|b001381|3,6,10,11|5|10|11|8|6|10|4|12|8|20|10|24,22,6,0|16|8|24,18,4,0|20|10|3|3,1,1,3|3|46|3|0|1
003418|box_n4_H18|b001382|3,6,10,12|5|10|12|8|6|14|4|16|8|30|14|24,20,4,0|16|8|24,12,2,0|28|14|4|4,4,4,4|5|22|6|1|1
003419|box_n4_H18|b001383|3,6,10,13|5|10|13|8|6|10|8|12|8|16|10|24,22,6,0|16|8|32,30,8,0|20|10|2|2,0,0,2|2|12|2|0|1
003420|box_n4_H18|b001384|3,6,10,14|5|10|14|8|6|12|9|12|8|22|12|24,22,6,0|16|8|32,26,6,0|24|12|3|1,3,3,1|6|146|6|0|1
003421|box_n4_H18|b001385|3,6,10,15|5|10|15|12|4|16|6|26|12|32|16|30,24,6,0|24|12|40,32,8,0|32|16|4|4,3,3,4|12|60|20|8|1
003422|box_n4_H18|b001386|3,6,10,16|5|10|16|8|4|14|6|12|8|24|14|24,22,6,0|16|8|40,36,10,0|28|14|5|5,-2,-2,5|6|22|6|0|1
003423|box_n4_H18|b001387|3,6,10,17|5|10|17|8|4|18|6|12|8|36|18|24,22,6,0|16|8|40,30,8,0|36|18|4|4,2,2,4|3|91|3|0|1
003424|box_n4_H18|b001388|3,6,10,18|5|10|18|10|4|24|6|16|10|56|24|24,20,6,0|20|10|48,32,8,0|48|24|6|4,6,6,4|5|46|6|1|1
003425|box_n4_H18|b001389|3,6,11,12|5|11|12|12|6|16|4|28|12|40|16|28,20,4,0|24|12|30,16,2,0|32|16|6|5,6,6,5|4|0|4|0|1
003426|box_n4_H18|b001390|3,6,11,13|5|11|13|14|6|14|8|28|14|28|14|28,20,6,0|28|14|32,24,6,0|28|14|4|4,4,4,4|4|0|4|0|1
003427|box_n4_H18|b001391|3,6,11,14|5|11|14|12|6|14|8|24|12|24|14|28,22,6,0|24|12|34,28,8,0|28|14|5|5,1,1,5|4|0|4|0|1
003428|box_n4_H18|b001392|3,6,11,15|5|11|15|10|6|14|9|20|10|28|14|24,18,4,0|20|10|36,28,6,0|28|14|4|4,3,3,4|3|68|3|0|1
003429|box_n4_H18|b001393|3,6,11,16|5|11|16|12|6|16|9|24|12|36|16|28,22,6,0|24|12|40,30,6,0|32|16|5|3,5,5,3|4|0|4|0|1
003430|box_n4_H18|b001394|3,6,11,17|5|11|17|12|4|18|6|24|12|34|18|28,22,6,0|24|12|42,34,10,0|36|18|7|7,0,0,7|4|0|4|0|1
003431|box_n4_H18|b001395|3,6,11,18|5|11|18|14|4|22|6|28|14|48|22|28,20,6,0|28|14|44,30,8,0|44|22|6|5,6,6,5|4|0|4|0|1
003432|box_n4_H18|b001396|3,6,12,13|5|12|13|14|6|12|7|32|14|28|12|30,20,4,0|28|14|32,24,4,0|24|12|5|5,4,4,5|4|0|4|0|1
003433|box_n4_H18|b001397|3,6,12,14|5|12|14|16|6|16|7|38|16|38|16|32,20,4,0|32|16|36,24,4,0|32|16|6|6,6,6,6|8|210|8|0|1
003434|box_n4_H18|b001398|3,6,12,16|5|12|16|16|6|16|8|38|16|36|16|32,20,4,0|32|16|40,30,6,0|32|16|7|4,7,7,4|14|60|16|2|1
003435|box_n4_H18|b001399|3,6,12,17|5|12|17|16|6|18|9|36|16|42|18|30,18,4,0|32|16|42,30,6,0|36|18|7|5,7,7,5|4|0|4|0|1
003436|box_n4_H18|b001400|3,6,13,14|5|13|14|16|6|16|7|28|16|32|16|32,24,8,0|32|16|34,24,6,0|32|16|5|5,4,4,5|4|0|4|0|1
003437|box_n4_H18|b001401|3,6,13,15|5|13|15|14|6|16|7|28|14|32|16|32,24,6,0|28|14|36,26,6,0|32|16|6|6,3,3,6|3|61|3|0|1
003438|box_n4_H18|b001402|3,6,13,16|5|13|16|12|6|16|8|20|12|28|16|32,28,8,0|24|12|40,34,10,0|32|16|4|4,1,1,4|4|0|4|0|1
003439|box_n4_H18|b001403|3,6,13,17|5|13|17|14|6|20|8|24|14|42|20|32,26,8,0|28|14|42,30,8,0|40|20|5|5,4,4,5|4|0|4|0|1
003440|box_n4_H18|b001404|3,6,13,18|5|13|18|16|6|22|9|32|16|52|22|32,22,6,0|32|16|44,28,6,0|44|22|7|7,6,6,7|4|0|4|0|1
003441|box_n4_H18|b001405|3,6,14,15|5|14|15|14|6|14|7|30|14|28|14|36,28,6,0|28|14|36,28,6,0|28|14|6|6,2,2,6|3|63|3|0|1
003442|box_n4_H18|b001406|3,6,14,16|5|14|16|14|6|20|7|26|14|44|20|36,30,8,0|28|14|40,26,6,0|40|20|6|6,4,4,6|8|280|8|0|1
003443|box_n4_H18|b001407|3,6,14,17|5|14|17|14|6|16|8|24|14|30|16|34,28,8,0|28|14|42,36,10,0|32|16|4|4,2,2,4|4|0|4|0|1
003444|box_n4_H18|b001408|3,6,14,18|5|14|18|18|6|24|8|38|18|56|24|36,24,6,0|36|18|44,26,6,0|48|24|8|8,7,7,8|8|315|8|0|1
003445|box_n4_H18|b001409|3,6,15,16|5|15|16|14|6|14|7|24|14|28|14|36,30,8,0|28|14|36,28,6,0|28|14|5|5,2,2,5|3|66|3|0|1
003446|box_n4_H18|b001410|3,6,15,17|5|15|17|14|6|16|7|24|14|32|16|36,30,8,0|28|14|40,32,8,0|32|16|4|4,3,3,4|3|67|3|0|1
003447|box_n4_H18|b001411|3,6,16,17|5|16|17|18|6|18|7|36|18|42|18|40,30,8,0|36|18|42,30,6,0|36|18|7|7,4,4,7|4|0|4|0|1
003448|box_n4_H18|b001412|3,6,16,18|5|16|18|20|6|24|7|40|20|56|24|40,28,8,0|40|20|44,26,6,0|48|24|8|8,7,7,8|8|360|8|0|1
003449|box_n4_H18|b001413|3,6,17,18|5|17|18|20|6|22|7|38|20|52|22|42,32,10,0|40|20|44,28,6,0|44|22|8|8,5,5,8|4|0|4|0|1
003450|box_n4_H18|b001414|3,7,8,9|5|8|9|10|3|12|3|16|10|24|12|20,16,6,0|20|10|22,14,4,0|24|12|4|2,4,4,2|4|0|4|0|0
003451|box_n4_H18|b001415|3,7,8,10|5|8|10|8|3|8|4|20|8|12|8|24,20,4,0|16|8|24,18,2,0|16|8|3|2,3,3,2|6|49|6|0|1
003452|box_n4_H18|b001416|3,7,8,11|5|8|11|8|8|10|4|16|8|20|10|20,16,4,0|16|8|28,22,4,0|20|10|4|4,1,1,4|4|0|4|0|1
003453|box_n4_H18|b001417|3,7,8,12|5|8|12|10|4|14|4|20|10|28|14|24,20,6,0|20|10|32,22,4,0|28|14|6|6,1,1,6|8|6|12|4|1
003454|box_n4_H18|b001418|3,7,8,13|5|8|13|8|4|10|6|16|8|16|10|20,16,4,0|16|8|32,26,4,0|20|10|3|2,3,3,2|4|0|4|0|1
003455|box_n4_H18|b001419|3,7,8,14|5|8|14|10|4|16|6|20|10|40|16|20,14,4,0|20|10|36,22,2,0|32|16|7|3,7,7,3|8|140|8|0|1
003456|box_n4_H18|b001420|3,7,8,15|5|8|15|6|4|10|6|12|6|12|10|20,18,4,0|12|6|36,34,8,0|20|10|3|3,-1,-1,3|3|143|3|0|1
003457|box_n4_H18|b001421|3,7,8,16|5|8|16|14|3|20|6|36|14|44|20|32,24,6,0|28|14|48,36,8,0|40|20|6|4,6,6,4|24|40|32|8|1
003458|box_n4_H18|b001422|3,7,8,17|5|8|17|8|3|18|6|16|8|38|18|20,16,4,0|16|8|42,28,4,0|36|18|6|3,6,6,3|4|0|4|0|1
003459|box_n4_H18|b001423|3,7,8,18|5|8|18|10|3|20|6|20|10|40|20|20,14,4,0|20|10|44,30,6,0|40|20|6|6,4,4,6|8|180|8|0|1
003460|box_n4_H18|b001424|3,7,9,10|5|9|10|8|3|6|4|22|8|8|6|24,18,2,0|16|8|24,20,2,0|12|6|3|3,2,2,3|3|46|3|0|1
003461|box_n4_H18|b001425|3,7,9,11|5|9|11|10|3|12|4|20|10|24|12|22,16,4,0|20|10|28,20,4,0|24|12|4|3,4,4,3|4|0|4|0|1
003462|box_n4_H18|b001426|3,7,9,12|5|9|12|8|3|12|4|14|8|22|12|24,22,6,0|16|8|30,22,4,0|24|12|4|4,1,1,4|12|60|12|0|1
003463|box_n4_H18|b001427|3,7,9,13|5|9|13|8|8|12|12|16|8|20|12|22,18,4,0|16|8|32,24,4,0|24|12|4|2,4,4,2|4|0|4|0|1
003464|box_n4_H18|b001428|3,7,9,14|5|9|14|12|4|16|6|24|12|34|16|22,14,4,0|24|12|34,22,4,0|32|16|7|3,7,7,3|4|0|4|0|1
003465|box_n4_H18|b001429|3,7,9,15|5|9|15|8|4|12|6|14|8|16|12|24,22,6,0|16|8|36,32,8,0|24|12|3|3,0,0,3|6|46|9|3|1
003466|box_n4_H18|b001430|3,7,9,16|5|9|16|8|4|14|6|16|8|24|14|22,18,4,0|16|8|40,34,8,0|28|14|5|5,0,0,5|4|0|4|0|1
003467|box_n4_H18|b001431|3,7,9,17|5|9|17|8|4|16|6|16|8|26|16|22,18,4,0|16|8|42,34,8,0|32|16|3|3,3,3,3|4|0|4|0|1
003468|box_n4_H18|b001432|3,7,9,18|5|9|18|16|3|24|6|42|16|54|24|36,26,6,0|32|16|54,38,8,0|48|24|8|5,8,8,5|28|20|36|8|1
003469|box_n4_H18|b001433|3,7,10,11|5|10|11|6|11|8|4|8|6|20|8|24,20,2,0|12|6|24,16,0,0|16|8|4|4,2,2,4|2|26|2|0|1
003470|box_n4_H18|b001434|3,7,10,12|5|10|12|6|11|6|4|4|6|12|6|24,22,4,0|12|6|24,18,0,0|12|6|2|2,2,2,2|4|14|4|0|1
003471|box_n4_H18|b001435|3,7,10,13|5|10|13|4|9|4|16|0|4|8|4|24,24,4,0|8|4|32,30,2,0|8|4|2|2,-1,-1,2|2|22|2|0|1
003472|box_n4_H18|b001436|3,7,10,14|5|10|14|8|9|12|12|12|8|28|12|24,18,2,0|16|8|32,22,2,0|24|12|7|1,7,7,1|5|73|6|1|1
003473|box_n4_H18|b001437|3,7,10,15|5|10|15|10|4|12|6|18|10|28|12|30,24,4,0|20|10|40,32,4,0|24|12|4|4,3,3,4|12|30|20|8|1
003474|box_n4_H18|b001438|3,7,10,16|5|10|16|8|4|12|6|8|8|28|12|24,20,4,0|16|8|40,32,4,0|24|12|4|4,2,2,4|6|22|6|0|1
003475|box_n4_H18|b001439|3,7,10,17|5|10|17|4|4|8|6|0|4|16|8|24,24,4,0|8|4|40,36,4,0|16|8|4|4,-2,-2,4|2|28|2|0|1
003476|box_n4_H18|b001440|3,7,10,18|5|10|18|10|4|16|6|16|10|44|16|24,16,2,0|20|10|48,34,2,0|32|16|6|5,6,6,5|6|224|6|0|1
003477|box_n4_H18|b001441|3,7,11,12|5|11|12|10|6|12|4|16|10|26|12|28,24,6,0|20|10|30,20,2,0|24|12|5|5,2,2,5|4|0|4|0|1
003478|box_n4_H18|b001442|3,7,11,13|5|11|13|10|6|12|13|20|10|24|12|28,22,4,0|20|10|32,22,2,0|24|12|4|4,4,4,4|4|0|4|0|1
003479|box_n4_H18|b001443|3,7,11,14|5|11|14|12|6|12|8|24|12|30|12|28,20,4,0|24|12|34,24,2,0|24|12|5|5,4,4,5|4|0|4|0|1
003480|box_n4_H18|b001444|3,7,11,15|5|11|15|8|6|12|16|8|8|20|12|24,22,6,0|16|8|36,30,6,0|24|12|2|2,2,2,2|3|68|3|0|1
003481|box_n4_H18|b001445|3,7,11,16|5|11|16|12|6|16|9|24|12|36|16|28,20,4,0|24|12|40,28,4,0|32|16|6|4,6,6,4|4|0|4|0|1
003482|box_n4_H18|b001446|3,7,11,17|5|11|17|12|4|16|6|24|12|34|16|28,20,4,0|24|12|42,30,4,0|32|16|6|6,4,4,6|4|0|4|0|1
003483|box_n4_H18|b001447|3,7,11,18|5|11|18|12|4|16|6|20|12|32|16|28,22,6,0|24|12|44,34,6,0|32|16|7|7,1,1,7|4|0|4|0|1
003484|box_n4_H18|b001448|3,7,12,13|5|12|13|10|6|12|7|18|10|20|12|30,24,4,0|20|10|32,24,4,0|24|12|5|5,2,2,5|4|0|4|0|1
003485|box_n4_H18|b001449|3,7,12,14|5|12|14|14|6|16|7|28|14|36|16|32,22,4,0|28|14|36,24,4,0|32|16|7|4,7,7,4|8|210|8|0|1
003486|box_n4_H18|b001450|3,7,12,15|5|12|15|10|6|10|8|20|10|12|10|36,32,6,0|20|10|36,34,8,0|20|10|5|5,-2,-2,5|6|29|9|3|1
003487|box_n4_H18|b001451|3,7,12,16|5|12|16|14|6|16|8|24|14|28|16|32,24,6,0|28|14|40,32,8,0|32|16|4|4,4,4,4|8|12|12|4|1
003488|box_n4_H18|b001452|3,7,12,17|5|12|17|10|6|16|9|22|10|26|16|30,22,2,0|20|10|42,34,8,0|32|16|6|6,2,2,6|4|0|4|0|1
003489|box_n4_H18|b001453|3,7,12,18|5|12|18|16|4|18|6|36|16|36|18|36,24,4,0|32|16|48,38,8,0|36|18|9|9,2,2,9|20|90|24|4|1
003490|box_n4_H18|b001454|3,7,13,14|5|13|14|14|6|16|7|28|14|38|16|32,20,2,0|28|14|34,20,2,0|32|16|9|4,9,9,4|4|0|4|0|1
003491|box_n4_H18|b001455|3,7,13,15|5|13|15|12|6|16|7|20|12|32|16|32,24,4,0|24|12|36,24,4,0|32|16|6|4,6,6,4|3|1|3|0|1
003492|box_n4_H18|b001456|3,7,13,16|5|13|16|12|6|14|8|16|12|28|14|32,26,6,0|24|12|40,32,6,0|28|14|6|6,1,1,6|4|0|4|0|1
003493|box_n4_H18|b001457|3,7,13,17|5|13|17|10|6|18|8|16|10|34|18|32,26,4,0|20|10|42,30,6,0|36|18|6|6,3,3,6|4|0|4|0|1
003494|box_n4_H18|b001458|3,7,13,18|5|13|18|12|6|18|9|20|12|40|18|32,24,4,0|24|12|44,30,4,0|36|18|6|6,5,5,6|4|0|4|0|1
003495|box_n4_H18|b001459|3,7,14,15|5|14|15|16|6|14|7|36|16|28|14|36,24,4,0|32|16|36,26,4,0|28|14|7|4,7,7,4|3|63|3|0|1
003496|box_n4_H18|b001460|3,7,14,16|5|14|16|18|6|18|7|36|18|40|18|36,24,6,0|36|18|40,26,4,0|36|18|9|4,9,9,4|8|280|8|0|1
003497|box_n4_H18|b001461|3,7,14,17|5|14|17|14|6|16|8|30|14|30|16|34,24,4,0|28|14|42,32,6,0|32|16|6|6,4,4,6|4|0|4|0|1
003498|box_n4_H18|b001462|3,7,14,18|5|14|18|20|6|22|8|44|20|44|22|36,20,4,0|40|20|44,28,6,0|44|22|11|5,11,11,5|8|315|8|0|1
003499|box_n4_H18|b001463|3,7,15,16|5|15|16|14|6|14|7|20|14|24|14|36,30,8,0|28|14|36,28,6,0|28|14|4|4,3,3,4|3|66|3|0|1
003500|box_n4_H18|b001464|3,7,15,17|5|15|17|10|6|14|7|12|10|24|14|36,34,8,0|20|10|40,32,6,0|28|14|3|3,2,2,3|3|67|3|0|1
003501|box_n4_H18|b001465|3,7,15,18|5|15|18|12|6|12|8|16|12|12|12|36,32,8,0|24|12|36,32,8,0|24|12|6|6,-2,-2,6|7|224|9|2|1
003502|box_n4_H18|b001466|3,7,16,17|5|16|17|14|6|18|7|28|14|34|18|40,32,6,0|28|14|42,30,6,0|36|18|6|6,4,4,6|4|0|4|0|1
003503|box_n4_H18|b001467|3,7,16,18|5|16|18|18|6|18|7|36|18|36|18|40,28,6,0|36|18|44,32,6,0|36|18|7|5,7,7,5|8|360|8|0|1
003504|box_n4_H18|b001468|3,7,17,18|5|17|18|18|6|18|7|34|18|40|18|42,30,6,0|36|18|44,30,4,0|36|18|8|8,5,5,8|4|0|4|0|1
003505|box_n4_H18|b001469|3,8,9,10|5|9|10|10|3|8|4|18|10|12|8|24,20,6,0|20|10|24,20,4,0|16|8|2|2,2,2,2|3|48|3|0|1
003506|box_n4_H18|b001470|3,8,9,11|5|9|11|10|3|12|4|24|10|24|12|22,14,2,0|20|10|28,18,2,0|24|12|5|4,5,5,4|4|0|4|0|1
003507|box_n4_H18|b001471|3,8,9,12|5|9|12|8|3|12|4|14|8|24|12|24,22,6,0|16|8|30,22,4,0|24|12|4|4,1,1,4|12|60|12|0|1
003508|box_n4_H18|b001472|3,8,9,13|5|9|13|8|8|10|11|16|8|20|10|22,18,4,0|16|8|32,24,2,0|20|10|5|1,5,5,1|4|0|4|0|1
003509|box_n4_H18|b001473|3,8,9,14|5|9|14|10|4|16|6|20|10|28|16|22,16,4,0|20|10|34,24,6,0|32|16|4|4,4,4,4|4|0|4|0|1
003510|box_n4_H18|b001474|3,8,9,15|5|9|15|8|4|10|6|14|8|12|10|24,22,6,0|16|8|36,32,6,0|20|10|2|2,1,1,2|6|46|9|3|1
003511|box_n4_H18|b001475|3,8,9,16|5|9|16|12|4|18|6|24|12|40|18|22,14,4,0|24|12|40,26,4,0|36|18|8|3,8,8,3|4|0|4|0|1
003512|box_n4_H18|b001476|3,8,9,17|5|9|17|8|4|14|6|16|8|22|14|22,18,4,0|16|8|42,38,10,0|28|14|4|4,0,0,4|4|0|4|0|1
003513|box_n4_H18|b001477|3,8,9,18|5|9|18|16|3|22|6|42|16|50|22|36,26,6,0|32|16|54,40,8,0|44|22|7|5,7,7,5|28|40|36|8|1
003514|box_n4_H18|b001478|3,8,10,11|5|10|11|6|8|8|4|12|6|16|8|24,20,2,0|12|6|24,16,0,0|16|8|5|5,1,1,5|3|51|3|0|1
003515|box_n4_H18|b001479|3,8,10,12|5|10|12|6|11|10|4|4|6|18|10|24,24,6,0|12|6|24,16,2,0|20|10|2|2,2,2,2|5|147|6|1|1
003516|box_n4_H18|b001480|3,8,10,13|5|10|13|6|9|6|11|8|6|8|6|24,22,4,0|12|6|32,30,4,0|12|6|2|2,0,0,2|3|97|3|0|1
003517|box_n4_H18|b001481|3,8,10,14|5|10|14|6|8|10|11|8|6|18|10|24,22,4,0|12|6|32,26,4,0|20|10|5|-1,5,5,-1|4|41|4|0|1
003518|box_n4_H18|b001482|3,8,10,15|5|10|15|12|4|12|6|22|12|24|12|30,24,6,0|24|12|40,32,4,0|24|12|4|4,3,3,4|12|30|20|8|1
003519|box_n4_H18|b001483|3,8,10,16|5|10|16|10|4|18|6|16|10|44|18|24,18,4,0|20|10|40,24,2,0|36|18|6|5,6,6,5|6|22|6|0|1
003520|box_n4_H18|b001484|3,8,10,17|5|10|17|8|4|16|6|12|8|28|16|24,20,4,0|16|8|40,32,8,0|32|16|4|4,2,2,4|3|94|3|0|1
003521|box_n4_H18|b001485|3,8,10,18|5|10|18|8|4|16|6|12|8|32|16|24,20,4,0|16|8|48,40,8,0|32|16|6|6,0,0,6|5|199|6|1|1
003522|box_n4_H18|b001486|3,8,11,12|5|11|12|10|11|12|4|16|10|28|12|28,22,4,0|20|10|30,20,2,0|24|12|5|5,3,3,5|4|0|4|0|1
003523|box_n4_H18|b001487|3,8,11,13|5|11|13|8|11|10|13|16|8|24|10|28,22,2,0|16|8|32,22,0,0|20|10|5|3,5,5,3|4|0|4|0|1
003524|box_n4_H18|b001488|3,8,11,14|5|11|14|8|9|8|11|12|8|20|8|28,24,4,0|16|8|34,28,2,0|16|8|4|4,1,1,4|4|0|4|0|1
003525|box_n4_H18|b001489|3,8,11,15|5|11|15|8|9|8|12|8|8|16|8|24,20,4,0|16|8|36,30,2,0|16|8|4|1,4,4,1|3|139|3|0|1
003526|box_n4_H18|b001490|3,8,11,16|5|11|16|12|9|18|12|24|12|44|18|28,18,2,0|24|12|40,24,2,0|36|18|10|3,10,10,3|4|0|4|0|1
003527|box_n4_H18|b001491|3,8,11,17|5|11|17|12|4|16|6|20|12|38|16|28,20,4,0|24|12|42,30,4,0|32|16|6|6,4,4,6|4|0|4|0|1
003528|box_n4_H18|b001492|3,8,11,18|5|11|18|10|4|16|6|20|10|40|16|28,20,2,0|20|10|44,30,2,0|32|16|7|7,4,4,7|4|0|4|0|1
003529|box_n4_H18|b001493|3,8,12,13|5|12|13|10|6|10|12|20|10|16|10|30,24,4,0|20|10|32,26,4,0|20|10|5|5,1,1,5|4|0|4|0|1
003530|box_n4_H18|b001494|3,8,12,14|5|12|14|12|6|14|7|26|12|26|14|32,24,4,0|24|12|36,28,6,0|28|14|6|2,6,6,2|8|210|8|0|1
003531|box_n4_H18|b001495|3,8,12,15|5|12|15|12|6|8|14|26|12|8|8|36,30,6,0|24|12|36,34,6,0|16|8|5|5,-1,-1,5|6|91|6|0|1
003532|box_n4_H18|b001496|3,8,12,16|5|12|16|14|6|18|8|34|14|40|18|32,20,2,0|28|14|40,26,4,0|36|18|11|2,11,11,2|16|120|16|0|1
003533|box_n4_H18|b001497|3,8,12,17|5|12|17|14|6|16|16|24|14|26|16|30,22,6,0|28|14|42,36,10,0|32|16|6|6,1,1,6|4|0|4|0|1
003534|box_n4_H18|b001498|3,8,12,18|5|12|18|16|4|18|6|38|16|36|18|36,24,4,0|32|16|48,38,8,0|36|18|10|10,1,1,10|20|30|24|4|1
003535|box_n4_H18|b001499|3,8,13,14|5|13|14|12|6|14|7|24|12|32|14|32,22,2,0|24|12|34,22,2,0|28|14|6|5,6,6,5|4|0|4|0|1
003536|box_n4_H18|b001500|3,8,13,15|5|13|15|14|6|14|7|20|14|28|14|32,24,6,0|28|14|36,24,2,0|28|14|5|5,5,5,5|3|2|3|0|1
003537|box_n4_H18|b001501|3,8,13,16|5|13|16|12|6|14|8|20|12|36|14|32,24,4,0|24|12|40,28,2,0|28|14|5|5,5,5,5|4|0|4|0|1
003538|box_n4_H18|b001502|3,8,13,17|5|13|17|12|6|14|8|20|12|30|14|32,24,4,0|24|12|42,34,6,0|28|14|4|4,4,4,4|4|0|4|0|1
003539|box_n4_H18|b001503|3,8,13,18|5|13|18|12|6|18|9|16|12|36|18|32,26,6,0|24|12|44,32,6,0|36|18|5|5,4,4,5|4|0|4|0|1
003540|box_n4_H18|b001504|3,8,14,15|5|14|15|14|6|12|7|26|14|20|12|36,28,6,0|28|14|36,28,4,0|24|12|4|4,4,4,4|3|147|3|0|1
003541|box_n4_H18|b001505|3,8,14,16|5|14|16|18|6|20|7|38|18|48|20|36,22,4,0|36|18|40,22,2,0|40|20|12|4,12,12,4|8|280|8|0|1
003542|box_n4_H18|b001506|3,8,14,17|5|14|17|14|6|14|8|20|14|26|14|34,28,8,0|28|14|42,36,8,0|28|14|5|5,1,1,5|4|0|4|0|1
003543|box_n4_H18|b001507|3,8,14,18|5|14|18|16|6|18|8|34|16|40|18|36,24,4,0|32|16|44,30,4,0|36|18|9|4,9,9,4|8|315|8|0|1
003544|box_n4_H18|b001508|3,8,15,16|5|15|16|14|6|16|7|24|14|36|16|36,26,4,0|28|14|36,22,2,0|32|16|7|5,7,7,5|3|66|3|0|1
003545|box_n4_H18|b001509|3,8,15,17|5|15|17|14|6|16|7|20|14|32|16|36,28,6,0|28|14|40,30,6,0|32|16|6|3,6,6,3|3|69|3|0|1
003546|box_n4_H18|b001510|3,8,15,18|5|15|18|10|6|12|8|12|10|12|12|36,32,6,0|20|10|36,32,8,0|24|12|5|5,-1,-1,5|6|194|6|0|1
003547|box_n4_H18|b001511|3,8,16,17|5|16|17|20|6|20|7|44|20|42|20|40,24,4,0|40|20|42,28,6,0|40|20|8|7,8,8,7|4|0|4|0|1
003548|box_n4_H18|b001512|3,8,16,18|5|16|18|20|6|22|7|44|20|48|22|40,24,4,0|40|20|44,26,4,0|44|22|11|6,11,11,6|8|360|8|0|1
003549|box_n4_H18|b001513|3,8,17,18|5|17|18|18|6|20|7|34|18|40|20|42,32,8,0|36|18|44,30,6,0|40|20|8|8,4,4,8|4|0|4|0|1
003550|box_n4_H18|b001514|3,9,10,11|5|10|11|8|7|10|4|8|8|16|10|24,22,6,0|16|8|24,18,4,0|20|10|3|3,1,1,3|3|47|3|0|1
003551|box_n4_H18|b001515|3,9,10,12|5|10|12|4|7|10|4|8|4|16|10|24,22,2,0|8|4|24,16,2,0|20|10|3|2,3,3,2|4|26|6|2|1
003552|box_n4_H18|b001516|3,9,10,13|5|10|13|8|9|10|9|12|8|16|10|24,20,4,0|16|8|32,28,6,0|20|10|5|5,-1,-1,5|3|51|3|0|1
003553|box_n4_H18|b001517|3,9,10,14|5|10|14|8|8|8|11|8|8|12|8|24,22,6,0|16|8|32,28,4,0|16|8|3|0,3,3,0|4|29|6|2|1
003554|box_n4_H18|b001518|3,9,10,15|5|10|15|10|4|12|6|22|10|20|12|30,24,4,0|20|10|40,32,4,0|24|12|4|4,3,3,4|10|30|20|10|1
003555|box_n4_H18|b001519|3,9,10,16|5|10|16|10|4|14|6|16|10|24|14|24,18,4,0|20|10|40,32,6,0|28|14|5|5,2,2,5|5|78|6|1|1
003556|box_n4_H18|b001520|3,9,10,17|5|10|17|8|4|12|6|8|8|20|12|24,22,6,0|16|8|40,32,4,0|24|12|4|1,4,4,1|3|149|3|0|1
003557|box_n4_H18|b001521|3,9,10,18|5|10|18|12|4|24|6|20|12|58|24|24,16,4,0|24|12|48,28,4,0|48|24|10|4,10,10,4|6|71|6|0|1
003558|box_n4_H18|b001522|3,9,11,12|5|11|12|8|8|12|4|20|8|26|12|28,22,2,0|16|8|30,20,2,0|24|12|4|4,4,4,4|4|0|4|0|1
003559|box_n4_H18|b001523|3,9,11,13|5|11|13|10|11|14|9|16|10|28|14|28,24,6,0|20|10|32,22,4,0|28|14|4|3,4,4,3|4|0|4|0|1
003560|box_n4_H18|b001524|3,9,11,14|5|11|14|10|9|10|11|20|10|14|10|28,22,4,0|20|10|34,30,6,0|20|10|6|6,-1,-1,6|4|0|4|0|1
003561|box_n4_H18|b001525|3,9,11,15|5|11|15|6|9|12|11|12|6|20|12|24,20,2,0|12|6|36,26,2,0|24|12|4|3,4,4,3|3|301|3|0|1
003562|box_n4_H18|b001526|3,9,11,16|5|11|16|12|8|16|11|20|12|32|16|28,22,6,0|24|12|40,28,4,0|32|16|6|3,6,6,3|4|0|4|0|1
003563|box_n4_H18|b001527|3,9,11,17|5|11|17|14|4|16|6|28|14|26|16|28,18,4,0|28|14|42,32,6,0|32|16|6|6,4,4,6|4|0|4|0|1
003564|box_n4_H18|b001528|3,9,11,18|5|11|18|14|4|22|6|28|14|50|22|28,18,4,0|28|14|44,26,4,0|44|22|10|4,10,10,4|4|0|4|0|1
003565|box_n4_H18|b001529|3,9,12,13|5|12|13|12|8|10|9|22|12|24|10|30,22,4,0|24|12|32,24,2,0|20|10|5|5,3,3,5|4|0|4|0|1
003566|box_n4_H18|b001530|3,9,12,14|5|12|14|12|11|8|13|24|12|20|8|32,24,4,0|24|12|36,30,2,0|16|8|4|3,4,4,3|8|210|8|0|1
003567|box_n4_H18|b001531|3,9,12,16|5|12|16|12|9|10|11|24|12|24|10|32,24,4,0|24|12|40,32,2,0|20|10|4|4,4,4,4|12|120|16|4|1
003568|box_n4_H18|b001532|3,9,12,17|5|12|17|12|8|10|12|22|12|26|10|30,22,4,0|24|12|42,32,0,0|20|10|5|5,4,4,5|4|0|4|0|1
003569|box_n4_H18|b001533|3,9,13,14|5|13|14|14|11|14|12|24|14|26|14|32,24,6,0|28|14|34,24,4,0|28|14|5|4,5,5,4|4|0|4|0|1
003570|box_n4_H18|b001534|3,9,13,15|5|13|15|10|11|12|13|20|10|20|12|32,26,4,0|20|10|36,26,2,0|24|12|4|4,4,4,4|3|154|3|0|1
003571|box_n4_H18|b001535|3,9,13,16|5|13|16|12|9|14|11|20|12|24|14|32,26,6,0|24|12|40,32,6,0|28|14|7|7,0,0,7|4|0|4|0|1
003572|box_n4_H18|b001536|3,9,13,17|5|13|17|10|9|14|16|16|10|26|14|32,28,6,0|20|10|42,32,4,0|28|14|4|3,4,4,3|4|0|4|0|1
003573|box_n4_H18|b001537|3,9,13,18|5|13|18|16|9|22|12|32|16|54|22|32,20,4,0|32|16|44,24,2,0|44|22|10|6,10,10,6|4|0|4|0|1
003574|box_n4_H18|b001538|3,9,14,15|5|14|15|12|6|12|12|24|12|20|12|36,28,4,0|24|12|36,26,2,0|24|12|6|6,3,3,6|3|139|3|0|1
003575|box_n4_H18|b001539|3,9,14,16|5|14|16|16|6|16|7|28|16|32|16|36,26,6,0|32|16|40,28,4,0|32|16|6|5,6,6,5|8|280|8|0|1
003576|box_n4_H18|b001540|3,9,14,17|5|14|17|12|6|14|14|18|12|22|14|34,28,6,0|24|12|42,34,6,0|28|14|7|7,0,0,7|4|0|4|0|1
003577|box_n4_H18|b001541|3,9,14,18|5|14|18|16|6|22|8|32|16|54|22|36,24,4,0|32|16|44,24,2,0|44|22|11|5,11,11,5|8|315|8|0|1
003578|box_n4_H18|b001542|3,9,15,16|5|15|16|12|6|10|7|16|12|20|10|36,28,4,0|24|12|36,28,2,0|20|10|4|4,4,4,4|3|141|3|0|1
003579|box_n4_H18|b001543|3,9,15,17|5|15|17|10|6|12|7|12|10|24|12|36,30,4,0|20|10|40,30,2,0|24|12|4|4,4,4,4|3|67|3|0|1
003580|box_n4_H18|b001544|3,9,16,17|5|16|17|18|6|14|7|32|18|26|14|40,28,6,0|36|18|42,32,4,0|28|14|6|5,6,6,5|4|0|4|0|1
003581|box_n4_H18|b001545|3,9,16,18|5|16|18|20|6|22|7|40|20|54|22|40,24,4,0|40|20|44,24,2,0|44|22|12|6,12,12,6|8|360|8|0|1
003582|box_n4_H18|b001546|3,9,17,18|5|17|18|20|6|22|7|38|20|54|22|42,26,4,0|40|20|44,24,2,0|44|22|11|7,11,11,7|4|0|4|0|1
003583|box_n4_H18|b001547|3,10,11,12|5|11|12|8|7|10|4|8|8|16|10|28,28,8,0|16|8|30,26,6,0|20|10|2|2,0,0,2|2|7|2|0|1
003584|box_n4_H18|b001548|3,10,11,13|5|11|13|6|7|10|8|12|6|16|10|28,26,4,0|12|6|32,24,2,0|20|10|3|2,3,3,2|2|10|2|0|1
003585|box_n4_H18|b001549|3,10,11,14|5|11|14|10|7|8|9|16|10|8|8|28,24,6,0|20|10|34,32,6,0|16|8|3|3,0,0,3|2|5|3|1|1
003586|box_n4_H18|b001550|3,10,11,15|5|11|15|6|9|16|9|0|6|28|16|24,26,8,0|12|6|36,26,6,0|32|16|2|2,2,2,2|3|69|3|0|1
003587|box_n4_H18|b001551|3,10,11,16|5|11|16|8|8|14|11|16|8|28|14|28,24,4,0|16|8|40,30,4,0|28|14|6|1,6,6,1|3|166|3|0|1
003588|box_n4_H18|b001552|3,10,11,17|5|11|17|10|4|16|6|16|10|28|16|28,24,6,0|20|10|42,32,6,0|32|16|6|6,1,1,6|2|7|2|0|1
003589|box_n4_H18|b001553|3,10,11,18|5|11|18|12|4|20|6|20|12|44|20|28,22,6,0|24|12|44,28,4,0|40|20|6|6,5,5,6|3|270|3|0|1
003590|box_n4_H18|b001554|3,10,12,13|5|12|13|6|8|8|8|12|6|12|8|30,28,4,0|12|6|32,26,2,0|16|8|3|3,1,1,3|3|122|3|0|1
003591|box_n4_H18|b001555|3,10,12,14|5|12|14|8|14|10|9|10|8|14|10|32,32,8,0|16|8|36,32,6,0|20|10|2|2,0,0,2|4|75|4|0|1
003592|box_n4_H18|b001556|3,10,12,15|5|12|15|8|9|12|9|10|8|20|12|36,38,10,0|16|8|36,30,6,0|24|12|4|4,-2,-2,4|6|46|9|3|1
003593|box_n4_H18|b001557|3,10,12,16|5|12|16|10|9|12|11|18|10|20|12|32,28,6,0|20|10|40,34,6,0|24|12|3|2,3,3,2|6|30|8|2|1
003594|box_n4_H18|b001558|3,10,12,17|5|12|17|10|8|12|11|16|10|20|12|30,26,6,0|20|10|42,36,6,0|24|12|3|2,3,3,2|2|4|2|0|1
003595|box_n4_H18|b001559|3,10,12,18|5|12|18|14|4|20|6|30|14|44|20|36,28,6,0|28|14|48,34,6,0|40|20|8|8,3,3,8|20|30|24|4|1
003596|box_n4_H18|b001560|3,10,13,14|5|13|14|12|8|8|9|20|12|20|8|32,22,2,0|24|12|34,26,0,0|16|8|5|5,4,4,5|2|8|2|0|1
003597|box_n4_H18|b001561|3,10,13,15|5|13|15|8|11|12|9|8|8|32|12|32,28,4,0|16|8|36,24,0,0|24|12|4|4,4,4,4|3|139|3|0|1
003598|box_n4_H18|b001562|3,10,13,16|5|13|16|6|9|8|11|4|6|20|8|32,30,4,0|12|6|40,34,2,0|16|8|5|5,-1,-1,5|2|26|2|0|1
003599|box_n4_H18|b001563|3,10,13,17|5|13|17|8|9|10|11|12|8|24|10|32,26,2,0|16|8|42,34,2,0|20|10|4|3,4,4,3|3|250|3|0|1
003600|box_n4_H18|b001564|3,10,13,18|5|13|18|12|8|16|11|16|12|40|16|32,24,4,0|24|12|44,30,2,0|32|16|7|4,7,7,4|3|530|3|0|1
003601|box_n4_H18|b001565|3,10,14,15|5|14|15|10|11|14|9|10|10|28|14|36,34,8,0|20|10|36,26,4,0|28|14|4|4,2,2,4|3|81|3|0|1
003602|box_n4_H18|b001566|3,10,14,16|5|14|16|10|11|14|13|18|10|28|14|36,30,4,0|20|10|40,30,4,0|28|14|6|2,6,6,2|6|243|6|0|1
003603|box_n4_H18|b001567|3,10,14,17|5|14|17|8|11|10|14|8|8|16|10|34,32,6,0|16|8|42,38,6,0|20|10|3|3,0,0,3|2|2|2|0|1
003604|box_n4_H18|b001568|3,10,14,18|5|14|18|10|9|18|11|14|10|40|18|36,32,6,0|20|10|44,30,4,0|36|18|5|4,5,5,4|4|50|4|0|1
003605|box_n4_H18|b001569|3,10,15,16|5|15|16|14|6|14|12|28|14|24|14|36,26,4,0|28|14|36,26,4,0|28|14|6|6,4,4,6|3|66|3|0|1
003606|box_n4_H18|b001570|3,10,15,17|5|15|17|14|6|14|13|24|14|22|14|36,28,6,0|28|14|40,32,6,0|28|14|4|4,4,4,4|3|8|3|0|1
003607|box_n4_H18|b001571|3,10,15,18|5|15|18|12|6|12|14|20|12|16|12|36,30,6,0|24|12|36,30,6,0|24|12|6|6,0,0,6|7|74|9|2|1
003608|box_n4_H18|b001572|3,10,16,17|5|16|17|14|6|12|12|28|14|24|12|40,30,4,0|28|14|42,34,4,0|24|12|6|6,3,3,6|2|12|2|0|1
003609|box_n4_H18|b001573|3,10,16,18|5|16|18|16|6|18|7|32|16|40|18|40,28,4,0|32|16|44,30,4,0|36|18|7|6,7,7,6|4|38|4|0|1
003610|box_n4_H18|b001574|3,10,17,18|5|17|18|16|6|16|7|28|16|40|16|42,32,6,0|32|16|44,30,2,0|32|16|7|7,5,5,7|3|5|3|0|1
003611|box_n4_H18|b001575|3,11,12,13|5|12|13|12|7|12|8|18|12|20|12|30,26,8,0|24|12|32,26,6,0|24|12|4|4,1,1,4|4|0|4|0|1
003612|box_n4_H18|b001576|3,11,12,14|5|12|14|10|7|10|8|28|10|16|10|32,24,2,0|20|10|36,30,4,0|20|10|4|3,4,4,3|8|210|8|0|1
003613|box_n4_H18|b001577|3,11,12,15|5|12|15|12|7|10|9|24|12|16|10|36,32,8,0|24|12|36,32,6,0|20|10|5|5,-1,-1,5|7|71|9|2|1
003614|box_n4_H18|b001578|3,11,12,16|5|12|16|12|9|16|9|24|12|28|16|32,26,6,0|24|12|40,32,8,0|32|16|4|4,3,3,4|12|120|16|4|1
003615|box_n4_H18|b001579|3,11,12,17|5|12|17|14|8|16|11|30|14|26|16|30,20,4,0|28|14|42,34,8,0|32|16|5|5,4,4,5|4|0|4|0|1
003616|box_n4_H18|b001580|3,11,12,18|5|12|18|16|4|20|6|36|16|40|20|36,26,6,0|32|16|48,36,8,0|40|20|8|8,3,3,8|20|90|24|4|1
003617|box_n4_H18|b001581|3,11,13,14|5|13|14|10|8|12|8|24|10|22|12|32,24,2,0|20|10|34,24,2,0|24|12|5|5,4,4,5|4|0|4|0|1
003618|box_n4_H18|b001582|3,11,13,15|5|13|15|10|14|14|9|16|10|24|14|32,28,6,0|20|10|36,28,6,0|28|14|3|3,3,3,3|3|63|3|0|1
003619|box_n4_H18|b001583|3,11,13,16|5|13|16|12|9|16|9|20|12|28|16|32,26,6,0|24|12|40,32,8,0|32|16|7|7,0,0,7|4|0|4|0|1
003620|box_n4_H18|b001584|3,11,13,17|5|13|17|12|9|18|11|20|12|34|18|32,26,6,0|24|12|42,30,6,0|36|18|5|4,5,5,4|4|0|4|0|1
003621|box_n4_H18|b001585|3,11,13,18|5|13|18|16|8|20|11|28|16|40|20|32,22,6,0|32|16|44,30,6,0|40|20|6|6,6,6,6|4|0|4|0|1
003622|box_n4_H18|b001586|3,11,14,15|5|14|15|12|8|12|9|20|12|28|12|36,28,4,0|24|12|36,26,2,0|24|12|6|6,3,3,6|3|64|3|0|1
003623|box_n4_H18|b001587|3,11,14,16|5|14|16|12|11|14|9|20|12|40|14|36,28,4,0|24|12|40,26,0,0|28|14|6|6,5,5,6|8|280|8|0|1
003624|box_n4_H18|b001588|3,11,14,17|5|14|17|8|11|8|17|6|8|18|8|34,32,6,0|16|8|42,38,4,0|16|8|3|3,0,0,3|4|0|4|0|1
003625|box_n4_H18|b001589|3,11,14,18|5|14|18|12|9|14|11|20|12|36|14|36,28,4,0|24|12|44,32,2,0|28|14|6|4,6,6,4|8|315|8|0|1
003626|box_n4_H18|b001590|3,11,15,16|5|15|16|12|11|14|9|16|12|24|14|36,32,8,0|24|12|36,28,6,0|28|14|4|4,2,2,4|3|146|3|0|1
003627|box_n4_H18|b001591|3,11,15,17|5|15|17|12|11|14|13|20|12|24|14|36,30,6,0|24|12|40,32,6,0|28|14|4|3,4,4,3|3|67|3|0|1
003628|box_n4_H18|b001592|3,11,15,18|5|15|18|12|11|12|14|16|12|12|12|36,32,8,0|24|12|36,32,8,0|24|12|4|4,0,0,4|7|224|9|2|1
003629|box_n4_H18|b001593|3,11,16,17|5|16|17|16|11|16|12|36|16|34|16|40,28,4,0|32|16|42,30,4,0|32|16|6|6,6,6,6|4|0|4|0|1
003630|box_n4_H18|b001594|3,11,16,18|5|16|18|18|11|18|13|36|18|40|18|40,28,6,0|36|18|44,30,4,0|36|18|7|6,7,7,6|8|360|8|0|1
003631|box_n4_H18|b001595|3,11,17,18|5|17|18|18|6|16|12|34|18|36|16|42,30,6,0|36|18|44,32,4,0|32|16|8|8,4,4,8|4|0|4|0|1
003632|box_n4_H18|b001596|3,12,13,14|5|13|14|14|7|14|7|20|14|24|14|32,24,6,0|28|14|34,24,4,0|28|14|6|3,6,6,3|4|0|4|0|1
003633|box_n4_H18|b001597|3,12,13,15|5|13|15|8|7|12|8|16|8|20|12|32,26,2,0|16|8|36,26,2,0|24|12|4|4,4,4,4|3|63|3|0|1
003634|box_n4_H18|b001598|3,12,13,16|5|13|16|12|7|12|8|20|12|20|12|32,24,4,0|24|12|40,32,4,0|24|12|5|5,3,3,5|4|0|4|0|1
003635|box_n4_H18|b001599|3,12,13,17|5|13|17|10|9|16|9|12|10|30|16|32,28,6,0|20|10|42,30,4,0|32|16|6|6,2,2,6|4|0|4|0|1
003636|box_n4_H18|b001600|3,12,13,18|5|13|18|12|8|20|9|24|12|44|20|32,22,2,0|24|12|44,26,2,0|40|20|7|7,7,7,7|4|0|4|0|1
003637|box_n4_H18|b001601|3,12,14,15|5|14|15|10|7|10|8|22|10|16|10|36,28,2,0|20|10|36,28,2,0|20|10|4|4,4,4,4|3|141|3|0|1
003638|box_n4_H18|b001602|3,12,14,16|5|14|16|12|7|14|8|18|12|24|14|36,30,6,0|24|12|40,30,4,0|28|14|6|2,6,6,2|8|280|8|0|1
003639|box_n4_H18|b001603|3,12,14,17|5|14|17|10|7|14|9|16|10|22|14|34,28,4,0|20|10|42,34,6,0|28|14|5|5,2,2,5|4|0|4|0|1
003640|box_n4_H18|b001604|3,12,14,18|5|14|18|14|7|20|9|30|14|44|20|36,24,2,0|28|14|44,26,2,0|40|20|9|6,9,9,6|8|315|8|0|1
003641|box_n4_H18|b001605|3,12,15,16|5|15|16|12|8|10|8|16|12|20|10|36,28,4,0|24|12|36,26,0,0|20|10|5|4,5,5,4|3|88|3|0|1
003642|box_n4_H18|b001606|3,12,15,17|5|15|17|8|11|10|9|8|8|20|10|36,32,4,0|16|8|40,32,2,0|20|10|4|4,2,2,4|3|232|3|0|1
003643|box_n4_H18|b001607|3,12,16,17|5|16|17|14|8|16|9|20|14|30|16|40,32,6,0|28|14|42,30,4,0|32|16|5|5,5,5,5|4|0|4|0|1
003644|box_n4_H18|b001608|3,12,16,18|5|16|18|14|8|20|9|28|14|44|20|40,28,2,0|28|14|44,26,2,0|40|20|9|6,9,9,6|8|360|8|0|1
003645|box_n4_H18|b001609|3,12,17,18|5|17|18|14|11|20|9|26|14|44|20|42,32,4,0|28|14|44,26,2,0|40|20|9|9,5,5,9|4|0|4|0|1
003646|box_n4_H18|b001610|3,13,14,15|5|14|15|14|7|16|7|20|14|28|16|36,32,10,0|28|14|36,28,8,0|32|16|3|3,3,3,3|3|64|3|0|1
003647|box_n4_H18|b001611|3,13,14,16|5|14|16|12|7|14|8|28|12|24|14|36,28,4,0|24|12|40,30,4,0|28|14|6|3,6,6,3|8|280|8|0|1
003648|box_n4_H18|b001612|3,13,14,17|5|14|17|12|7|16|8|18|12|26|16|34,30,8,0|24|12|42,34,8,0|32|16|5|5,1,1,5|4|0|4|0|1
003649|box_n4_H18|b001613|3,13,14,18|5|14|18|16|7|20|9|28|16|36|20|36,28,8,0|32|16|44,32,8,0|40|20|6|4,6,6,4|8|315|8|0|1
003650|box_n4_H18|b001614|3,13,15,16|5|15|16|12|7|10|8|28|12|16|10|36,28,4,0|24|12|36,28,2,0|20|10|5|5,3,3,5|3|136|3|0|1
003651|box_n4_H18|b001615|3,13,15,17|5|15|17|12|7|14|8|16|12|24|14|36,34,10,0|24|12|40,32,6,0|28|14|3|2,3,3,2|3|67|3|0|1
003652|box_n4_H18|b001616|3,13,15,18|5|15|18|12|7|10|9|16|12|12|10|36,34,10,0|24|12|36,32,6,0|20|10|5|5,-2,-2,5|7|224|9|2|1
003653|box_n4_H18|b001617|3,13,16,17|5|16|17|16|8|14|8|28|16|34|14|40,28,4,0|32|16|42,30,2,0|28|14|7|7,5,5,7|4|0|4|0|1
003654|box_n4_H18|b001618|3,13,16,18|5|16|18|16|8|16|9|28|16|40|16|40,28,4,0|32|16|44,30,2,0|32|16|7|7,6,6,7|8|360|8|0|1
003655|box_n4_H18|b001619|3,13,17,18|5|17|18|18|8|20|9|30|18|40|20|42,32,8,0|36|18|44,30,6,0|40|20|8|8,4,4,8|4|0|4|0|1
003656|box_n4_H18|b001620|3,14,15,16|5|15|16|14|7|14|7|16|14|24|14|36,32,10,0|28|14|36,28,6,0|28|14|3|3,3,3,3|3|67|3|0|1
003657|box_n4_H18|b001621|3,14,15,17|5|15|17|8|7|12|8|16|8|16|12|36,32,4,0|16|8|40,32,4,0|24|12|4|2,4,4,2|3|67|3|0|1
003658|box_n4_H18|b001622|3,14,15,18|5|15|18|12|7|10|8|16|12|12|10|36,32,8,0|24|12|36,32,6,0|20|10|4|4,0,0,4|6|44|6|0|1
003659|box_n4_H18|b001623|3,14,16,17|5|16|17|14|7|14|8|32|14|26|14|40,30,4,0|28|14|42,30,2,0|28|14|6|6,5,5,6|4|0|4|0|1
003660|box_n4_H18|b001624|3,14,16,18|5|16|18|18|7|20|8|36|18|40|20|40,28,6,0|36|18|44,30,6,0|40|20|9|4,9,9,4|8|360|8|0|1
003661|box_n4_H18|b001625|3,14,17,18|5|17|18|16|8|16|8|26|16|40|16|42,30,4,0|32|16|44,30,2,0|32|16|7|7,6,6,7|4|0|4|0|1
003662|box_n4_H18|b001626|3,15,16,17|5|16|17|14|7|16|7|16|14|24|16|40,36,10,0|28|14|42,34,8,0|32|16|4|4,2,2,4|2|7|2|0|1
003663|box_n4_H18|b001627|3,15,16,18|5|16|18|12|7|10|8|28|12|12|10|40,30,2,0|24|12|44,36,2,0|20|10|5|4,5,5,4|4|216|6|2|1
003664|box_n4_H18|b001628|3,15,17,18|5|17|18|12|7|10|8|28|12|12|10|42,32,2,0|24|12|44,36,2,0|20|10|5|5,4,4,5|3|172|3|0|1
003665|box_n4_H18|b001629|3,16,17,18|5|17|18|18|7|20|7|26|18|36|20|42,34,10,0|36|18|44,32,8,0|40|20|5|5,5,5,5|4|0|4|0|1
003666|box_n4_H18|b001630|4,5,6,7|5|6|7|4|2|6|2|4|4|12|6|16,16,4,0|8|4|18,14,2,0|12|6|2|0,2,2,0|2|3|2|0|1
003667|box_n4_H18|b001631|4,5,6,8|5|6|8|6|2|10|2|12|6|24|10|16,12,2,0|12|6|20,12,2,0|20|10|6|0,6,6,0|8|60|8|0|1
003668|box_n4_H18|b001632|4,5,6,9|5|6|9|6|2|6|3|14|6|14|6|18,14,2,0|12|6|24,18,0,0|12|6|3|3,2,2,3|8|30|12|4|1
003669|box_n4_H18|b001633|4,5,6,10|5|6|10|4|2|8|3|4|4|18|8|16,16,4,0|8|4|24,18,2,0|16|8|2|1,2,2,1|4|26|6|2|1
003670|box_n4_H18|b001634|4,5,6,11|5|6|11|6|2|8|3|8|6|12|8|16,14,4,0|12|6|28,26,6,0|16|8|3|3,-1,-1,3|2|2|2|0|1
003671|box_n4_H18|b001635|4,5,6,12|5|6|12|8|2|14|3|20|8|32|14|24,20,4,0|16|8|36,28,6,0|28|14|4|2,4,4,2|12|6|18|6|1
003672|box_n4_H18|b001636|4,5,6,13|5|6|13|4|3|10|4|8|4|20|10|16,14,2,0|8|4|32,24,2,0|20|10|3|2,3,3,2|2|3|2|0|1
003673|box_n4_H18|b001637|4,5,6,14|5|6|14|4|3|14|4|4|4|32|14|16,16,4,0|8|4|36,24,2,0|28|14|4|4,2,2,4|8|105|8|0|1
003674|box_n4_H18|b001638|4,5,6,15|5|6|15|4|3|12|4|0|4|24|12|12,12,4,0|8|4|36,28,4,0|24|12|2|2,2,2,2|5|19|6|1|1
003675|box_n4_H18|b001639|4,5,6,16|5|6|16|4|3|14|4|4|4|24|14|16,16,4,0|8|4|40,34,8,0|28|14|4|4,-1,-1,4|8|120|8|0|0
003676|box_n4_H18|b001640|4,5,6,17|5|6|17|4|3|12|6|8|4|20|12|16,14,2,0|8|4|42,36,6,0|24|12|2|2,2,2,2|2|3|2|0|0
003677|box_n4_H18|b001641|4,5,6,18|5|6|18|8|2|14|6|20|8|28|14|24,20,4,0|16|8|48,40,6,0|28|14|4|2,4,4,2|12|9|18|6|0
003678|box_n4_H18|b001642|4,5,7,8|5|7|8|8|2|10|2|16|8|24|10|18,12,2,0|16|8|20,12,2,0|20|10|6|1,6,6,1|3|37|3|0|1
003679|box_n4_H18|b001643|4,5,7,9|5|7|9|4|2|6|3|8|4|12|6|18,16,2,0|8|4|22,16,0,0|12|6|3|1,3,3,1|2|41|2|0|1
003680|box_n4_H18|b001644|4,5,7,10|5|7|10|4|2|10|3|2|4|22|10|16,16,4,0|8|4|24,16,2,0|20|10|4|0,4,4,0|3|41|3|0|1
003681|box_n4_H18|b001645|4,5,7,11|5|7|11|8|2|10|3|12|8|16|10|18,14,4,0|16|8|28,24,6,0|20|10|4|4,0,0,4|2|1|2|0|1
003682|box_n4_H18|b001646|4,5,7,12|5|7|12|6|2|10|3|8|6|18|10|18,16,4,0|12|6|30,26,6,0|20|10|4|4,-1,-1,4|2|9|2|0|1
003683|box_n4_H18|b001647|4,5,7,13|5|7|13|6|2|12|4|12|6|20|12|18,14,2,0|12|6|32,24,4,0|24|12|4|2,4,4,2|3|68|3|0|1
003684|box_n4_H18|b001648|4,5,7,14|5|7|14|10|2|14|4|26|10|34|14|28,22,4,0|20|10|42,32,4,0|28|14|5|3,5,5,3|15|8|21|6|1
003685|box_n4_H18|b001649|4,5,7,15|5|7|15|6|3|14|4|6|6|28|14|16,14,4,0|12|6|36,26,4,0|28|14|4|4,2,2,4|3|66|3|0|1
003686|box_n4_H18|b001650|4,5,7,16|5|7|16|4|3|16|4|4|4|28|16|18,18,4,0|8|4|40,32,8,0|32|16|2|2,2,2,2|2|33|2|0|1
003687|box_n4_H18|b001651|4,5,7,17|5|7|17|4|3|14|6|8|4|24|14|18,16,2,0|8|4|42,34,6,0|28|14|3|2,3,3,2|3|100|3|0|1
003688|box_n4_H18|b001652|4,5,7,18|5|7|18|4|3|14|6|8|4|24|14|18,16,2,0|8|4|44,36,6,0|28|14|3|2,3,3,2|3|103|3|0|0
003689|box_n4_H18|b001653|4,5,8,9|5|8|9|8|2|8|3|20|8|16|8|20,14,2,0|16|8|22,14,0,0|16|8|5|2,5,5,2|2|2|2|0|1
003690|box_n4_H18|b001654|4,5,8,10|5|8|10|12|2|12|3|28|12|26|12|24,16,4,0|24|12|24,14,2,0|24|12|8|1,8,8,1|6|2|6|0|1
003691|box_n4_H18|b001655|4,5,8,11|5|8|11|8|2|10|3|16|8|20|10|20,16,4,0|16|8|28,22,4,0|20|10|4|1,4,4,1|2|4|2|0|1
003692|box_n4_H18|b001656|4,5,8,12|5|8|12|12|2|16|3|28|12|36|16|24,16,4,0|24|12|32,20,4,0|32|16|6|6,4,4,6|16|30|16|0|1
003693|box_n4_H18|b001657|4,5,8,13|5|8|13|8|2|10|4|20|8|16|10|20,14,2,0|16|8|32,26,4,0|20|10|4|4,2,2,4|2|6|2|0|1
003694|box_n4_H18|b001658|4,5,8,14|5|8|14|10|2|18|4|24|10|40|18|20,12,2,0|20|10|36,20,2,0|36|18|6|6,6,6,6|8|140|8|0|1
003695|box_n4_H18|b001659|4,5,8,15|5|8|15|12|2|16|4|24|12|32|16|20,12,4,0|24|12|36,24,4,0|32|16|6|4,6,6,4|3|2|3|0|1
003696|box_n4_H18|b001660|4,5,8,16|5|8|16|16|2|20|4|44|16|44|20|32,20,4,0|32|16|48,36,8,0|40|20|6|6,6,6,6|28|10|32|4|1
003697|box_n4_H18|b001661|4,5,8,17|5|8|17|10|3|18|6|24|10|32|18|20,12,2,0|20|10|42,30,6,0|36|18|7|3,7,7,3|3|83|3|0|1
003698|box_n4_H18|b001662|4,5,8,18|5|8|18|10|3|18|6|24|10|36|18|20,12,2,0|20|10|44,30,4,0|36|18|6|6,5,5,6|8|180|8|0|1
003699|box_n4_H18|b001663|4,5,9,10|5|9|10|8|3|10|3|14|8|26|10|24,18,2,0|16|8|24,14,0,0|20|10|6|2,6,6,2|3|42|3|0|1
003700|box_n4_H18|b001664|4,5,9,11|5|9|11|8|3|8|3|12|8|20|8|22,16,2,0|16|8|28,22,2,0|16|8|4|2,4,4,2|3|49|3|0|1
003701|box_n4_H18|b001665|4,5,9,12|5|9|12|8|3|10|3|14|8|26|10|24,18,2,0|16|8|30,22,2,0|20|10|4|4,3,3,4|8|60|12|4|1
003702|box_n4_H18|b001666|4,5,9,13|5|9|13|4|6|4|4|4|4|8|4|22,20,2,0|8|4|32,30,2,0|8|4|3|3,-1,-1,3|2|23|2|0|1
003703|box_n4_H18|b001667|4,5,9,14|5|9|14|4|4|8|4|4|4|18|8|22,20,2,0|8|4|34,28,2,0|16|8|5|5,-1,-1,5|2|38|2|0|1
003704|box_n4_H18|b001668|4,5,9,15|5|9|15|8|4|12|4|14|8|28|12|24,18,2,0|16|8|36,26,2,0|24|12|5|5,3,3,5|6|28|9|3|1
003705|box_n4_H18|b001669|4,5,9,16|5|9|16|6|4|12|4|8|6|28|12|22,18,2,0|12|6|40,32,4,0|24|12|5|5,1,1,5|3|86|3|0|1
003706|box_n4_H18|b001670|4,5,9,17|5|9|17|8|4|10|6|12|8|20|10|22,16,2,0|16|8|42,36,4,0|20|10|4|4,2,2,4|2|40|2|0|1
003707|box_n4_H18|b001671|4,5,9,18|5|9|18|12|3|18|6|34|12|46|18|36,26,2,0|24|12|54,40,4,0|36|18|7|5,7,7,5|24|10|36|12|1
003708|box_n4_H18|b001672|4,5,10,11|5|10|11|12|3|12|3|22|12|20|12|24,16,4,0|24|12|24,16,4,0|24|12|6|2,6,6,2|3|3|3|0|1
003709|box_n4_H18|b001673|4,5,10,12|5|10|12|10|3|12|3|18|10|20|12|24,18,4,0|20|10|24,16,4,0|24|12|6|1,6,6,1|6|3|6|0|1
003710|box_n4_H18|b001674|4,5,10,13|5|10|13|10|3|14|4|22|10|28|14|24,16,2,0|20|10|32,20,2,0|28|14|6|4,6,6,4|3|41|3|0|1
003711|box_n4_H18|b001675|4,5,10,14|5|10|14|8|6|12|4|18|8|20|12|24,18,2,0|16|8|32,24,4,0|24|12|5|5,2,2,5|4|13|4|0|1
003712|box_n4_H18|b001676|4,5,10,15|5|10|15|12|4|18|4|28|12|40|18|30,22,4,0|24|12|40,26,4,0|36|18|7|7,4,4,7|20|60|20|0|1
003713|box_n4_H18|b001677|4,5,10,16|5|10|16|10|4|16|4|18|10|28|16|24,18,4,0|20|10|40,32,8,0|32|16|4|3,4,4,3|6|4|6|0|1
003714|box_n4_H18|b001678|4,5,10,17|5|10|17|12|4|14|6|22|12|22|14|24,16,4,0|24|12|40,32,6,0|28|14|6|2,6,6,2|3|42|3|0|1
003715|box_n4_H18|b001679|4,5,10,18|5|10|18|8|4|18|6|18|8|36|18|24,18,2,0|16|8|48,36,6,0|36|18|5|5,4,4,5|6|47|6|0|1
003716|box_n4_H18|b001680|4,5,11,12|5|11|12|10|3|14|3|16|10|26|14|28,24,6,0|20|10|30,22,6,0|28|14|4|2,4,4,2|2|3|2|0|1
003717|box_n4_H18|b001681|4,5,11,13|5|11|13|10|3|10|4|20|10|16|10|28,22,4,0|20|10|32,26,4,0|20|10|3|3,3,3,3|3|187|3|0|1
003718|box_n4_H18|b001682|4,5,11,14|5|11|14|10|3|16|4|16|10|30|16|28,24,6,0|20|10|34,22,4,0|32|16|4|4,4,4,4|3|276|3|0|1
003719|box_n4_H18|b001683|4,5,11,15|5|11|15|4|6|12|4|-4|4|20|12|24,28,8,0|8|4|36,30,6,0|24|12|3|3,-2,-2,3|3|141|3|0|1
003720|box_n4_H18|b001684|4,5,11,16|5|11|16|8|6|14|4|8|8|20|14|28,28,8,0|16|8|40,36,10,0|28|14|5|5,-3,-3,5|2|7|2|0|1
003721|box_n4_H18|b001685|4,5,11,17|5|11|17|8|4|16|6|12|8|24|16|28,26,6,0|16|8|42,34,8,0|32|16|3|3,2,2,3|3|253|3|0|1
003722|box_n4_H18|b001686|4,5,11,18|5|11|18|10|4|18|6|16|10|28|18|28,24,6,0|20|10|44,34,8,0|36|18|4|4,3,3,4|2|1|2|0|1
003723|box_n4_H18|b001687|4,5,12,13|5|12|13|10|3|12|4|22|10|20|12|30,24,4,0|20|10|32,24,4,0|24|12|4|3,4,4,3|3|55|3|0|1
003724|box_n4_H18|b001688|4,5,12,14|5|12|14|12|3|14|4|24|12|28|14|32,26,6,0|24|12|36,26,4,0|28|14|5|3,5,5,3|8|210|8|0|1
003725|box_n4_H18|b001689|4,5,12,15|5|12|15|16|3|14|4|32|16|24|14|36,28,8,0|32|16|36,28,6,0|28|14|4|4,4,4,4|8|49|9|1|1
003726|box_n4_H18|b001690|4,5,12,16|5|12|16|12|3|16|4|20|12|28|16|32,28,8,0|24|12|40,32,8,0|32|16|6|6,0,0,6|16|60|16|0|1
003727|box_n4_H18|b001691|4,5,12,17|5|12|17|10|6|10|9|18|10|12|10|30,26,6,0|20|10|42,40,8,0|20|10|4|4,-1,-1,4|2|9|2|0|1
003728|box_n4_H18|b001692|4,5,12,18|5|12|18|14|4|16|6|32|14|28|16|36,28,6,0|28|14|48,40,8,0|32|16|4|4,4,4,4|12|18|18|6|1
003729|box_n4_H18|b001693|4,5,13,14|5|13|14|12|6|14|4|20|12|30|14|32,24,4,0|24|12|34,22,2,0|28|14|6|6,4,4,6|2|5|2|0|1
003730|box_n4_H18|b001694|4,5,13,15|5|13|15|8|6|14|4|8|8|28|14|32,30,6,0|16|8|36,26,4,0|28|14|4|2,4,4,2|3|66|3|0|1
003731|box_n4_H18|b001695|4,5,13,16|5|13|16|10|6|14|4|12|10|28|14|32,28,6,0|20|10|40,32,6,0|28|14|4|4,2,2,4|2|1|2|0|1
003732|box_n4_H18|b001696|4,5,13,17|5|13|17|10|6|10|8|12|10|16|10|32,28,6,0|20|10|42,38,6,0|20|10|5|5,-1,-1,5|2|10|3|1|1
003733|box_n4_H18|b001697|4,5,13,18|5|13|18|8|6|10|9|12|8|16|10|32,28,4,0|16|8|44,40,6,0|20|10|3|3,1,1,3|2|99|2|0|1
003734|box_n4_H18|b001698|4,5,14,15|5|14|15|14|6|14|4|24|14|32|14|36,28,6,0|28|14|36,24,2,0|28|14|5|5,5,5,5|3|7|3|0|1
003735|box_n4_H18|b001699|4,5,14,16|5|14|16|12|6|16|4|20|12|32|16|36,30,6,0|24|12|40,30,6,0|32|16|6|6,2,2,6|8|280|8|0|1
003736|box_n4_H18|b001700|4,5,14,17|5|14|17|12|6|14|8|22|12|28|14|34,26,4,0|24|12|42,32,4,0|28|14|5|5,4,4,5|3|350|3|0|1
003737|box_n4_H18|b001701|4,5,14,18|5|14|18|10|6|12|8|20|10|20|12|36,30,4,0|20|10|44,38,6,0|24|12|4|4,2,2,4|8|315|8|0|1
003738|box_n4_H18|b001702|4,5,15,16|5|15|16|14|6|16|4|20|14|24|16|36,30,8,0|28|14|36,28,8,0|32|16|4|4,3,3,4|3|4|3|0|1
003739|box_n4_H18|b001703|4,5,15,17|5|15|17|14|6|14|7|24|14|22|14|36,28,6,0|28|14|40,32,6,0|28|14|6|2,6,6,2|3|69|3|0|1
003740|box_n4_H18|b001704|4,5,15,18|5|15|18|14|6|12|8|28|14|12|12|36,26,4,0|28|14|36,30,6,0|24|12|4|4,4,4,4|7|46|9|2|1
003741|box_n4_H18|b001705|4,5,16,17|5|16|17|16|6|14|7|28|16|20|14|40,32,8,0|32|16|42,36,8,0|28|14|4|4,3,3,4|2|5|2|0|1
003742|box_n4_H18|b001706|4,5,16,18|5|16|18|14|6|16|7|24|14|24|16|40,34,8,0|28|14|44,36,8,0|32|16|5|2,5,5,2|8|360|8|0|1
003743|box_n4_H18|b001707|4,5,17,18|5|17|18|16|6|16|7|28|16|28|16|42,32,6,0|32|16|44,34,6,0|32|16|6|4,6,6,4|3|262|3|0|1
003744|box_n4_H18|b001708|4,6,7,8|5|7|8|8|2|10|2|18|8|24|10|18,12,2,0|16|8|20,12,2,0|20|10|6|1,6,6,1|4|0|4|0|0
003745|box_n4_H18|b001709|4,6,7,9|5|7|9|10|2|10|3|18|10|20|10|18,12,4,0|20|10|22,14,2,0|20|10|5|2,5,5,2|4|0|4|0|0
003746|box_n4_H18|b001710|4,6,7,10|5|7|10|4|2|6|3|8|4|8|6|16,14,2,0|8|4|24,20,2,0|12|6|3|0,3,3,0|2|11|2|0|1
003747|box_n4_H18|b001711|4,6,7,11|5|7|11|8|2|12|3|14|8|24|12|18,14,4,0|16|8|28,20,4,0|24|12|4|4,2,2,4|4|0|4|0|1
003748|box_n4_H18|b001712|4,6,7,12|5|7|12|10|2|14|3|22|10|34|14|18,10,2,0|20|10|30,18,2,0|28|14|7|3,7,7,3|4|0|4|0|1
003749|box_n4_H18|b001713|4,6,7,13|5|7|13|8|2|12|4|14|8|20|12|18,14,4,0|16|8|32,26,6,0|24|12|4|4,1,1,4|4|0|4|0|1
003750|box_n4_H18|b001714|4,6,7,14|5|7|14|12|2|16|4|32|12|38|16|28,20,4,0|24|12|42,32,6,0|32|16|5|4,5,5,4|18|30|28|10|1
003751|box_n4_H18|b001715|4,6,7,15|5|7|15|6|3|12|4|8|6|20|12|16,14,4,0|12|6|36,28,4,0|24|12|3|2,3,3,2|3|64|3|0|1
003752|box_n4_H18|b001716|4,6,7,16|5|7|16|6|3|16|4|10|6|32|16|18,16,4,0|12|6|40,28,4,0|32|16|4|4,3,3,4|4|0|4|0|1
003753|box_n4_H18|b001717|4,6,7,17|5|7|17|8|3|16|6|14|8|30|16|18,14,4,0|16|8|42,30,4,0|32|16|6|2,6,6,2|4|0|4|0|1
003754|box_n4_H18|b001718|4,6,7,18|5|7|18|8|3|16|6|14|8|32|16|18,14,4,0|16|8|44,32,4,0|32|16|5|3,5,5,3|4|0|4|0|0
003755|box_n4_H18|b001719|4,6,8,9|5|8|9|10|2|10|3|20|10|24|10|20,14,4,0|20|10|22,12,0,0|20|10|6|2,6,6,2|4|0|4|0|0
003756|box_n4_H18|b001720|4,6,8,11|5|8|11|10|2|12|3|20|10|28|12|20,14,4,0|20|10|28,18,2,0|24|12|7|1,7,7,1|4|0|4|0|1
003757|box_n4_H18|b001721|4,6,8,13|5|8|13|10|2|14|4|24|10|32|14|20,12,2,0|20|10|32,20,2,0|28|14|5|5,5,5,5|4|0|4|0|1
003758|box_n4_H18|b001722|4,6,8,15|5|8|15|10|2|12|4|24|10|24|12|20,12,2,0|20|10|36,26,2,0|24|12|6|3,6,6,3|3|4|3|0|1
003759|box_n4_H18|b001723|4,6,8,17|5|8|17|12|3|16|6|28|12|38|16|20,10,2,0|24|12|42,26,0,0|32|16|9|4,9,9,4|4|0|4|0|1
003760|box_n4_H18|b001724|4,6,9,10|5|9|10|8|3|8|3|18|8|12|8|24,18,2,0|16|8|24,18,2,0|16|8|3|3,3,3,3|3|44|3|0|1
003761|box_n4_H18|b001725|4,6,9,11|5|9|11|10|3|12|3|16|10|24|12|22,16,4,0|20|10|28,20,4,0|24|12|4|4,3,3,4|4|0|4|0|1
003762|box_n4_H18|b001726|4,6,9,12|5|9|12|10|3|16|3|22|10|38|16|24,16,2,0|20|10|30,16,2,0|32|16|9|2,9,9,2|12|60|12|0|1
003763|box_n4_H18|b001727|4,6,9,13|5|9|13|8|6|10|4|12|8|16|10|22,18,4,0|16|8|32,28,6,0|20|10|4|4,0,0,4|4|0|4|0|1
003764|box_n4_H18|b001728|4,6,9,14|5|9|14|8|4|16|4|16|8|30|16|22,16,2,0|16|8|34,24,6,0|32|16|6|6,2,2,6|4|0|4|0|1
003765|box_n4_H18|b001729|4,6,9,15|5|9|15|6|4|10|4|10|6|12|10|24,22,4,0|12|6|36,32,6,0|20|10|4|4,-1,-1,4|7|22|9|2|1
003766|box_n4_H18|b001730|4,6,9,16|5|9|16|8|4|16|4|16|8|28|16|22,16,2,0|16|8|40,30,6,0|32|16|6|6,2,2,6|4|0|4|0|1
003767|box_n4_H18|b001731|4,6,9,17|5|9|17|10|4|12|6|16|10|18|12|22,16,4,0|20|10|42,36,6,0|24|12|3|3,3,3,3|4|0|4|0|1
003768|box_n4_H18|b001732|4,6,9,18|5|9|18|14|3|22|6|38|14|50|22|36,26,4,0|28|14|54,38,6,0|44|22|8|5,8,8,5|26|10|36|10|1
003769|box_n4_H18|b001733|4,6,10,11|5|10|11|6|3|8|3|4|6|16|8|24,22,4,0|12|6|24,18,2,0|16|8|3|1,3,3,1|3|51|3|0|1
003770|box_n4_H18|b001734|4,6,10,13|5|10|13|8|3|10|4|8|8|20|10|24,20,4,0|16|8|32,26,4,0|20|10|3|2,3,3,2|3|58|3|0|1
003771|box_n4_H18|b001735|4,6,10,15|5|10|15|10|4|12|4|18|10|24|12|30,24,4,0|20|10|40,32,4,0|24|12|4|4,3,3,4|12|60|20|8|1
003772|box_n4_H18|b001736|4,6,10,17|5|10|17|6|4|12|6|8|6|24|12|24,20,2,0|12|6|40,30,2,0|24|12|4|4,3,3,4|3|303|3|0|1
003773|box_n4_H18|b001737|4,6,11,12|5|11|12|14|3|18|3|28|14|42|18|28,18,4,0|28|14|30,14,2,0|36|18|9|4,9,9,4|4|0|4|0|1
003774|box_n4_H18|b001738|4,6,11,13|5|11|13|14|3|12|4|28|14|20|12|28,18,4,0|28|14|32,26,6,0|24|12|5|3,5,5,3|4|0|4|0|1
003775|box_n4_H18|b001739|4,6,11,14|5|11|14|12|3|16|4|24|12|34|16|28,20,4,0|24|12|34,22,4,0|32|16|5|5,5,5,5|4|0|4|0|1
003776|box_n4_H18|b001740|4,6,11,15|5|11|15|8|6|10|4|12|8|12|10|24,20,4,0|16|8|36,32,6,0|20|10|5|5,-1,-1,5|3|81|3|0|1
003777|box_n4_H18|b001741|4,6,11,16|5|11|16|8|6|16|4|16|8|28|16|28,24,4,0|16|8|40,30,6,0|32|16|5|5,2,2,5|4|0|4|0|1
003778|box_n4_H18|b001742|4,6,11,17|5|11|17|10|4|14|6|20|10|22|14|28,22,4,0|20|10|42,34,6,0|28|14|6|6,1,1,6|4|0|4|0|1
003779|box_n4_H18|b001743|4,6,11,18|5|11|18|10|4|18|6|20|10|32|18|28,22,4,0|20|10|44,32,6,0|36|18|6|3,6,6,3|4|0|4|0|1
003780|box_n4_H18|b001744|4,6,12,13|5|12|13|16|3|14|4|34|16|28|14|30,18,4,0|32|16|32,22,4,0|28|14|7|4,7,7,4|4|0|4|0|1
003781|box_n4_H18|b001745|4,6,12,15|5|12|15|16|3|12|4|40|16|20|12|36,24,4,0|32|16|36,28,4,0|24|12|8|2,8,8,2|8|26|9|1|1
003782|box_n4_H18|b001746|4,6,12,17|5|12|17|16|6|16|9|34|16|30|16|30,18,4,0|32|16|42,30,4,0|32|16|9|3,9,9,3|4|0|4|0|1
003783|box_n4_H18|b001747|4,6,13,14|5|13|14|12|6|16|4|20|12|34|16|32,26,6,0|24|12|34,22,4,0|32|16|5|5,4,4,5|4|0|4|0|1
003784|box_n4_H18|b001748|4,6,13,15|5|13|15|12|6|14|4|20|12|20|14|32,26,6,0|24|12|36,28,6,0|28|14|4|4,3,3,4|3|61|3|0|1
003785|box_n4_H18|b001749|4,6,13,16|5|13|16|10|6|14|4|16|10|28|14|32,28,6,0|20|10|40,30,4,0|28|14|4|3,4,4,3|4|0|4|0|1
003786|box_n4_H18|b001750|4,6,13,17|5|13|17|12|6|14|8|20|12|22|14|32,26,6,0|24|12|42,34,6,0|28|14|6|6,1,1,6|4|0|4|0|1
003787|box_n4_H18|b001751|4,6,13,18|5|13|18|14|6|18|9|24|14|32|18|32,24,6,0|28|14|44,32,6,0|36|18|6|4,6,6,4|4|0|4|0|1
003788|box_n4_H18|b001752|4,6,14,15|5|14|15|16|6|14|4|32|16|24|14|36,26,6,0|32|16|36,26,4,0|28|14|6|6,4,4,6|3|7|3|0|1
003789|box_n4_H18|b001753|4,6,14,17|5|14|17|14|6|14|8|26|14|26|14|34,26,6,0|28|14|42,32,4,0|28|14|6|3,6,6,3|4|0|4|0|1
003790|box_n4_H18|b001754|4,6,15,16|5|15|16|8|6|14|4|8|8|24|14|36,34,6,0|16|8|36,26,4,0|28|14|4|4,2,2,4|3|8|3|0|1
003791|box_n4_H18|b001755|4,6,15,17|5|15|17|12|6|14|7|16|12|20|14|36,30,6,0|24|12|40,32,6,0|28|14|5|2,5,5,2|3|69|3|0|1
003792|box_n4_H18|b001756|4,6,15,18|5|15|18|10|6|14|8|12|10|20|14|36,32,6,0|20|10|36,26,4,0|28|14|5|2,5,5,2|8|153|9|1|1
003793|box_n4_H18|b001757|4,6,16,17|5|16|17|16|6|14|7|28|16|26|14|40,30,6,0|32|16|42,32,4,0|28|14|5|5,5,5,5|4|0|4|0|1
003794|box_n4_H18|b001758|4,6,17,18|5|17|18|16|6|18|7|26|16|36|18|42,32,6,0|32|16|44,30,4,0|36|18|7|5,7,7,5|4|0|4|0|1
003795|box_n4_H18|b001759|4,7,8,9|5|8|9|10|2|10|3|20|10|22|10|20,14,4,0|20|10|22,14,2,0|20|10|6|1,6,6,1|4|0|4|0|0
003796|box_n4_H18|b001760|4,7,8,10|5|8|10|10|2|10|3|24|10|20|10|24,18,4,0|20|10|24,16,2,0|20|10|6|1,6,6,1|5|21|6|1|1
003797|box_n4_H18|b001761|4,7,8,11|5|8|11|8|2|12|3|20|8|24|12|20,14,2,0|16|8|28,18,2,0|24|12|6|2,6,6,2|4|0|4|0|1
003798|box_n4_H18|b001762|4,7,8,12|5|8|12|10|2|16|3|24|10|38|16|24,18,4,0|20|10|32,18,2,0|32|16|7|7,3,3,7|16|60|16|0|1
003799|box_n4_H18|b001763|4,7,8,13|5|8|13|14|2|14|4|28|14|28|14|20,10,4,0|28|14|32,22,4,0|28|14|6|4,6,6,4|4|0|4|0|1
003800|box_n4_H18|b001764|4,7,8,14|5|8|14|12|2|20|4|28|12|50|20|20,10,2,0|24|12|36,16,0,0|40|20|10|5,10,10,5|8|140|8|0|1
003801|box_n4_H18|b001765|4,7,8,15|5|8|15|8|2|14|4|20|8|20|14|20,14,2,0|16|8|36,30,8,0|28|14|4|4,2,2,4|3|62|3|0|1
003802|box_n4_H18|b001766|4,7,8,16|5|8|16|16|2|20|4|44|16|48|20|32,20,4,0|32|16|48,34,6,0|40|20|7|6,7,7,6|28|30|32|4|1
003803|box_n4_H18|b001767|4,7,8,17|5|8|17|10|3|18|6|20|10|42|18|20,14,4,0|20|10|42,26,2,0|36|18|8|3,8,8,3|4|0|4|0|1
003804|box_n4_H18|b001768|4,7,8,18|5|8|18|10|3|20|6|24|10|40|20|20,12,2,0|20|10|44,28,4,0|40|20|6|6,6,6,6|8|180|8|0|1
003805|box_n4_H18|b001769|4,7,9,10|5|9|10|8|3|10|3|16|8|16|10|24,20,4,0|16|8|24,18,4,0|20|10|3|2,3,3,2|3|46|3|0|1
003806|box_n4_H18|b001770|4,7,9,11|5|9|11|6|3|10|3|14|6|20|10|22,18,2,0|12|6|28,20,2,0|20|10|4|2,4,4,2|4|0|4|0|1
003807|box_n4_H18|b001771|4,7,9,12|5|9|12|10|3|14|3|16|10|28|14|24,20,6,0|20|10|30,20,4,0|28|14|4|3,4,4,3|10|60|12|2|1
003808|box_n4_H18|b001772|4,7,9,13|5|9|13|8|8|10|4|10|8|16|10|22,20,6,0|16|8|32,28,6,0|20|10|3|3,0,0,3|4|0|4|0|1
003809|box_n4_H18|b001773|4,7,9,14|5|9|14|10|4|16|4|18|10|36|16|22,16,4,0|20|10|34,20,2,0|32|16|6|4,6,6,4|4|0|4|0|1
003810|box_n4_H18|b001774|4,7,9,15|5|9|15|8|4|14|4|16|8|24|14|24,20,4,0|16|8|36,28,6,0|28|14|4|4,2,2,4|7|23|9|2|1
003811|box_n4_H18|b001775|4,7,9,16|5|9|16|8|4|16|4|10|8|28|16|22,20,6,0|16|8|40,32,8,0|32|16|7|7,-2,-2,7|4|0|4|0|1
003812|box_n4_H18|b001776|4,7,9,17|5|9|17|8|4|16|6|14|8|26|16|22,18,4,0|16|8|42,34,8,0|32|16|4|4,2,2,4|4|0|4|0|1
003813|box_n4_H18|b001777|4,7,9,18|5|9|18|14|3|20|6|36|14|46|20|36,28,6,0|28|14|54,40,6,0|40|20|7|4,7,7,4|22|30|36|14|1
003814|box_n4_H18|b001778|4,7,10,11|5|10|11|6|3|8|3|12|6|16|8|24,20,2,0|12|6|24,16,0,0|16|8|4|2,4,4,2|3|47|3|0|1
003815|box_n4_H18|b001779|4,7,10,12|5|10|12|6|3|8|3|8|6|14|8|24,22,4,0|12|6|24,18,2,0|16|8|4|0,4,4,0|5|27|6|1|1
003816|box_n4_H18|b001780|4,7,10,13|5|10|13|8|3|10|4|8|8|20|10|24,22,6,0|16|8|32,26,4,0|20|10|2|2,2,2,2|3|41|3|0|1
003817|box_n4_H18|b001781|4,7,10,14|5|10|14|8|9|10|4|12|8|22|10|24,20,4,0|16|8|32,24,2,0|20|10|4|4,2,2,4|5|122|6|1|1
003818|box_n4_H18|b001782|4,7,10,15|5|10|15|10|4|14|4|22|10|28|14|30,24,4,0|20|10|40,32,6,0|28|14|4|4,3,3,4|10|30|20|10|1
003819|box_n4_H18|b001783|4,7,10,16|5|10|16|6|4|14|4|8|6|28|14|24,22,4,0|12|6|40,32,6,0|28|14|3|3,2,2,3|5|76|6|1|1
003820|box_n4_H18|b001784|4,7,10,17|5|10|17|8|4|10|6|8|8|16|10|24,22,6,0|16|8|40,36,6,0|20|10|4|4,-1,-1,4|3|42|3|0|1
003821|box_n4_H18|b001785|4,7,10,18|5|10|18|8|4|16|6|12|8|32|16|24,20,4,0|16|8|48,38,6,0|32|16|5|5,2,2,5|6|154|6|0|1
003822|box_n4_H18|b001786|4,7,11,12|5|11|12|10|3|12|3|16|10|32|12|28,22,4,0|20|10|30,18,0,0|24|12|5|4,5,5,4|4|0|4|0|1
003823|box_n4_H18|b001787|4,7,11,13|5|11|13|12|3|10|4|20|12|24|10|28,20,4,0|24|12|32,24,2,0|20|10|5|3,5,5,3|4|0|4|0|1
003824|box_n4_H18|b001788|4,7,11,14|5|11|14|12|3|16|4|24|12|40|16|28,18,2,0|24|12|34,18,0,0|32|16|8|5,8,8,5|4|0|4|0|1
003825|box_n4_H18|b001789|4,7,11,15|5|11|15|4|6|6|4|0|4|12|6|24,24,4,0|8|4|36,34,4,0|12|6|3|3,-2,-2,3|2|9|3|1|1
003826|box_n4_H18|b001790|4,7,11,16|5|11|16|10|6|14|4|16|10|36|14|28,22,4,0|20|10|40,28,2,0|28|14|6|6,3,3,6|4|0|4|0|1
003827|box_n4_H18|b001791|4,7,11,17|5|11|17|10|4|14|6|20|10|34|14|28,20,2,0|20|10|42,30,2,0|28|14|5|5,5,5,5|4|0|4|0|1
003828|box_n4_H18|b001792|4,7,11,18|5|11|18|8|4|10|6|12|8|24|10|28,24,4,0|16|8|44,36,2,0|20|10|5|5,1,1,5|4|0|4|0|1
003829|box_n4_H18|b001793|4,7,12,13|5|12|13|14|3|14|4|24|14|28|14|30,22,6,0|28|14|32,22,4,0|28|14|5|4,5,5,4|4|0|4|0|1
003830|box_n4_H18|b001794|4,7,12,14|5|12|14|14|3|18|4|30|14|42|18|32,22,4,0|28|14|36,20,2,0|36|18|9|4,9,9,4|8|210|8|0|1
003831|box_n4_H18|b001795|4,7,12,15|5|12|15|14|3|12|4|34|14|16|12|36,26,4,0|28|14|36,32,8,0|24|12|4|4,3,3,4|7|103|9|2|1
003832|box_n4_H18|b001796|4,7,12,16|5|12|16|10|3|16|4|18|10|32|16|32,28,6,0|20|10|40,30,6,0|32|16|6|6,1,1,6|16|120|16|0|1
003833|box_n4_H18|b001797|4,7,12,17|5|12|17|12|6|14|9|24|12|26|14|30,22,4,0|24|12|42,34,6,0|28|14|4|4,4,4,4|4|0|4|0|1
003834|box_n4_H18|b001798|4,7,12,18|5|12|18|16|4|16|6|38|16|28|16|36,24,4,0|32|16|48,40,8,0|32|16|5|5,5,5,5|18|60|24|6|1
003835|box_n4_H18|b001799|4,7,13,14|5|13|14|14|6|18|4|28|14|40|18|32,22,4,0|28|14|34,18,2,0|36|18|9|4,9,9,4|4|0|4|0|1
003836|box_n4_H18|b001800|4,7,13,15|5|13|15|10|6|14|4|20|10|28|14|32,26,4,0|20|10|36,26,4,0|28|14|6|2,6,6,2|3|67|3|0|1
003837|box_n4_H18|b001801|4,7,13,16|5|13|16|12|6|20|4|20|12|36|20|32,26,6,0|24|12|40,28,8,0|40|20|5|5,4,4,5|4|0|4|0|1
003838|box_n4_H18|b001802|4,7,13,17|5|13|17|12|6|16|8|20|12|26|16|32,26,6,0|24|12|42,34,8,0|32|16|7|7,0,0,7|4|0|4|0|1
003839|box_n4_H18|b001803|4,7,13,18|5|13|18|12|6|16|9|20|12|28|16|32,26,6,0|24|12|44,34,6,0|32|16|5|3,5,5,3|4|0|4|0|1
003840|box_n4_H18|b001804|4,7,14,15|5|14|15|16|6|16|4|38|16|32|16|36,22,2,0|32|16|36,24,4,0|32|16|9|4,9,9,4|3|8|3|0|1
003841|box_n4_H18|b001805|4,7,14,16|5|14|16|14|6|20|4|30|14|44|20|36,26,4,0|28|14|40,24,4,0|40|20|7|6,7,7,6|8|280|8|0|1
003842|box_n4_H18|b001806|4,7,14,17|5|14|17|16|6|20|8|32|16|38|20|34,22,4,0|32|16|42,28,6,0|40|20|8|5,8,8,5|4|0|4|0|1
003843|box_n4_H18|b001807|4,7,14,18|5|14|18|14|6|16|8|34|14|28|16|36,24,2,0|28|14|44,34,6,0|32|16|6|5,6,6,5|8|315|8|0|1
003844|box_n4_H18|b001808|4,7,15,16|5|15|16|12|6|14|4|12|12|28|14|36,34,10,0|24|12|36,26,4,0|28|14|3|3,3,3,3|3|68|3|0|1
003845|box_n4_H18|b001809|4,7,15,17|5|15|17|10|6|12|7|12|10|24|12|36,34,8,0|20|10|40,32,4,0|24|12|4|1,4,4,1|3|137|3|0|1
003846|box_n4_H18|b001810|4,7,15,18|5|15|18|14|6|12|8|24|14|16|12|36,28,6,0|28|14|36,28,4,0|24|12|5|5,3,3,5|7|46|9|2|1
003847|box_n4_H18|b001811|4,7,16,17|5|16|17|16|6|16|7|28|16|30|16|40,32,8,0|32|16|42,32,6,0|32|16|5|4,5,5,4|4|0|4|0|1
003848|box_n4_H18|b001812|4,7,16,18|5|16|18|14|6|14|7|28|14|20|14|40,32,6,0|28|14|44,38,8,0|28|14|6|1,6,6,1|8|360|8|0|1
003849|box_n4_H18|b001813|4,7,17,18|5|17|18|18|6|18|7|34|18|32|18|42,30,6,0|36|18|44,32,6,0|36|18|7|5,7,7,5|4|0|4|0|1
003850|box_n4_H18|b001814|4,8,9,10|5|9|10|8|3|10|3|16|8|20|10|24,22,6,0|16|8|24,18,4,0|20|10|3|1,3,3,1|3|91|3|0|1
003851|box_n4_H18|b001815|4,8,9,11|5|9|11|12|3|14|3|22|12|32|14|22,16,6,0|24|12|28,18,4,0|28|14|5|3,5,5,3|4|0|4|0|1
003852|box_n4_H18|b001816|4,8,9,12|5|9|12|8|3|14|3|20|8|34|14|24,20,4,0|16|8|30,20,4,0|28|14|4|3,4,4,3|10|60|12|2|1
003853|box_n4_H18|b001817|4,8,9,13|5|9|13|8|8|12|4|14|8|20|12|22,20,6,0|16|8|32,28,8,0|24|12|2|2,1,1,2|4|0|4|0|1
003854|box_n4_H18|b001818|4,8,9,14|5|9|14|10|4|18|4|18|10|42|18|22,18,6,0|20|10|34,22,6,0|36|18|5|5,3,3,5|4|0|4|0|1
003855|box_n4_H18|b001819|4,8,9,15|5|9|15|10|4|14|4|20|10|28|14|24,20,6,0|20|10|36,28,6,0|28|14|3|3,3,3,3|7|73|9|2|1
003856|box_n4_H18|b001820|4,8,9,16|5|9|16|10|4|20|4|22|10|48|20|22,16,4,0|20|10|40,24,4,0|40|20|6|5,6,6,5|4|0|4|0|1
003857|box_n4_H18|b001821|4,8,9,17|5|9|17|10|4|16|6|18|10|26|16|22,18,6,0|20|10|42,38,12,0|32|16|5|5,-1,-1,5|4|0|4|0|1
003858|box_n4_H18|b001822|4,8,9,18|5|9|18|16|3|24|6|40|16|54|24|36,28,8,0|32|16|54,42,12,0|48|24|6|4,6,6,4|24|30|36|12|1
003859|box_n4_H18|b001823|4,8,10,11|5|10|11|10|3|12|3|16|10|24|12|24,20,6,0|20|10|24,16,4,0|24|12|3|3,3,3,3|3|47|3|0|1
003860|box_n4_H18|b001824|4,8,10,13|5|10|13|10|3|12|4|16|10|24|12|24,20,6,0|20|10|32,26,6,0|24|12|3|2,3,3,2|3|41|3|0|1
003861|box_n4_H18|b001825|4,8,10,15|5|10|15|12|4|16|4|26|12|32|16|30,24,6,0|24|12|40,32,8,0|32|16|4|4,3,3,4|12|30|20|8|1
003862|box_n4_H18|b001826|4,8,10,17|5|10|17|10|4|16|6|20|10|32|16|24,18,4,0|20|10|40,32,8,0|32|16|4|4,3,3,4|3|42|3|0|1
003863|box_n4_H18|b001827|4,8,11,12|5|11|12|10|3|16|3|28|10|38|16|28,20,2,0|20|10|30,18,4,0|32|16|6|4,6,6,4|4|0|4|0|1
003864|box_n4_H18|b001828|4,8,11,13|5|11|13|14|3|14|4|28|14|28|14|28,20,6,0|28|14|32,24,6,0|28|14|6|2,6,6,2|4|0|4|0|1
003865|box_n4_H18|b001829|4,8,11,14|5|11|14|12|3|18|4|24|12|42|18|28,22,6,0|24|12|34,22,6,0|36|18|5|4,5,5,4|4|0|4|0|1
003866|box_n4_H18|b001830|4,8,11,15|5|11|15|8|9|12|4|12|8|16|12|24,22,6,0|16|8|36,34,10,0|24|12|2|2,0,0,2|2|26|2|0|1
003867|box_n4_H18|b001831|4,8,11,16|5|11|16|12|9|20|4|28|12|48|20|28,20,4,0|24|12|40,24,4,0|40|20|7|5,7,7,5|4|0|4|0|1
003868|box_n4_H18|b001832|4,8,11,17|5|11|17|14|4|20|6|28|14|42|20|28,20,6,0|28|14|42,30,8,0|40|20|5|5,5,5,5|4|0|4|0|1
003869|box_n4_H18|b001833|4,8,11,18|5|11|18|12|4|22|6|24|12|44|22|28,22,6,0|24|12|44,32,10,0|44|22|5|5,4,4,5|4|0|4|0|1
003870|box_n4_H18|b001834|4,8,12,13|5|12|13|14|3|10|4|30|14|28|10|30,22,6,0|28|14|32,24,2,0|20|10|4|4,4,4,4|4|0|4|0|1
003871|box_n4_H18|b001835|4,8,12,15|5|12|15|18|3|8|4|44|18|20|8|36,24,6,0|36|18|36,32,4,0|16|8|4|4,4,4,4|6|21|9|3|1
003872|box_n4_H18|b001836|4,8,12,17|5|12|17|14|6|12|16|30|14|30|12|30,22,6,0|28|14|42,36,6,0|24|12|4|4,3,3,4|4|0|4|0|1
003873|box_n4_H18|b001837|4,8,13,14|5|13|14|16|6|20|4|28|16|46|20|32,24,8,0|32|16|34,20,6,0|40|20|6|5,6,6,5|4|0|4|0|1
003874|box_n4_H18|b001838|4,8,13,15|5|13|15|12|6|16|4|24|12|32|16|32,26,6,0|24|12|36,26,6,0|32|16|5|3,5,5,3|3|61|3|0|1
003875|box_n4_H18|b001839|4,8,13,16|5|13|16|12|6|20|4|28|12|48|20|32,24,4,0|24|12|40,24,4,0|40|20|8|4,8,8,4|4|0|4|0|1
003876|box_n4_H18|b001840|4,8,13,17|5|13|17|14|6|16|8|28|14|26|16|32,24,6,0|28|14|42,38,12,0|32|16|5|5,1,1,5|4|0|4|0|1
003877|box_n4_H18|b001841|4,8,13,18|5|13|18|12|6|18|9|20|12|36|18|32,28,8,0|24|12|44,36,10,0|36|18|4|2,4,4,2|4|0|4|0|1
003878|box_n4_H18|b001842|4,8,14,15|5|14|15|18|6|16|4|40|18|32|16|36,26,8,0|36|18|36,26,6,0|32|16|6|4,6,6,4|3|7|3|0|1
003879|box_n4_H18|b001843|4,8,14,17|5|14|17|16|6|20|8|34|16|38|20|34,26,8,0|32|16|42,32,10,0|40|20|5|4,5,5,4|4|0|4|0|1
003880|box_n4_H18|b001844|4,8,15,16|5|15|16|12|6|20|4|24|12|44|20|36,30,6,0|24|12|36,20,4,0|40|20|7|4,7,7,4|3|4|3|0|1
003881|box_n4_H18|b001845|4,8,15,17|5|15|17|14|6|18|7|28|14|36|18|36,28,6,0|28|14|40,30,8,0|36|18|8|1,8,8,1|3|69|3|0|1
003882|box_n4_H18|b001846|4,8,15,18|5|15|18|16|6|16|8|28|16|28|16|36,28,8,0|32|16|36,28,8,0|32|16|4|4,4,4,4|9|146|9|0|1
003883|box_n4_H18|b001847|4,8,16,17|5|16|17|22|6|18|7|48|22|42|18|40,24,6,0|44|22|42,30,6,0|36|18|9|5,9,9,5|4|0|4|0|1
003884|box_n4_H18|b001848|4,8,17,18|5|17|18|20|6|20|7|38|20|44|20|42,32,10,0|40|20|44,32,8,0|40|20|6|5,6,6,5|4|0|4|0|1
003885|box_n4_H18|b001849|4,9,10,11|5|10|11|8|3|8|3|12|8|16|8|24,22,6,0|16|8|24,18,2,0|16|8|3|1,3,3,1|3|41|3|0|1
003886|box_n4_H18|b001850|4,9,10,12|5|10|12|8|3|10|3|12|8|18|10|24,22,6,0|16|8|24,16,2,0|20|10|5|0,5,5,0|5|28|6|1|1
003887|box_n4_H18|b001851|4,9,10,13|5|10|13|8|3|8|4|20|8|16|8|24,18,2,0|16|8|32,24,0,0|16|8|5|5,2,2,5|3|53|3|0|1
003888|box_n4_H18|b001852|4,9,10,14|5|10|14|6|8|8|4|8|6|10|8|24,24,6,0|12|6|32,30,6,0|16|8|3|3,-2,-2,3|4|18|4|0|1
003889|box_n4_H18|b001853|4,9,10,15|5|10|15|12|4|14|4|26|12|28|14|30,24,6,0|24|12|40,32,6,0|28|14|4|4,3,3,4|12|60|20|8|1
003890|box_n4_H18|b001854|4,9,10,16|5|10|16|10|4|14|4|16|10|28|14|24,20,6,0|20|10|40,32,6,0|28|14|4|4,2,2,4|6|71|6|0|1
003891|box_n4_H18|b001855|4,9,10,17|5|10|17|8|4|12|6|16|8|20|12|24,20,4,0|16|8|40,32,4,0|24|12|5|1,5,5,1|2|21|2|0|1
003892|box_n4_H18|b001856|4,9,10,18|5|10|18|10|4|20|6|16|10|50|20|24,20,6,0|20|10|48,32,4,0|40|20|6|4,6,6,4|6|26|6|0|1
003893|box_n4_H18|b001857|4,9,11,12|5|11|12|12|3|16|3|24|12|32|16|28,20,4,0|24|12|30,18,4,0|32|16|7|3,7,7,3|4|0|4|0|1
003894|box_n4_H18|b001858|4,9,11,13|5|11|13|8|3|10|4|20|8|16|10|28,22,2,0|16|8|32,24,2,0|20|10|5|2,5,5,2|4|0|4|0|1
003895|box_n4_H18|b001859|4,9,11,14|5|11|14|12|3|14|4|24|12|28|14|28,20,4,0|24|12|34,24,4,0|28|14|6|6,3,3,6|4|0|4|0|1
003896|box_n4_H18|b001860|4,9,11,15|5|11|15|8|9|12|4|8|8|20|12|24,22,6,0|16|8|36,30,6,0|24|12|4|4,0,0,4|3|73|3|0|1
003897|box_n4_H18|b001861|4,9,11,16|5|11|16|10|8|18|4|16|10|36|18|28,24,6,0|20|10|40,28,6,0|36|18|5|5,3,3,5|4|0|4|0|1
003898|box_n4_H18|b001862|4,9,11,17|5|11|17|14|4|14|6|28|14|26|14|28,18,4,0|28|14|42,32,4,0|28|14|5|5,5,5,5|4|0|4|0|1
003899|box_n4_H18|b001863|4,9,11,18|5|11|18|12|4|20|6|24|12|46|20|28,20,4,0|24|12|44,28,4,0|40|20|10|2,10,10,2|4|0|4|0|1
003900|box_n4_H18|b001864|4,9,12,13|5|12|13|12|3|12|4|28|12|20|12|30,20,2,0|24|12|32,22,2,0|24|12|6|4,6,6,4|4|0|4|0|1
003901|box_n4_H18|b001865|4,9,12,14|5|12|14|12|3|14|4|26|12|30|14|32,24,4,0|24|12|36,26,4,0|28|14|6|3,6,6,3|8|210|8|0|1
003902|box_n4_H18|b001866|4,9,12,15|5|12|15|12|3|14|4|26|12|24|14|36,30,6,0|24|12|36,28,6,0|28|14|5|2,5,5,2|7|26|9|2|1
003903|box_n4_H18|b001867|4,9,12,16|5|12|16|10|3|16|4|18|10|32|16|32,28,6,0|20|10|40,30,6,0|32|16|6|6,1,1,6|16|120|16|0|1
003904|box_n4_H18|b001868|4,9,12,17|5|12|17|12|8|16|12|24|12|26|16|30,22,4,0|24|12|42,32,6,0|32|16|6|3,6,6,3|4|0|4|0|1
003905|box_n4_H18|b001869|4,9,12,18|5|12|18|16|4|22|6|38|16|50|22|36,24,4,0|32|16|48,32,6,0|44|22|12|2,12,12,2|20|30|24|4|1
003906|box_n4_H18|b001870|4,9,13,14|5|13|14|8|11|12|4|12|8|32|12|32,26,2,0|16|8|34,22,0,0|24|12|5|4,5,5,4|4|0|4|0|1
003907|box_n4_H18|b001871|4,9,13,15|5|13|15|8|11|10|4|8|8|24|10|32,28,4,0|16|8|36,28,2,0|20|10|4|2,4,4,2|3|67|3|0|1
003908|box_n4_H18|b001872|4,9,13,16|5|13|16|10|9|14|4|12|10|36|14|32,26,4,0|20|10|40,28,2,0|28|14|6|6,3,3,6|4|0|4|0|1
003909|box_n4_H18|b001873|4,9,13,17|5|13|17|8|9|8|16|8|8|18|8|32,28,4,0|16|8|42,36,2,0|16|8|4|4,1,1,4|4|0|4|0|1
003910|box_n4_H18|b001874|4,9,13,18|5|13|18|12|9|18|12|20|12|46|18|32,22,2,0|24|12|44,28,2,0|36|18|10|3,10,10,3|4|0|4|0|1
003911|box_n4_H18|b001875|4,9,14,15|5|14|15|16|6|16|4|30|16|32|16|36,26,6,0|32|16|36,24,4,0|32|16|6|6,5,5,6|3|1|3|0|1
003912|box_n4_H18|b001876|4,9,14,16|5|14|16|14|6|18|4|26|14|40|18|36,28,6,0|28|14|40,26,4,0|36|18|7|7,4,4,7|8|280|8|0|1
003913|box_n4_H18|b001877|4,9,14,17|5|14|17|12|6|14|14|24|12|30|14|34,26,4,0|24|12|42,30,2,0|28|14|6|6,4,4,6|4|0|4|0|1
003914|box_n4_H18|b001878|4,9,14,18|5|14|18|14|6|18|8|26|14|42|18|36,28,6,0|28|14|44,30,4,0|36|18|6|5,6,6,5|8|315|8|0|1
003915|box_n4_H18|b001879|4,9,15,16|5|15|16|12|6|14|4|16|12|28|14|36,32,8,0|24|12|36,26,4,0|28|14|4|3,4,4,3|3|12|3|0|1
003916|box_n4_H18|b001880|4,9,15,17|5|15|17|12|6|12|7|20|12|24|12|36,30,6,0|24|12|40,30,2,0|24|12|6|2,6,6,2|2|14|3|1|1
003917|box_n4_H18|b001881|4,9,15,18|5|15|18|14|6|18|8|28|14|38|18|36,26,4,0|28|14|36,20,2,0|36|18|8|5,8,8,5|8|46|9|1|1
003918|box_n4_H18|b001882|4,9,16,17|5|16|17|16|6|14|7|36|16|22|14|40,28,4,0|32|16|42,34,6,0|28|14|7|3,7,7,3|4|0|4|0|1
003919|box_n4_H18|b001883|4,9,16,18|5|16|18|18|6|20|7|36|18|42|20|40,28,6,0|36|18|44,30,6,0|40|20|11|2,11,11,2|8|360|8|0|1
003920|box_n4_H18|b001884|4,9,17,18|5|17|18|20|6|22|7|38|20|50|22|42,26,4,0|40|20|44,26,4,0|44|22|13|4,13,13,4|4|0|4|0|1
003921|box_n4_H18|b001885|4,10,11,12|5|11|12|8|3|10|3|12|8|18|10|28,26,6,0|16|8|30,24,4,0|20|10|3|1,3,3,1|2|3|2|0|1
003922|box_n4_H18|b001886|4,10,11,13|5|11|13|10|3|12|4|16|10|20|12|28,24,6,0|20|10|32,26,6,0|24|12|4|1,4,4,1|3|187|3|0|1
003923|box_n4_H18|b001887|4,10,11,14|5|11|14|8|3|10|4|20|8|14|10|28,22,2,0|16|8|34,26,2,0|20|10|4|3,4,4,3|3|285|3|0|1
003924|box_n4_H18|b001888|4,10,11,15|5|11|15|4|9|12|4|-4|4|20|12|24,28,8,0|8|4|36,30,6,0|24|12|3|3,-2,-2,3|3|69|3|0|1
003925|box_n4_H18|b001889|4,10,11,16|5|11|16|8|8|14|4|12|8|28|14|28,26,6,0|16|8|40,30,4,0|28|14|3|3,3,3,3|2|7|2|0|1
003926|box_n4_H18|b001890|4,10,11,17|5|11|17|10|4|16|6|16|10|28|16|28,24,6,0|20|10|42,32,6,0|32|16|5|5,2,2,5|3|253|3|0|1
003927|box_n4_H18|b001891|4,10,11,18|5|11|18|8|4|18|6|16|8|36|18|28,24,4,0|16|8|44,30,4,0|36|18|5|4,5,5,4|2|1|2|0|1
003928|box_n4_H18|b001892|4,10,12,13|5|12|13|10|3|12|4|14|10|24|12|30,26,6,0|20|10|32,24,4,0|24|12|4|2,4,4,2|3|70|3|0|1
003929|box_n4_H18|b001893|4,10,12,15|5|12|15|12|3|12|4|20|12|24|12|36,32,8,0|24|12|36,28,4,0|24|12|3|3,3,3,3|6|46|9|3|1
003930|box_n4_H18|b001894|4,10,12,17|5|12|17|10|8|12|11|14|10|20|12|30,26,6,0|20|10|42,36,6,0|24|12|5|0,5,5,0|3|350|3|0|1
003931|box_n4_H18|b001895|4,10,13,14|5|13|14|10|8|12|4|24|10|18|12|32,24,2,0|20|10|34,24,2,0|24|12|5|5,4,4,5|2|5|2|0|1
003932|box_n4_H18|b001896|4,10,13,15|5|13|15|10|11|14|4|12|10|28|14|32,30,8,0|20|10|36,26,4,0|28|14|4|2,4,4,2|3|72|3|0|1
003933|box_n4_H18|b001897|4,10,13,16|5|13|16|8|9|16|4|12|8|28|16|32,30,6,0|16|8|40,30,6,0|32|16|4|4,2,2,4|2|1|2|0|1
003934|box_n4_H18|b001898|4,10,13,17|5|13|17|12|9|12|11|20|12|16|12|32,26,6,0|24|12|42,38,8,0|24|12|4|4,1,1,4|2|5|3|1|1
003935|box_n4_H18|b001899|4,10,13,18|5|13|18|10|8|16|11|20|10|28|16|32,26,4,0|20|10|44,34,6,0|32|16|7|1,7,7,1|3|458|3|0|1
003936|box_n4_H18|b001900|4,10,14,15|5|14|15|8|11|12|4|8|8|32|12|36,32,4,0|16|8|36,24,0,0|24|12|4|4,4,4,4|3|81|3|0|1
003937|box_n4_H18|b001901|4,10,14,17|5|14|17|8|11|10|14|6|8|24|10|34,30,4,0|16|8|42,34,2,0|20|10|4|2,4,4,2|2|51|2|0|1
003938|box_n4_H18|b001902|4,10,15,16|5|15|16|12|6|16|4|20|12|28|16|36,30,6,0|24|12|36,24,4,0|32|16|5|5,4,4,5|3|4|3|0|1
003939|box_n4_H18|b001903|4,10,15,17|5|15|17|14|6|14|13|24|14|22|14|36,28,6,0|28|14|40,32,6,0|28|14|6|2,6,6,2|3|142|3|0|1
003940|box_n4_H18|b001904|4,10,15,18|5|15|18|14|6|14|14|28|14|20|14|36,26,4,0|28|14|36,26,4,0|28|14|5|5,5,5,5|7|52|9|2|1
003941|box_n4_H18|b001905|4,10,16,17|5|16|17|16|6|12|12|28|16|20|12|40,30,6,0|32|16|42,36,6,0|24|12|4|4,4,4,4|2|5|2|0|1
003942|box_n4_H18|b001906|4,10,17,18|5|17|18|14|6|16|7|28|14|32|16|42,32,4,0|28|14|44,32,4,0|32|16|7|4,7,7,4|3|165|3|0|1
003943|box_n4_H18|b001907|4,11,12,13|5|12|13|12|3|10|4|24|12|20|10|30,24,6,0|24|12|32,24,2,0|20|10|4|3,4,4,3|4|0|4|0|1
003944|box_n4_H18|b001908|4,11,12,14|5|12|14|14|3|16|4|30|14|34|16|32,24,6,0|28|14|36,26,6,0|32|16|6|3,6,6,3|8|210|8|0|1
003945|box_n4_H18|b001909|4,11,12,15|5|12|15|14|3|10|4|38|14|12|10|36,26,4,0|28|14|36,30,4,0|20|10|4|4,4,4,4|8|49|9|1|1
003946|box_n4_H18|b001910|4,11,12,16|5|12|16|10|3|16|4|18|10|32|16|32,30,8,0|20|10|40,30,6,0|32|16|6|6,0,0,6|16|120|16|0|1
003947|box_n4_H18|b001911|4,11,12,17|5|12|17|14|8|14|11|32|14|26|14|30,20,4,0|28|14|42,34,6,0|28|14|6|3,6,6,3|4|0|4|0|1
003948|box_n4_H18|b001912|4,11,12,18|5|12|18|16|4|18|6|38|16|36|18|36,26,6,0|32|16|48,38,8,0|36|18|6|4,6,6,4|20|60|24|4|1
003949|box_n4_H18|b001913|4,11,13,14|5|13|14|10|8|16|4|16|10|36|16|32,26,4,0|20|10|34,22,4,0|32|16|5|5,4,4,5|4|0|4|0|1
003950|box_n4_H18|b001914|4,11,13,15|5|13|15|4|27|8|4|8|4|12|8|32,30,2,0|8|4|36,30,2,0|16|8|3|1,3,3,1|2|48|2|0|1
003951|box_n4_H18|b001915|4,11,13,16|5|13|16|10|9|18|4|16|10|36|18|32,26,4,0|20|10|40,28,6,0|36|18|6|6,3,3,6|4|0|4|0|1
003952|box_n4_H18|b001916|4,11,13,17|5|13|17|12|9|14|11|16|12|26|14|32,26,6,0|24|12|42,34,6,0|28|14|5|5,2,2,5|4|0|4|0|1
003953|box_n4_H18|b001917|4,11,13,18|5|13|18|12|8|16|11|20|12|32|16|32,24,4,0|24|12|44,34,6,0|32|16|6|3,6,6,3|4|0|4|0|1
003954|box_n4_H18|b001918|4,11,14,15|5|14|15|12|8|14|4|34|12|24|14|36,26,2,0|24|12|36,24,2,0|28|14|6|6,5,5,6|3|69|3|0|1
003955|box_n4_H18|b001919|4,11,14,16|5|14|16|14|11|20|4|26|14|44|20|36,30,8,0|28|14|40,24,4,0|40|20|8|8,3,3,8|8|280|8|0|1
003956|box_n4_H18|b001920|4,11,14,17|5|14|17|12|11|14|17|20|12|26|14|34,30,8,0|24|12|42,34,6,0|28|14|4|2,4,4,2|4|0|4|0|1
003957|box_n4_H18|b001921|4,11,14,18|5|14|18|12|9|14|11|22|12|24|14|36,32,8,0|24|12|44,38,8,0|28|14|4|4,1,1,4|8|315|8|0|1
003958|box_n4_H18|b001922|4,11,15,16|5|15|16|6|11|12|4|0|6|28|12|36,36,6,0|12|6|36,26,2,0|24|12|3|3,2,2,3|3|76|3|0|1
003959|box_n4_H18|b001923|4,11,15,17|5|15|17|12|11|10|13|12|12|24|10|36,30,6,0|24|12|40,32,2,0|20|10|6|1,6,6,1|2|6|3|1|1
003960|box_n4_H18|b001924|4,11,15,18|5|15|18|10|11|10|14|16|10|20|10|36,28,2,0|20|10|36,28,2,0|20|10|5|3,5,5,3|6|76|9|3|1
003961|box_n4_H18|b001925|4,11,16,17|5|16|17|18|11|16|12|36|18|30|16|40,28,6,0|36|18|42,32,6,0|32|16|7|4,7,7,4|4|0|4|0|1
003962|box_n4_H18|b001926|4,11,16,18|5|16|18|14|11|16|13|28|14|28|16|40,32,6,0|28|14|44,36,8,0|32|16|6|2,6,6,2|8|360|8|0|1
003963|box_n4_H18|b001927|4,11,17,18|5|17|18|18|6|16|12|34|18|32|16|42,30,6,0|36|18|44,34,6,0|32|16|6|5,6,6,5|4|0|4|0|1
003964|box_n4_H18|b001928|4,12,13,14|5|13|14|12|7|16|4|20|12|34|16|32,26,6,0|24|12|34,22,4,0|32|16|6|3,6,6,3|4|0|4|0|1
003965|box_n4_H18|b001929|4,12,13,15|5|13|15|10|7|12|4|16|10|20|12|32,28,6,0|20|10|36,28,4,0|24|12|4|2,4,4,2|3|66|3|0|1
003966|box_n4_H18|b001930|4,12,13,16|5|13|16|10|7|16|4|24|10|32|16|32,24,2,0|20|10|40,28,4,0|32|16|6|4,6,6,4|4|0|4|0|1
003967|box_n4_H18|b001931|4,12,13,17|5|13|17|10|9|14|9|16|10|22|14|32,28,6,0|20|10|42,34,6,0|28|14|7|7,-1,-1,7|4|0|4|0|1
003968|box_n4_H18|b001932|4,12,13,18|5|13|18|14|8|18|9|24|14|36|18|32,24,6,0|28|14|44,30,4,0|36|18|7|4,7,7,4|4|0|4|0|1
003969|box_n4_H18|b001933|4,12,14,15|5|14|15|16|7|14|4|32|16|24|14|36,26,6,0|32|16|36,26,4,0|28|14|6|4,6,6,4|3|7|3|0|1
003970|box_n4_H18|b001934|4,12,14,17|5|14|17|14|7|16|9|26|14|30|16|34,26,6,0|28|14|42,30,4,0|32|16|6|4,6,6,4|4|0|4|0|1
003971|box_n4_H18|b001935|4,12,15,16|5|15|16|6|8|16|4|12|6|28|16|36,32,2,0|12|6|36,24,4,0|32|16|5|3,5,5,3|3|4|3|0|1
003972|box_n4_H18|b001936|4,12,15,17|5|15|17|10|11|12|9|12|10|20|12|36,32,6,0|20|10|40,32,4,0|24|12|4|2,4,4,2|3|142|3|0|1
003973|box_n4_H18|b001937|4,12,15,18|5|15|18|10|11|14|9|12|10|20|14|36,32,6,0|20|10|36,26,4,0|28|14|5|2,5,5,2|8|153|9|1|1
003974|box_n4_H18|b001938|4,12,16,17|5|16|17|14|8|10|9|24|14|26|10|40,32,6,0|28|14|42,32,0,0|20|10|6|3,6,6,3|4|0|4|0|1
003975|box_n4_H18|b001939|4,12,17,18|5|17|18|16|11|20|9|26|16|40|20|42,32,6,0|32|16|44,28,4,0|40|20|7|6,7,7,6|4|0|4|0|1
003976|box_n4_H18|b001940|4,13,14,15|5|14|15|12|7|14|4|26|12|28|14|36,30,6,0|24|12|36,26,4,0|28|14|5|3,5,5,3|3|142|3|0|1
003977|box_n4_H18|b001941|4,13,14,16|5|14|16|14|7|18|4|26|14|36|18|36,30,8,0|28|14|40,28,6,0|36|18|5|5,4,4,5|8|280|8|0|1
003978|box_n4_H18|b001942|4,13,14,17|5|14|17|10|7|14|8|24|10|26|14|34,28,4,0|20|10|42,30,2,0|28|14|5|4,5,5,4|4|0|4|0|1
003979|box_n4_H18|b001943|4,13,14,18|5|14|18|12|7|14|9|22|12|20|14|36,32,8,0|24|12|44,38,8,0|28|14|4|4,1,1,4|8|315|8|0|1
003980|box_n4_H18|b001944|4,13,15,16|5|15|16|12|7|14|4|16|12|28|14|36,32,8,0|24|12|36,26,4,0|28|14|4|4,3,3,4|3|68|3|0|1
003981|box_n4_H18|b001945|4,13,15,17|5|15|17|6|7|10|8|12|6|16|10|36,34,4,0|12|6|40,32,2,0|20|10|5|0,5,5,0|3|69|3|0|1
003982|box_n4_H18|b001946|4,13,15,18|5|15|18|12|7|12|9|20|12|16|12|36,30,6,0|24|12|36,28,4,0|24|12|4|4,3,3,4|7|51|9|2|1
003983|box_n4_H18|b001947|4,13,16,17|5|16|17|14|8|14|8|36|14|22|14|40,28,2,0|28|14|42,32,4,0|28|14|6|5,6,6,5|4|0|4|0|1
003984|box_n4_H18|b001948|4,13,16,18|5|16|18|16|8|14|9|28|16|24|14|40,32,8,0|32|16|44,36,6,0|28|14|5|3,5,5,3|8|360|8|0|1
003985|box_n4_H18|b001949|4,13,17,18|5|17|18|14|8|14|9|22|14|32|14|42,32,4,0|28|14|44,32,2,0|28|14|6|5,6,6,5|4|0|4|0|1
003986|box_n4_H18|b001950|4,14,15,16|5|15|16|10|7|16|4|12|10|32|16|36,36,10,0|20|10|36,26,6,0|32|16|3|2,3,3,2|3|8|3|0|1
003987|box_n4_H18|b001951|4,14,15,17|5|15|17|12|7|14|8|20|12|24|14|36,32,8,0|24|12|40,32,6,0|28|14|6|0,6,6,0|3|76|3|0|1
003988|box_n4_H18|b001952|4,14,15,18|5|15|18|12|7|12|8|28|12|12|12|36,28,4,0|24|12|36,28,4,0|24|12|5|3,5,5,3|6|52|9|3|1
003989|box_n4_H18|b001953|4,14,16,17|5|16|17|18|7|16|8|36|18|30|16|40,30,8,0|36|18|42,32,6,0|32|16|6|4,6,6,4|4|0|4|0|1
003990|box_n4_H18|b001954|4,14,17,18|5|17|18|14|8|16|8|34|14|28|16|42,30,2,0|28|14|44,32,4,0|32|16|8|4,8,8,4|4|0|4|0|1
003991|box_n4_H18|b001955|4,15,16,17|5|16|17|12|7|12|7|20|12|20|12|40,36,8,0|24|12|42,36,6,0|24|12|3|2,3,3,2|2|8|2|0|1
003992|box_n4_H18|b001956|4,15,16,18|5|16|18|14|7|12|8|24|14|12|12|40,34,8,0|28|14|44,42,10,0|24|12|4|0,4,4,0|8|360|8|0|1
003993|box_n4_H18|b001957|4,15,17,18|5|17|18|16|7|14|8|28|16|20|14|42,32,6,0|32|16|44,38,8,0|28|14|6|2,6,6,2|3|75|3|0|1
003994|box_n4_H18|b001958|4,16,17,18|5|17|18|14|7|14|7|22|14|24|14|42,34,6,0|28|14|44,34,4,0|28|14|7|2,7,7,2|4|0|4|0|1
003995|box_n4_H18|b001959|5,6,7,8|5|7|8|6|2|6|2|8|6|12|6|18,16,4,0|12|6|20,16,2,0|12|6|3|0,3,3,0|2|5|3|1|1
003996|box_n4_H18|b001960|5,6,7,9|5|7|9|6|2|10|2|8|6|22|10|18,16,4,0|12|6|22,14,2,0|20|10|3|2,3,3,2|2|4|2|0|1
003997|box_n4_H18|b001961|5,6,7,10|5|7|10|6|2|10|2|6|6|22|10|16,14,4,0|12|6|24,16,2,0|20|10|5|0,5,5,0|3|41|3|0|1
003998|box_n4_H18|b001962|5,6,7,11|5|7|11|4|2|8|3|8|4|16|8|18,16,2,0|8|4|28,20,0,0|16|8|3|3,2,2,3|2|10|2|0|1
003999|box_n4_H18|b001963|5,6,7,12|5|7|12|6|2|8|3|12|6|18|8|18,14,2,0|12|6|30,24,2,0|16|8|3|2,3,3,2|2|4|2|0|1
004000|box_n4_H18|b001964|5,6,7,13|5|7|13|6|2|10|3|8|6|20|10|18,16,4,0|12|6|32,26,4,0|20|10|3|3,1,1,3|2|5|3|1|1
004001|box_n4_H18|b001965|5,6,7,14|5|7|14|10|2|16|3|26|10|38|16|28,22,4,0|20|10|42,32,6,0|32|16|5|3,5,5,3|16|20|28|12|1
004002|box_n4_H18|b001966|5,6,7,15|5|7|15|4|3|14|3|2|4|28|14|16,16,4,0|8|4|36,26,4,0|28|14|4|1,4,4,1|3|137|3|0|1
004003|box_n4_H18|b001967|5,6,7,16|5|7|16|4|3|12|4|4|4|24|12|18,18,4,0|8|4|40,32,4,0|24|12|4|0,4,4,0|2|33|2|0|1
004004|box_n4_H18|b001968|5,6,7,17|5|7|17|6|3|14|4|12|6|28|14|18,14,2,0|12|6|42,32,4,0|28|14|4|4,3,3,4|3|243|3|0|1
004005|box_n4_H18|b001969|5,6,7,18|5|7|18|6|3|16|4|12|6|32|16|18,14,2,0|12|6|44,32,4,0|32|16|5|3,5,5,3|3|170|3|0|0
004006|box_n4_H18|b001970|5,6,8,9|5|8|9|8|2|10|2|12|8|22|10|20,16,4,0|16|8|22,14,2,0|20|10|4|2,4,4,2|2|3|2|0|1
004007|box_n4_H18|b001971|5,6,8,10|5|8|10|8|2|12|2|16|8|26|12|24,20,4,0|16|8|24,14,2,0|24|12|6|1,6,6,1|6|22|6|0|1
004008|box_n4_H18|b001972|5,6,8,11|5|8|11|4|2|6|3|8|4|8|6|20,18,2,0|8|4|28,24,2,0|12|6|3|0,3,3,0|2|4|2|0|1
004009|box_n4_H18|b001973|5,6,8,12|5|8|12|10|2|14|3|24|10|32|14|24,16,2,0|20|10|32,20,2,0|28|14|8|2,8,8,2|12|12|12|0|1
004010|box_n4_H18|b001974|5,6,8,13|5|8|13|6|2|12|3|8|6|20|12|20,18,4,0|12|6|32,26,6,0|24|12|4|4,0,0,4|2|11|2|0|1
004011|box_n4_H18|b001975|5,6,8,14|5|8|14|8|2|14|3|12|8|28|14|20,16,4,0|16|8|36,28,6,0|28|14|4|4,2,2,4|8|140|8|0|1
004012|box_n4_H18|b001976|5,6,8,15|5|8|15|8|2|16|3|12|8|28|16|20,16,4,0|16|8|36,26,6,0|32|16|4|3,4,4,3|3|4|3|0|1
004013|box_n4_H18|b001977|5,6,8,16|5|8|16|12|2|18|4|32|12|40|18|32,24,4,0|24|12|48,36,6,0|36|18|6|4,6,6,4|20|10|32|12|1
004014|box_n4_H18|b001978|5,6,8,17|5|8|17|8|3|14|4|16|8|28|14|20,14,2,0|16|8|42,32,4,0|28|14|5|3,5,5,3|3|83|3|0|1
004015|box_n4_H18|b001979|5,6,8,18|5|8|18|6|3|18|4|12|6|36|18|20,16,2,0|12|6|44,30,4,0|36|18|5|4,5,5,4|8|180|8|0|1
004016|box_n4_H18|b001980|5,6,9,10|5|9|10|12|2|10|2|24|12|22|10|24,16,4,0|24|12|24,16,2,0|20|10|5|3,5,5,3|3|3|3|0|1
004017|box_n4_H18|b001981|5,6,9,11|5|9|11|8|2|8|3|18|8|12|8|22,16,2,0|16|8|28,22,2,0|16|8|3|3,3,3,3|3|49|3|0|1
004018|box_n4_H18|b001982|5,6,9,12|5|9|12|12|2|14|3|28|12|30|14|24,14,2,0|24|12|30,18,2,0|28|14|9|2,9,9,2|12|60|12|0|1
004019|box_n4_H18|b001983|5,6,9,13|5|9|13|8|2|12|3|14|8|20|12|22,18,4,0|16|8|32,26,6,0|24|12|3|2,3,3,2|2|3|2|0|1
004020|box_n4_H18|b001984|5,6,9,14|5|9|14|10|2|12|3|18|10|22|12|22,16,4,0|20|10|34,28,6,0|24|12|6|6,0,0,6|2|3|2|0|1
004021|box_n4_H18|b001985|5,6,9,15|5|9|15|8|2|12|3|16|8|20|12|24,20,4,0|16|8|36,30,6,0|24|12|4|4,1,1,4|7|22|9|2|1
004022|box_n4_H18|b001986|5,6,9,16|5|9|16|10|2|14|4|22|10|20|14|22,14,2,0|20|10|40,34,8,0|28|14|4|3,4,4,3|3|310|3|0|1
004023|box_n4_H18|b001987|5,6,9,17|5|9|17|8|2|14|4|18|8|20|14|22,16,2,0|16|8|42,36,8,0|28|14|4|2,4,4,2|2|6|2|0|1
004024|box_n4_H18|b001988|5,6,9,18|5|9|18|16|2|22|4|44|16|50|22|36,24,4,0|32|16|54,38,6,0|44|22|8|6,8,8,6|28|10|36|8|1
004025|box_n4_H18|b001989|5,6,10,11|5|10|11|8|2|8|3|18|8|8|8|24,18,2,0|16|8|24,18,2,0|16|8|5|1,5,5,1|3|47|3|0|1
004026|box_n4_H18|b001990|5,6,10,12|5|10|12|12|2|12|3|26|12|24|12|24,14,2,0|24|12|24,12,0,0|24|12|8|3,8,8,3|6|27|6|0|1
004027|box_n4_H18|b001991|5,6,10,13|5|10|13|12|2|14|3|22|12|28|14|24,16,4,0|24|12|32,22,4,0|28|14|7|2,7,7,2|3|41|3|0|1
004028|box_n4_H18|b001992|5,6,10,14|5|10|14|10|2|16|3|18|10|32|16|24,18,4,0|20|10|32,20,4,0|32|16|6|3,6,6,3|6|22|6|0|1
004029|box_n4_H18|b001993|5,6,10,15|5|10|15|12|2|18|3|28|12|40|18|30,22,4,0|24|12|40,26,4,0|36|18|7|7,4,4,7|20|60|20|0|1
004030|box_n4_H18|b001994|5,6,10,16|5|10|16|8|2|12|4|18|8|16|12|24,18,2,0|16|8|40,36,8,0|24|12|3|3,2,2,3|4|12|4|0|1
004031|box_n4_H18|b001995|5,6,10,17|5|10|17|10|2|16|4|22|10|26|16|24,16,2,0|20|10|40,30,6,0|32|16|5|4,5,5,4|3|42|3|0|1
004032|box_n4_H18|b001996|5,6,10,18|5|10|18|10|2|20|4|18|10|44|20|24,18,4,0|20|10|48,32,4,0|40|20|8|3,8,8,3|6|47|6|0|1
004033|box_n4_H18|b001997|5,6,11,12|5|11|12|8|3|10|3|12|8|26|10|28,22,2,0|16|8|30,20,0,0|20|10|6|2,6,6,2|2|6|2|0|1
004034|box_n4_H18|b001998|5,6,11,13|5|11|13|10|3|10|3|16|10|24|10|28,20,2,0|20|10|32,24,2,0|20|10|5|5,3,3,5|2|6|2|0|1
004035|box_n4_H18|b001999|5,6,11,14|5|11|14|8|3|12|3|8|8|30|12|28,24,4,0|16|8|34,24,2,0|24|12|4|3,4,4,3|3|219|3|0|1
004036|box_n4_H18|b002000|5,6,11,15|5|11|15|4|6|12|3|-4|4|28|12|24,24,4,0|8|4|36,26,2,0|24|12|3|3,2,2,3|3|211|3|0|1
004037|box_n4_H18|b002001|5,6,11,16|5|11|16|4|6|6|4|0|4|12|6|28,28,4,0|8|4|40,38,4,0|12|6|3|3,-2,-2,3|2|47|2|0|1
004038|box_n4_H18|b002002|5,6,11,17|5|11|17|4|4|8|4|0|4|20|8|28,28,4,0|8|4|42,36,2,0|16|8|4|4,-1,-1,4|2|27|2|0|1
004039|box_n4_H18|b002003|5,6,11,18|5|11|18|8|4|12|4|12|8|28|12|28,22,2,0|16|8|44,34,2,0|24|12|5|5,3,3,5|2|6|2|0|1
004040|box_n4_H18|b002004|5,6,12,13|5|12|13|12|3|14|3|22|12|28|14|30,22,4,0|24|12|32,22,4,0|28|14|6|3,6,6,3|3|55|3|0|1
004041|box_n4_H18|b002005|5,6,12,14|5|12|14|14|3|18|3|28|14|40|18|32,22,4,0|28|14|36,22,4,0|36|18|7|5,7,7,5|8|210|8|0|1
004042|box_n4_H18|b002006|5,6,12,15|5|12|15|12|3|16|3|28|12|32|16|36,28,4,0|24|12|36,24,4,0|32|16|8|2,8,8,2|7|21|9|2|1
004043|box_n4_H18|b002007|5,6,12,16|5|12|16|14|3|16|4|32|14|32|16|32,20,2,0|28|14|40,28,4,0|32|16|8|4,8,8,4|12|24|12|0|1
004044|box_n4_H18|b002008|5,6,12,17|5|12|17|8|6|14|4|18|8|24|14|30,24,2,0|16|8|42,34,6,0|28|14|4|4,3,3,4|2|4|2|0|1
004045|box_n4_H18|b002009|5,6,12,18|5|12|18|12|4|20|4|28|12|44|20|36,28,4,0|24|12|48,32,4,0|40|20|8|8,4,4,8|24|90|24|0|1
004046|box_n4_H18|b002010|5,6,13,14|5|13|14|14|3|16|3|20|14|30|16|32,26,8,0|28|14|34,24,6,0|32|16|5|5,3,3,5|3|140|3|0|1
004047|box_n4_H18|b002011|5,6,13,15|5|13|15|12|3|16|3|16|12|28|16|32,28,8,0|24|12|36,26,6,0|32|16|5|5,2,2,5|3|66|3|0|1
004048|box_n4_H18|b002012|5,6,13,16|5|13|16|10|3|12|4|16|10|20|12|32,28,6,0|20|10|40,34,6,0|24|12|4|1,4,4,1|3|320|3|0|1
004049|box_n4_H18|b002013|5,6,13,17|5|13|17|10|3|16|4|20|10|28|16|32,26,4,0|20|10|42,32,6,0|32|16|4|4,4,4,4|3|257|3|0|1
004050|box_n4_H18|b002014|5,6,13,18|5|13|18|10|6|14|4|16|10|24|14|32,28,6,0|20|10|44,36,6,0|28|14|6|6,0,0,6|2|6|2|0|1
004051|box_n4_H18|b002015|5,6,14,15|5|14|15|14|3|16|3|24|14|28|16|36,30,8,0|28|14|36,26,6,0|32|16|5|5,3,3,5|3|7|3|0|1
004052|box_n4_H18|b002016|5,6,14,16|5|14|16|12|3|16|4|24|12|28|16|36,30,6,0|24|12|40,30,6,0|32|16|6|6,2,2,6|8|280|8|0|1
004053|box_n4_H18|b002017|5,6,14,17|5|14|17|14|3|16|4|30|14|28|16|34,24,4,0|28|14|42,32,6,0|32|16|6|4,6,6,4|3|182|3|0|1
004054|box_n4_H18|b002018|5,6,14,18|5|14|18|16|3|20|4|32|16|36|20|36,26,6,0|32|16|44,30,6,0|40|20|6|6,6,6,6|8|315|8|0|1
004055|box_n4_H18|b002019|5,6,15,16|5|15|16|14|3|14|4|24|14|16|14|36,28,6,0|28|14|36,30,8,0|28|14|4|4,3,3,4|3|7|3|0|1
004056|box_n4_H18|b002020|5,6,15,17|5|15|17|14|3|14|4|28|14|22|14|36,26,4,0|28|14|40,32,6,0|28|14|5|5,4,4,5|3|67|3|0|1
004057|box_n4_H18|b002021|5,6,15,18|5|15|18|12|3|12|4|20|12|16|12|36,30,6,0|24|12|36,28,4,0|24|12|5|2,5,5,2|7|123|9|2|1
004058|box_n4_H18|b002022|5,6,16,17|5|16|17|12|6|14|4|20|12|28|14|40,34,6,0|24|12|42,32,4,0|28|14|5|5,3,3,5|2|8|2|0|1
004059|box_n4_H18|b002023|5,6,16,18|5|16|18|12|6|18|4|20|12|40|18|40,34,6,0|24|12|44,28,2,0|36|18|6|6,5,5,6|8|360|8|0|1
004060|box_n4_H18|b002024|5,6,17,18|5|17|18|14|6|16|4|20|14|32|16|42,36,8,0|28|14|44,32,4,0|32|16|5|5,4,4,5|3|80|3|0|1
004061|box_n4_H18|b002025|5,7,8,9|5|8|9|6|2|8|2|12|6|16|8|20,16,2,0|12|6|22,16,2,0|16|8|4|1,4,4,1|2|3|2|0|1
004062|box_n4_H18|b002026|5,7,8,10|5|8|10|10|2|12|2|20|10|26|12|24,18,4,0|20|10|24,14,2,0|24|12|6|2,6,6,2|6|47|6|0|1
004063|box_n4_H18|b002027|5,7,8,11|5|8|11|6|2|10|3|8|6|16|10|20,18,4,0|12|6|28,24,6,0|20|10|2|1,2,2,1|3|56|3|0|1
004064|box_n4_H18|b002028|5,7,8,12|5|8|12|8|2|12|3|20|8|22|12|24,18,2,0|16|8|32,22,2,0|24|12|5|5,3,3,5|12|60|16|4|1
004065|box_n4_H18|b002029|5,7,8,13|5|8|13|8|2|10|3|12|8|16|10|20,16,4,0|16|8|32,28,6,0|20|10|3|3,1,1,3|2|6|2|0|1
004066|box_n4_H18|b002030|5,7,8,14|5|8|14|8|2|18|3|16|8|42|18|20,14,2,0|16|8|36,20,2,0|36|18|8|3,8,8,3|5|72|6|1|1
004067|box_n4_H18|b002031|5,7,8,15|5|8|15|6|2|12|3|8|6|20|12|20,18,4,0|12|6|36,30,6,0|24|12|4|4,0,0,4|3|62|3|0|1
004068|box_n4_H18|b002032|5,7,8,16|5|8|16|12|2|18|4|32|12|36|18|32,24,4,0|24|12|48,38,8,0|36|18|5|4,5,5,4|24|40|32|8|1
004069|box_n4_H18|b002033|5,7,8,17|5|8|17|6|3|16|4|8|6|28|16|20,18,4,0|12|6|42,32,6,0|32|16|4|2,4,4,2|3|155|3|0|1
004070|box_n4_H18|b002034|5,7,8,18|5|8|18|8|3|16|4|12|8|28|16|20,16,4,0|16|8|44,34,6,0|32|16|6|6,1,1,6|4|15|4|0|1
004071|box_n4_H18|b002035|5,7,9,10|5|9|10|10|2|10|2|18|10|22|10|24,18,4,0|20|10|24,16,2,0|20|10|5|2,5,5,2|3|42|3|0|1
004072|box_n4_H18|b002036|5,7,9,11|5|9|11|8|2|10|3|12|8|20|10|22,18,4,0|16|8|28,22,4,0|20|10|4|1,4,4,1|3|49|3|0|1
004073|box_n4_H18|b002037|5,7,9,12|5|9|12|8|2|8|3|18|8|16|8|24,18,2,0|16|8|30,22,0,0|16|8|4|3,4,4,3|8|60|12|4|1
004074|box_n4_H18|b002038|5,7,9,13|5|9|13|6|2|10|3|8|6|20|10|22,20,4,0|12|6|32,26,4,0|20|10|3|1,3,3,1|2|8|2|0|1
004075|box_n4_H18|b002039|5,7,9,14|5|9|14|8|2|12|3|16|8|28|12|22,16,2,0|16|8|34,24,2,0|24|12|4|4,4,4,4|2|8|2|0|1
004076|box_n4_H18|b002040|5,7,9,15|5|9|15|10|2|14|3|18|10|28|14|24,18,4,0|20|10|36,26,4,0|28|14|4|4,4,4,4|7|22|9|2|1
004077|box_n4_H18|b002041|5,7,9,16|5|9|16|8|2|10|4|12|8|16|10|22,18,4,0|16|8|40,36,6,0|20|10|4|4,0,0,4|2|38|2|0|1
004078|box_n4_H18|b002042|5,7,9,17|5|9|17|6|2|12|4|12|6|24|12|22,18,2,0|12|6|42,34,4,0|24|12|3|3,3,3,3|2|5|2|0|1
004079|box_n4_H18|b002043|5,7,9,18|5|9|18|14|2|20|4|38|14|46|20|36,26,4,0|28|14|54,40,6,0|40|20|7|5,7,7,5|24|30|36|12|1
004080|box_n4_H18|b002044|5,7,10,11|5|10|11|12|2|12|3|22|12|20|12|24,16,4,0|24|12|24,16,4,0|24|12|6|2,6,6,2|3|47|3|0|1
004081|box_n4_H18|b002045|5,7,10,12|5|10|12|10|2|8|3|22|10|6|8|24,16,2,0|20|10|24,18,2,0|16|8|6|1,6,6,1|6|27|6|0|1
004082|box_n4_H18|b002046|5,7,10,13|5|10|13|10|2|14|3|18|10|28|14|24,18,4,0|20|10|32,22,4,0|28|14|6|2,6,6,2|3|9|3|0|1
004083|box_n4_H18|b002047|5,7,10,14|5|10|14|12|2|16|3|26|12|38|16|24,14,2,0|24|12|32,16,0,0|32|16|10|3,10,10,3|6|27|6|0|1
004084|box_n4_H18|b002048|5,7,10,15|5|10|15|12|2|18|3|28|12|40|18|30,22,4,0|24|12|40,26,4,0|36|18|7|7,4,4,7|20|30|20|0|1
004085|box_n4_H18|b002049|5,7,10,16|5|10|16|12|2|14|4|22|12|24|14|24,16,4,0|24|12|40,32,6,0|28|14|6|2,6,6,2|6|76|6|0|1
004086|box_n4_H18|b002050|5,7,10,17|5|10|17|8|2|12|4|18|8|14|12|24,18,2,0|16|8|40,36,8,0|24|12|4|4,1,1,4|3|42|3|0|1
004087|box_n4_H18|b002051|5,7,10,18|5|10|18|14|2|20|4|26|14|40|20|24,14,4,0|28|14|48,34,6,0|40|20|8|4,8,8,4|6|28|6|0|1
004088|box_n4_H18|b002052|5,7,11,12|5|11|12|6|3|8|3|12|6|12|8|28,26,4,0|12|6|30,24,2,0|16|8|2|2,2,2,2|2|5|2|0|1
004089|box_n4_H18|b002053|5,7,11,13|5|11|13|12|3|14|3|20|12|28|14|28,22,6,0|24|12|32,22,4,0|28|14|5|5,3,3,5|3|104|3|0|1
004090|box_n4_H18|b002054|5,7,11,14|5|11|14|10|3|16|3|20|10|36|16|28,22,4,0|20|10|34,20,2,0|32|16|7|3,7,7,3|3|10|3|0|1
004091|box_n4_H18|b002055|5,7,11,15|5|11|15|4|6|14|3|-4|4|24|14|24,28,8,0|8|4|36,28,6,0|28|14|1|1,1,1,1|3|9|3|0|1
004092|box_n4_H18|b002056|5,7,11,16|5|11|16|8|6|12|4|12|8|16|12|28,26,6,0|16|8|40,36,8,0|24|12|4|4,-1,-1,4|2|2|2|0|1
004093|box_n4_H18|b002057|5,7,11,17|5|11|17|8|4|16|4|12|8|28|16|28,26,6,0|16|8|42,32,6,0|32|16|3|3,3,3,3|2|2|2|0|1
004094|box_n4_H18|b002058|5,7,11,18|5|11|18|8|4|14|4|16|8|20|14|28,24,4,0|16|8|44,38,8,0|28|14|7|7,-2,-2,7|2|8|2|0|1
004095|box_n4_H18|b002059|5,7,12,13|5|12|13|8|3|10|3|8|8|28|10|30,26,4,0|16|8|32,22,0,0|20|10|4|3,4,4,3|3|55|3|0|1
004096|box_n4_H18|b002060|5,7,12,14|5|12|14|10|3|14|3|18|10|38|14|32,24,2,0|20|10|36,22,0,0|28|14|8|3,8,8,3|4|31|4|0|1
004097|box_n4_H18|b002061|5,7,12,15|5|12|15|10|3|10|3|18|10|24|10|36,30,4,0|20|10|36,28,2,0|20|10|4|4,3,3,4|6|103|9|3|1
004098|box_n4_H18|b002062|5,7,12,16|5|12|16|10|3|12|4|18|10|28|12|32,24,2,0|20|10|40,30,2,0|24|12|5|4,5,5,4|12|120|16|4|1
004099|box_n4_H18|b002063|5,7,12,17|5|12|17|6|6|8|4|4|6|16|8|30,28,4,0|12|6|42,38,4,0|16|8|5|5,-2,-2,5|2|35|2|0|1
004100|box_n4_H18|b002064|5,7,12,18|5|12|18|12|4|12|4|22|12|28|12|36,28,4,0|24|12|48,40,4,0|24|12|5|5,3,3,5|12|90|24|12|1
004101|box_n4_H18|b002065|5,7,13,14|5|13|14|14|3|16|3|28|14|36|16|32,22,4,0|28|14|34,20,2,0|32|16|8|4,8,8,4|3|130|3|0|1
004102|box_n4_H18|b002066|5,7,13,15|5|13|15|12|3|18|3|16|12|32|18|32,28,8,0|24|12|36,24,6,0|36|18|5|3,5,5,3|3|1|3|0|1
004103|box_n4_H18|b002067|5,7,13,16|5|13|16|12|3|14|4|20|12|24|14|32,26,6,0|24|12|40,32,6,0|28|14|4|3,4,4,3|2|4|2|0|1
004104|box_n4_H18|b002068|5,7,13,17|5|13|17|10|3|16|4|20|10|28|16|32,26,4,0|20|10|42,32,6,0|32|16|5|5,3,3,5|3|257|3|0|1
004105|box_n4_H18|b002069|5,7,13,18|5|13|18|8|6|14|4|12|8|20|14|32,30,6,0|16|8|44,38,8,0|28|14|5|5,-1,-1,5|2|11|2|0|1
004106|box_n4_H18|b002070|5,7,14,15|5|14|15|14|3|16|3|30|14|32|16|36,26,4,0|28|14|36,24,4,0|32|16|8|3,8,8,3|3|6|3|0|1
004107|box_n4_H18|b002071|5,7,14,16|5|14|16|16|3|16|4|34|16|28|16|36,24,4,0|32|16|40,30,6,0|32|16|7|4,7,7,4|4|25|4|0|1
004108|box_n4_H18|b002072|5,7,14,17|5|14|17|16|3|18|4|36|16|36|18|34,20,2,0|32|16|42,28,4,0|36|18|8|6,8,8,6|3|136|3|0|1
004109|box_n4_H18|b002073|5,7,14,18|5|14|18|18|3|16|4|38|18|32|16|36,22,4,0|36|18|44,32,4,0|32|16|10|3,10,10,3|4|1|4|0|1
004110|box_n4_H18|b002074|5,7,15,16|5|15|16|14|3|12|4|24|14|16|12|36,28,6,0|28|14|36,30,6,0|24|12|4|3,4,4,3|3|68|3|0|1
004111|box_n4_H18|b002075|5,7,15,17|5|15|17|12|3|16|4|20|12|22|16|36,30,6,0|24|12|40,32,8,0|32|16|4|4,3,3,4|3|14|3|0|1
004112|box_n4_H18|b002076|5,7,15,18|5|15|18|18|3|12|4|28|18|12|12|36,26,8,0|36|18|36,30,6,0|24|12|5|5,3,3,5|9|26|9|0|1
004113|box_n4_H18|b002077|5,7,16,17|5|16|17|12|6|16|4|16|12|28|16|40,36,8,0|24|12|42,32,6,0|32|16|4|4,3,3,4|2|7|2|0|1
004114|box_n4_H18|b002078|5,7,16,18|5|16|18|14|6|16|4|20|14|28|16|40,34,8,0|28|14|44,34,6,0|32|16|5|3,5,5,3|4|38|4|0|1
004115|box_n4_H18|b002079|5,7,17,18|5|17|18|14|6|14|4|24|14|28|14|42,34,6,0|28|14|44,34,4,0|28|14|5|5,4,4,5|3|10|3|0|1
004116|box_n4_H18|b002080|5,8,9,10|5|9|10|8|2|10|2|14|8|22|10|24,20,4,0|16|8|24,16,2,0|20|10|5|1,5,5,1|3|6|3|0|1
004117|box_n4_H18|b002081|5,8,9,11|5|9|11|8|2|10|3|16|8|20|10|22,16,2,0|16|8|28,20,2,0|20|10|5|2,5,5,2|3|221|3|0|1
004118|box_n4_H18|b002082|5,8,9,12|5|9|12|10|2|12|3|18|10|26|12|24,18,4,0|20|10|30,22,4,0|24|12|4|3,4,4,3|8|60|12|4|1
004119|box_n4_H18|b002083|5,8,9,13|5|9|13|4|2|8|3|8|4|12|8|22,20,2,0|8|4|32,26,2,0|16|8|4|0,4,4,0|2|128|2|0|1
004120|box_n4_H18|b002084|5,8,9,14|5|9|14|8|2|12|3|12|8|26|12|22,18,4,0|16|8|34,26,4,0|24|12|5|5,1,1,5|2|13|2|0|1
004121|box_n4_H18|b002085|5,8,9,15|5|9|15|10|2|14|3|18|10|28|14|24,18,4,0|20|10|36,26,4,0|28|14|5|3,5,5,3|7|49|9|2|1
004122|box_n4_H18|b002086|5,8,9,16|5|9|16|10|2|16|4|20|10|36|16|22,14,2,0|20|10|40,28,4,0|32|16|8|2,8,8,2|3|86|3|0|1
004123|box_n4_H18|b002087|5,8,9,17|5|9|17|8|2|12|4|12|8|16|12|22,18,4,0|16|8|42,38,8,0|24|12|4|4,0,0,4|2|2|2|0|1
004124|box_n4_H18|b002088|5,8,9,18|5|9|18|14|2|18|4|38|14|42|18|36,26,4,0|28|14|54,42,6,0|36|18|6|5,6,6,5|24|30|36|12|1
004125|box_n4_H18|b002089|5,8,10,11|5|10|11|10|2|10|3|22|10|16|10|24,16,2,0|20|10|24,16,2,0|20|10|5|3,5,5,3|3|47|3|0|1
004126|box_n4_H18|b002090|5,8,10,12|5|10|12|10|2|12|3|18|10|20|12|24,18,4,0|20|10|24,16,4,0|24|12|6|1,6,6,1|6|3|6|0|1
004127|box_n4_H18|b002091|5,8,10,13|5|10|13|10|2|12|3|22|10|20|12|24,16,2,0|20|10|32,22,2,0|24|12|7|2,7,7,2|3|41|3|0|1
004128|box_n4_H18|b002092|5,8,10,14|5|10|14|10|2|16|3|18|10|32|16|24,18,4,0|20|10|32,20,4,0|32|16|8|1,8,8,1|6|29|6|0|1
004129|box_n4_H18|b002093|5,8,10,15|5|10|15|12|2|18|3|28|12|40|18|30,22,4,0|24|12|40,26,4,0|36|18|7|7,4,4,7|20|30|20|0|1
004130|box_n4_H18|b002094|5,8,10,16|5|10|16|12|2|20|4|26|12|44|20|24,14,2,0|24|12|40,24,4,0|40|20|10|3,10,10,3|6|4|6|0|1
004131|box_n4_H18|b002095|5,8,10,17|5|10|17|14|2|14|4|26|14|22|14|24,14,4,0|28|14|40,32,6,0|28|14|5|4,5,5,4|3|4|3|0|1
004132|box_n4_H18|b002096|5,8,10,18|5|10|18|8|2|16|4|18|8|28|16|24,18,2,0|16|8|48,40,8,0|32|16|5|5,2,2,5|4|11|4|0|1
004133|box_n4_H18|b002097|5,8,11,12|5|11|12|8|3|10|3|12|8|22|10|28,24,4,0|16|8|30,24,4,0|20|10|3|2,3,3,2|2|3|2|0|1
004134|box_n4_H18|b002098|5,8,11,13|5|11|13|8|3|10|3|16|8|20|10|28,22,2,0|16|8|32,22,0,0|20|10|4|4,4,4,4|2|5|2|0|1
004135|box_n4_H18|b002099|5,8,11,14|5|11|14|8|3|14|3|8|8|30|14|28,26,6,0|16|8|34,24,4,0|28|14|4|2,4,4,2|3|219|3|0|1
004136|box_n4_H18|b002100|5,8,11,15|5|11|15|4|16|12|3|-4|4|24|12|24,26,6,0|8|4|36,28,4,0|24|12|3|0,3,3,0|3|141|3|0|1
004137|box_n4_H18|b002101|5,8,11,16|5|11|16|8|16|12|4|12|8|28|12|28,24,4,0|16|8|40,32,4,0|24|12|3|3,3,3,3|2|2|2|0|1
004138|box_n4_H18|b002102|5,8,11,17|5|11|17|6|4|14|4|8|6|28|14|28,26,4,0|12|6|42,32,4,0|28|14|3|3,3,3,3|2|2|2|0|1
004139|box_n4_H18|b002103|5,8,11,18|5|11|18|10|4|14|4|16|10|28|14|28,22,4,0|20|10|44,34,4,0|28|14|7|7,1,1,7|2|9|2|0|1
004140|box_n4_H18|b002104|5,8,12,13|5|12|13|8|3|10|3|18|8|16|10|30,26,4,0|16|8|32,24,2,0|20|10|3|3,3,3,3|3|55|3|0|1
004141|box_n4_H18|b002105|5,8,12,14|5|12|14|12|3|16|3|24|12|32|16|32,26,6,0|24|12|36,26,6,0|32|16|7|1,7,7,1|8|210|8|0|1
004142|box_n4_H18|b002106|5,8,12,15|5|12|15|16|3|14|3|32|16|24|14|36,28,8,0|32|16|36,28,6,0|28|14|4|4,4,4,4|8|23|9|1|1
004143|box_n4_H18|b002107|5,8,12,16|5|12|16|16|3|20|4|36|16|44|20|32,20,4,0|32|16|40,24,4,0|40|20|12|2,12,12,2|16|60|16|0|1
004144|box_n4_H18|b002108|5,8,12,17|5|12|17|8|6|10|4|14|8|12|10|30,28,6,0|16|8|42,40,8,0|20|10|5|5,-3,-3,5|2|9|2|0|1
004145|box_n4_H18|b002109|5,8,12,18|5|12|18|14|4|16|4|32|14|28|16|36,28,6,0|28|14|48,40,8,0|32|16|6|6,2,2,6|12|54|18|6|1
004146|box_n4_H18|b002110|5,8,13,14|5|13|14|10|3|12|3|16|10|34|12|32,24,2,0|20|10|34,22,0,0|24|12|5|5,5,5,5|2|3|2|0|1
004147|box_n4_H18|b002111|5,8,13,15|5|13|15|8|3|12|3|8|8|32|12|32,28,4,0|16|8|36,24,0,0|24|12|4|4,4,4,4|3|66|3|0|1
004148|box_n4_H18|b002112|5,8,13,16|5|13|16|10|3|14|4|16|10|36|14|32,24,2,0|20|10|40,28,2,0|28|14|8|2,8,8,2|2|4|2|0|1
004149|box_n4_H18|b002113|5,8,13,17|5|13|17|12|3|10|4|16|12|20|10|32,24,4,0|24|12|42,36,4,0|20|10|4|3,4,4,3|2|7|2|0|1
004150|box_n4_H18|b002114|5,8,13,18|5|13|18|4|6|8|4|0|4|16|8|32,32,4,0|8|4|44,40,4,0|16|8|4|4,-2,-2,4|2|99|2|0|1
004151|box_n4_H18|b002115|5,8,14,15|5|14|15|14|3|14|3|24|14|28|14|36,30,8,0|28|14|36,26,4,0|28|14|5|3,5,5,3|3|7|3|0|1
004152|box_n4_H18|b002116|5,8,14,16|5|14|16|18|3|18|4|40|18|40|18|36,22,4,0|36|18|40,26,4,0|36|18|10|4,10,10,4|8|280|8|0|1
004153|box_n4_H18|b002117|5,8,14,17|5|14|17|16|3|16|4|30|16|28|16|34,24,6,0|32|16|42,32,6,0|32|16|5|5,5,5,5|3|289|3|0|1
004154|box_n4_H18|b002118|5,8,14,18|5|14|18|14|3|16|4|32|14|28|16|36,26,4,0|28|14|44,34,6,0|32|16|8|2,8,8,2|8|315|8|0|1
004155|box_n4_H18|b002119|5,8,15,16|5|15|16|16|3|16|4|32|16|32|16|36,24,4,0|32|16|36,24,4,0|32|16|8|4,8,8,4|3|4|3|0|1
004156|box_n4_H18|b002120|5,8,15,17|5|15|17|18|3|16|4|32|18|26|16|36,24,6,0|36|18|40,30,6,0|32|16|7|4,7,7,4|3|3|3|0|1
004157|box_n4_H18|b002121|5,8,15,18|5|15|18|14|3|14|4|28|14|12|14|36,26,4,0|28|14|36,30,8,0|28|14|4|4,4,4,4|8|128|9|1|1
004158|box_n4_H18|b002122|5,8,16,17|5|16|17|16|6|16|4|36|16|32|16|40,28,4,0|32|16|42,30,4,0|32|16|7|5,7,7,5|3|170|3|0|1
004159|box_n4_H18|b002123|5,8,16,18|5|16|18|16|6|20|4|32|16|40|20|40,30,6,0|32|16|44,28,4,0|40|20|9|4,9,9,4|8|360|8|0|1
004160|box_n4_H18|b002124|5,8,17,18|5|17|18|14|6|16|4|20|14|28|16|42,36,8,0|28|14|44,34,6,0|32|16|5|5,3,3,5|3|80|3|0|1
004161|box_n4_H18|b002125|5,9,10,11|5|10|11|10|2|10|3|18|10|16|10|24,18,4,0|20|10|24,18,4,0|20|10|5|1,5,5,1|3|8|3|0|1
004162|box_n4_H18|b002126|5,9,10,12|5|10|12|12|2|12|3|22|12|18|12|24,16,4,0|24|12|24,16,4,0|24|12|7|1,7,7,1|6|123|6|0|1
004163|box_n4_H18|b002127|5,9,10,13|5|10|13|12|2|14|3|26|12|28|14|24,14,2,0|24|12|32,20,2,0|28|14|6|5,6,6,5|3|41|3|0|1
004164|box_n4_H18|b002128|5,9,10,14|5|10|14|8|2|12|3|18|8|18|12|24,18,2,0|16|8|32,22,2,0|24|12|6|2,6,6,2|6|99|6|0|1
004165|box_n4_H18|b002129|5,9,10,15|5|10|15|12|2|18|3|28|12|40|18|30,22,4,0|24|12|40,26,4,0|36|18|7|7,4,4,7|20|60|20|0|1
004166|box_n4_H18|b002130|5,9,10,16|5|10|16|14|2|14|4|26|14|24|14|24,14,4,0|28|14|40,32,6,0|28|14|6|3,6,6,3|6|22|6|0|1
004167|box_n4_H18|b002131|5,9,10,17|5|10|17|12|2|14|4|22|12|22|14|24,16,4,0|24|12|40,32,6,0|28|14|7|1,7,7,1|3|42|3|0|1
004168|box_n4_H18|b002132|5,9,10,18|5|10|18|12|2|24|4|26|12|58|24|24,14,2,0|24|12|48,28,4,0|48|24|12|3,12,12,3|6|29|6|0|1
004169|box_n4_H18|b002133|5,9,11,12|5|11|12|10|3|12|3|16|10|20|12|28,24,6,0|20|10|30,24,6,0|24|12|4|1,4,4,1|2|3|2|0|1
004170|box_n4_H18|b002134|5,9,11,13|5|11|13|8|3|14|3|16|8|24|14|28,24,4,0|16|8|32,22,4,0|28|14|4|4,3,3,4|2|1|2|0|1
004171|box_n4_H18|b002135|5,9,11,14|5|11|14|8|3|10|3|16|8|16|10|28,24,4,0|16|8|34,26,2,0|20|10|4|4,2,2,4|3|219|3|0|1
004172|box_n4_H18|b002136|5,9,11,15|5|11|15|6|16|18|3|0|6|32|18|24,26,8,0|12|6|36,24,6,0|36|18|3|2,3,3,2|3|2|3|0|1
004173|box_n4_H18|b002137|5,9,11,16|5|11|16|6|8|12|4|8|6|16|12|28,28,6,0|12|6|40,36,8,0|24|12|3|3,-1,-1,3|2|12|2|0|1
004174|box_n4_H18|b002138|5,9,11,17|5|11|17|10|4|16|4|16|10|24|16|28,24,6,0|20|10|42,34,8,0|32|16|3|3,3,3,3|3|330|3|0|1
004175|box_n4_H18|b002139|5,9,11,18|5|11|18|12|4|20|4|24|12|42|20|28,20,4,0|24|12|44,30,6,0|40|20|7|4,7,7,4|3|352|3|0|1
004176|box_n4_H18|b002140|5,9,12,13|5|12|13|10|3|12|3|20|10|24|12|30,24,4,0|20|10|32,22,2,0|24|12|5|3,5,5,3|3|55|3|0|1
004177|box_n4_H18|b002141|5,9,12,14|5|12|14|10|3|10|3|22|10|18|10|32,26,4,0|20|10|36,28,2,0|20|10|5|2,5,5,2|4|30|6|2|1
004178|box_n4_H18|b002142|5,9,12,15|5|12|15|10|3|16|3|18|10|32|16|36,34,8,0|20|10|36,24,4,0|32|16|5|2,5,5,2|7|23|9|2|1
004179|box_n4_H18|b002143|5,9,12,16|5|12|16|14|3|14|4|26|14|28|14|32,24,6,0|28|14|40,30,4,0|28|14|5|4,5,5,4|12|120|16|4|1
004180|box_n4_H18|b002144|5,9,12,17|5|12|17|8|8|12|4|12|8|20|12|30,28,6,0|16|8|42,36,6,0|24|12|4|4,0,0,4|2|4|2|0|1
004181|box_n4_H18|b002145|5,9,12,18|5|12|18|14|4|22|4|30|14|50|22|36,28,6,0|28|14|48,32,6,0|44|22|10|2,10,10,2|20|90|24|4|1
004182|box_n4_H18|b002146|5,9,13,14|5|13|14|8|3|10|3|16|8|20|10|32,26,2,0|16|8|34,24,0,0|20|10|4|4,4,4,4|2|10|2|0|1
004183|box_n4_H18|b002147|5,9,13,15|5|13|15|8|3|14|3|8|8|28|14|32,30,6,0|16|8|36,26,4,0|28|14|3|3,3,3,3|3|66|3|0|1
004184|box_n4_H18|b002148|5,9,13,16|5|13|16|10|3|12|4|16|10|24|12|32,26,4,0|20|10|40,32,4,0|24|12|4|4,3,3,4|2|11|2|0|1
004185|box_n4_H18|b002149|5,9,13,17|5|13|17|10|3|14|4|12|10|24|14|32,28,6,0|20|10|42,34,6,0|28|14|4|2,4,4,2|2|10|3|1|1
004186|box_n4_H18|b002150|5,9,13,18|5|13|18|10|9|16|4|16|10|38|16|32,26,4,0|20|10|44,32,4,0|32|16|5|5,4,4,5|2|6|2|0|1
004187|box_n4_H18|b002151|5,9,14,15|5|14|15|10|3|12|3|14|10|32|12|36,30,4,0|20|10|36,24,0,0|24|12|5|5,4,4,5|3|63|3|0|1
004188|box_n4_H18|b002152|5,9,14,16|5|14|16|14|3|10|4|22|14|24|10|36,26,4,0|28|14|40,32,2,0|20|10|5|5,4,4,5|4|56|6|2|1
004189|box_n4_H18|b002153|5,9,14,17|5|14|17|12|3|12|4|20|12|32|12|34,24,2,0|24|12|42,30,0,0|24|12|7|7,4,4,7|2|9|2|0|1
004190|box_n4_H18|b002154|5,9,14,18|5|14|18|12|3|18|4|22|12|46|18|36,26,2,0|24|12|44,28,2,0|36|18|10|3,10,10,3|4|37|4|0|1
004191|box_n4_H18|b002155|5,9,15,16|5|15|16|16|3|12|4|28|16|16|12|36,26,6,0|32|16|36,30,6,0|24|12|5|3,5,5,3|3|3|3|0|1
004192|box_n4_H18|b002156|5,9,15,17|5|15|17|16|3|16|4|28|16|26|16|36,26,6,0|32|16|40,30,6,0|32|16|5|5,5,5,5|3|14|3|0|1
004193|box_n4_H18|b002157|5,9,15,18|5|15|18|16|3|18|4|32|16|34|18|36,24,4,0|32|16|36,22,4,0|36|18|8|5,8,8,5|8|26|9|1|1
004194|box_n4_H18|b002158|5,9,16,17|5|16|17|14|6|14|4|24|14|24|14|40,32,6,0|28|14|42,34,6,0|28|14|5|3,5,5,3|3|160|3|0|1
004195|box_n4_H18|b002159|5,9,16,18|5|16|18|16|6|22|4|28|16|50|22|40,30,6,0|32|16|44,26,4,0|44|22|10|4,10,10,4|5|176|6|1|1
004196|box_n4_H18|b002160|5,9,17,18|5|17|18|16|6|20|4|32|16|46|20|42,30,4,0|32|16|44,28,4,0|40|20|10|4,10,10,4|3|10|3|0|1
004197|box_n4_H18|b002161|5,10,11,12|5|11|12|8|3|8|3|8|8|10|8|28,30,10,0|16|8|30,30,8,0|16|8|0|-1,0,0,-1|2|3|2|0|1
004198|box_n4_H18|b002162|5,10,11,13|5|11|13|10|3|16|3|16|10|32|16|28,26,8,0|20|10|32,24,8,0|32|16|3|3,2,2,3|3|55|3|0|1
004199|box_n4_H18|b002163|5,10,11,14|5|11|14|10|3|14|3|16|10|26|14|28,26,8,0|20|10|34,28,8,0|28|14|3|1,3,3,1|3|5|3|0|1
004200|box_n4_H18|b002164|5,10,11,15|5|11|15|0|-1|18|3|-8|0|40|18|24,32,8,0|0|0|36,24,6,0|36|18|1|1,1,1,1|3|3|3|0|1
004201|box_n4_H18|b002165|5,10,11,16|5|11|16|8|8|12|4|8|8|16|12|28,30,10,0|16|8|40,38,10,0|24|12|1|1,-1,-1,1|2|2|2|0|1
004202|box_n4_H18|b002166|5,10,11,17|5|11|17|8|4|16|4|8|8|26|16|28,30,10,0|16|8|42,34,8,0|32|16|3|3,0,0,3|3|253|3|0|1
004203|box_n4_H18|b002167|5,10,11,18|5|11|18|12|4|20|4|20|12|40|20|28,24,8,0|24|12|44,32,8,0|40|20|6|6,2,2,6|3|54|3|0|1
004204|box_n4_H18|b002168|5,10,12,13|5|12|13|8|3|16|3|10|8|32|16|30,30,8,0|16|8|32,24,8,0|32|16|3|1,3,3,1|3|5|3|0|1
004205|box_n4_H18|b002169|5,10,12,14|5|12|14|8|3|14|3|8|8|28|14|32,34,10,0|16|8|36,30,8,0|28|14|1|1,1,1,1|4|3|4|0|1
004206|box_n4_H18|b002170|5,10,12,15|5|12|15|8|3|18|3|16|8|40|18|36,36,8,0|16|8|36,24,6,0|36|18|3|3,3,3,3|9|49|9|0|1
004207|box_n4_H18|b002171|5,10,12,16|5|12|16|12|3|16|4|20|12|28|16|32,28,8,0|24|12|40,32,8,0|32|16|4|2,4,4,2|16|60|16|0|1
004208|box_n4_H18|b002172|5,10,12,17|5|12|17|8|8|12|4|6|8|14|12|30,32,10,0|16|8|42,40,10,0|24|12|1|1,-1,-1,1|2|4|2|0|1
004209|box_n4_H18|b002173|5,10,12,18|5|12|18|12|4|20|4|24|12|44|20|36,32,8,0|24|12|48,36,8,0|40|20|4|4,4,4,4|12|60|24|12|1
004210|box_n4_H18|b002174|5,10,13,14|5|13|14|16|3|16|3|32|16|30|16|32,24,8,0|32|16|34,26,8,0|32|16|5|5,3,3,5|3|65|3|0|1
004211|box_n4_H18|b002175|5,10,13,15|5|13|15|8|3|18|3|16|8|40|18|32,32,8,0|16|8|36,24,6,0|36|18|3|3,3,3,3|3|6|3|0|1
004212|box_n4_H18|b002176|5,10,13,16|5|13|16|12|3|14|4|20|12|24|14|32,30,10,0|24|12|40,34,8,0|28|14|2|2,2,2,2|3|65|3|0|1
004213|box_n4_H18|b002177|5,10,13,17|5|13|17|14|3|14|4|28|14|22|14|32,26,8,0|28|14|42,36,8,0|28|14|4|2,4,4,2|3|10|3|0|1
004214|box_n4_H18|b002178|5,10,13,18|5|13|18|12|8|16|4|20|12|28|16|32,30,10,0|24|12|44,38,10,0|32|16|3|3,1,1,3|2|1|2|0|1
004215|box_n4_H18|b002179|5,10,14,15|5|14|15|8|3|18|3|16|8|40|18|36,36,8,0|16|8|36,24,6,0|36|18|3|3,3,3,3|3|3|3|0|1
004216|box_n4_H18|b002180|5,10,14,16|5|14|16|14|3|14|4|28|14|24|14|36,30,8,0|28|14|40,34,8,0|28|14|4|2,4,4,2|6|243|6|0|1
004217|box_n4_H18|b002181|5,10,14,17|5|14|17|14|3|16|4|26|14|26|16|34,28,8,0|28|14|42,34,8,0|32|16|4|3,4,4,3|3|70|3|0|1
004218|box_n4_H18|b002182|5,10,14,18|5|14|18|12|3|18|4|20|12|36|18|36,34,10,0|24|12|44,34,8,0|36|18|4|2,4,4,2|4|1|4|0|1
004219|box_n4_H18|b002183|5,10,15,16|5|15|16|18|3|8|4|40|18|24|8|36,24,6,0|36|18|36,28,0,0|16|8|5|5,5,5,5|3|3|3|0|1
004220|box_n4_H18|b002184|5,10,15,17|5|15|17|18|3|8|4|40|18|24|8|36,24,6,0|36|18|40,32,0,0|16|8|5|5,5,5,5|3|3|3|0|1
004221|box_n4_H18|b002185|5,10,15,18|5|15|18|18|3|8|4|40|18|24|8|36,24,6,0|36|18|36,28,0,0|16|8|5|5,5,5,5|9|26|9|0|1
004222|box_n4_H18|b002186|5,10,16,17|5|16|17|16|6|14|4|24|16|22|14|40,34,10,0|32|16|42,36,8,0|28|14|4|4,2,2,4|3|80|3|0|1
004223|box_n4_H18|b002187|5,10,16,18|5|16|18|14|6|20|4|24|14|40|20|40,34,8,0|28|14|44,32,8,0|40|20|5|4,5,5,4|6|40|6|0|1
004224|box_n4_H18|b002188|5,10,17,18|5|17|18|14|6|18|4|22|14|36|18|42,36,8,0|28|14|44,34,8,0|36|18|4|4,4,4,4|3|5|3|0|1
004225|box_n4_H18|b002189|5,11,12,13|5|12|13|8|3|12|3|8|8|24|12|30,28,6,0|16|8|32,24,4,0|24|12|3|2,3,3,2|3|187|3|0|1
004226|box_n4_H18|b002190|5,11,12,14|5|12|14|10|3|12|3|18|10|26|12|32,26,4,0|20|10|36,28,4,0|24|12|5|2,5,5,2|4|29|4|0|1
004227|box_n4_H18|b002191|5,11,12,15|5|12|15|12|3|14|3|22|12|28|14|36,30,6,0|24|12|36,26,4,0|28|14|4|4,4,4,4|7|71|9|2|1
004228|box_n4_H18|b002192|5,11,12,16|5|12|16|8|3|12|4|18|8|20|12|32,26,2,0|16|8|40,30,2,0|24|12|4|4,4,4,4|12|120|16|4|1
004229|box_n4_H18|b002193|5,11,12,17|5|12|17|8|8|10|4|12|8|16|10|30,26,4,0|16|8|42,38,6,0|20|10|4|4,0,0,4|2|35|2|0|1
004230|box_n4_H18|b002194|5,11,12,18|5|12|18|12|4|16|4|22|12|32|16|36,30,6,0|24|12|48,38,6,0|32|16|4|4,4,4,4|12|90|24|12|1
004231|box_n4_H18|b002195|5,11,13,14|5|13|14|12|3|14|3|20|12|28|14|32,26,6,0|24|12|34,24,4,0|28|14|5|5,3,3,5|3|70|3|0|1
004232|box_n4_H18|b002196|5,11,13,15|5|13|15|8|3|12|3|8|8|24|12|32,32,8,0|16|8|36,28,4,0|24|12|2|2,2,2,2|3|12|3|0|1
004233|box_n4_H18|b002197|5,11,13,16|5|13|16|10|3|12|4|20|10|16|12|32,26,4,0|20|10|40,32,4,0|24|12|4|4,3,3,4|2|1|2|0|1
004234|box_n4_H18|b002198|5,11,13,17|5|13|17|10|3|14|4|20|10|28|14|32,26,4,0|20|10|42,32,4,0|28|14|5|3,5,5,3|3|257|3|0|1
004235|box_n4_H18|b002199|5,11,13,18|5|13|18|10|8|12|4|16|10|20|12|32,28,6,0|20|10|44,38,6,0|24|12|5|5,0,0,5|2|1|2|0|1
004236|box_n4_H18|b002200|5,11,14,15|5|14|15|14|3|18|3|22|14|32|18|36,30,8,0|28|14|36,24,6,0|36|18|5|5,4,4,5|3|3|3|0|1
004237|box_n4_H18|b002201|5,11,14,16|5|14|16|12|3|12|4|26|12|20|12|36,28,4,0|24|12|40,30,2,0|24|12|6|6,3,3,6|4|10|4|0|1
004238|box_n4_H18|b002202|5,11,14,17|5|14|17|10|3|14|4|20|10|24|14|34,28,4,0|20|10|42,34,6,0|28|14|4|3,4,4,3|2|4|2|0|1
004239|box_n4_H18|b002203|5,11,14,18|5|14|18|12|3|14|4|22|12|24|14|36,30,6,0|24|12|44,36,6,0|28|14|5|2,5,5,2|4|37|4|0|1
004240|box_n4_H18|b002204|5,11,15,16|5|15|16|10|3|10|4|20|10|8|10|36,30,4,0|20|10|36,30,4,0|20|10|3|3,3,3,3|3|68|3|0|1
004241|box_n4_H18|b002205|5,11,15,17|5|15|17|14|3|14|4|28|14|22|14|36,26,4,0|28|14|40,32,6,0|28|14|5|4,5,5,4|3|67|3|0|1
004242|box_n4_H18|b002206|5,11,15,18|5|15|18|16|3|12|4|28|16|12|12|36,26,6,0|32|16|36,30,6,0|24|12|5|3,5,5,3|7|28|9|2|1
004243|box_n4_H18|b002207|5,11,16,17|5|16|17|10|11|12|4|16|10|28|12|40,32,2,0|20|10|42,32,2,0|24|12|5|4,5,5,4|2|5|2|0|1
004244|box_n4_H18|b002208|5,11,16,18|5|16|18|10|11|12|4|12|10|32|12|40,34,4,0|20|10|44,32,0,0|24|12|5|4,5,5,4|5|40|6|1|1
004245|box_n4_H18|b002209|5,11,17,18|5|17|18|16|6|14|4|24|16|24|14|42,34,8,0|32|16|44,36,6,0|28|14|5|5,3,3,5|3|80|3|0|1
004246|box_n4_H18|b002210|5,12,13,14|5|13|14|10|3|14|3|20|10|26|14|32,26,4,0|20|10|34,24,4,0|28|14|5|3,5,5,3|2|3|2|0|1
004247|box_n4_H18|b002211|5,12,13,15|5|13|15|10|3|16|3|12|10|28|16|32,30,8,0|20|10|36,26,6,0|32|16|3|3,3,3,3|3|6|3|0|1
004248|box_n4_H18|b002212|5,12,13,16|5|13|16|14|3|14|4|24|14|28|14|32,24,6,0|28|14|40,32,6,0|28|14|6|2,6,6,2|2|4|2|0|1
004249|box_n4_H18|b002213|5,12,13,17|5|13|17|8|3|12|4|16|8|20|12|32,28,4,0|16|8|42,32,2,0|24|12|5|5,2,2,5|3|517|3|0|1
004250|box_n4_H18|b002214|5,12,13,18|5|13|18|10|8|16|4|16|10|28|16|32,28,6,0|20|10|44,34,6,0|32|16|6|6,1,1,6|2|1|2|0|1
004251|box_n4_H18|b002215|5,12,14,15|5|14|15|12|3|14|3|20|12|28|14|36,30,6,0|24|12|36,26,4,0|28|14|5|3,5,5,3|3|6|3|0|1
004252|box_n4_H18|b002216|5,12,14,16|5|14|16|12|3|14|4|20|12|24|14|36,30,6,0|24|12|40,34,8,0|28|14|4|2,4,4,2|8|280|8|0|1
004253|box_n4_H18|b002217|5,12,14,17|5|14|17|12|3|14|4|26|12|24|14|34,24,2,0|24|12|42,30,2,0|28|14|6|5,6,6,5|2|4|2|0|1
004254|box_n4_H18|b002218|5,12,14,18|5|14|18|14|3|18|4|28|14|36|18|36,26,4,0|28|14|44,30,4,0|36|18|8|4,8,8,4|8|315|8|0|1
004255|box_n4_H18|b002219|5,12,15,16|5|15|16|16|3|16|4|28|16|24|16|36,26,6,0|32|16|36,28,8,0|32|16|6|3,6,6,3|3|4|3|0|1
004256|box_n4_H18|b002220|5,12,15,17|5|15|17|12|3|12|4|24|12|14|12|36,28,4,0|24|12|40,32,4,0|24|12|5|5,3,3,5|3|67|3|0|1
004257|box_n4_H18|b002221|5,12,15,18|5|15|18|12|3|12|4|20|12|16|12|36,30,6,0|24|12|36,28,4,0|24|12|5|2,5,5,2|7|123|9|2|1
004258|box_n4_H18|b002222|5,12,16,17|5|16|17|10|8|14|4|20|10|20|14|40,36,6,0|20|10|42,32,4,0|28|14|4|3,4,4,3|2|8|2|0|1
004259|box_n4_H18|b002223|5,12,16,18|5|16|18|14|8|20|4|24|14|40|20|40,34,8,0|28|14|44,28,4,0|40|20|7|4,7,7,4|8|360|8|0|1
004260|box_n4_H18|b002224|5,12,17,18|5|17|18|10|11|14|4|12|10|36|14|42,36,4,0|20|10|44,30,0,0|28|14|6|6,4,4,6|3|80|3|0|1
004261|box_n4_H18|b002225|5,13,14,15|5|14|15|10|3|14|3|14|10|28|14|36,34,8,0|20|10|36,26,4,0|28|14|4|2,4,4,2|3|11|3|0|1
004262|box_n4_H18|b002226|5,13,14,16|5|14|16|12|3|12|4|26|12|20|12|36,28,4,0|24|12|40,34,6,0|24|12|4|3,4,4,3|4|72|6|2|1
004263|box_n4_H18|b002227|5,13,14,17|5|14|17|14|3|18|4|24|14|32|18|34,26,6,0|28|14|42,30,6,0|36|18|5|5,5,5,5|2|1|2|0|1
004264|box_n4_H18|b002228|5,13,14,18|5|14|18|10|3|12|4|22|10|16|12|36,30,4,0|20|10|44,36,4,0|24|12|5|2,5,5,2|4|175|6|2|1
004265|box_n4_H18|b002229|5,13,15,16|5|15|16|14|3|12|4|28|14|16|12|36,26,4,0|28|14|36,30,6,0|24|12|4|4,4,4,4|3|7|3|0|1
004266|box_n4_H18|b002230|5,13,15,17|5|15|17|12|3|14|4|20|12|22|14|36,30,6,0|24|12|40,32,6,0|28|14|4|3,4,4,3|3|67|3|0|1
004267|box_n4_H18|b002231|5,13,15,18|5|15|18|12|3|10|4|24|12|4|10|36,28,4,0|24|12|36,30,4,0|20|10|4|4,3,3,4|6|124|9|3|1
004268|box_n4_H18|b002232|5,13,16,17|5|16|17|14|8|16|4|24|14|28|16|40,32,6,0|28|14|42,32,6,0|32|16|5|5,4,4,5|3|85|3|0|1
004269|box_n4_H18|b002233|5,13,16,18|5|16|18|10|8|14|4|20|10|24|14|40,34,4,0|20|10|44,32,2,0|28|14|5|5,4,4,5|4|40|6|2|1
004270|box_n4_H18|b002234|5,13,17,18|5|17|18|10|8|12|4|20|10|20|12|42,36,4,0|20|10|44,34,2,0|24|12|5|5,3,3,5|2|12|2|0|1
004271|box_n4_H18|b002235|5,14,15,16|5|15|16|12|3|12|4|20|12|16|12|36,30,6,0|24|12|36,30,6,0|24|12|4|2,4,4,2|3|8|3|0|1
004272|box_n4_H18|b002236|5,14,15,17|5|15|17|14|3|16|4|24|14|26|16|36,28,6,0|28|14|40,32,8,0|32|16|5|3,5,5,3|3|9|3|0|1
004273|box_n4_H18|b002237|5,14,15,18|5|15|18|14|3|12|4|28|14|12|12|36,26,4,0|28|14|36,30,6,0|24|12|5|3,5,5,3|7|46|9|2|1
004274|box_n4_H18|b002238|5,14,16,17|5|16|17|12|7|16|4|20|12|32|16|40,34,6,0|24|12|42,32,6,0|32|16|4|4,4,4,4|2|6|2|0|1
004275|box_n4_H18|b002239|5,14,16,18|5|16|18|12|7|16|4|20|12|32|16|40,34,6,0|24|12|44,32,4,0|32|16|7|2,7,7,2|8|360|8|0|1
004276|box_n4_H18|b002240|5,14,17,18|5|17|18|14|8|16|4|28|14|28|16|42,34,6,0|28|14|44,34,6,0|32|16|5|4,5,5,4|3|10|3|0|1
004277|box_n4_H18|b002241|5,15,16,17|5|16|17|10|7|14|4|8|10|22|14|40,40,10,0|20|10|42,36,8,0|28|14|2|2,1,1,2|3|160|3|0|1
004278|box_n4_H18|b002242|5,15,16,18|5|16|18|12|7|14|4|16|12|16|14|40,36,8,0|24|12|44,38,8,0|28|14|3|2,3,3,2|8|360|8|0|1
004279|box_n4_H18|b002243|5,15,17,18|5|17|18|14|7|12|4|22|14|12|12|42,36,8,0|28|14|44,40,8,0|24|12|3|2,3,3,2|3|10|3|0|1
004280|box_n4_H18|b002244|5,16,17,18|5|17|18|12|7|16|4|16|12|28|16|42,38,8,0|24|12|44,36,8,0|32|16|4|2,4,4,2|3|347|3|0|1
004281|box_n4_H18|b002245|6,7,8,9|5|8|9|8|2|12|2|12|8|24|12|20,16,4,0|16|8|22,14,4,0|24|12|5|1,5,5,1|4|0|4|0|0
004282|box_n4_H18|b002246|6,7,8,10|5|8|10|6|2|10|2|12|6|20|10|24,22,4,0|12|6|24,16,2,0|20|10|4|1,4,4,1|4|22|6|2|1
004283|box_n4_H18|b002247|6,7,8,11|5|8|11|8|2|12|2|12|8|28|12|20,16,4,0|16|8|28,20,4,0|24|12|5|1,5,5,1|4|0|4|0|1
004284|box_n4_H18|b002248|6,7,8,12|5|8|12|10|2|16|2|20|10|38|16|24,18,4,0|20|10|32,18,2,0|32|16|7|3,7,7,3|14|30|16|2|1
004285|box_n4_H18|b002249|6,7,8,13|5|8|13|8|2|12|3|16|8|24|12|20,14,2,0|16|8|32,22,2,0|24|12|4|4,4,4,4|4|0|4|0|1
004286|box_n4_H18|b002250|6,7,8,14|5|8|14|8|2|14|3|16|8|34|14|20,14,2,0|16|8|36,24,2,0|28|14|6|3,6,6,3|8|140|8|0|1
004287|box_n4_H18|b002251|6,7,8,15|5|8|15|6|2|10|3|8|6|16|10|20,18,4,0|12|6|36,32,6,0|20|10|3|3,0,0,3|2|23|2|0|1
004288|box_n4_H18|b002252|6,7,8,16|5|8|16|12|2|20|3|32|12|48|20|32,24,4,0|24|12|48,34,6,0|40|20|7|4,7,7,4|20|20|32|12|1
004289|box_n4_H18|b002253|6,7,8,17|5|8|17|8|3|20|3|12|8|42|20|20,16,4,0|16|8|42,28,6,0|40|20|6|3,6,6,3|4|0|4|0|1
004290|box_n4_H18|b002254|6,7,8,18|5|8|18|8|3|20|3|12|8|44|20|20,16,4,0|16|8|44,28,4,0|40|20|6|4,6,6,4|8|180|8|0|1
004291|box_n4_H18|b002255|6,7,9,10|5|9|10|10|2|8|2|22|10|12|8|24,18,4,0|20|10|24,20,4,0|16|8|3|3,2,2,3|3|51|3|0|1
004292|box_n4_H18|b002256|6,7,9,11|5|9|11|10|2|14|2|16|10|28|14|22,18,6,0|20|10|28,20,6,0|28|14|3|3,3,3,3|4|0|4|0|1
004293|box_n4_H18|b002257|6,7,9,12|5|9|12|12|2|16|2|26|12|36|16|24,16,4,0|24|12|30,16,2,0|32|16|10|1,10,10,1|12|60|12|0|1
004294|box_n4_H18|b002258|6,7,9,13|5|9|13|6|2|12|3|16|6|20|12|22,18,2,0|12|6|32,24,4,0|24|12|4|2,4,4,2|4|0|4|0|1
004295|box_n4_H18|b002259|6,7,9,14|5|9|14|14|2|16|3|28|14|36|16|22,12,4,0|28|14|34,20,2,0|32|16|7|5,7,7,5|4|0|4|0|1
004296|box_n4_H18|b002260|6,7,9,15|5|9|15|8|2|12|3|14|8|16|12|24,22,6,0|16|8|36,32,8,0|24|12|3|3,0,0,3|7|22|9|2|1
004297|box_n4_H18|b002261|6,7,9,16|5|9|16|10|2|14|3|20|10|24|14|22,16,4,0|20|10|40,34,8,0|28|14|5|5,1,1,5|4|0|4|0|1
004298|box_n4_H18|b002262|6,7,9,17|5|9|17|10|2|18|3|16|10|30|18|22,18,6,0|20|10|42,34,10,0|36|18|4|2,4,4,2|4|0|4|0|1
004299|box_n4_H18|b002263|6,7,9,18|5|9|18|16|2|24|3|42|16|54|24|36,26,6,0|32|16|54,38,8,0|48|24|8|5,8,8,5|28|20|36|8|1
004300|box_n4_H18|b002264|6,7,10,11|5|10|11|8|2|10|2|8|8|20|10|24,22,6,0|16|8|24,18,4,0|20|10|3|1,3,3,1|3|42|3|0|1
004301|box_n4_H18|b002265|6,7,10,12|5|10|12|10|2|12|2|16|10|22|12|24,18,4,0|20|10|24,14,2,0|24|12|6|2,6,6,2|6|98|6|0|1
004302|box_n4_H18|b002266|6,7,10,13|5|10|13|4|2|8|3|8|4|12|8|24,22,2,0|8|4|32,28,4,0|16|8|3|0,3,3,0|3|204|3|0|1
004303|box_n4_H18|b002267|6,7,10,14|5|10|14|8|2|14|3|12|8|30|14|24,20,4,0|16|8|32,20,2,0|28|14|6|2,6,6,2|6|22|6|0|1
004304|box_n4_H18|b002268|6,7,10,15|5|10|15|10|2|14|3|22|10|28|14|30,24,4,0|20|10|40,32,6,0|28|14|4|4,3,3,4|10|60|20|10|1
004305|box_n4_H18|b002269|6,7,10,16|5|10|16|8|2|12|3|8|8|20|12|24,22,6,0|16|8|40,36,8,0|24|12|3|3,0,0,3|5|151|6|1|1
004306|box_n4_H18|b002270|6,7,10,17|5|10|17|8|2|14|3|8|8|24|14|24,22,6,0|16|8|40,34,8,0|28|14|6|6,-2,-2,6|3|43|3|0|1
004307|box_n4_H18|b002271|6,7,10,18|5|10|18|8|2|20|3|12|8|44|20|24,20,4,0|16|8|48,34,6,0|40|20|6|3,6,6,3|6|48|6|0|1
004308|box_n4_H18|b002272|6,7,11,12|5|11|12|14|2|16|2|28|14|36|16|28,20,6,0|28|14|30,16,2,0|32|16|7|4,7,7,4|4|0|4|0|1
004309|box_n4_H18|b002273|6,7,11,13|5|11|13|12|2|12|3|32|12|24|12|28,18,2,0|24|12|32,22,2,0|24|12|5|5,5,5,5|4|0|4|0|1
004310|box_n4_H18|b002274|6,7,11,14|5|11|14|16|2|16|3|32|16|36|16|28,18,6,0|32|16|34,20,2,0|32|16|8|4,8,8,4|4|0|4|0|1
004311|box_n4_H18|b002275|6,7,11,15|5|11|15|10|2|14|3|16|10|20|14|24,20,6,0|20|10|36,30,8,0|28|14|3|3,2,2,3|3|63|3|0|1
004312|box_n4_H18|b002276|6,7,11,16|5|11|16|12|2|18|3|24|12|32|18|28,22,6,0|24|12|40,30,8,0|36|18|4|4,4,4,4|4|0|4|0|1
004313|box_n4_H18|b002277|6,7,11,17|5|11|17|14|2|18|3|24|14|34|18|28,22,8,0|28|14|42,32,8,0|36|18|6|6,2,2,6|4|0|4|0|1
004314|box_n4_H18|b002278|6,7,11,18|5|11|18|12|2|16|3|24|12|28|16|28,22,6,0|24|12|44,36,8,0|32|16|6|6,1,1,6|4|0|4|0|1
004315|box_n4_H18|b002279|6,7,12,13|5|12|13|12|2|14|3|28|12|28|14|30,20,2,0|24|12|32,20,2,0|28|14|7|4,7,7,4|4|0|4|0|1
004316|box_n4_H18|b002280|6,7,12,14|5|12|14|16|2|20|3|38|16|50|20|32,18,2,0|32|16|36,16,0,0|40|20|11|6,11,11,6|8|210|8|0|1
004317|box_n4_H18|b002281|6,7,12,15|5|12|15|14|2|14|3|34|14|24|14|36,26,4,0|28|14|36,28,6,0|28|14|7|2,7,7,2|8|22|9|1|1
004318|box_n4_H18|b002282|6,7,12,16|5|12|16|16|2|20|3|34|16|40|20|32,20,4,0|32|16|40,26,6,0|40|20|9|4,9,9,4|14|60|16|2|1
004319|box_n4_H18|b002283|6,7,12,17|5|12|17|14|2|20|3|28|14|42|20|30,20,4,0|28|14|42,28,6,0|40|20|8|4,8,8,4|4|0|4|0|1
004320|box_n4_H18|b002284|6,7,12,18|5|12|18|16|2|22|3|38|16|48|22|36,24,4,0|32|16|48,32,6,0|44|22|9|9,5,5,9|24|60|24|0|1
004321|box_n4_H18|b002285|6,7,13,14|5|13|14|12|3|14|3|20|12|36|14|32,24,4,0|24|12|34,20,0,0|28|14|8|3,8,8,3|4|0|4|0|1
004322|box_n4_H18|b002286|6,7,13,15|5|13|15|12|3|12|3|20|12|28|12|32,24,4,0|24|12|36,26,2,0|24|12|5|5,4,4,5|3|233|3|0|1
004323|box_n4_H18|b002287|6,7,13,16|5|13|16|12|3|14|3|16|12|32|14|32,26,6,0|24|12|40,30,4,0|28|14|6|2,6,6,2|4|0|4|0|1
004324|box_n4_H18|b002288|6,7,13,17|5|13|17|12|3|16|3|20|12|42|16|32,24,4,0|24|12|42,28,2,0|32|16|6|6,5,5,6|4|0|4|0|1
004325|box_n4_H18|b002289|6,7,13,18|5|13|18|10|6|16|3|16|10|40|16|32,26,4,0|20|10|44,30,2,0|32|16|6|6,4,4,6|4|0|4|0|1
004326|box_n4_H18|b002290|6,7,14,15|5|14|15|16|3|16|3|34|16|28|16|36,24,4,0|32|16|36,26,6,0|32|16|7|4,7,7,4|3|62|3|0|1
004327|box_n4_H18|b002291|6,7,14,16|5|14|16|14|3|20|3|30|14|44|20|36,26,4,0|28|14|40,24,4,0|40|20|7|6,7,7,6|8|280|8|0|1
004328|box_n4_H18|b002292|6,7,14,17|5|14|17|18|3|20|3|36|18|42|20|34,20,4,0|36|18|42,28,6,0|40|20|10|4,10,10,4|4|0|4|0|1
004329|box_n4_H18|b002293|6,7,14,18|5|14|18|18|3|22|3|42|18|48|22|36,20,2,0|36|18|44,26,4,0|44|22|10|7,10,10,7|8|315|8|0|1
004330|box_n4_H18|b002294|6,7,15,16|5|15|16|12|3|14|3|16|12|24|14|36,32,8,0|24|12|36,28,6,0|28|14|3|3,3,3,3|3|67|3|0|1
004331|box_n4_H18|b002295|6,7,15,17|5|15|17|14|3|16|3|16|14|28|16|36,32,10,0|28|14|40,32,8,0|32|16|4|4,2,2,4|3|62|3|0|1
004332|box_n4_H18|b002296|6,7,15,18|5|15|18|12|3|16|3|16|12|24|16|36,32,8,0|24|12|36,26,6,0|32|16|4|3,4,4,3|8|27|9|1|1
004333|box_n4_H18|b002297|6,7,16,17|5|16|17|16|3|22|3|24|16|42|22|40,34,10,0|32|16|42,28,8,0|44|22|5|5,5,5,5|4|0|4|0|1
004334|box_n4_H18|b002298|6,7,16,18|5|16|18|16|3|20|3|28|16|40|20|40,32,8,0|32|16|44,30,6,0|40|20|6|5,6,6,5|8|360|8|0|1
004335|box_n4_H18|b002299|6,7,17,18|5|17|18|18|3|22|3|30|18|40|22|42,34,10,0|36|18|44,30,8,0|44|22|6|6,5,5,6|4|0|4|0|1
004336|box_n4_H18|b002300|6,8,9,10|5|9|10|8|2|10|2|18|8|16|10|24,20,4,0|16|8|24,20,6,0|20|10|2|2,2,2,2|3|6|3|0|1
004337|box_n4_H18|b002301|6,8,9,11|5|9|11|10|2|14|2|20|10|28|14|22,16,4,0|20|10|28,18,4,0|28|14|4|4,4,4,4|4|0|4|0|1
004338|box_n4_H18|b002302|6,8,9,12|5|9|12|12|2|16|2|26|12|38|16|24,16,4,0|24|12|30,16,2,0|32|16|10|1,10,10,1|12|60|12|0|1
004339|box_n4_H18|b002303|6,8,9,13|5|9|13|10|2|14|3|16|10|28|14|22,18,6,0|20|10|32,24,6,0|28|14|5|1,5,5,1|4|0|4|0|1
004340|box_n4_H18|b002304|6,8,9,14|5|9|14|10|2|14|3|24|10|26|14|22,14,2,0|20|10|34,22,2,0|28|14|6|6,4,4,6|4|0|4|0|1
004341|box_n4_H18|b002305|6,8,9,15|5|9|15|8|2|12|3|14|8|16|12|24,22,6,0|16|8|36,32,8,0|24|12|2|2,1,1,2|7|97|9|2|1
004342|box_n4_H18|b002306|6,8,9,16|5|9|16|14|2|20|3|28|14|44|20|22,12,4,0|28|14|40,26,6,0|40|20|9|3,9,9,3|4|0|4|0|1
004343|box_n4_H18|b002307|6,8,9,17|5|9|17|8|2|14|3|16|8|22|14|22,18,4,0|16|8|42,38,10,0|28|14|3|3,1,1,3|4|0|4|0|1
004344|box_n4_H18|b002308|6,8,9,18|5|9|18|16|2|24|3|42|16|54|24|36,26,6,0|32|16|54,40,10,0|48|24|7|5,7,7,5|28|40|36|8|1
004345|box_n4_H18|b002309|6,8,10,11|5|10|11|8|2|8|2|12|8|16|8|24,22,6,0|16|8|24,18,2,0|16|8|2|2,2,2,2|3|9|3|0|1
004346|box_n4_H18|b002310|6,8,10,13|5|10|13|10|2|10|3|16|10|20|10|24,20,6,0|20|10|32,28,6,0|20|10|4|0,4,4,0|3|46|3|0|1
004347|box_n4_H18|b002311|6,8,10,15|5|10|15|12|2|14|3|26|12|28|14|30,24,6,0|24|12|40,32,6,0|28|14|4|4,3,3,4|11|12|15|4|1
004348|box_n4_H18|b002312|6,8,10,17|5|10|17|10|2|16|3|20|10|32|16|24,18,4,0|20|10|40,30,6,0|32|16|6|6,2,2,6|3|47|3|0|1
004349|box_n4_H18|b002313|6,8,11,12|5|11|12|14|2|16|2|28|14|38|16|28,18,4,0|28|14|30,16,2,0|32|16|8|4,8,8,4|4|0|4|0|1
004350|box_n4_H18|b002314|6,8,11,13|5|11|13|14|2|16|3|28|14|32|16|28,18,4,0|28|14|32,22,6,0|32|16|6|4,6,6,4|4|0|4|0|1
004351|box_n4_H18|b002315|6,8,11,14|5|11|14|8|2|12|3|20|8|22|12|28,22,2,0|16|8|34,24,2,0|24|12|5|3,5,5,3|4|0|4|0|1
004352|box_n4_H18|b002316|6,8,11,15|5|11|15|10|2|12|3|16|10|20|12|24,18,4,0|20|10|36,30,6,0|24|12|4|2,4,4,2|3|73|3|0|1
004353|box_n4_H18|b002317|6,8,11,16|5|11|16|12|2|18|3|24|12|44|18|28,20,4,0|24|12|40,26,4,0|36|18|8|3,8,8,3|4|0|4|0|1
004354|box_n4_H18|b002318|6,8,11,17|5|11|17|12|2|18|3|20|12|34|18|28,22,6,0|24|12|42,32,8,0|36|18|6|6,2,2,6|4|0|4|0|1
004355|box_n4_H18|b002319|6,8,11,18|5|11|18|12|2|20|3|24|12|40|20|28,20,4,0|24|12|44,32,8,0|40|20|6|6,4,4,6|4|0|4|0|1
004356|box_n4_H18|b002320|6,8,12,13|5|12|13|14|2|16|3|30|14|32|16|30,20,4,0|28|14|32,22,6,0|32|16|6|4,6,6,4|4|0|4|0|1
004357|box_n4_H18|b002321|6,8,12,15|5|12|15|16|2|14|3|40|16|24|14|36,24,4,0|32|16|36,28,6,0|28|14|8|2,8,8,2|8|22|9|1|1
004358|box_n4_H18|b002322|6,8,12,17|5|12|17|14|2|20|3|30|14|38|20|30,20,4,0|28|14|42,30,8,0|40|20|7|4,7,7,4|4|0|4|0|1
004359|box_n4_H18|b002323|6,8,13,14|5|13|14|10|3|14|3|24|10|26|14|32,26,4,0|20|10|34,22,2,0|28|14|5|4,5,5,4|4|0|4|0|1
004360|box_n4_H18|b002324|6,8,13,15|5|13|15|14|3|16|3|28|14|28|16|32,24,6,0|28|14|36,26,6,0|32|16|6|6,3,3,6|3|66|3|0|1
004361|box_n4_H18|b002325|6,8,13,16|5|13|16|16|3|20|3|28|16|44|20|32,24,8,0|32|16|40,26,6,0|40|20|10|1,10,10,1|4|0|4|0|1
004362|box_n4_H18|b002326|6,8,13,17|5|13|17|16|3|18|3|32|16|34|18|32,22,6,0|32|16|42,32,8,0|36|18|6|4,6,6,4|4|0|4|0|1
004363|box_n4_H18|b002327|6,8,13,18|5|13|18|12|6|20|3|20|12|40|20|32,28,8,0|24|12|44,32,8,0|40|20|5|5,3,3,5|4|0|4|0|1
004364|box_n4_H18|b002328|6,8,14,15|5|14|15|12|3|10|3|20|12|24|10|36,28,4,0|24|12|36,28,2,0|20|10|4|4,4,4,4|3|7|3|0|1
004365|box_n4_H18|b002329|6,8,14,17|5|14|17|14|3|14|3|22|14|34|14|34,24,4,0|28|14|42,32,4,0|28|14|7|3,7,7,3|4|0|4|0|1
004366|box_n4_H18|b002330|6,8,15,16|5|15|16|16|3|18|3|24|16|40|18|36,28,8,0|32|16|36,22,4,0|36|18|7|4,7,7,4|3|8|3|0|1
004367|box_n4_H18|b002331|6,8,15,17|5|15|17|16|3|18|3|28|16|32|18|36,26,6,0|32|16|40,30,8,0|36|18|6|4,6,6,4|3|62|3|0|1
004368|box_n4_H18|b002332|6,8,15,18|5|15|18|12|3|16|3|16|12|28|16|36,32,8,0|24|12|36,26,6,0|32|16|5|2,5,5,2|8|27|9|1|1
004369|box_n4_H18|b002333|6,8,16,17|5|16|17|20|3|22|3|44|20|46|22|40,26,6,0|40|20|42,26,6,0|44|22|9|6,9,9,6|4|0|4|0|1
004370|box_n4_H18|b002334|6,8,17,18|5|17|18|16|3|20|3|26|16|44|20|42,36,10,0|32|16|44,30,6,0|40|20|6|6,4,4,6|4|0|4|0|1
004371|box_n4_H18|b002335|6,9,10,11|5|10|11|6|2|8|2|4|6|12|8|24,24,6,0|12|6|24,20,4,0|16|8|2|0,2,2,0|3|47|3|0|1
004372|box_n4_H18|b002336|6,9,10,12|5|10|12|8|2|14|2|16|8|30|14|24,18,2,0|16|8|24,12,2,0|28|14|7|2,7,7,2|6|46|6|0|1
004373|box_n4_H18|b002337|6,9,10,13|5|10|13|10|2|12|3|16|10|20|12|24,18,4,0|20|10|32,26,6,0|24|12|3|3,3,3,3|3|41|3|0|1
004374|box_n4_H18|b002338|6,9,10,14|5|10|14|6|2|10|3|4|6|18|10|24,24,6,0|12|6|32,26,4,0|20|10|2|1,2,2,1|5|99|6|1|1
004375|box_n4_H18|b002339|6,9,10,15|5|10|15|10|2|12|3|22|10|20|12|30,24,4,0|20|10|40,32,4,0|24|12|4|4,3,3,4|12|60|20|8|1
004376|box_n4_H18|b002340|6,9,10,16|5|10|16|8|2|10|3|12|8|16|10|24,20,4,0|16|8|40,36,6,0|20|10|4|4,0,0,4|5|22|6|1|1
004377|box_n4_H18|b002341|6,9,10,17|5|10|17|10|2|14|3|12|10|24|14|24,20,6,0|20|10|40,30,4,0|28|14|4|3,4,4,3|3|42|3|0|1
004378|box_n4_H18|b002342|6,9,10,18|5|10|18|8|2|24|3|12|8|58|24|24,20,4,0|16|8|48,28,4,0|48|24|10|2,10,10,2|6|78|6|0|1
004379|box_n4_H18|b002343|6,9,11,12|5|11|12|12|2|16|2|28|12|40|16|28,18,2,0|24|12|30,16,2,0|32|16|9|3,9,9,3|4|0|4|0|1
004380|box_n4_H18|b002344|6,9,11,13|5|11|13|14|2|14|3|24|14|28|14|28,20,6,0|28|14|32,22,4,0|28|14|5|4,5,5,4|4|0|4|0|1
004381|box_n4_H18|b002345|6,9,11,14|5|11|14|12|2|14|3|24|12|24|14|28,20,4,0|24|12|34,26,6,0|28|14|5|5,3,3,5|4|0|4|0|1
004382|box_n4_H18|b002346|6,9,11,15|5|11|15|8|2|12|3|16|8|20|12|24,18,2,0|16|8|36,26,2,0|24|12|4|4,4,4,4|3|62|3|0|1
004383|box_n4_H18|b002347|6,9,11,16|5|11|16|10|2|14|3|16|10|28|14|28,24,6,0|20|10|40,30,4,0|28|14|4|3,4,4,3|4|0|4|0|1
004384|box_n4_H18|b002348|6,9,11,17|5|11|17|12|2|14|3|24|12|22|14|28,20,4,0|24|12|42,34,6,0|28|14|6|6,2,2,6|4|0|4|0|1
004385|box_n4_H18|b002349|6,9,11,18|5|11|18|14|2|20|3|28|14|46|20|28,18,4,0|28|14|44,28,4,0|40|20|10|3,10,10,3|4|0|4|0|1
004386|box_n4_H18|b002350|6,9,12,13|5|12|13|16|2|14|3|36|16|32|14|30,18,4,0|32|16|32,20,2,0|28|14|8|4,8,8,4|4|0|4|0|1
004387|box_n4_H18|b002351|6,9,12,14|5|12|14|16|2|16|3|38|16|38|16|32,20,4,0|32|16|36,22,2,0|32|16|8|5,8,8,5|8|210|8|0|1
004388|box_n4_H18|b002352|6,9,12,16|5|12|16|16|2|16|3|38|16|36|16|32,20,4,0|32|16|40,26,2,0|32|16|9|4,9,9,4|12|36|12|0|1
004389|box_n4_H18|b002353|6,9,12,17|5|12|17|14|2|16|3|32|14|38|16|30,20,4,0|28|14|42,26,0,0|32|16|10|3,10,10,3|4|0|4|0|1
004390|box_n4_H18|b002354|6,9,13,14|5|13|14|10|3|14|3|16|10|28|14|32,28,6,0|20|10|34,24,4,0|28|14|4|3,4,4,3|4|0|4|0|1
004391|box_n4_H18|b002355|6,9,13,15|5|13|15|10|3|10|3|20|10|16|10|32,26,4,0|20|10|36,28,2,0|20|10|5|5,2,2,5|3|67|3|0|1
004392|box_n4_H18|b002356|6,9,13,16|5|13|16|12|3|16|3|20|12|28|16|32,26,6,0|24|12|40,30,6,0|32|16|5|3,5,5,3|4|0|4|0|1
004393|box_n4_H18|b002357|6,9,13,17|5|13|17|12|3|16|3|20|12|30|16|32,26,6,0|24|12|42,30,4,0|32|16|6|3,6,6,3|4|0|4|0|1
004394|box_n4_H18|b002358|6,9,13,18|5|13|18|14|13|22|3|28|14|54|22|32,22,4,0|28|14|44,24,2,0|44|22|9|6,9,9,6|4|0|4|0|1
004395|box_n4_H18|b002359|6,9,14,15|5|14|15|12|3|12|3|26|12|20|12|36,28,4,0|24|12|36,26,2,0|24|12|6|6,3,3,6|3|71|3|0|1
004396|box_n4_H18|b002360|6,9,14,16|5|14|16|14|3|18|3|26|14|36|18|36,28,6,0|28|14|40,26,4,0|36|18|7|7,4,4,7|8|280|8|0|1
004397|box_n4_H18|b002361|6,9,14,17|5|14|17|16|3|18|3|28|16|30|18|34,24,6,0|32|16|42,30,6,0|36|18|6|5,6,6,5|4|0|4|0|1
004398|box_n4_H18|b002362|6,9,14,18|5|14|18|16|3|24|3|34|16|58|24|36,24,4,0|32|16|44,22,2,0|48|24|10|7,10,10,7|8|315|8|0|1
004399|box_n4_H18|b002363|6,9,15,16|5|15|16|10|3|10|3|12|10|20|10|36,30,4,0|20|10|36,28,2,0|20|10|4|3,4,4,3|3|87|3|0|1
004400|box_n4_H18|b002364|6,9,15,17|5|15|17|12|3|12|3|16|12|24|12|36,28,4,0|24|12|40,30,2,0|24|12|5|5,4,4,5|3|72|3|0|1
004401|box_n4_H18|b002365|6,9,16,17|5|16|17|16|3|16|3|28|16|30|16|40,30,6,0|32|16|42,30,4,0|32|16|7|4,7,7,4|4|0|4|0|1
004402|box_n4_H18|b002366|6,9,16,18|5|16|18|16|3|24|3|32|16|58|24|40,28,4,0|32|16|44,22,2,0|48|24|11|6,11,11,6|8|360|8|0|1
004403|box_n4_H18|b002367|6,9,17,18|5|17|18|16|3|22|3|30|16|54|22|42,30,4,0|32|16|44,24,2,0|44|22|11|5,11,11,5|4|0|4|0|1
004404|box_n4_H18|b002368|6,10,11,12|5|11|12|8|2|12|2|12|8|26|12|28,24,4,0|16|8|30,22,4,0|24|12|5|1,5,5,1|3|110|3|0|1
004405|box_n4_H18|b002369|6,10,11,13|5|11|13|10|2|10|3|16|10|20|10|28,22,4,0|20|10|32,24,2,0|20|10|4|3,4,4,3|2|4|2|0|1
004406|box_n4_H18|b002370|6,10,11,14|5|11|14|10|2|10|3|16|10|18|10|28,22,4,0|20|10|34,28,4,0|20|10|4|2,4,4,2|3|61|3|0|1
004407|box_n4_H18|b002371|6,10,11,15|5|11|15|6|2|14|3|0|6|28|14|24,24,6,0|12|6|36,26,4,0|28|14|3|3,2,2,3|3|8|3|0|1
004408|box_n4_H18|b002372|6,10,11,16|5|11|16|4|2|10|3|8|4|16|10|28,26,2,0|8|4|40,32,2,0|20|10|4|1,4,4,1|3|65|3|0|1
004409|box_n4_H18|b002373|6,10,11,17|5|11|17|8|2|16|3|8|8|28|16|28,26,6,0|16|8|42,34,8,0|32|16|6|6,-1,-1,6|2|1|2|0|1
004410|box_n4_H18|b002374|6,10,11,18|5|11|18|10|2|18|3|16|10|40|18|28,22,4,0|20|10|44,30,4,0|36|18|5|5,5,5,5|3|165|3|0|1
004411|box_n4_H18|b002375|6,10,12,13|5|12|13|12|2|12|3|22|12|24|12|30,24,6,0|24|12|32,22,2,0|24|12|6|2,6,6,2|3|10|3|0|1
004412|box_n4_H18|b002376|6,10,12,15|5|12|15|12|2|16|3|24|12|32|16|36,32,8,0|24|12|36,24,4,0|32|16|7|1,7,7,1|8|22|9|1|1
004413|box_n4_H18|b002377|6,10,12,17|5|12|17|12|2|18|3|22|12|36|18|30,24,6,0|24|12|42,30,6,0|36|18|9|0,9,9,0|3|2|3|0|1
004414|box_n4_H18|b002378|6,10,13,14|5|13|14|10|3|12|3|16|10|22|12|32,26,4,0|20|10|34,26,4,0|24|12|4|4,3,3,4|3|140|3|0|1
004415|box_n4_H18|b002379|6,10,13,15|5|13|15|10|3|14|3|12|10|28|14|32,28,6,0|20|10|36,26,4,0|28|14|5|5,2,2,5|3|9|3|0|1
004416|box_n4_H18|b002380|6,10,13,16|5|13|16|4|3|10|3|8|4|16|10|32,30,2,0|8|4|40,32,2,0|20|10|4|1,4,4,1|2|74|2|0|1
004417|box_n4_H18|b002381|6,10,13,17|5|13|17|12|3|16|3|20|12|32|16|32,24,4,0|24|12|42,32,6,0|32|16|6|3,6,6,3|3|5|3|0|1
004418|box_n4_H18|b002382|6,10,13,18|5|13|18|10|8|18|3|16|10|40|18|32,26,4,0|20|10|44,30,4,0|36|18|6|4,6,6,4|3|3|3|0|1
004419|box_n4_H18|b002383|6,10,14,15|5|14|15|10|3|14|3|12|10|28|14|36,34,8,0|20|10|36,26,4,0|28|14|4|4,2,2,4|3|11|3|0|1
004420|box_n4_H18|b002384|6,10,14,17|5|14|17|12|3|16|3|18|12|28|16|34,28,6,0|24|12|42,34,8,0|32|16|6|1,6,6,1|3|182|3|0|1
004421|box_n4_H18|b002385|6,10,15,16|5|15|16|10|3|12|3|24|10|16|12|36,28,2,0|20|10|36,26,2,0|24|12|5|5,4,4,5|3|66|3|0|1
004422|box_n4_H18|b002386|6,10,15,17|5|15|17|16|3|16|3|28|16|26|16|36,26,6,0|32|16|40,32,8,0|32|16|5|5,4,4,5|3|11|3|0|1
004423|box_n4_H18|b002387|6,10,15,18|5|15|18|12|3|16|3|20|12|28|16|36,30,6,0|24|12|36,24,4,0|32|16|6|3,6,6,3|8|27|9|1|1
004424|box_n4_H18|b002388|6,10,16,17|5|16|17|12|3|12|3|16|12|32|12|40,32,4,0|24|12|42,32,2,0|24|12|5|5,4,4,5|2|10|2|0|1
004425|box_n4_H18|b002389|6,10,17,18|5|17|18|16|3|20|3|24|16|40|20|42,36,10,0|32|16|44,30,6,0|40|20|5|5,5,5,5|3|15|3|0|1
004426|box_n4_H18|b002390|6,11,12,13|5|12|13|14|2|14|3|28|14|28|14|30,22,6,0|28|14|32,22,4,0|28|14|6|3,6,6,3|4|0|4|0|1
004427|box_n4_H18|b002391|6,11,12,14|5|12|14|16|2|18|3|38|16|38|18|32,20,4,0|32|16|36,22,4,0|36|18|8|5,8,8,5|8|210|8|0|1
004428|box_n4_H18|b002392|6,11,12,15|5|12|15|16|2|14|3|38|16|28|14|36,26,6,0|32|16|36,26,4,0|28|14|8|2,8,8,2|8|46|9|1|1
004429|box_n4_H18|b002393|6,11,12,16|5|12|16|14|2|18|3|34|14|36|18|32,22,4,0|28|14|40,26,4,0|36|18|8|4,8,8,4|12|36|12|0|1
004430|box_n4_H18|b002394|6,11,12,17|5|12|17|14|2|18|3|36|14|34|18|30,18,2,0|28|14|42,28,4,0|36|18|10|3,10,10,3|4|0|4|0|1
004431|box_n4_H18|b002395|6,11,12,18|5|12|18|16|2|22|3|38|16|48|22|36,26,6,0|32|16|48,30,4,0|44|22|8|8,6,6,8|24|60|24|0|1
004432|box_n4_H18|b002396|6,11,13,14|5|13|14|10|3|14|3|16|10|28|14|32,28,6,0|20|10|34,24,4,0|28|14|4|4,3,3,4|4|0|4|0|1
004433|box_n4_H18|b002397|6,11,13,15|5|13|15|12|3|14|3|16|12|20|14|32,28,8,0|24|12|36,30,8,0|28|14|4|4,1,1,4|3|63|3|0|1
004434|box_n4_H18|b002398|6,11,13,16|5|13|16|12|3|16|3|20|12|28|16|32,26,6,0|24|12|40,30,6,0|32|16|5|3,5,5,3|4|0|4|0|1
004435|box_n4_H18|b002399|6,11,13,17|5|13|17|10|3|18|3|24|10|34|18|32,24,2,0|20|10|42,28,4,0|36|18|7|4,7,7,4|4|0|4|0|1
004436|box_n4_H18|b002400|6,11,13,18|5|13|18|14|8|20|3|24|14|36|20|32,24,6,0|28|14|44,30,6,0|40|20|6|6,5,5,6|4|0|4|0|1
004437|box_n4_H18|b002401|6,11,14,15|5|14|15|14|3|14|3|26|14|28|14|36,28,6,0|28|14|36,26,4,0|28|14|6|6,3,3,6|3|69|3|0|1
004438|box_n4_H18|b002402|6,11,14,16|5|14|16|12|3|18|3|22|12|40|18|36,30,6,0|24|12|40,24,2,0|36|18|8|8,3,3,8|8|280|8|0|1
004439|box_n4_H18|b002403|6,11,14,17|5|14|17|8|3|12|3|20|8|22|12|34,28,2,0|16|8|42,34,4,0|24|12|6|1,6,6,1|4|0|4|0|1
004440|box_n4_H18|b002404|6,11,14,18|5|14|18|14|3|18|3|26|14|36|18|36,28,6,0|28|14|44,30,4,0|36|18|6|6,5,5,6|8|315|8|0|1
004441|box_n4_H18|b002405|6,11,15,16|5|15|16|10|3|14|3|12|10|20|14|36,34,8,0|20|10|36,28,6,0|28|14|3|3,2,2,3|3|61|3|0|1
004442|box_n4_H18|b002406|6,11,15,17|5|15|17|10|3|12|3|24|10|20|12|36,28,2,0|20|10|40,32,4,0|24|12|4|4,4,4,4|3|62|3|0|1
004443|box_n4_H18|b002407|6,11,15,18|5|15|18|12|3|14|3|16|12|20|14|36,32,8,0|24|12|36,26,4,0|28|14|6|1,6,6,1|8|27|9|1|1
004444|box_n4_H18|b002408|6,11,16,17|5|16|17|12|3|16|3|28|12|34|16|40,30,2,0|24|12|42,28,2,0|32|16|7|5,7,7,5|4|0|4|0|1
004445|box_n4_H18|b002409|6,11,16,18|5|16|18|14|3|18|3|24|14|40|18|40,32,6,0|28|14|44,28,2,0|36|18|6|6,6,6,6|8|360|8|0|1
004446|box_n4_H18|b002410|6,11,17,18|5|17|18|14|3|14|3|22|14|32|14|42,34,6,0|28|14|44,32,2,0|28|14|6|6,4,4,6|4|0|4|0|1
004447|box_n4_H18|b002411|6,12,13,14|5|13|14|12|3|18|3|20|12|38|18|32,28,8,0|24|12|34,24,8,0|36|18|5|2,5,5,2|4|0|4|0|1
004448|box_n4_H18|b002412|6,12,13,15|5|13|15|12|3|14|3|24|12|28|14|32,26,6,0|24|12|36,28,6,0|28|14|5|5,2,2,5|3|9|3|0|1
004449|box_n4_H18|b002413|6,12,13,16|5|13|16|14|3|18|3|28|14|36|18|32,24,6,0|28|14|40,30,8,0|36|18|8|1,8,8,1|4|0|4|0|1
004450|box_n4_H18|b002414|6,12,13,17|5|13|17|14|3|20|3|24|14|46|20|32,26,8,0|28|14|42,28,6,0|40|20|6|6,4,4,6|4|0|4|0|1
004451|box_n4_H18|b002415|6,12,13,18|5|13|18|10|8|24|3|28|10|56|24|32,24,2,0|20|10|44,26,6,0|48|24|7|7,6,6,7|4|0|4|0|1
004452|box_n4_H18|b002416|6,12,14,15|5|14|15|16|3|14|3|36|16|28|14|36,28,8,0|32|16|36,28,6,0|28|14|4|4,4,4,4|3|7|3|0|1
004453|box_n4_H18|b002417|6,12,14,17|5|14|17|18|3|20|3|38|18|42|20|34,24,8,0|36|18|42,30,8,0|40|20|8|3,8,8,3|4|0|4|0|1
004454|box_n4_H18|b002418|6,12,15,16|5|15|16|14|3|16|3|24|14|32|16|36,30,8,0|28|14|36,26,6,0|32|16|5|3,5,5,3|3|8|3|0|1
004455|box_n4_H18|b002419|6,12,15,17|5|15|17|14|3|16|3|24|14|32|16|36,30,8,0|28|14|40,32,8,0|32|16|5|5,2,2,5|3|11|3|0|1
004456|box_n4_H18|b002420|6,12,16,17|5|16|17|16|3|22|3|28|16|46|22|40,34,10,0|32|16|42,28,8,0|44|22|6|4,6,6,4|4|0|4|0|1
004457|box_n4_H18|b002421|6,12,17,18|5|17|18|12|3|24|3|30|12|56|24|42,36,6,0|24|12|44,26,6,0|48|24|7|7,5,5,7|4|0|4|0|1
004458|box_n4_H18|b002422|6,13,14,15|5|14|15|10|3|14|3|18|10|24|14|36,32,6,0|20|10|36,28,6,0|28|14|3|3,3,3,3|3|11|3|0|1
004459|box_n4_H18|b002423|6,13,14,16|5|14|16|12|3|16|3|22|12|32|16|36,30,6,0|24|12|40,28,4,0|32|16|5|5,4,4,5|8|280|8|0|1
004460|box_n4_H18|b002424|6,13,14,17|5|14|17|14|3|18|3|24|14|38|18|34,26,6,0|28|14|42,30,6,0|36|18|7|3,7,7,3|4|0|4|0|1
004461|box_n4_H18|b002425|6,13,14,18|5|14|18|14|3|18|3|26|14|40|18|36,28,6,0|28|14|44,30,4,0|36|18|6|6,5,5,6|8|315|8|0|1
004462|box_n4_H18|b002426|6,13,15,16|5|15|16|12|3|12|3|20|12|20|12|36,30,6,0|24|12|36,28,4,0|24|12|4|4,3,3,4|3|7|3|0|1
004463|box_n4_H18|b002427|6,13,15,17|5|15|17|14|3|16|3|16|14|28|16|36,32,10,0|28|14|40,32,8,0|32|16|3|3,3,3,3|3|62|3|0|1
004464|box_n4_H18|b002428|6,13,15,18|5|15|18|10|3|14|3|12|10|24|14|36,34,8,0|20|10|36,26,4,0|28|14|4|2,4,4,2|8|123|9|1|1
004465|box_n4_H18|b002429|6,13,16,17|5|16|17|16|3|20|3|28|16|42|20|40,30,6,0|32|16|42,28,6,0|40|20|6|6,6,6,6|4|0|4|0|1
004466|box_n4_H18|b002430|6,13,16,18|5|16|18|14|3|20|3|24|14|44|20|40,32,6,0|28|14|44,28,4,0|40|20|7|7,5,5,7|8|360|8|0|1
004467|box_n4_H18|b002431|6,13,17,18|5|17|18|16|3|22|3|26|16|40|22|42,36,10,0|32|16|44,30,8,0|44|22|6|6,4,4,6|4|0|4|0|1
004468|box_n4_H18|b002432|6,14,15,16|5|15|16|10|3|16|3|12|10|28|16|36,34,8,0|20|10|36,28,8,0|32|16|3|2,3,3,2|3|8|3|0|1
004469|box_n4_H18|b002433|6,14,15,17|5|15|17|12|3|14|3|20|12|24|14|36,30,6,0|24|12|40,32,6,0|28|14|4|3,4,4,3|3|67|3|0|1
004470|box_n4_H18|b002434|6,14,15,18|5|15|18|12|3|16|3|16|12|28|16|36,32,8,0|24|12|36,26,6,0|32|16|6|1,6,6,1|8|147|9|1|1
004471|box_n4_H18|b002435|6,14,16,17|5|16|17|16|3|18|3|32|16|38|18|40,32,8,0|32|16|42,28,4,0|36|18|6|5,6,6,5|4|0|4|0|1
004472|box_n4_H18|b002436|6,14,17,18|5|17|18|16|3|20|3|26|16|44|20|42,34,8,0|32|16|44,30,6,0|40|20|6|5,6,6,5|4|0|4|0|1
004473|box_n4_H18|b002437|6,15,16,17|5|16|17|10|3|16|3|12|10|28|16|40,38,8,0|20|10|42,32,6,0|32|16|3|3,3,3,3|2|8|2|0|1
004474|box_n4_H18|b002438|6,15,16,18|5|16|18|12|3|16|3|20|12|28|16|40,34,6,0|24|12|44,34,6,0|32|16|4|4,4,4,4|8|360|8|0|1
004475|box_n4_H18|b002439|6,15,17,18|5|17|18|12|3|14|3|20|12|24|14|42,36,6,0|24|12|44,36,6,0|28|14|4|3,4,4,3|3|15|3|0|1
004476|box_n4_H18|b002440|6,16,17,18|5|17|18|14|3|20|3|22|14|40|20|42,38,10,0|28|14|44,32,8,0|40|20|5|3,5,5,3|4|0|4|0|1
004477|box_n4_H18|b002441|7,8,9,10|5|9|10|8|2|8|2|12|8|16|8|24,22,6,0|16|8|24,20,4,0|16|8|2|1,2,2,1|3|93|3|0|1
004478|box_n4_H18|b002442|7,8,9,11|5|9|11|8|2|12|2|14|8|28|12|22,18,4,0|16|8|28,18,2,0|24|12|5|2,5,5,2|4|0|4|0|1
004479|box_n4_H18|b002443|7,8,9,12|5|9|12|10|2|14|2|16|10|32|14|24,20,6,0|20|10|30,20,4,0|28|14|5|2,5,5,2|12|60|12|0|1
004480|box_n4_H18|b002444|7,8,9,13|5|9|13|8|2|12|2|10|8|24|12|22,20,6,0|16|8|32,24,4,0|24|12|5|0,5,5,0|4|0|4|0|1
004481|box_n4_H18|b002445|7,8,9,14|5|9|14|12|2|18|2|22|12|44|18|22,14,4,0|24|12|34,18,2,0|36|18|8|4,8,8,4|4|0|4|0|1
004482|box_n4_H18|b002446|7,8,9,15|5|9|15|6|2|10|3|16|6|16|10|24,20,2,0|12|6|36,28,2,0|20|10|4|2,4,4,2|6|53|9|3|1
004483|box_n4_H18|b002447|7,8,9,16|5|9|16|10|2|16|3|18|10|36|16|22,16,4,0|20|10|40,28,4,0|32|16|5|4,5,5,4|4|0|4|0|1
004484|box_n4_H18|b002448|7,8,9,17|5|9|17|8|2|14|3|10|8|26|14|22,20,6,0|16|8|42,36,8,0|28|14|4|4,0,0,4|4|0|4|0|1
004485|box_n4_H18|b002449|7,8,9,18|5|9|18|14|2|20|3|36|14|46|20|36,28,6,0|28|14|54,42,8,0|40|20|6|4,6,6,4|20|30|36|16|1
004486|box_n4_H18|b002450|7,8,10,11|5|10|11|10|2|12|2|16|10|20|12|24,20,6,0|20|10|24,16,4,0|24|12|3|3,3,3,3|3|41|3|0|1
004487|box_n4_H18|b002451|7,8,10,12|5|10|12|8|2|10|2|12|8|18|10|24,22,6,0|16|8|24,18,4,0|20|10|4|0,4,4,0|5|27|6|1|1
004488|box_n4_H18|b002452|7,8,10,13|5|10|13|8|2|10|2|12|8|16|10|24,22,6,0|16|8|32,28,6,0|20|10|3|0,3,3,0|3|41|3|0|1
004489|box_n4_H18|b002453|7,8,10,14|5|10|14|10|2|16|2|16|10|34|16|24,20,6,0|20|10|32,20,4,0|32|16|8|0,8,8,0|6|76|6|0|1
004490|box_n4_H18|b002454|7,8,10,15|5|10|15|10|2|12|3|26|10|20|12|30,24,4,0|20|10|40,32,4,0|24|12|4|4,3,3,4|12|30|20|8|1
004491|box_n4_H18|b002455|7,8,10,16|5|10|16|10|2|20|3|20|10|44|20|24,18,4,0|20|10|40,24,4,0|40|20|8|3,8,8,3|6|71|6|0|1
004492|box_n4_H18|b002456|7,8,10,17|5|10|17|10|2|14|3|16|10|20|14|24,20,6,0|20|10|40,36,10,0|28|14|6|6,-2,-2,6|3|42|3|0|1
004493|box_n4_H18|b002457|7,8,10,18|5|10|18|10|2|16|3|16|10|28|16|24,20,6,0|20|10|48,42,10,0|32|16|5|5,0,0,5|6|154|6|0|1
004494|box_n4_H18|b002458|7,8,11,12|5|11|12|12|2|14|2|20|12|32|14|28,22,6,0|24|12|30,20,4,0|28|14|4|4,4,4,4|4|0|4|0|1
004495|box_n4_H18|b002459|7,8,11,13|5|11|13|12|2|16|2|24|12|32|16|28,20,4,0|24|12|32,20,4,0|32|16|6|4,6,6,4|4|0|4|0|1
004496|box_n4_H18|b002460|7,8,11,14|5|11|14|12|2|16|2|24|12|40|16|28,20,4,0|24|12|34,20,2,0|32|16|8|3,8,8,3|4|0|4|0|1
004497|box_n4_H18|b002461|7,8,11,15|5|11|15|4|2|8|3|8|4|8|8|24,22,2,0|8|4|36,32,4,0|16|8|3|0,3,3,0|2|18|2|0|1
004498|box_n4_H18|b002462|7,8,11,16|5|11|16|14|2|18|3|28|14|44|18|28,18,4,0|28|14|40,24,2,0|36|18|9|4,9,9,4|4|0|4|0|1
004499|box_n4_H18|b002463|7,8,11,17|5|11|17|12|2|20|3|24|12|42|20|28,20,4,0|24|12|42,28,6,0|40|20|6|5,6,6,5|4|0|4|0|1
004500|box_n4_H18|b002464|7,8,11,18|5|11|18|12|2|16|3|20|12|28|16|28,22,6,0|24|12|44,36,8,0|32|16|8|8,-1,-1,8|4|0|4|0|1
004501|box_n4_H18|b002465|7,8,12,13|5|12|13|14|2|14|2|24|14|28|14|30,24,8,0|28|14|32,22,4,0|28|14|4|4,4,4,4|4|0|4|0|1
004502|box_n4_H18|b002466|7,8,12,14|5|12|14|16|2|20|2|34|16|46|20|32,22,6,0|32|16|36,20,4,0|40|20|11|2,11,11,2|8|210|8|0|1
004503|box_n4_H18|b002467|7,8,12,15|5|12|15|14|2|8|3|38|14|8|8|36,26,4,0|28|14|36,32,4,0|16|8|4|4,3,3,4|7|21|9|2|1
004504|box_n4_H18|b002468|7,8,12,16|5|12|16|16|2|20|3|38|16|48|20|32,20,4,0|32|16|40,22,2,0|40|20|13|2,13,13,2|16|120|16|0|1
004505|box_n4_H18|b002469|7,8,12,17|5|12|17|12|2|16|3|24|12|30|16|30,24,6,0|24|12|42,34,8,0|32|16|5|5,2,2,5|4|0|4|0|1
004506|box_n4_H18|b002470|7,8,12,18|5|12|18|18|2|18|3|42|18|32|18|36,24,6,0|36|18|48,40,10,0|36|18|7|7,3,3,7|20|60|24|4|1
004507|box_n4_H18|b002471|7,8,13,14|5|13|14|16|2|20|2|28|16|44|20|32,22,6,0|32|16|34,18,4,0|40|20|10|3,10,10,3|4|0|4|0|1
004508|box_n4_H18|b002472|7,8,13,15|5|13|15|10|2|14|3|24|10|24|14|32,24,2,0|20|10|36,24,2,0|28|14|6|4,6,6,4|3|67|3|0|1
004509|box_n4_H18|b002473|7,8,13,16|5|13|16|14|2|20|3|28|14|44|20|32,22,4,0|28|14|40,24,4,0|40|20|10|3,10,10,3|4|0|4|0|1
004510|box_n4_H18|b002474|7,8,13,17|5|13|17|16|2|18|3|28|16|34|18|32,22,6,0|32|16|42,32,8,0|36|18|5|5,5,5,5|4|0|4|0|1
004511|box_n4_H18|b002475|7,8,13,18|5|13|18|10|2|18|3|12|10|32|18|32,30,8,0|20|10|44,34,8,0|36|18|4|4,2,2,4|4|0|4|0|1
004512|box_n4_H18|b002476|7,8,14,15|5|14|15|14|2|12|3|38|14|20|12|36,24,2,0|28|14|36,26,2,0|24|12|9|2,9,9,2|3|62|3|0|1
004513|box_n4_H18|b002477|7,8,14,16|5|14|16|22|2|22|3|50|22|52|22|36,18,4,0|44|22|40,20,2,0|44|22|15|4,15,15,4|8|280|8|0|1
004514|box_n4_H18|b002478|7,8,14,17|5|14|17|18|2|20|3|40|18|42|20|34,20,4,0|36|18|42,28,6,0|40|20|9|5,9,9,5|4|0|4|0|1
004515|box_n4_H18|b002479|7,8,14,18|5|14|18|20|2|20|3|46|20|40|20|36,20,4,0|40|20|44,30,6,0|40|20|12|3,12,12,3|8|315|8|0|1
004516|box_n4_H18|b002480|7,8,15,16|5|15|16|12|3|14|3|16|12|36|14|36,28,4,0|24|12|36,22,0,0|28|14|8|3,8,8,3|3|68|3|0|1
004517|box_n4_H18|b002481|7,8,15,17|5|15|17|10|3|12|3|12|10|32|12|36,30,4,0|20|10|40,30,2,0|24|12|5|3,5,5,3|3|72|3|0|1
004518|box_n4_H18|b002482|7,8,15,18|5|15|18|12|3|10|3|16|12|20|10|36,28,4,0|24|12|36,28,2,0|20|10|5|5,3,3,5|6|21|9|3|1
004519|box_n4_H18|b002483|7,8,16,17|5|16|17|18|3|22|3|36|18|46|22|40,28,6,0|36|18|42,26,6,0|44|22|9|5,9,9,5|4|0|4|0|1
004520|box_n4_H18|b002484|7,8,16,18|5|16|18|18|3|20|3|36|18|40|20|40,28,6,0|36|18|44,30,6,0|40|20|10|3,10,10,3|8|360|8|0|1
004521|box_n4_H18|b002485|7,8,17,18|5|17|18|18|3|20|3|30|18|36|20|42,34,10,0|36|18|44,32,8,0|40|20|6|6,4,4,6|4|0|4|0|1
004522|box_n4_H18|b002486|7,9,10,11|5|10|11|6|2|10|2|8|6|16|10|24,22,4,0|12|6|24,18,4,0|20|10|3|1,3,3,1|3|47|3|0|1
004523|box_n4_H18|b002487|7,9,10,12|5|10|12|10|2|10|2|12|10|16|10|24,20,6,0|20|10|24,18,4,0|20|10|5|0,5,5,0|6|22|6|0|1
004524|box_n4_H18|b002488|7,9,10,13|5|10|13|10|2|12|2|12|10|20|12|24,20,6,0|20|10|32,26,6,0|24|12|3|3,2,2,3|3|46|3|0|1
004525|box_n4_H18|b002489|7,9,10,14|5|10|14|8|2|14|2|12|8|28|14|24,20,4,0|16|8|32,22,4,0|28|14|6|1,6,6,1|6|22|6|0|1
004526|box_n4_H18|b002490|7,9,10,15|5|10|15|12|2|16|3|22|12|28|16|30,24,6,0|24|12|40,32,8,0|32|16|4|4,3,3,4|12|30|20|8|1
004527|box_n4_H18|b002491|7,9,10,16|5|10|16|8|2|12|3|16|8|20|12|24,18,2,0|16|8|40,32,4,0|24|12|4|3,4,4,3|4|22|6|2|1
004528|box_n4_H18|b002492|7,9,10,17|5|10|17|6|2|12|3|8|6|16|12|24,22,4,0|12|6|40,36,8,0|24|12|3|3,0,0,3|3|302|3|0|1
004529|box_n4_H18|b002493|7,9,10,18|5|10|18|10|2|24|3|20|10|54|24|24,16,2,0|20|10|48,30,6,0|48|24|10|3,10,10,3|6|21|6|0|1
004530|box_n4_H18|b002494|7,9,11,12|5|11|12|12|2|14|2|20|12|30|14|28,22,6,0|24|12|30,20,4,0|28|14|5|3,5,5,3|4|0|4|0|1
004531|box_n4_H18|b002495|7,9,11,13|5|11|13|12|2|16|2|20|12|32|16|28,22,6,0|24|12|32,20,4,0|32|16|5|4,5,5,4|4|0|4|0|1
004532|box_n4_H18|b002496|7,9,11,14|5|11|14|14|2|14|2|28|14|34|14|28,18,4,0|28|14|34,22,2,0|28|14|6|5,6,6,5|4|0|4|0|1
004533|box_n4_H18|b002497|7,9,11,15|5|11|15|6|2|12|3|8|6|24|12|24,22,4,0|12|6|36,28,4,0|24|12|3|2,3,3,2|3|151|3|0|1
004534|box_n4_H18|b002498|7,9,11,16|5|11|16|8|2|14|3|20|8|28|14|28,22,2,0|16|8|40,28,2,0|28|14|5|4,5,5,4|4|0|4|0|1
004535|box_n4_H18|b002499|7,9,11,17|5|11|17|14|2|18|3|28|14|34|18|28,18,4,0|28|14|42,30,6,0|36|18|6|5,6,6,5|4|0|4|0|1
004536|box_n4_H18|b002500|7,9,11,18|5|11|18|12|2|16|3|24|12|38|16|28,20,4,0|24|12|44,32,4,0|32|16|5|5,5,5,5|4|0|4|0|1
004537|box_n4_H18|b002501|7,9,12,13|5|12|13|14|2|16|2|26|14|32|16|30,22,6,0|28|14|32,20,4,0|32|16|6|4,6,6,4|4|0|4|0|1
004538|box_n4_H18|b002502|7,9,12,14|5|12|14|16|2|18|2|32|16|40|18|32,22,6,0|32|16|36,22,4,0|36|18|9|3,9,9,3|8|210|8|0|1
004539|box_n4_H18|b002503|7,9,12,15|5|12|15|12|2|14|3|24|12|24|14|36,32,8,0|24|12|36,28,6,0|28|14|4|2,4,4,2|7|23|9|2|1
004540|box_n4_H18|b002504|7,9,12,16|5|12|16|12|2|14|3|28|12|28|14|32,24,4,0|24|12|40,28,2,0|28|14|6|4,6,6,4|12|120|16|4|1
004541|box_n4_H18|b002505|7,9,12,17|5|12|17|12|2|18|3|22|12|34|18|30,24,6,0|24|12|42,30,6,0|36|18|5|4,5,5,4|4|0|4|0|1
004542|box_n4_H18|b002506|7,9,12,18|5|12|18|16|2|22|3|40|16|50|22|36,24,4,0|32|16|48,32,6,0|44|22|11|3,11,11,3|20|90|24|4|1
004543|box_n4_H18|b002507|7,9,13,14|5|13|14|14|2|18|2|24|14|38|18|32,24,6,0|28|14|34,20,4,0|36|18|9|2,9,9,2|4|0|4|0|1
004544|box_n4_H18|b002508|7,9,13,15|5|13|15|12|2|16|3|20|12|28|16|32,26,6,0|24|12|36,26,6,0|32|16|5|3,5,5,3|3|66|3|0|1
004545|box_n4_H18|b002509|7,9,13,16|5|13|16|10|2|14|3|24|10|28|14|32,24,2,0|20|10|40,28,2,0|28|14|5|5,5,5,5|4|0|4|0|1
004546|box_n4_H18|b002510|7,9,13,17|5|13|17|12|2|18|3|20|12|34|18|32,26,6,0|24|12|42,30,6,0|36|18|5|4,5,5,4|4|0|4|0|1
004547|box_n4_H18|b002511|7,9,13,18|5|13|18|14|2|22|3|24|14|50|22|32,24,6,0|28|14|44,26,4,0|44|22|8|5,8,8,5|4|0|4|0|1
004548|box_n4_H18|b002512|7,9,14,15|5|14|15|16|2|16|3|36|16|32|16|36,24,4,0|32|16|36,24,4,0|32|16|8|4,8,8,4|3|2|3|0|1
004549|box_n4_H18|b002513|7,9,14,16|5|14|16|16|2|16|3|40|16|32|16|36,22,2,0|32|16|40,26,2,0|32|16|9|5,9,9,5|8|280|8|0|1
004550|box_n4_H18|b002514|7,9,14,17|5|14|17|18|2|18|3|38|18|42|18|34,20,4,0|36|18|42,26,2,0|36|18|8|7,8,8,7|4|0|4|0|1
004551|box_n4_H18|b002515|7,9,14,18|5|14|18|20|2|24|3|44|20|54|24|36,20,4,0|40|20|44,24,4,0|48|24|14|4,14,14,4|8|315|8|0|1
004552|box_n4_H18|b002516|7,9,15,16|5|15|16|10|3|12|3|20|10|16|12|36,30,4,0|20|10|36,28,4,0|24|12|5|2,5,5,2|3|87|3|0|1
004553|box_n4_H18|b002517|7,9,15,17|5|15|17|12|3|16|3|16|12|28|16|36,32,8,0|24|12|40,30,6,0|32|16|4|4,3,3,4|3|71|3|0|1
004554|box_n4_H18|b002518|7,9,15,18|5|15|18|14|3|18|3|28|14|38|18|36,26,4,0|28|14|36,20,2,0|36|18|7|6,7,7,6|8|26|9|1|1
004555|box_n4_H18|b002519|7,9,16,17|5|16|17|14|3|14|3|20|14|34|14|40,32,6,0|28|14|42,30,2,0|28|14|7|3,7,7,3|4|0|4|0|1
004556|box_n4_H18|b002520|7,9,16,18|5|16|18|16|3|18|3|28|16|46|18|40,28,4,0|32|16|44,28,2,0|36|18|11|3,11,11,3|8|360|8|0|1
004557|box_n4_H18|b002521|7,9,17,18|5|17|18|20|3|22|3|38|20|50|22|42,28,6,0|40|20|44,26,4,0|44|22|11|5,11,11,5|4|0|4|0|1
004558|box_n4_H18|b002522|7,10,11,12|5|11|12|6|2|8|2|8|6|12|8|28,28,6,0|12|6|30,26,4,0|16|8|1|1,1,1,1|2|10|2|0|1
004559|box_n4_H18|b002523|7,10,11,13|5|11|13|10|2|14|2|16|10|24|14|28,24,6,0|20|10|32,22,4,0|28|14|4|3,4,4,3|3|104|3|0|1
004560|box_n4_H18|b002524|7,10,11,14|5|11|14|12|2|14|2|24|12|28|14|28,20,4,0|24|12|34,24,4,0|28|14|7|2,7,7,2|3|61|3|0|1
004561|box_n4_H18|b002525|7,10,11,15|5|11|15|4|2|14|3|-4|4|24|14|24,28,8,0|8|4|36,28,6,0|28|14|1|1,1,1,1|3|63|3|0|1
004562|box_n4_H18|b002526|7,10,11,16|5|11|16|10|2|14|3|16|10|28|14|28,24,6,0|20|10|40,30,4,0|28|14|5|2,5,5,2|3|65|3|0|1
004563|box_n4_H18|b002527|7,10,11,17|5|11|17|8|2|14|3|16|8|24|14|28,24,4,0|16|8|42,30,2,0|28|14|5|5,3,3,5|2|2|2|0|1
004564|box_n4_H18|b002528|7,10,11,18|5|11|18|12|2|16|3|16|12|32|16|28,24,8,0|24|12|44,34,6,0|32|16|7|7,0,0,7|2|3|2|0|1
004565|box_n4_H18|b002529|7,10,12,13|5|12|13|8|2|12|2|8|8|24|12|30,28,6,0|16|8|32,22,2,0|24|12|4|2,4,4,2|3|62|3|0|1
004566|box_n4_H18|b002530|7,10,12,14|5|12|14|8|2|14|2|10|8|34|14|32,30,6,0|16|8|36,24,2,0|28|14|5|2,5,5,2|4|30|6|2|1
004567|box_n4_H18|b002531|7,10,12,15|5|12|15|10|2|12|3|14|10|24|12|36,34,8,0|20|10|36,28,4,0|24|12|3|3,2,2,3|8|22|9|1|1
004568|box_n4_H18|b002532|7,10,12,16|5|12|16|10|2|14|3|14|10|28|14|32,28,6,0|20|10|40,30,4,0|28|14|5|2,5,5,2|6|12|12|6|1
004569|box_n4_H18|b002533|7,10,12,17|5|12|17|4|2|12|3|8|4|16|12|30,28,2,0|8|4|42,34,4,0|24|12|4|1,4,4,1|3|70|3|0|1
004570|box_n4_H18|b002534|7,10,12,18|5|12|18|12|2|18|3|26|12|40|18|36,28,4,0|24|12|48,36,6,0|36|18|5|5,5,5,5|18|60|24|6|1
004571|box_n4_H18|b002535|7,10,13,14|5|13|14|12|2|14|2|24|12|32|14|32,22,2,0|24|12|34,22,2,0|28|14|8|3,8,8,3|3|130|3|0|1
004572|box_n4_H18|b002536|7,10,13,15|5|13|15|10|2|14|3|12|10|32|14|32,28,6,0|20|10|36,24,2,0|28|14|5|3,5,5,3|3|7|3|0|1
004573|box_n4_H18|b002537|7,10,13,16|5|13|16|10|2|14|3|12|10|28|14|32,28,6,0|20|10|40,30,4,0|28|14|4|3,4,4,3|2|4|2|0|1
004574|box_n4_H18|b002538|7,10,13,17|5|13|17|10|2|12|3|20|10|20|12|32,24,2,0|20|10|42,32,2,0|24|12|5|4,5,5,4|3|73|3|0|1
004575|box_n4_H18|b002539|7,10,13,18|5|13|18|10|2|16|3|12|10|36|16|32,28,6,0|20|10|44,32,4,0|32|16|5|3,5,5,3|3|75|3|0|1
004576|box_n4_H18|b002540|7,10,14,15|5|14|15|12|2|16|3|22|12|32|16|36,30,6,0|24|12|36,24,4,0|32|16|7|2,7,7,2|3|2|3|0|1
004577|box_n4_H18|b002541|7,10,14,16|5|14|16|16|2|16|3|30|16|32|16|36,26,6,0|32|16|40,28,4,0|32|16|9|2,9,9,2|6|37|6|0|1
004578|box_n4_H18|b002542|7,10,14,17|5|14|17|12|2|14|3|28|12|24|14|34,24,2,0|24|12|42,30,2,0|28|14|8|3,8,8,3|2|2|2|0|1
004579|box_n4_H18|b002543|7,10,14,18|5|14|18|14|2|20|3|26|14|40|20|36,28,6,0|28|14|44,30,6,0|40|20|8|3,8,8,3|4|1|4|0|1
004580|box_n4_H18|b002544|7,10,15,16|5|15|16|14|3|14|3|24|14|24|14|36,28,6,0|28|14|36,26,4,0|28|14|5|4,5,5,4|3|13|3|0|1
004581|box_n4_H18|b002545|7,10,15,17|5|15|17|10|3|12|3|20|10|14|12|36,30,4,0|20|10|40,32,4,0|24|12|4|4,3,3,4|3|72|3|0|1
004582|box_n4_H18|b002546|7,10,15,18|5|15|18|18|3|16|3|28|18|24|16|36,26,8,0|36|18|36,26,6,0|32|16|6|6,4,4,6|9|27|9|0|1
004583|box_n4_H18|b002547|7,10,16,17|5|16|17|8|3|12|3|20|8|20|12|40,34,2,0|16|8|42,32,2,0|24|12|4|4,4,4,4|2|70|2|0|1
004584|box_n4_H18|b002548|7,10,16,18|5|16|18|14|3|16|3|24|14|32|16|40,32,6,0|28|14|44,34,6,0|32|16|6|3,6,6,3|4|38|4|0|1
004585|box_n4_H18|b002549|7,10,17,18|5|17|18|12|3|14|3|16|12|36|14|42,34,4,0|24|12|44,32,2,0|28|14|5|5,5,5,5|3|87|3|0|1
004586|box_n4_H18|b002550|7,11,12,13|5|12|13|10|2|14|2|18|10|32|14|30,26,6,0|20|10|32,22,4,0|28|14|4|3,4,4,3|4|0|4|0|1
004587|box_n4_H18|b002551|7,11,12,14|5|12|14|16|2|18|2|32|16|40|18|32,22,6,0|32|16|36,22,4,0|36|18|9|3,9,9,3|8|210|8|0|1
004588|box_n4_H18|b002552|7,11,12,15|5|12|15|14|2|12|3|32|14|16|12|36,28,6,0|28|14|36,30,6,0|24|12|4|4,3,3,4|8|71|9|1|1
004589|box_n4_H18|b002553|7,11,12,16|5|12|16|14|2|18|3|24|14|36|18|32,26,8,0|28|14|40,28,6,0|36|18|5|4,5,5,4|12|120|16|4|1
004590|box_n4_H18|b002554|7,11,12,17|5|12|17|14|2|16|3|26|14|34|16|30,22,6,0|28|14|42,32,6,0|32|16|5|4,5,5,4|4|0|4|0|1
004591|box_n4_H18|b002555|7,11,12,18|5|12|18|14|2|16|3|36|14|28|16|36,26,4,0|28|14|48,38,6,0|32|16|5|5,5,5,5|20|90|24|4|1
004592|box_n4_H18|b002556|7,11,13,14|5|13|14|16|2|18|2|28|16|38|18|32,24,8,0|32|16|34,20,4,0|36|18|8|3,8,8,3|4|0|4|0|1
004593|box_n4_H18|b002557|7,11,13,15|5|13|15|10|2|12|3|20|10|20|12|32,28,6,0|20|10|36,28,4,0|24|12|4|2,4,4,2|3|136|3|0|1
004594|box_n4_H18|b002558|7,11,13,16|5|13|16|14|2|18|3|28|14|36|18|32,24,6,0|28|14|40,28,6,0|36|18|5|5,5,5,5|4|0|4|0|1
004595|box_n4_H18|b002559|7,11,13,17|5|13|17|16|2|20|3|28|16|42|20|32,24,8,0|32|16|42,28,6,0|40|20|6|5,6,6,5|4|0|4|0|1
004596|box_n4_H18|b002560|7,11,13,18|5|13|18|10|2|16|3|24|10|28|16|32,26,4,0|20|10|44,32,4,0|32|16|5|5,4,4,5|4|0|4|0|1
004597|box_n4_H18|b002561|7,11,14,15|5|14|15|16|2|14|3|36|16|28|14|36,24,4,0|32|16|36,24,2,0|28|14|8|4,8,8,4|3|6|3|0|1
004598|box_n4_H18|b002562|7,11,14,16|5|14|16|16|2|20|3|36|16|44|20|36,24,4,0|32|16|40,24,4,0|40|20|8|6,8,8,6|8|280|8|0|1
004599|box_n4_H18|b002563|7,11,14,17|5|14|17|16|2|20|3|30|16|38|20|34,24,6,0|32|16|42,30,8,0|40|20|8|3,8,8,3|4|0|4|0|1
004600|box_n4_H18|b002564|7,11,14,18|5|14|18|14|2|16|3|36|14|28|16|36,24,2,0|28|14|44,32,4,0|32|16|9|3,9,9,3|8|315|8|0|1
004601|box_n4_H18|b002565|7,11,15,16|5|15|16|8|3|12|3|8|8|24|12|36,34,6,0|16|8|36,28,4,0|24|12|3|2,3,3,2|3|77|3|0|1
004602|box_n4_H18|b002566|7,11,15,17|5|15|17|12|3|14|3|12|12|28|14|36,32,8,0|24|12|40,32,6,0|28|14|3|3,3,3,3|3|62|3|0|1
004603|box_n4_H18|b002567|7,11,15,18|5|15|18|10|3|10|3|20|10|12|10|36,28,2,0|20|10|36,28,2,0|20|10|4|4,4,4,4|6|21|9|3|1
004604|box_n4_H18|b002568|7,11,16,17|5|16|17|16|3|20|3|28|16|42|20|40,32,8,0|32|16|42,28,6,0|40|20|7|4,7,7,4|4|0|4|0|1
004605|box_n4_H18|b002569|7,11,16,18|5|16|18|12|3|16|3|28|12|24|16|40,32,4,0|24|12|44,34,6,0|32|16|6|3,6,6,3|8|360|8|0|1
004606|box_n4_H18|b002570|7,11,17,18|5|17|18|14|3|14|3|34|14|24|14|42,32,4,0|28|14|44,34,4,0|28|14|6|6,4,4,6|4|0|4|0|1
004607|box_n4_H18|b002571|7,12,13,14|5|13|14|14|2|16|2|28|14|40|16|32,24,6,0|28|14|34,20,2,0|32|16|10|1,10,10,1|4|0|4|0|1
004608|box_n4_H18|b002572|7,12,13,15|5|13|15|14|2|14|3|24|14|24|14|32,26,8,0|28|14|36,26,4,0|28|14|5|3,5,5,3|3|63|3|0|1
004609|box_n4_H18|b002573|7,12,13,16|5|13|16|16|2|18|3|32|16|36|18|32,22,6,0|32|16|40,28,6,0|36|18|8|3,8,8,3|4|0|4|0|1
004610|box_n4_H18|b002574|7,12,13,17|5|13|17|12|2|18|3|24|12|38|18|32,26,6,0|24|12|42,28,4,0|36|18|7|7,3,3,7|4|0|4|0|1
004611|box_n4_H18|b002575|7,12,13,18|5|13|18|14|2|20|3|24|14|40|20|32,26,8,0|28|14|44,28,4,0|40|20|6|6,5,5,6|4|0|4|0|1
004612|box_n4_H18|b002576|7,12,14,15|5|14|15|18|2|14|3|38|18|24|14|36,24,6,0|36|18|36,26,4,0|28|14|9|2,9,9,2|3|6|3|0|1
004613|box_n4_H18|b002577|7,12,14,16|5|14|16|16|2|18|3|34|16|36|18|36,26,6,0|32|16|40,28,6,0|36|18|9|2,9,9,2|8|280|8|0|1
004614|box_n4_H18|b002578|7,12,14,17|5|14|17|18|2|20|3|40|18|42|20|34,20,4,0|36|18|42,26,4,0|40|20|10|5,10,10,5|4|0|4|0|1
004615|box_n4_H18|b002579|7,12,14,18|5|14|18|20|2|20|3|46|20|44|20|36,20,4,0|40|20|44,26,2,0|40|20|12|5,12,12,5|8|315|8|0|1
004616|box_n4_H18|b002580|7,12,15,16|5|15|16|12|3|14|3|16|12|28|14|36,30,6,0|24|12|36,26,4,0|28|14|6|2,6,6,2|3|61|3|0|1
004617|box_n4_H18|b002581|7,12,15,17|5|15|17|8|3|14|3|8|8|24|14|36,34,6,0|16|8|40,32,6,0|28|14|4|4,1,1,4|3|62|3|0|1
004618|box_n4_H18|b002582|7,12,15,18|5|15|18|10|3|14|3|12|10|20|14|36,32,6,0|20|10|36,26,4,0|28|14|4|3,4,4,3|8|27|9|1|1
004619|box_n4_H18|b002583|7,12,16,17|5|16|17|12|3|20|3|20|12|38|20|40,36,8,0|24|12|42,28,6,0|40|20|6|3,6,6,3|4|0|4|0|1
004620|box_n4_H18|b002584|7,12,16,18|5|16|18|16|3|20|3|28|16|36|20|40,32,8,0|32|16|44,30,6,0|40|20|8|3,8,8,3|8|360|8|0|1
004621|box_n4_H18|b002585|7,12,17,18|5|17|18|16|3|18|3|26|16|40|18|42,34,8,0|32|16|44,28,2,0|36|18|7|7,5,5,7|4|0|4|0|1
004622|box_n4_H18|b002586|7,13,14,15|5|14|15|14|2|16|3|28|14|32|16|36,28,6,0|28|14|36,26,6,0|32|16|8|1,8,8,1|3|64|3|0|1
004623|box_n4_H18|b002587|7,13,14,16|5|14|16|18|2|18|3|36|18|36|18|36,24,6,0|36|18|40,28,6,0|36|18|9|3,9,9,3|8|280|8|0|1
004624|box_n4_H18|b002588|7,13,14,17|5|14|17|16|2|22|3|34|16|46|22|34,22,4,0|32|16|42,26,6,0|44|22|9|5,9,9,5|4|0|4|0|1
004625|box_n4_H18|b002589|7,13,14,18|5|14|18|16|2|18|3|36|16|36|18|36,24,4,0|32|16|44,32,6,0|36|18|9|3,9,9,3|8|315|8|0|1
004626|box_n4_H18|b002590|7,13,15,16|5|15|16|16|3|16|3|24|16|24|16|36,30,10,0|32|16|36,28,8,0|32|16|4|3,4,4,3|3|61|3|0|1
004627|box_n4_H18|b002591|7,13,15,17|5|15|17|10|3|16|3|12|10|28|16|36,36,10,0|20|10|40,32,8,0|32|16|2|2,2,2,2|3|67|3|0|1
004628|box_n4_H18|b002592|7,13,15,18|5|15|18|14|3|14|3|24|14|20|14|36,30,8,0|28|14|36,28,6,0|28|14|5|5,2,2,5|9|21|9|0|1
004629|box_n4_H18|b002593|7,13,16,17|5|16|17|16|3|20|3|28|16|42|20|40,32,8,0|32|16|42,28,6,0|40|20|6|5,6,6,5|4|0|4|0|1
004630|box_n4_H18|b002594|7,13,16,18|5|16|18|14|3|18|3|28|14|32|18|40,32,6,0|28|14|44,34,8,0|36|18|5|4,5,5,4|8|360|8|0|1
004631|box_n4_H18|b002595|7,13,17,18|5|17|18|16|3|20|3|30|16|36|20|42,34,8,0|32|16|44,32,8,0|40|20|6|6,4,4,6|4|0|4|0|1
004632|box_n4_H18|b002596|7,14,15,16|5|15|16|10|3|14|3|16|10|28|14|36,34,8,0|20|10|36,28,6,0|28|14|4|1,4,4,1|3|13|3|0|1
004633|box_n4_H18|b002597|7,14,15,17|5|15|17|12|3|16|3|16|12|32|16|36,34,10,0|24|12|40,32,8,0|32|16|3|2,3,3,2|3|14|3|0|1
004634|box_n4_H18|b002598|7,14,15,18|5|15|18|16|3|16|3|28|16|24|16|36,28,8,0|32|16|36,28,8,0|32|16|4|4,4,4,4|8|51|9|1|1
004635|box_n4_H18|b002599|7,14,16,17|5|16|17|16|3|22|3|28|16|46|22|40,34,10,0|32|16|42,28,8,0|44|22|6|4,6,6,4|4|0|4|0|1
004636|box_n4_H18|b002600|7,14,16,18|5|16|18|16|3|18|3|32|16|36|18|40,32,8,0|32|16|44,34,8,0|36|18|8|1,8,8,1|8|360|8|0|1
004637|box_n4_H18|b002601|7,14,17,18|5|17|18|20|3|20|3|38|20|40|20|42,32,10,0|40|20|44,32,8,0|40|20|6|5,6,6,5|4|0|4|0|1
004638|box_n4_H18|b002602|7,15,16,17|5|16|17|8|3|14|3|8|8|28|14|40,40,8,0|16|8|42,32,4,0|28|14|3|2,3,3,2|2|7|2|0|1
004639|box_n4_H18|b002603|7,15,16,18|5|16|18|14|3|12|3|20|14|16|12|40,34,8,0|28|14|44,40,8,0|24|12|4|1,4,4,1|4|41|4|0|1
004640|box_n4_H18|b002604|7,15,17,18|5|17|18|16|3|14|3|24|16|20|14|42,34,8,0|32|16|44,38,8,0|28|14|4|3,4,4,3|3|10|3|0|1
004641|box_n4_H18|b002605|7,16,17,18|5|17|18|14|3|16|3|26|14|28|16|42,36,8,0|28|14|44,34,6,0|32|16|5|3,5,5,3|4|0|4|0|1
004642|box_n4_H18|b002606|8,9,10,11|5|10|11|8|2|10|2|8|8|20|10|24,22,6,0|16|8|24,18,4,0|20|10|2|2,2,2,2|3|42|3|0|1
004643|box_n4_H18|b002607|8,9,10,12|5|10|12|6|2|10|2|8|6|18|10|24,22,4,0|12|6|24,16,2,0|20|10|5|0,5,5,0|5|123|6|1|1
004644|box_n4_H18|b002608|8,9,10,13|5|10|13|10|2|10|2|16|10|20|10|24,18,4,0|20|10|32,26,4,0|20|10|3|3,3,3,3|3|7|3|0|1
004645|box_n4_H18|b002609|8,9,10,14|5|10|14|6|2|12|2|4|6|22|12|24,24,6,0|12|6|32,26,6,0|24|12|4|-1,4,4,-1|5|101|6|1|1
004646|box_n4_H18|b002610|8,9,10,15|5|10|15|12|2|14|2|22|12|28|14|30,24,6,0|24|12|40,32,6,0|28|14|4|4,3,3,4|12|60|20|8|1
004647|box_n4_H18|b002611|8,9,10,16|5|10|16|10|2|18|2|20|10|44|18|24,16,2,0|20|10|40,24,2,0|36|18|8|4,8,8,4|6|154|6|0|1
004648|box_n4_H18|b002612|8,9,10,17|5|10|17|8|2|10|3|16|8|16|10|24,18,2,0|16|8|40,32,2,0|20|10|4|3,4,4,3|3|142|3|0|1
004649|box_n4_H18|b002613|8,9,10,18|5|10|18|8|2|16|3|12|8|38|16|24,20,4,0|16|8|48,36,4,0|32|16|4|4,4,4,4|5|24|6|1|1
004650|box_n4_H18|b002614|8,9,11,12|5|11|12|14|2|14|2|28|14|28|14|28,20,6,0|28|14|30,20,4,0|28|14|6|3,6,6,3|4|0|4|0|1
004651|box_n4_H18|b002615|8,9,11,13|5|11|13|12|2|14|2|24|12|32|14|28,22,6,0|24|12|32,20,2,0|28|14|6|3,6,6,3|4|0|4|0|1
004652|box_n4_H18|b002616|8,9,11,14|5|11|14|14|2|16|2|24|14|28|16|28,22,8,0|28|14|34,26,8,0|32|16|4|4,3,3,4|4|0|4|0|1
004653|box_n4_H18|b002617|8,9,11,15|5|11|15|10|2|14|2|16|10|24|14|24,20,6,0|20|10|36,28,6,0|28|14|5|1,5,5,1|3|62|3|0|1
004654|box_n4_H18|b002618|8,9,11,16|5|11|16|14|2|20|2|28|14|44|20|28,20,6,0|28|14|40,24,4,0|40|20|9|3,9,9,3|4|0|4|0|1
004655|box_n4_H18|b002619|8,9,11,17|5|11|17|12|2|14|3|32|12|26|14|28,18,2,0|24|12|42,30,2,0|28|14|6|5,6,6,5|4|0|4|0|1
004656|box_n4_H18|b002620|8,9,11,18|5|11|18|16|2|20|3|32|16|42|20|28,18,6,0|32|16|44,28,4,0|40|20|8|5,8,8,5|4|0|4|0|1
004657|box_n4_H18|b002621|8,9,12,13|5|12|13|12|2|16|2|24|12|28|16|30,22,4,0|24|12|32,22,6,0|32|16|5|4,5,5,4|4|0|4|0|1
004658|box_n4_H18|b002622|8,9,12,14|5|12|14|14|2|16|2|26|14|34|16|32,24,6,0|28|14|36,26,6,0|32|16|8|1,8,8,1|8|210|8|0|1
004659|box_n4_H18|b002623|8,9,12,15|5|12|15|12|2|14|2|26|12|24|14|36,30,6,0|24|12|36,28,6,0|28|14|5|2,5,5,2|7|22|9|2|1
004660|box_n4_H18|b002624|8,9,12,16|5|12|16|16|2|20|2|34|16|48|20|32,20,4,0|32|16|40,22,2,0|40|20|13|2,13,13,2|16|120|16|0|1
004661|box_n4_H18|b002625|8,9,12,17|5|12|17|8|2|14|3|20|8|22|14|30,24,2,0|16|8|42,32,4,0|28|14|4|4,4,4,4|4|0|4|0|1
004662|box_n4_H18|b002626|8,9,12,18|5|12|18|16|2|20|3|38|16|46|20|36,24,4,0|32|16|48,32,4,0|40|20|10|4,10,10,4|20|30|24|4|1
004663|box_n4_H18|b002627|8,9,13,14|5|13|14|12|2|16|2|20|12|36|16|32,26,6,0|24|12|34,22,4,0|32|16|6|3,6,6,3|4|0|4|0|1
004664|box_n4_H18|b002628|8,9,13,15|5|13|15|12|2|14|2|20|12|28|14|32,26,6,0|24|12|36,26,4,0|28|14|4|4,4,4,4|3|11|3|0|1
004665|box_n4_H18|b002629|8,9,13,16|5|13|16|16|2|18|2|28|16|44|18|32,22,6,0|32|16|40,24,2,0|36|18|9|4,9,9,4|4|0|4|0|1
004666|box_n4_H18|b002630|8,9,13,17|5|13|17|10|2|12|3|24|10|18|12|32,24,2,0|20|10|42,34,4,0|24|12|6|2,6,6,2|4|0|4|0|1
004667|box_n4_H18|b002631|8,9,13,18|5|13|18|12|2|18|3|20|12|42|18|32,26,6,0|24|12|44,28,2,0|36|18|7|4,7,7,4|4|0|4|0|1
004668|box_n4_H18|b002632|8,9,14,15|5|14|15|16|2|16|2|30|16|28|16|36,28,8,0|32|16|36,26,6,0|32|16|5|4,5,5,4|3|63|3|0|1
004669|box_n4_H18|b002633|8,9,14,16|5|14|16|20|2|22|2|46|20|48|22|36,20,4,0|40|20|40,22,4,0|44|22|12|5,12,12,5|8|280|8|0|1
004670|box_n4_H18|b002634|8,9,14,17|5|14|17|12|2|14|3|32|12|26|14|34,24,2,0|24|12|42,30,2,0|28|14|6|6,5,5,6|4|0|4|0|1
004671|box_n4_H18|b002635|8,9,14,18|5|14|18|18|2|22|3|38|18|46|22|36,24,6,0|36|18|44,26,4,0|44|22|12|3,12,12,3|8|315|8|0|1
004672|box_n4_H18|b002636|8,9,15,16|5|15|16|16|2|18|2|28|16|36|18|36,26,6,0|32|16|36,22,4,0|36|18|9|3,9,9,3|3|61|3|0|1
004673|box_n4_H18|b002637|8,9,15,17|5|15|17|12|2|14|3|28|12|24|14|36,26,2,0|24|12|40,28,2,0|28|14|7|4,7,7,4|3|213|3|0|1
004674|box_n4_H18|b002638|8,9,15,18|5|15|18|14|2|18|3|28|14|34|18|36,26,4,0|28|14|36,20,2,0|36|18|8|5,8,8,5|8|22|9|1|1
004675|box_n4_H18|b002639|8,9,16,17|5|16|17|18|2|16|3|44|18|30|16|40,24,2,0|36|18|42,28,2,0|32|16|11|4,11,11,4|4|0|4|0|1
004676|box_n4_H18|b002640|8,9,16,18|5|16|18|20|2|24|3|44|20|54|24|40,24,4,0|40|20|44,22,2,0|48|24|15|4,15,15,4|8|360|8|0|1
004677|box_n4_H18|b002641|8,9,17,18|5|17|18|16|3|18|3|26|16|46|18|42,30,4,0|32|16|44,26,0,0|36|18|10|5,10,10,5|4|0|4|0|1
004678|box_n4_H18|b002642|8,10,11,12|5|11|12|8|2|10|2|12|8|14|10|28,26,6,0|16|8|30,26,6,0|20|10|2|1,2,2,1|2|2|2|0|1
004679|box_n4_H18|b002643|8,10,11,13|5|11|13|10|2|12|2|16|10|24|12|28,24,6,0|20|10|32,22,2,0|24|12|5|2,5,5,2|2|4|2|0|1
004680|box_n4_H18|b002644|8,10,11,14|5|11|14|10|2|12|2|16|10|18|12|28,24,6,0|20|10|34,28,6,0|24|12|4|1,4,4,1|3|61|3|0|1
004681|box_n4_H18|b002645|8,10,11,15|5|11|15|6|2|12|2|0|6|24|12|24,26,8,0|12|6|36,28,4,0|24|12|3|0,3,3,0|3|63|3|0|1
004682|box_n4_H18|b002646|8,10,11,16|5|11|16|10|2|20|2|20|10|44|20|28,22,4,0|20|10|40,26,6,0|40|20|9|1,9,9,1|3|6|3|0|1
004683|box_n4_H18|b002647|8,10,11,17|5|11|17|10|2|18|3|16|10|32|18|28,24,6,0|20|10|42,30,6,0|36|18|5|5,3,3,5|3|221|3|0|1
004684|box_n4_H18|b002648|8,10,11,18|5|11|18|8|2|16|3|20|8|28|16|28,22,2,0|16|8|44,30,2,0|32|16|7|7,3,3,7|2|15|2|0|1
004685|box_n4_H18|b002649|8,10,12,13|5|12|13|8|2|10|2|10|8|20|10|30,28,6,0|16|8|32,24,2,0|20|10|3|2,3,3,2|3|62|3|0|1
004686|box_n4_H18|b002650|8,10,12,15|5|12|15|12|2|12|2|20|12|24|12|36,32,8,0|24|12|36,28,4,0|24|12|3|3,3,3,3|6|54|9|3|1
004687|box_n4_H18|b002651|8,10,12,17|5|12|17|8|2|12|3|10|8|20|12|30,28,6,0|16|8|42,36,6,0|24|12|3|1,3,3,1|3|70|3|0|1
004688|box_n4_H18|b002652|8,10,13,14|5|13|14|12|2|14|2|20|12|26|14|32,24,4,0|24|12|34,24,4,0|28|14|5|4,5,5,4|2|2|2|0|1
004689|box_n4_H18|b002653|8,10,13,15|5|13|15|10|2|16|2|12|10|32|16|32,28,6,0|20|10|36,24,4,0|32|16|4|4,4,4,4|3|4|3|0|1
004690|box_n4_H18|b002654|8,10,13,16|5|13|16|10|2|18|2|16|10|44|18|32,26,4,0|20|10|40,26,4,0|36|18|8|2,8,8,2|3|234|3|0|1
004691|box_n4_H18|b002655|8,10,13,17|5|13|17|14|2|12|3|24|14|20|12|32,22,4,0|28|14|42,36,6,0|24|12|6|2,6,6,2|3|73|3|0|1
004692|box_n4_H18|b002656|8,10,13,18|5|13|18|4|2|12|3|8|4|20|12|32,30,2,0|8|4|44,34,2,0|24|12|4|2,4,4,2|3|75|3|0|1
004693|box_n4_H18|b002657|8,10,14,15|5|14|15|10|2|14|2|12|10|28|14|36,34,8,0|20|10|36,26,4,0|28|14|4|2,4,4,2|3|72|3|0|1
004694|box_n4_H18|b002658|8,10,14,17|5|14|17|12|2|14|3|18|12|24|14|34,28,6,0|24|12|42,34,6,0|28|14|5|2,5,5,2|3|289|3|0|1
004695|box_n4_H18|b002659|8,10,15,16|5|15|16|16|2|20|2|32|16|44|20|36,24,4,0|32|16|36,20,4,0|40|20|9|5,9,9,5|3|2|3|0|1
004696|box_n4_H18|b002660|8,10,15,17|5|15|17|18|2|16|3|32|18|26|16|36,24,6,0|36|18|40,30,6,0|32|16|7|4,7,7,4|3|3|3|0|1
004697|box_n4_H18|b002661|8,10,15,18|5|15|18|12|2|12|3|28|12|12|12|36,26,2,0|24|12|36,26,2,0|24|12|5|5,5,5,5|6|28|9|3|1
004698|box_n4_H18|b002662|8,10,16,17|5|16|17|20|2|18|3|44|20|32|18|40,26,6,0|40|20|42,30,6,0|36|18|8|5,8,8,5|3|170|3|0|1
004699|box_n4_H18|b002663|8,10,17,18|5|17|18|10|3|14|3|20|10|24|14|42,36,4,0|20|10|44,32,2,0|28|14|5|5,4,4,5|3|87|3|0|1
004700|box_n4_H18|b002664|8,11,12,13|5|12|13|10|2|14|2|16|10|28|14|30,26,6,0|20|10|32,24,6,0|28|14|3|3,3,3,3|4|0|4|0|1
004701|box_n4_H18|b002665|8,11,12,14|5|12|14|12|2|14|2|26|12|30|14|32,24,4,0|24|12|36,26,4,0|28|14|8|1,8,8,1|8|210|8|0|1
004702|box_n4_H18|b002666|8,11,12,15|5|12|15|14|2|12|2|34|14|16|12|36,26,4,0|28|14|36,30,6,0|24|12|4|4,4,4,4|7|22|9|2|1
004703|box_n4_H18|b002667|8,11,12,16|5|12|16|14|2|20|2|30|14|48|20|32,22,4,0|28|14|40,22,2,0|40|20|12|2,12,12,2|16|120|16|0|1
004704|box_n4_H18|b002668|8,11,12,17|5|12|17|14|2|16|3|24|14|30|16|30,22,6,0|28|14|42,34,8,0|32|16|4|4,4,4,4|4|0|4|0|1
004705|box_n4_H18|b002669|8,11,12,18|5|12|18|16|2|18|3|34|16|36|18|36,26,6,0|32|16|48,38,8,0|36|18|6|6,4,4,6|20|60|24|4|1
004706|box_n4_H18|b002670|8,11,13,14|5|13|14|12|2|16|2|24|12|32|16|32,26,6,0|24|12|34,22,4,0|32|16|5|4,5,5,4|4|0|4|0|1
004707|box_n4_H18|b002671|8,11,13,15|5|13|15|12|2|12|2|20|12|20|12|32,28,8,0|24|12|36,28,4,0|24|12|3|3,3,3,3|3|137|3|0|1
004708|box_n4_H18|b002672|8,11,13,16|5|13|16|16|2|20|2|32|16|44|20|32,22,6,0|32|16|40,24,4,0|40|20|9|4,9,9,4|4|0|4|0|1
004709|box_n4_H18|b002673|8,11,13,17|5|13|17|16|2|18|3|32|16|34|18|32,22,6,0|32|16|42,32,8,0|36|18|7|3,7,7,3|4|0|4|0|1
004710|box_n4_H18|b002674|8,11,13,18|5|13|18|12|2|18|3|20|12|32|18|32,28,8,0|24|12|44,34,8,0|36|18|4|4,3,3,4|4|0|4|0|1
004711|box_n4_H18|b002675|8,11,14,15|5|14|15|12|2|14|2|26|12|24|14|36,28,4,0|24|12|36,26,4,0|28|14|5|4,5,5,4|3|63|3|0|1
004712|box_n4_H18|b002676|8,11,14,16|5|14|16|18|2|22|2|38|18|52|22|36,22,4,0|36|18|40,20,2,0|44|22|11|6,11,11,6|8|280|8|0|1
004713|box_n4_H18|b002677|8,11,14,17|5|14|17|14|2|16|3|20|14|30|16|34,28,8,0|28|14|42,34,8,0|32|16|5|2,5,5,2|4|0|4|0|1
004714|box_n4_H18|b002678|8,11,14,18|5|14|18|14|2|16|3|26|14|32|16|36,28,6,0|28|14|44,34,6,0|32|16|7|2,7,7,2|8|315|8|0|1
004715|box_n4_H18|b002679|8,11,15,16|5|15|16|12|2|16|2|16|12|36|16|36,30,6,0|24|12|36,22,2,0|32|16|7|3,7,7,3|3|14|3|0|1
004716|box_n4_H18|b002680|8,11,15,17|5|15|17|14|2|16|3|24|14|32|16|36,26,4,0|28|14|40,30,6,0|32|16|7|3,7,7,3|3|6|3|0|1
004717|box_n4_H18|b002681|8,11,15,18|5|15|18|14|2|14|3|20|14|20|14|36,28,6,0|28|14|36,28,6,0|28|14|5|3,5,5,3|9|27|9|0|1
004718|box_n4_H18|b002682|8,11,16,17|5|16|17|20|2|20|3|44|20|46|20|40,24,4,0|40|20|42,26,4,0|40|20|11|5,11,11,5|4|0|4|0|1
004719|box_n4_H18|b002683|8,11,16,18|5|16|18|18|2|20|3|36|18|44|20|40,28,6,0|36|18|44,28,4,0|40|20|10|4,10,10,4|8|360|8|0|1
004720|box_n4_H18|b002684|8,11,17,18|5|17|18|16|3|18|3|30|16|32|18|42,34,8,0|32|16|44,34,8,0|36|18|6|6,3,3,6|4|0|4|0|1
004721|box_n4_H18|b002685|8,12,13,14|5|13|14|12|2|16|2|20|12|34|16|32,26,6,0|24|12|34,22,4,0|32|16|7|2,7,7,2|4|0|4|0|1
004722|box_n4_H18|b002686|8,12,13,15|5|13|15|12|2|14|2|20|12|24|14|32,26,6,0|24|12|36,26,4,0|28|14|4|4,4,4,4|3|66|3|0|1
004723|box_n4_H18|b002687|8,12,13,16|5|13|16|14|2|20|2|32|14|48|20|32,20,2,0|28|14|40,24,4,0|40|20|12|2,12,12,2|4|0|4|0|1
004724|box_n4_H18|b002688|8,12,13,17|5|13|17|14|2|16|3|24|14|26|16|32,24,6,0|28|14|42,32,6,0|32|16|5|5,4,4,5|4|0|4|0|1
004725|box_n4_H18|b002689|8,12,13,18|5|13|18|10|2|18|3|16|10|36|18|32,28,6,0|20|10|44,30,4,0|36|18|5|5,4,4,5|4|0|4|0|1
004726|box_n4_H18|b002690|8,12,14,15|5|14|15|14|2|12|2|28|14|20|12|36,28,6,0|28|14|36,28,4,0|24|12|6|2,6,6,2|3|7|3|0|1
004727|box_n4_H18|b002691|8,12,14,17|5|14|17|16|2|16|3|30|16|30|16|34,24,6,0|32|16|42,30,4,0|32|16|7|4,7,7,4|4|0|4|0|1
004728|box_n4_H18|b002692|8,12,15,16|5|15|16|12|2|20|2|24|12|44|20|36,26,2,0|24|12|36,20,4,0|40|20|10|3,10,10,3|3|4|3|0|1
004729|box_n4_H18|b002693|8,12,15,17|5|15|17|14|2|14|3|20|14|24|14|36,28,6,0|28|14|40,30,4,0|28|14|5|4,5,5,4|3|62|3|0|1
004730|box_n4_H18|b002694|8,12,15,18|5|15|18|10|2|14|3|12|10|20|14|36,32,6,0|20|10|36,26,4,0|28|14|5|2,5,5,2|8|27|9|1|1
004731|box_n4_H18|b002695|8,12,16,17|5|16|17|18|2|16|3|40|18|38|16|40,28,6,0|36|18|42,26,0,0|32|16|10|4,10,10,4|4|0|4|0|1
004732|box_n4_H18|b002696|8,12,17,18|5|17|18|12|3|20|3|18|12|40|20|42,36,6,0|24|12|44,28,4,0|40|20|7|7,4,4,7|4|0|4|0|1
004733|box_n4_H18|b002697|8,13,14,15|5|14|15|14|2|14|2|22|14|28|14|36,32,10,0|28|14|36,28,6,0|28|14|5|1,5,5,1|3|73|3|0|1
004734|box_n4_H18|b002698|8,13,14,16|5|14|16|18|2|20|2|42|18|44|20|36,22,4,0|36|18|40,24,4,0|40|20|12|3,12,12,3|8|280|8|0|1
004735|box_n4_H18|b002699|8,13,14,17|5|14|17|14|2|16|3|28|14|30|16|34,26,6,0|28|14|42,30,4,0|32|16|6|4,6,6,4|4|0|4|0|1
004736|box_n4_H18|b002700|8,13,14,18|5|14|18|14|2|16|3|30|14|28|16|36,28,6,0|28|14|44,34,6,0|32|16|7|2,7,7,2|8|315|8|0|1
004737|box_n4_H18|b002701|8,13,15,16|5|15|16|16|2|16|2|32|16|36|16|36,26,6,0|32|16|36,22,2,0|32|16|8|4,8,8,4|3|14|3|0|1
004738|box_n4_H18|b002702|8,13,15,17|5|15|17|14|2|12|3|24|14|24|12|36,30,8,0|28|14|40,30,2,0|24|12|6|2,6,6,2|3|62|3|0|1
004739|box_n4_H18|b002703|8,13,15,18|5|15|18|14|2|14|3|24|14|16|14|36,30,8,0|28|14|36,28,6,0|28|14|4|4,3,3,4|8|123|9|1|1
004740|box_n4_H18|b002704|8,13,16,17|5|16|17|20|2|20|3|44|20|38|20|40,24,4,0|40|20|42,26,4,0|40|20|10|6,10,10,6|4|0|4|0|1
004741|box_n4_H18|b002705|8,13,16,18|5|16|18|16|2|20|3|36|16|40|20|40,28,4,0|32|16|44,28,4,0|40|20|9|5,9,9,5|8|360|8|0|1
004742|box_n4_H18|b002706|8,13,17,18|5|17|18|12|3|16|3|18|12|32|16|42,36,6,0|24|12|44,32,4,0|32|16|6|6,3,3,6|4|0|4|0|1
004743|box_n4_H18|b002707|8,14,15,16|5|15|16|14|2|18|2|20|14|40|18|36,30,8,0|28|14|36,22,4,0|36|18|8|2,8,8,2|3|8|3|0|1
004744|box_n4_H18|b002708|8,14,15,17|5|15|17|14|2|14|3|24|14|28|14|36,28,6,0|28|14|40,30,4,0|28|14|7|2,7,7,2|3|9|3|0|1
004745|box_n4_H18|b002709|8,14,15,18|5|15|18|14|2|14|3|24|14|20|14|36,28,6,0|28|14|36,28,6,0|28|14|5|3,5,5,3|8|21|9|1|1
004746|box_n4_H18|b002710|8,14,16,17|5|16|17|20|2|18|3|44|20|42|18|40,26,6,0|40|20|42,26,2,0|36|18|10|5,10,10,5|4|0|4|0|1
004747|box_n4_H18|b002711|8,14,17,18|5|17|18|16|3|20|3|26|16|36|20|42,34,8,0|32|16|44,32,8,0|40|20|5|5,5,5,5|4|0|4|0|1
004748|box_n4_H18|b002712|8,15,16,17|5|16|17|16|2|18|3|28|16|36|18|40,32,8,0|32|16|42,30,6,0|36|18|7|3,7,7,3|2|2|2|0|1
004749|box_n4_H18|b002713|8,15,16,18|5|16|18|16|2|16|3|32|16|28|16|40,30,6,0|32|16|44,34,6,0|32|16|8|2,8,8,2|8|360|8|0|1
004750|box_n4_H18|b002714|8,15,17,18|5|17|18|14|3|14|3|24|14|20|14|42,36,8,0|28|14|44,38,8,0|28|14|3|3,3,3,3|3|75|3|0|1
004751|box_n4_H18|b002715|8,16,17,18|5|17|18|16|3|20|3|26|16|40|20|42,38,12,0|32|16|44,34,10,0|40|20|4|3,4,4,3|4|0|4|0|1
004752|box_n4_H18|b002716|9,10,11,12|5|11|12|8|2|10|2|8|8|16|10|28,26,6,0|16|8|30,26,6,0|20|10|3|0,3,3,0|2|3|2|0|1
004753|box_n4_H18|b002717|9,10,11,13|5|11|13|6|2|12|2|8|6|28|12|28,26,4,0|12|6|32,22,2,0|24|12|4|2,4,4,2|2|6|2|0|1
004754|box_n4_H18|b002718|9,10,11,14|5|11|14|10|2|8|2|16|10|12|8|28,22,4,0|20|10|34,30,4,0|16|8|3|3,2,2,3|3|61|3|0|1
004755|box_n4_H18|b002719|9,10,11,15|5|11|15|4|2|14|2|-4|4|32|14|24,26,6,0|8|4|36,24,2,0|28|14|3|2,3,3,2|3|14|3|0|1
004756|box_n4_H18|b002720|9,10,11,16|5|11|16|8|2|14|2|8|8|28|14|28,26,6,0|16|8|40,30,4,0|28|14|5|1,5,5,1|3|65|3|0|1
004757|box_n4_H18|b002721|9,10,11,17|5|11|17|10|2|14|2|16|10|28|14|28,22,4,0|20|10|42,32,4,0|28|14|5|5,3,3,5|3|330|3|0|1
004758|box_n4_H18|b002722|9,10,11,18|5|11|18|10|2|20|2|20|10|50|20|28,20,2,0|20|10|44,26,2,0|40|20|9|4,9,9,4|3|352|3|0|1
004759|box_n4_H18|b002723|9,10,12,13|5|12|13|10|2|14|2|16|10|28|14|30,26,6,0|20|10|32,22,4,0|28|14|5|2,5,5,2|3|70|3|0|1
004760|box_n4_H18|b002724|9,10,12,14|5|12|14|8|2|12|2|10|8|18|12|32,32,8,0|16|8|36,30,6,0|24|12|2|1,2,2,1|4|30|6|2|1
004761|box_n4_H18|b002725|9,10,12,15|5|12|15|8|2|16|2|10|8|32|16|36,38,10,0|16|8|36,24,4,0|32|16|4|1,4,4,1|7|22|9|2|1
004762|box_n4_H18|b002726|9,10,12,16|5|12|16|10|2|16|2|18|10|28|16|32,28,6,0|20|10|40,30,6,0|32|16|5|2,5,5,2|7|18|8|1|1
004763|box_n4_H18|b002727|9,10,12,17|5|12|17|10|2|14|2|12|10|28|14|30,28,8,0|20|10|42,32,4,0|28|14|6|0,6,6,0|3|70|3|0|1
004764|box_n4_H18|b002728|9,10,12,18|5|12|18|14|2|24|2|30|14|58|24|36,28,6,0|28|14|48,28,4,0|48|24|12|2,12,12,2|20|30|24|4|1
004765|box_n4_H18|b002729|9,10,13,14|5|13|14|12|2|12|2|20|12|20|12|32,26,6,0|24|12|34,26,4,0|24|12|4|3,4,4,3|2|2|2|0|1
004766|box_n4_H18|b002730|9,10,13,15|5|13|15|10|2|16|2|12|10|28|16|32,30,8,0|20|10|36,26,6,0|32|16|3|3,3,3,3|3|69|3|0|1
004767|box_n4_H18|b002731|9,10,13,16|5|13|16|12|2|16|2|16|12|28|16|32,28,8,0|24|12|40,30,6,0|32|16|4|4,3,3,4|2|6|2|0|1
004768|box_n4_H18|b002732|9,10,13,17|5|13|17|12|2|14|2|20|12|24|14|32,26,6,0|24|12|42,34,6,0|28|14|6|1,6,6,1|3|73|3|0|1
004769|box_n4_H18|b002733|9,10,13,18|5|13|18|12|2|22|2|24|12|50|22|32,24,4,0|24|12|44,26,4,0|44|22|10|3,10,10,3|3|8|3|0|1
004770|box_n4_H18|b002734|9,10,14,15|5|14|15|10|2|16|2|10|10|32|16|36,34,8,0|20|10|36,24,4,0|32|16|4|4,3,3,4|3|2|3|0|1
004771|box_n4_H18|b002735|9,10,14,16|5|14|16|12|2|14|2|22|12|28|14|36,28,4,0|24|12|40,30,4,0|28|14|6|3,6,6,3|6|37|6|0|1
004772|box_n4_H18|b002736|9,10,14,17|5|14|17|12|2|16|2|16|12|28|16|34,28,6,0|24|12|42,32,6,0|32|16|4|4,4,4,4|2|6|2|0|1
004773|box_n4_H18|b002737|9,10,14,18|5|14|18|10|2|20|2|14|10|50|20|36,32,6,0|20|10|44,26,2,0|40|20|8|3,8,8,3|4|41|4|0|1
004774|box_n4_H18|b002738|9,10,15,16|5|15|16|18|2|14|2|28|18|24|14|36,26,8,0|36|18|36,26,4,0|28|14|6|4,6,6,4|3|3|3|0|1
004775|box_n4_H18|b002739|9,10,15,17|5|15|17|16|2|16|2|28|16|26|16|36,26,6,0|32|16|40,30,6,0|32|16|5|5,5,5,5|3|64|3|0|1
004776|box_n4_H18|b002740|9,10,15,18|5|15|18|16|2|20|2|32|16|42|20|36,24,4,0|32|16|36,18,2,0|40|20|9|6,9,9,6|8|4|9|1|1
004777|box_n4_H18|b002741|9,10,16,17|5|16|17|16|2|14|2|28|16|24|14|40,30,6,0|32|16|42,34,6,0|28|14|6|3,6,6,3|2|3|2|0|1
004778|box_n4_H18|b002742|9,10,16,18|5|16|18|16|2|22|2|32|16|50|22|40,28,4,0|32|16|44,26,4,0|44|22|11|4,11,11,4|4|2|4|0|1
004779|box_n4_H18|b002743|9,10,17,18|5|17|18|18|2|22|2|32|18|50|22|42,30,6,0|36|18|44,26,4,0|44|22|11|4,11,11,4|3|87|3|0|1
004780|box_n4_H18|b002744|9,11,12,13|5|12|13|12|2|16|2|22|12|32|16|30,24,6,0|24|12|32,22,6,0|32|16|5|3,5,5,3|4|0|4|0|1
004781|box_n4_H18|b002745|9,11,12,14|5|12|14|14|2|14|2|28|14|24|14|32,24,6,0|28|14|36,28,6,0|28|14|6|2,6,6,2|8|210|8|0|1
004782|box_n4_H18|b002746|9,11,12,15|5|12|15|12|2|16|2|24|12|32|16|36,32,8,0|24|12|36,26,6,0|32|16|5|2,5,5,2|7|46|9|2|1
004783|box_n4_H18|b002747|9,11,12,16|5|12|16|14|2|20|2|24|14|36|20|32,26,8,0|28|14|40,28,8,0|40|20|5|4,5,5,4|16|120|16|0|1
004784|box_n4_H18|b002748|9,11,12,17|5|12|17|14|2|18|2|26|14|34|18|30,22,6,0|28|14|42,30,6,0|36|18|7|3,7,7,3|4|0|4|0|1
004785|box_n4_H18|b002749|9,11,12,18|5|12|18|16|2|22|2|36|16|50|22|36,26,6,0|32|16|48,30,4,0|44|22|12|2,12,12,2|20|90|24|4|1
004786|box_n4_H18|b002750|9,11,13,14|5|13|14|12|2|14|2|20|12|26|14|32,28,8,0|24|12|34,24,4,0|28|14|4|3,4,4,3|4|0|4|0|1
004787|box_n4_H18|b002751|9,11,13,15|5|13|15|12|2|14|2|16|12|24|14|32,30,10,0|24|12|36,30,8,0|28|14|2|2,2,2,2|3|66|3|0|1
004788|box_n4_H18|b002752|9,11,13,16|5|13|16|16|2|16|2|28|16|36|16|32,24,8,0|32|16|40,28,4,0|32|16|6|6,4,4,6|4|0|4|0|1
004789|box_n4_H18|b002753|9,11,13,17|5|13|17|12|2|16|2|24|12|34|16|32,26,6,0|24|12|42,30,4,0|32|16|7|2,7,7,2|4|0|4|0|1
004790|box_n4_H18|b002754|9,11,13,18|5|13|18|16|2|20|2|32|16|46|20|32,22,6,0|32|16|44,26,2,0|40|20|9|5,9,9,5|4|0|4|0|1
004791|box_n4_H18|b002755|9,11,14,15|5|14|15|14|2|18|2|24|14|36|18|36,28,6,0|28|14|36,24,6,0|36|18|6|6,4,4,6|3|63|3|0|1
004792|box_n4_H18|b002756|9,11,14,16|5|14|16|16|2|20|2|28|16|40|20|36,26,6,0|32|16|40,26,6,0|40|20|7|7,5,5,7|8|280|8|0|1
004793|box_n4_H18|b002757|9,11,14,17|5|14|17|14|2|18|2|18|14|30|18|34,28,8,0|28|14|42,32,8,0|36|18|4|4,4,4,4|4|0|4|0|1
004794|box_n4_H18|b002758|9,11,14,18|5|14|18|14|2|20|2|24|14|42|20|36,28,6,0|28|14|44,28,4,0|40|20|9|3,9,9,3|8|315|8|0|1
004795|box_n4_H18|b002759|9,11,15,16|5|15|16|14|2|14|2|20|14|24|14|36,32,10,0|28|14|36,28,6,0|28|14|4|2,4,4,2|3|61|3|0|1
004796|box_n4_H18|b002760|9,11,15,17|5|15|17|16|2|16|2|28|16|28|16|36,28,8,0|32|16|40,30,6,0|32|16|5|4,5,5,4|3|67|3|0|1
004797|box_n4_H18|b002761|9,11,15,18|5|15|18|16|2|18|2|32|16|34|18|36,26,6,0|32|16|36,20,2,0|36|18|9|4,9,9,4|8|28|9|1|1
004798|box_n4_H18|b002762|9,11,16,17|5|16|17|18|2|18|2|36|18|34|18|40,28,6,0|36|18|42,30,6,0|36|18|9|3,9,9,3|4|0|4|0|1
004799|box_n4_H18|b002763|9,11,16,18|5|16|18|20|2|22|2|36|20|46|22|40,28,8,0|40|20|44,26,4,0|44|22|11|4,11,11,4|8|360|8|0|1
004800|box_n4_H18|b002764|9,11,17,18|5|17|18|20|2|20|2|38|20|42|20|42,28,6,0|40|20|44,28,4,0|40|20|10|5,10,10,5|4|0|4|0|1
004801|box_n4_H18|b002765|9,12,13,14|5|13|14|12|2|14|2|20|12|28|14|32,28,8,0|24|12|34,24,4,0|28|14|6|1,6,6,1|4|0|4|0|1
004802|box_n4_H18|b002766|9,12,13,15|5|13|15|10|2|14|2|20|10|28|14|32,28,6,0|20|10|36,28,6,0|28|14|3|3,3,3,3|3|63|3|0|1
004803|box_n4_H18|b002767|9,12,13,16|5|13|16|16|2|18|2|32|16|36|18|32,22,6,0|32|16|40,28,6,0|36|18|7|4,7,7,4|4|0|4|0|1
004804|box_n4_H18|b002768|9,12,13,17|5|13|17|14|2|20|2|20|14|38|20|32,28,10,0|28|14|42,30,8,0|40|20|4|4,4,4,4|4|0|4|0|1
004805|box_n4_H18|b002769|9,12,13,18|5|13|18|16|2|24|2|32|16|58|24|32,22,6,0|32|16|44,22,2,0|48|24|10|6,10,10,6|4|0|4|0|1
004806|box_n4_H18|b002770|9,12,14,15|5|14|15|12|2|16|2|26|12|32|16|36,28,4,0|24|12|36,26,6,0|32|16|5|4,5,5,4|3|13|3|0|1
004807|box_n4_H18|b002771|9,12,14,16|5|14|16|14|2|16|2|26|14|32|16|36,28,6,0|28|14|40,30,6,0|32|16|6|3,6,6,3|8|280|8|0|1
004808|box_n4_H18|b002772|9,12,14,17|5|14|17|14|2|22|2|28|14|42|22|34,24,4,0|28|14|42,28,8,0|44|22|6|6,6,6,6|4|0|4|0|1
004809|box_n4_H18|b002773|9,12,14,18|5|14|18|16|2|24|2|34|16|58|24|36,24,4,0|32|16|44,22,2,0|48|24|12|5,12,12,5|8|315|8|0|1
004810|box_n4_H18|b002774|9,12,15,16|5|15|16|14|2|14|2|28|14|28|14|36,28,6,0|28|14|36,26,4,0|28|14|7|2,7,7,2|3|12|3|0|1
004811|box_n4_H18|b002775|9,12,15,17|5|15|17|14|2|16|2|24|14|32|16|36,30,8,0|28|14|40,30,6,0|32|16|5|5,3,3,5|3|64|3|0|1
004812|box_n4_H18|b002776|9,12,16,17|5|16|17|16|2|20|2|28|16|38|20|40,32,8,0|32|16|42,30,8,0|40|20|8|2,8,8,2|4|0|4|0|1
004813|box_n4_H18|b002777|9,12,16,18|5|16|18|18|2|24|2|36|18|58|24|40,28,6,0|36|18|44,22,2,0|48|24|13|4,13,13,4|8|360|8|0|1
004814|box_n4_H18|b002778|9,12,17,18|5|17|18|20|2|24|2|38|20|58|24|42,30,8,0|40|20|44,22,2,0|48|24|11|6,11,11,6|4|0|4|0|1
004815|box_n4_H18|b002779|9,13,14,15|5|14|15|12|2|16|2|20|12|28|16|36,32,8,0|24|12|36,26,6,0|32|16|4|3,4,4,3|3|64|3|0|1
004816|box_n4_H18|b002780|9,13,14,16|5|14|16|16|2|16|2|32|16|32|16|36,26,6,0|32|16|40,30,6,0|32|16|6|4,6,6,4|8|280|8|0|1
004817|box_n4_H18|b002781|9,13,14,17|5|14|17|14|2|20|2|26|14|38|20|34,26,6,0|28|14|42,28,6,0|40|20|6|6,5,5,6|4|0|4|0|1
004818|box_n4_H18|b002782|9,13,14,18|5|14|18|16|2|22|2|28|16|46|22|36,28,8,0|32|16|44,28,6,0|44|22|9|3,9,9,3|8|315|8|0|1
004819|box_n4_H18|b002783|9,13,15,16|5|15|16|14|2|14|2|24|14|24|14|36,28,6,0|28|14|36,28,6,0|28|14|5|3,5,5,3|3|62|3|0|1
004820|box_n4_H18|b002784|9,13,15,17|5|15|17|10|2|16|2|16|10|28|16|36,32,6,0|20|10|40,30,6,0|32|16|4|3,4,4,3|3|74|3|0|1
004821|box_n4_H18|b002785|9,13,15,18|5|15|18|14|2|18|2|24|14|38|18|36,28,6,0|28|14|36,20,2,0|36|18|7|5,7,7,5|8|52|9|1|1
004822|box_n4_H18|b002786|9,13,16,17|5|16|17|16|2|16|2|36|16|34|16|40,28,4,0|32|16|42,30,4,0|32|16|8|4,8,8,4|4|0|4|0|1
004823|box_n4_H18|b002787|9,13,16,18|5|16|18|18|2|22|2|36|18|50|22|40,28,6,0|36|18|44,26,4,0|44|22|10|5,10,10,5|8|360|8|0|1
004824|box_n4_H18|b002788|9,13,17,18|5|17|18|18|2|22|2|34|18|50|22|42,30,6,0|36|18|44,26,4,0|44|22|10|5,10,10,5|4|0|4|0|1
004825|box_n4_H18|b002789|9,14,15,16|5|15|16|12|2|14|2|20|12|24|14|36,32,8,0|24|12|36,28,6,0|28|14|5|1,5,5,1|3|61|3|0|1
004826|box_n4_H18|b002790|9,14,15,17|5|15|17|14|2|16|2|24|14|32|16|36,30,8,0|28|14|40,30,6,0|32|16|5|3,5,5,3|3|62|3|0|1
004827|box_n4_H18|b002791|9,14,15,18|5|15|18|16|2|18|2|32|16|38|18|36,26,6,0|32|16|36,20,2,0|36|18|9|4,9,9,4|8|22|9|1|1
004828|box_n4_H18|b002792|9,14,16,17|5|16|17|16|2|18|2|32|16|38|18|40,30,6,0|32|16|42,30,6,0|36|18|8|3,8,8,3|4|0|4|0|1
004829|box_n4_H18|b002793|9,14,16,18|5|16|18|18|2|22|2|36|18|50|22|40,28,6,0|36|18|44,26,4,0|44|22|13|2,13,13,2|8|360|8|0|1
004830|box_n4_H18|b002794|9,14,17,18|5|17|18|20|2|22|2|42|20|50|22|42,28,6,0|40|20|44,26,4,0|44|22|12|4,12,12,4|4|0|4|0|1
004831|box_n4_H18|b002795|9,15,16,17|5|16|17|12|2|16|2|16|12|28|16|40,36,8,0|24|12|42,34,8,0|32|16|5|1,5,5,1|3|160|3|0|1
004832|box_n4_H18|b002796|9,15,16,18|5|16|18|14|2|18|2|28|14|38|18|40,30,4,0|28|14|44,32,6,0|36|18|9|2,9,9,2|4|7|4|0|1
004833|box_n4_H18|b002797|9,15,17,18|5|17|18|18|2|18|2|36|18|38|18|42,30,6,0|36|18|44,32,6,0|36|18|10|2,10,10,2|3|10|3|0|1
004834|box_n4_H18|b002798|9,16,17,18|5|17|18|16|2|20|2|30|16|46|20|42,32,6,0|32|16|44,28,4,0|40|20|11|2,11,11,2|4|0|4|0|1
004835|box_n4_H18|b002799|10,11,12,13|5|12|13|8|2|12|2|4|8|24|12|30,30,8,0|16|8|32,24,4,0|24|12|3|1,3,3,1|3|122|3|0|1
004836|box_n4_H18|b002800|10,11,12,14|5|12|14|6|2|10|2|6|6|18|10|32,32,6,0|12|6|36,30,4,0|20|10|2|1,2,2,1|4|100|4|0|1
004837|box_n4_H18|b002801|10,11,12,15|5|12|15|10|2|14|2|14|10|28|14|36,34,8,0|20|10|36,26,4,0|28|14|3|3,3,3,3|7|46|9|2|1
004838|box_n4_H18|b002802|10,11,12,16|5|12|16|8|2|14|2|10|8|28|14|32,30,6,0|16|8|40,30,4,0|28|14|4|2,4,4,2|7|30|8|1|1
004839|box_n4_H18|b002803|10,11,12,17|5|12|17|8|2|14|2|12|8|28|14|30,26,4,0|16|8|42,34,6,0|28|14|6|0,6,6,0|3|70|3|0|1
004840|box_n4_H18|b002804|10,11,12,18|5|12|18|12|2|20|2|22|12|44|20|36,30,6,0|24|12|48,34,6,0|40|20|6|4,6,6,4|18|60|24|6|1
004841|box_n4_H18|b002805|10,11,13,14|5|13|14|14|2|12|2|20|14|20|12|32,26,8,0|28|14|34,26,4,0|24|12|4|4,3,3,4|3|70|3|0|1
004842|box_n4_H18|b002806|10,11,13,15|5|13|15|8|2|14|2|8|8|24|14|32,32,8,0|16|8|36,28,6,0|28|14|2|2,2,2,2|3|71|3|0|1
004843|box_n4_H18|b002807|10,11,13,16|5|13|16|10|2|14|2|16|10|28|14|32,28,6,0|20|10|40,30,4,0|28|14|4|4,3,3,4|2|1|2|0|1
004844|box_n4_H18|b002808|10,11,13,17|5|13|17|12|2|18|2|24|12|32|18|32,24,4,0|24|12|42,32,8,0|36|18|7|2,7,7,2|3|73|3|0|1
004845|box_n4_H18|b002809|10,11,13,18|5|13|18|12|2|18|2|20|12|36|18|32,26,6,0|24|12|44,32,6,0|36|18|6|3,6,6,3|3|75|3|0|1
004846|box_n4_H18|b002810|10,11,14,15|5|14|15|10|2|18|2|10|10|32|18|36,34,8,0|20|10|36,24,6,0|36|18|4|4,3,3,4|3|3|3|0|1
004847|box_n4_H18|b002811|10,11,14,16|5|14|16|12|2|16|2|18|12|32|16|36,30,6,0|24|12|40,28,4,0|32|16|5|4,5,5,4|6|275|6|0|1
004848|box_n4_H18|b002812|10,11,14,17|5|14|17|8|2|12|2|8|8|24|12|34,32,6,0|16|8|42,36,6,0|24|12|4|0,4,4,0|2|9|2|0|1
004849|box_n4_H18|b002813|10,11,14,18|5|14|18|8|2|16|2|6|8|32|16|36,36,8,0|16|8|44,34,6,0|32|16|3|2,3,3,2|4|41|4|0|1
004850|box_n4_H18|b002814|10,11,15,16|5|15|16|12|2|16|2|20|12|24|16|36,30,6,0|24|12|36,26,6,0|32|16|4|4,4,4,4|3|13|3|0|1
004851|box_n4_H18|b002815|10,11,15,17|5|15|17|14|2|16|2|28|14|26|16|36,26,4,0|28|14|40,32,8,0|32|16|5|4,5,5,4|3|6|3|0|1
004852|box_n4_H18|b002816|10,11,15,18|5|15|18|16|2|16|2|28|16|24|16|36,26,6,0|32|16|36,26,6,0|32|16|6|4,6,6,4|7|21|9|2|1
004853|box_n4_H18|b002817|10,11,16,17|5|16|17|16|2|18|2|28|16|32|18|40,30,6,0|32|16|42,32,8,0|36|18|6|4,6,6,4|3|240|3|0|1
004854|box_n4_H18|b002818|10,11,16,18|5|16|18|14|2|18|2|24|14|36|18|40,32,6,0|28|14|44,32,6,0|36|18|6|4,6,6,4|4|38|4|0|1
004855|box_n4_H18|b002819|10,11,17,18|5|17|18|16|2|16|2|28|16|32|16|42,34,8,0|32|16|44,34,6,0|32|16|5|5,4,4,5|3|87|3|0|1
004856|box_n4_H18|b002820|10,12,13,14|5|13|14|10|2|12|2|20|10|22|12|32,26,4,0|20|10|34,26,4,0|24|12|5|2,5,5,2|2|3|2|0|1
004857|box_n4_H18|b002821|10,12,13,15|5|13|15|10|2|16|2|12|10|28|16|32,30,8,0|20|10|36,26,6,0|32|16|3|3,3,3,3|3|6|3|0|1
004858|box_n4_H18|b002822|10,12,13,16|5|13|16|12|2|14|2|20|12|28|14|32,26,6,0|24|12|40,30,4,0|28|14|6|2,6,6,2|2|4|2|0|1
004859|box_n4_H18|b002823|10,12,13,17|5|13|17|12|2|14|2|20|12|28|14|32,26,6,0|24|12|42,32,4,0|28|14|4|4,4,4,4|3|5|3|0|1
004860|box_n4_H18|b002824|10,12,13,18|5|13|18|12|2|20|2|20|12|44|20|32,26,6,0|24|12|44,28,4,0|40|20|7|4,7,7,4|3|3|3|0|1
004861|box_n4_H18|b002825|10,12,14,15|5|14|15|10|2|14|2|12|10|28|14|36,34,8,0|20|10|36,26,4,0|28|14|4|2,4,4,2|3|137|3|0|1
004862|box_n4_H18|b002826|10,12,14,17|5|14|17|12|2|14|2|18|12|28|14|34,28,6,0|24|12|42,32,4,0|28|14|6|2,6,6,2|2|5|2|0|1
004863|box_n4_H18|b002827|10,12,15,16|5|15|16|16|2|16|2|28|16|28|16|36,26,6,0|32|16|36,24,4,0|32|16|7|4,7,7,4|3|4|3|0|1
004864|box_n4_H18|b002828|10,12,15,17|5|15|17|14|2|16|2|24|14|22|16|36,28,6,0|28|14|40,32,8,0|32|16|5|5,3,3,5|3|11|3|0|1
004865|box_n4_H18|b002829|10,12,15,18|5|15|18|12|2|16|2|20|12|28|16|36,30,6,0|24|12|36,24,4,0|32|16|6|3,6,6,3|8|27|9|1|1
004866|box_n4_H18|b002830|10,12,16,17|5|16|17|12|2|14|2|20|12|28|14|40,34,6,0|24|12|42,32,4,0|28|14|5|3,5,5,3|2|12|2|0|1
004867|box_n4_H18|b002831|10,12,17,18|5|17|18|14|2|20|2|20|14|44|20|42,36,8,0|28|14|44,28,4,0|40|20|6|6,5,5,6|3|15|3|0|1
004868|box_n4_H18|b002832|10,13,14,15|5|14|15|8|2|14|2|6|8|28|14|36,38,10,0|16|8|36,26,4,0|28|14|3|1,3,3,1|3|11|3|0|1
004869|box_n4_H18|b002833|10,13,14,16|5|14|16|12|2|14|2|22|12|24|14|36,30,6,0|24|12|40,32,6,0|28|14|6|1,6,6,1|6|243|6|0|1
004870|box_n4_H18|b002834|10,13,14,17|5|14|17|12|2|16|2|16|12|28|16|34,30,8,0|24|12|42,32,6,0|32|16|5|2,5,5,2|2|1|2|0|1
004871|box_n4_H18|b002835|10,13,14,18|5|14|18|8|2|16|2|10|8|28|16|36,36,8,0|16|8|44,34,6,0|32|16|3|2,3,3,2|4|41|4|0|1
004872|box_n4_H18|b002836|10,13,15,16|5|15|16|14|2|14|2|28|14|24|14|36,26,4,0|28|14|36,26,4,0|28|14|5|5,5,5,5|3|62|3|0|1
004873|box_n4_H18|b002837|10,13,15,17|5|15|17|12|2|14|2|20|12|22|14|36,30,6,0|24|12|40,32,6,0|28|14|4|3,4,4,3|3|11|3|0|1
004874|box_n4_H18|b002838|10,13,15,18|5|15|18|14|2|16|2|24|14|20|16|36,28,6,0|28|14|36,26,6,0|32|16|5|5,4,4,5|8|52|9|1|1
004875|box_n4_H18|b002839|10,13,16,17|5|16|17|16|2|14|2|28|16|28|14|40,30,6,0|32|16|42,32,4,0|28|14|5|5,5,5,5|3|85|3|0|1
004876|box_n4_H18|b002840|10,13,16,18|5|16|18|14|2|16|2|24|14|32|16|40,32,6,0|28|14|44,32,4,0|32|16|5|5,5,5,5|4|38|4|0|1
004877|box_n4_H18|b002841|10,13,17,18|5|17|18|14|2|16|2|20|14|32|16|42,36,8,0|28|14|44,32,4,0|32|16|5|5,4,4,5|3|15|3|0|1
004878|box_n4_H18|b002842|10,14,15,16|5|15|16|12|2|14|2|20|12|24|14|36,30,6,0|24|12|36,26,4,0|28|14|5|3,5,5,3|3|13|3|0|1
004879|box_n4_H18|b002843|10,14,15,17|5|15|17|14|2|14|2|24|14|22|14|36,28,6,0|28|14|40,32,6,0|28|14|5|3,5,5,3|3|9|3|0|1
004880|box_n4_H18|b002844|10,14,15,18|5|15|18|14|2|14|2|28|14|20|14|36,26,4,0|28|14|36,26,4,0|28|14|6|4,6,6,4|7|22|9|2|1
004881|box_n4_H18|b002845|10,14,16,17|5|16|17|14|2|16|2|24|14|28|16|40,32,6,0|28|14|42,32,6,0|32|16|5|4,5,5,4|2|3|2|0|1
004882|box_n4_H18|b002846|10,14,17,18|5|17|18|12|2|16|2|24|12|32|16|42,34,4,0|24|12|44,32,4,0|32|16|6|4,6,6,4|3|165|3|0|1
004883|box_n4_H18|b002847|10,15,16,17|5|16|17|12|2|14|2|16|12|22|14|40,38,10,0|24|12|42,36,8,0|28|14|2|2,2,2,2|3|240|3|0|1
004884|box_n4_H18|b002848|10,15,16,18|5|16|18|14|2|14|2|24|14|20|14|40,34,8,0|28|14|44,38,8,0|28|14|4|2,4,4,2|4|4|4|0|1
004885|box_n4_H18|b002849|10,15,17,18|5|17|18|14|2|14|2|22|14|20|14|42,36,8,0|28|14|44,38,8,0|28|14|4|2,4,4,2|3|15|3|0|1
004886|box_n4_H18|b002850|10,16,17,18|5|17|18|12|2|16|2|16|12|28|16|42,38,8,0|24|12|44,34,6,0|32|16|5|2,5,5,2|3|257|3|0|1
004887|box_n4_H18|b002851|11,12,13,14|5|13|14|12|2|14|2|16|12|28|14|32,28,8,0|24|12|34,24,4,0|28|14|5|2,5,5,2|4|0|4|0|1
004888|box_n4_H18|b002852|11,12,13,15|5|13|15|8|2|12|2|12|8|20|12|32,30,6,0|16|8|36,30,6,0|24|12|2|2,2,2,2|3|12|3|0|1
004889|box_n4_H18|b002853|11,12,13,16|5|13|16|16|2|16|2|28|16|36|16|32,22,6,0|32|16|40,28,4,0|32|16|7|4,7,7,4|4|0|4|0|1
004890|box_n4_H18|b002854|11,12,13,17|5|13|17|12|2|18|2|20|12|38|18|32,26,6,0|24|12|42,28,4,0|36|18|5|5,5,5,5|4|0|4|0|1
004891|box_n4_H18|b002855|11,12,13,18|5|13|18|14|2|20|2|24|14|44|20|32,24,6,0|28|14|44,28,4,0|40|20|6|6,6,6,6|4|0|4|0|1
004892|box_n4_H18|b002856|11,12,14,15|5|14|15|14|2|14|2|26|14|28|14|36,28,6,0|28|14|36,26,4,0|28|14|5|4,5,5,4|3|6|3|0|1
004893|box_n4_H18|b002857|11,12,14,16|5|14|16|12|2|18|2|22|12|36|18|36,30,6,0|24|12|40,28,6,0|36|18|5|4,5,5,4|8|280|8|0|1
004894|box_n4_H18|b002858|11,12,14,17|5|14|17|12|2|16|2|20|12|30|16|34,28,6,0|24|12|42,32,6,0|32|16|6|2,6,6,2|4|0|4|0|1
004895|box_n4_H18|b002859|11,12,14,18|5|14|18|14|2|20|2|26|14|40|20|36,28,6,0|28|14|44,30,6,0|40|20|7|4,7,7,4|8|315|8|0|1
004896|box_n4_H18|b002860|11,12,15,16|5|15|16|14|2|14|2|16|14|28|14|36,32,10,0|28|14|36,26,4,0|28|14|5|2,5,5,2|3|62|3|0|1
004897|box_n4_H18|b002861|11,12,15,17|5|15|17|12|2|14|2|20|12|24|14|36,30,6,0|24|12|40,32,6,0|28|14|4|4,3,3,4|3|13|3|0|1
004898|box_n4_H18|b002862|11,12,15,18|5|15|18|12|2|14|2|16|12|24|14|36,32,8,0|24|12|36,26,4,0|28|14|6|1,6,6,1|8|27|9|1|1
004899|box_n4_H18|b002863|11,12,16,17|5|16|17|16|2|20|2|28|16|38|20|40,32,8,0|32|16|42,28,6,0|40|20|8|3,8,8,3|4|0|4|0|1
004900|box_n4_H18|b002864|11,12,16,18|5|16|18|16|2|20|2|28|16|44|20|40,32,8,0|32|16|44,28,4,0|40|20|8|4,8,8,4|8|360|8|0|1
004901|box_n4_H18|b002865|11,12,17,18|5|17|18|16|2|20|2|26|16|40|20|42,34,8,0|32|16|44,30,6,0|40|20|7|7,4,4,7|4|0|4|0|1
004902|box_n4_H18|b002866|11,13,14,15|5|14|15|10|2|14|2|20|10|24|14|36,32,6,0|20|10|36,26,4,0|28|14|4|3,4,4,3|3|64|3|0|1
004903|box_n4_H18|b002867|11,13,14,16|5|14|16|16|2|18|2|28|16|36|18|36,28,8,0|32|16|40,28,6,0|36|18|5|5,5,5,5|8|280|8|0|1
004904|box_n4_H18|b002868|11,13,14,17|5|14|17|12|2|18|2|18|12|34|18|34,30,8,0|24|12|42,32,8,0|36|18|5|2,5,5,2|4|0|4|0|1
004905|box_n4_H18|b002869|11,13,14,18|5|14|18|14|2|16|2|20|14|28|16|36,32,10,0|28|14|44,36,8,0|32|16|4|2,4,4,2|8|315|8|0|1
004906|box_n4_H18|b002870|11,13,15,16|5|15|16|10|2|12|2|12|10|24|12|36,32,6,0|20|10|36,28,4,0|24|12|3|3,3,3,3|3|14|3|0|1
004907|box_n4_H18|b002871|11,13,15,17|5|15|17|12|2|16|2|12|12|28|16|36,32,8,0|24|12|40,32,8,0|32|16|4|2,4,4,2|3|62|3|0|1
004908|box_n4_H18|b002872|11,13,15,18|5|15|18|12|2|12|2|16|12|20|12|36,30,6,0|24|12|36,28,4,0|24|12|4|3,4,4,3|6|52|9|3|1
004909|box_n4_H18|b002873|11,13,16,17|5|16|17|20|2|20|2|36|20|42|20|40,28,8,0|40|20|42,28,6,0|40|20|8|5,8,8,5|4|0|4|0|1
004910|box_n4_H18|b002874|11,13,16,18|5|16|18|16|2|20|2|28|16|36|20|40,32,8,0|32|16|44,32,8,0|40|20|5|5,5,5,5|8|360|8|0|1
004911|box_n4_H18|b002875|11,13,17,18|5|17|18|16|2|18|2|30|16|32|18|42,34,8,0|32|16|44,34,8,0|36|18|6|6,3,3,6|4|0|4|0|1
004912|box_n4_H18|b002876|11,14,15,16|5|15|16|10|2|14|2|12|10|28|14|36,36,10,0|20|10|36,28,6,0|28|14|3|1,3,3,1|3|13|3|0|1
004913|box_n4_H18|b002877|11,14,15,17|5|15|17|14|2|14|2|24|14|20|14|36,30,8,0|28|14|40,32,6,0|28|14|5|2,5,5,2|3|71|3|0|1
004914|box_n4_H18|b002878|11,14,15,18|5|15|18|16|2|14|2|28|16|16|14|36,28,8,0|32|16|36,28,6,0|28|14|6|2,6,6,2|8|21|9|1|1
004915|box_n4_H18|b002879|11,14,16,17|5|16|17|16|2|18|2|36|16|34|18|40,30,6,0|32|16|42,28,4,0|36|18|8|4,8,8,4|4|0|4|0|1
004916|box_n4_H18|b002880|11,14,16,18|5|16|18|16|2|18|2|32|16|32|18|40,32,8,0|32|16|44,32,6,0|36|18|8|2,8,8,2|8|360|8|0|1
004917|box_n4_H18|b002881|11,14,17,18|5|17|18|16|2|14|2|26|16|28|14|42,32,6,0|32|16|44,34,4,0|28|14|5|5,5,5,5|4|0|4|0|1
004918|box_n4_H18|b002882|11,15,16,17|5|16|17|12|2|14|2|16|12|28|14|40,36,8,0|24|12|42,32,4,0|28|14|5|2,5,5,2|3|240|3|0|1
004919|box_n4_H18|b002883|11,15,16,18|5|16|18|14|2|14|2|20|14|20|14|40,34,8,0|28|14|44,38,8,0|28|14|4|2,4,4,2|4|38|4|0|1
004920|box_n4_H18|b002884|11,15,17,18|5|17|18|16|2|14|2|24|16|16|14|42,34,8,0|32|16|44,40,10,0|28|14|3|3,3,3,3|3|75|3|0|1
004921|box_n4_H18|b002885|11,16,17,18|5|17|18|16|2|16|2|26|16|28|16|42,36,10,0|32|16|44,36,8,0|32|16|4|3,4,4,3|4|0|4|0|1
004922|box_n4_H18|b002886|12,13,14,15|5|14|15|12|2|14|2|18|12|24|14|36,32,8,0|24|12|36,28,6,0|28|14|5|1,5,5,1|3|141|3|0|1
004923|box_n4_H18|b002887|12,13,14,16|5|14|16|12|2|14|2|22|12|28|14|36,30,6,0|24|12|40,32,6,0|28|14|6|1,6,6,1|8|280|8|0|1
004924|box_n4_H18|b002888|12,13,14,17|5|14|17|14|2|18|2|24|14|42|18|34,26,6,0|28|14|42,28,4,0|36|18|7|4,7,7,4|4|0|4|0|1
004925|box_n4_H18|b002889|12,13,14,18|5|14|18|14|2|20|2|26|14|44|20|36,28,6,0|28|14|44,30,6,0|40|20|7|4,7,7,4|8|315|8|0|1
004926|box_n4_H18|b002890|12,13,15,16|5|15|16|14|2|16|2|24|14|28|16|36,28,6,0|28|14|36,26,6,0|32|16|6|3,6,6,3|3|61|3|0|1
004927|box_n4_H18|b002891|12,13,15,17|5|15|17|10|2|16|2|12|10|28|16|36,34,8,0|20|10|40,32,8,0|32|16|3|3,2,2,3|3|11|3|0|1
004928|box_n4_H18|b002892|12,13,15,18|5|15|18|10|2|16|2|12|10|28|16|36,34,8,0|20|10|36,26,6,0|32|16|4|2,4,4,2|8|123|9|1|1
004929|box_n4_H18|b002893|12,13,16,17|5|16|17|16|2|20|2|28|16|42|20|40,32,8,0|32|16|42,28,6,0|40|20|7|4,7,7,4|4|0|4|0|1
004930|box_n4_H18|b002894|12,13,16,18|5|16|18|16|2|22|2|28|16|48|22|40,32,8,0|32|16|44,28,6,0|44|22|7|5,7,7,5|8|360|8|0|1
004931|box_n4_H18|b002895|12,13,17,18|5|17|18|16|2|24|2|26|16|48|24|42,36,10,0|32|16|44,28,8,0|48|24|7|7,4,4,7|4|0|4|0|1
004932|box_n4_H18|b002896|12,14,15,16|5|15|16|10|2|14|2|16|10|24|14|36,32,6,0|20|10|36,26,4,0|28|14|6|1,6,6,1|3|8|3|0|1
004933|box_n4_H18|b002897|12,14,15,17|5|15|17|12|2|16|2|16|12|28|16|36,32,8,0|24|12|40,32,8,0|32|16|3|3,3,3,3|3|64|3|0|1
004934|box_n4_H18|b002898|12,14,15,18|5|15|18|12|2|16|2|16|12|28|16|36,32,8,0|24|12|36,26,6,0|32|16|6|1,6,6,1|8|147|9|1|1
004935|box_n4_H18|b002899|12,14,16,17|5|16|17|14|2|20|2|20|14|42|20|40,34,8,0|28|14|42,28,6,0|40|20|7|3,7,7,3|4|0|4|0|1
004936|box_n4_H18|b002900|12,14,17,18|5|17|18|18|2|22|2|30|18|48|22|42,34,10,0|36|18|44,28,6,0|44|22|6|6,6,6,6|4|0|4|0|1
004937|box_n4_H18|b002901|12,15,16,17|5|16|17|10|2|14|2|12|10|28|14|40,40,10,0|20|10|42,32,4,0|28|14|4|1,4,4,1|2|8|2|0|1
004938|box_n4_H18|b002902|12,15,16,18|5|16|18|14|2|16|2|24|14|28|16|40,34,8,0|28|14|44,34,6,0|32|16|6|2,6,6,2|8|360|8|0|1
004939|box_n4_H18|b002903|12,15,17,18|5|17|18|12|2|16|2|20|12|28|16|42,36,6,0|24|12|44,34,6,0|32|16|4|4,4,4,4|3|15|3|0|1
004940|box_n4_H18|b002904|12,16,17,18|5|17|18|14|2|20|2|22|14|44|20|42,38,10,0|28|14|44,30,6,0|40|20|5|4,5,5,4|4|0|4|0|1
004941|box_n4_H18|b002905|13,14,15,16|5|15|16|14|2|12|2|16|14|20|12|36,32,10,0|28|14|36,28,4,0|24|12|4|2,4,4,2|3|62|3|0|1
004942|box_n4_H18|b002906|13,14,15,17|5|15|17|8|2|14|2|12|8|28|14|36,34,6,0|16|8|40,32,6,0|28|14|4|1,4,4,1|3|511|3|0|1
004943|box_n4_H18|b002907|13,14,15,18|5|15|18|14|2|10|2|20|14|16|10|36,30,8,0|28|14|36,28,2,0|20|10|4|3,4,4,3|7|21|9|2|1
004944|box_n4_H18|b002908|13,14,16,17|5|16|17|16|2|22|2|28|16|42|22|40,30,6,0|32|16|42,28,8,0|44|22|7|5,7,7,5|4|0|4|0|1
004945|box_n4_H18|b002909|13,14,16,18|5|16|18|14|2|18|2|24|14|32|18|40,32,6,0|28|14|44,32,6,0|36|18|7|3,7,7,3|8|360|8|0|1
004946|box_n4_H18|b002910|13,14,17,18|5|17|18|18|2|18|2|30|18|32|18|42,34,10,0|36|18|44,32,6,0|36|18|5|5,5,5,5|4|0|4|0|1
004947|box_n4_H18|b002911|13,15,16,17|5|16|17|10|2|16|2|16|10|28|16|40,36,6,0|20|10|42,32,6,0|32|16|4|3,4,4,3|2|2|2|0|1
004948|box_n4_H18|b002912|13,15,16,18|5|16|18|14|2|14|2|20|14|20|14|40,34,8,0|28|14|44,38,8,0|28|14|3|3,3,3,3|4|38|4|0|1
004949|box_n4_H18|b002913|13,15,17,18|5|17|18|14|2|14|2|20|14|20|14|42,36,8,0|28|14|44,38,8,0|28|14|3|3,3,3,3|3|15|3|0|1
004950|box_n4_H18|b002914|13,16,17,18|5|17|18|14|2|16|2|22|14|32|16|42,38,10,0|28|14|44,34,6,0|32|16|4|3,4,4,3|4|0|4|0|1
004951|box_n4_H18|b002915|14,15,16,17|5|16|17|12|2|14|2|12|12|28|14|40,38,10,0|24|12|42,32,4,0|28|14|4|2,4,4,2|2|3|2|0|1
004952|box_n4_H18|b002916|14,15,16,18|5|16|18|12|2|14|2|20|12|20|14|40,34,6,0|24|12|44,38,8,0|28|14|6|0,6,6,0|8|360|8|0|1
004953|box_n4_H18|b002917|14,15,17,18|5|17|18|16|2|14|2|24|16|20|14|42,34,8,0|32|16|44,38,8,0|28|14|5|2,5,5,2|3|10|3|0|1
004954|box_n4_H18|b002918|14,16,17,18|5|17|18|14|2|18|2|26|14|32|18|42,36,8,0|28|14|44,34,8,0|36|18|6|2,6,6,2|4|0|4|0|1
004955|box_n4_H18|b002919|15,16,17,18|5|17|18|14|2|12|2|16|14|16|12|42,38,10,0|28|14|44,40,8,0|24|12|4|0,4,4,0|2|10|3|1|1
004956|box_n5_H14|b000001|1,2,3,4,5|6|4|5|2|4|2|5|0|2|-2|0|14,16,6,2|6|2|16,16,2,0|4|2|0|-1,0,0,0,-1|4|60|4|0|0
004957|box_n5_H14|b000002|1,2,3,4,6|6|4|6|4|5|6|7|8|4|16|4|16,16,6,2|12|4|20,16,2,0|16|6|2|0,1,2,1,0|4|36|4|0|0
004958|box_n5_H14|b000003|1,2,3,4,7|6|4|7|4|4|6|7|4|4|10|4|14,14,6,2|12|4|24,24,8,2|16|6|1|1,0,-2,0,1|4|84|4|0|0
004959|box_n5_H14|b000004|1,2,3,4,8|6|4|8|6|4|10|8|12|6|28|8|16,14,6,2|18|6|32,28,8,2|28|10|3|0,3,0,3,0|8|6|16|8|0
004960|box_n5_H14|b000005|1,2,3,4,9|6|4|9|4|4|10|9|0|4|22|6|12,12,6,2|12|4|30,24,4,0|26|10|3|-1,3,2,3,-1|3|58|4|1|0
004961|box_n5_H14|b000006|1,2,3,4,10|6|4|10|4|4|6|10|8|4|4|2|16,16,6,2|12|4|32,32,8,2|16|6|2|0,2,-4,2,0|8|60|8|0|0
004962|box_n5_H14|b000007|1,2,3,4,11|6|4|11|6|4|8|11|8|6|6|4|14,12,6,2|18|6|36,36,10,2|20|8|2|0,2,-2,2,0|4|132|4|0|0
004963|box_n5_H14|b000008|1,2,3,4,12|6|4|12|2|5|10|13|-4|2|20|6|12,14,6,2|6|2|44,42,10,2|26|10|1|0,1,-2,1,0|2|10|8|6|1
004964|box_n5_H14|b000009|1,2,3,4,13|6|4|13|6|4|12|13|8|6|26|6|14,12,6,2|18|6|44,38,8,2|34|12|3|0,3,2,3,0|4|156|4|0|0
004965|box_n5_H14|b000010|1,2,3,4,14|6|4|14|4|4|14|14|8|4|36|8|16,16,6,2|12|4|48,40,8,2|40|14|4|-1,3,4,3,-1|8|84|8|0|0
004966|box_n5_H14|b000011|1,2,3,5,6|6|5|6|4|7|4|9|2|4|12|2|20,22,8,2|10|4|20,18,2,0|10|4|2|-1,0,2,0,-1|3|33|4|1|0
004967|box_n5_H14|b000012|1,2,3,5,7|6|5|7|4|5|6|7|-4|4|12|4|17,19,8,2|10|4|25,25,8,2|16|6|2|2,-2,-2,-2,2|4|105|4|0|0
004968|box_n5_H14|b000013|1,2,3,5,8|6|5|8|2|5|4|8|-10|2|8|2|16,20,8,2|4|2|28,30,8,2|10|4|0|0,-2,-2,-2,0|4|120|4|0|0
004969|box_n5_H14|b000014|1,2,3,5,9|6|5|9|4|5|8|9|-4|4|12|6|17,19,8,2|10|4|31,31,10,2|20|8|2|0,-2,2,-2,0|3|90|3|0|0
004970|box_n5_H14|b000015|1,2,3,5,10|6|5|10|6|5|8|10|6|6|16|6|20,20,8,2|16|6|40,42,14,4|22|8|0|0,0,-2,0,0|10|12|20|10|0
004971|box_n5_H14|b000016|1,2,3,5,11|6|5|11|4|5|6|11|-4|4|4|2|17,19,8,2|10|4|37,39,10,2|14|6|1|1,-1,-4,-1,1|4|165|4|0|0
004972|box_n5_H14|b000017|1,2,3,5,12|6|5|12|4|7|6|17|2|4|4|2|20,22,8,2|10|4|40,42,10,2|14|6|0|0,0,-4,0,0|3|71|4|1|1
004973|box_n5_H14|b000018|1,2,3,5,13|6|5|13|4|5|8|13|0|4|12|4|17,17,6,2|12|4|45,47,14,4|22|8|0|0,0,-2,0,0|4|195|4|0|1
004974|box_n5_H14|b000019|1,2,3,5,14|6|5|14|6|5|10|14|2|6|20|6|16,14,6,2|18|6|48,48,14,4|28|10|2|0,2,-2,2,0|4|210|4|0|1
004975|box_n5_H14|b000020|1,2,3,6,7|6|6|7|8|7|8|9|12|8|6|6|20,18,8,2|22|8|20,18,8,2|22|8|2|1,0,2,0,1|4|74|4|0|0
004976|box_n5_H14|b000021|1,2,3,6,8|6|6|8|8|7|10|10|12|8|12|8|20,18,8,2|22|8|24,20,8,2|28|10|2|2,1,0,1,2|4|25|4|0|0
004977|box_n5_H14|b000022|1,2,3,6,9|6|6|9|10|7|12|11|24|10|18|10|24,20,8,2|28|10|30,26,10,2|32|12|6|1,0,6,0,1|8|31|12|4|0
004978|box_n5_H14|b000023|1,2,3,6,10|6|6|10|8|8|10|13|16|8|8|8|22,20,8,2|22|8|34,34,14,4|28|10|2|0,0,2,0,0|6|60|6|0|1
004979|box_n5_H14|b000024|1,2,3,6,11|6|6|11|8|8|14|13|12|8|18|12|20,18,8,2|22|8|40,38,16,4|38|14|4|-1,1,4,1,-1|4|3|4|0|1
004980|box_n5_H14|b000025|1,2,3,6,12|6|6|12|8|7|16|14|20|8|32|14|24,22,8,2|22|8|48,44,16,4|44|16|3|1,3,-2,3,1|14|18|24|10|1
004981|box_n5_H14|b000026|1,2,3,6,13|6|6|13|8|7|14|16|12|8|14|10|20,18,8,2|22|8|40,36,14,4|40|14|2|1,1,2,1,1|4|3|4|0|1
004982|box_n5_H14|b000027|1,2,3,6,14|6|6|14|8|7|18|17|16|8|32|14|22,20,8,2|22|8|46,38,14,4|52|18|4|2,1,4,1,2|6|78|6|0|1
004983|box_n5_H14|b000028|1,2,3,7,8|6|7|8|8|7|10|8|6|8|20|8|24,26,14,4|22|8|28,24,8,2|28|10|2|2,-1,0,-1,2|4|168|4|0|0
004984|box_n5_H14|b000029|1,2,3,7,9|6|7|9|8|7|12|9|4|8|20|10|23,25,14,4|22|8|31,27,10,2|32|12|3|3,-2,0,-2,3|3|36|3|0|0
004985|box_n5_H14|b000030|1,2,3,7,10|6|7|10|6|7|10|10|2|6|8|8|24,28,14,4|16|6|34,34,14,4|28|10|2|2,-2,-4,-2,2|4|210|4|0|0
004986|box_n5_H14|b000031|1,2,3,7,11|6|7|11|8|7|14|11|8|8|12|12|25,27,14,4|22|8|37,35,16,4|38|14|2|2,-1,-2,-1,2|4|231|4|0|0
004987|box_n5_H14|b000032|1,2,3,7,12|6|7|12|4|8|14|13|-6|4|12|12|20,24,12,4|12|4|40,38,16,4|38|14|0|0,-1,0,-1,0|3|136|4|1|1
004988|box_n5_H14|b000033|1,2,3,7,13|6|7|13|10|7|16|13|16|10|20|14|25,23,12,4|30|10|45,43,20,6|46|16|4|4,-2,0,-2,4|4|273|4|0|1
004989|box_n5_H14|b000034|1,2,3,7,14|6|7|14|10|7|20|14|22|10|48|18|28,26,12,4|30|10|56,50,20,6|58|20|2|2,1,2,1,2|18|18|28|10|1
004990|box_n5_H14|b000035|1,2,3,8,9|6|8|9|10|8|10|9|12|10|14|8|28,28,14,4|28|10|30,28,10,2|26|10|2|1,-1,2,-1,1|3|116|4|1|0
004991|box_n5_H14|b000036|1,2,3,8,10|6|8|10|8|8|8|10|8|8|0|6|28,30,14,4|22|8|32,34,14,4|22|8|3|3,-2,-6,-2,3|8|120|8|0|0
004992|box_n5_H14|b000037|1,2,3,8,11|6|8|11|10|8|10|11|12|10|2|8|28,28,14,4|28|10|36,38,16,4|26|10|1|1,-1,-2,-1,1|4|264|4|0|0
004993|box_n5_H14|b000038|1,2,3,8,12|6|8|12|10|9|12|13|20|10|8|10|32,32,14,4|28|10|40,40,16,4|32|12|2|2,-1,-2,-1,2|8|23|16|8|1
004994|box_n5_H14|b000039|1,2,3,8,13|6|8|13|10|8|14|13|12|10|14|12|28,28,14,4|28|10|44,44,20,6|40|14|1|1,0,-2,0,1|4|312|4|0|1
004995|box_n5_H14|b000040|1,2,3,8,14|6|8|14|12|8|16|14|20|12|24|14|28,24,12,4|36|12|48,46,20,6|46|16|4|4,-1,0,-1,4|8|168|8|0|1
004996|box_n5_H14|b000041|1,2,3,9,10|6|9|10|8|9|10|10|2|8|4|8|30,34,16,4|20|8|32,32,14,4|28|10|1|1,-3,0,-3,1|4|95|4|0|0
004997|box_n5_H14|b000042|1,2,3,9,11|6|9|11|10|9|12|11|8|10|8|10|31,33,16,4|26|10|37,37,16,4|32|12|2|2,-3,0,-3,2|4|100|4|0|0
004998|box_n5_H14|b000043|1,2,3,9,12|6|9|12|8|10|12|13|6|8|0|10|30,32,14,4|22|8|36,36,16,4|32|12|1|1,-1,-2,-1,1|6|72|6|0|1
004999|box_n5_H14|b000044|1,2,3,9,13|6|9|13|12|9|16|13|16|12|16|14|31,29,14,4|34|12|43,41,20,6|46|16|2|1,0,2,0,1|4|115|4|0|1
005000|box_n5_H14|b000045|1,2,3,9,14|6|9|14|12|9|20|14|14|12|32|18|30,28,14,4|34|12|48,42,20,6|58|20|4|1,1,4,1,1|4|83|4|0|1
005001|box_n5_H14|b000046|1,2,3,10,11|6|10|11|10|10|8|11|0|10|-2|6|34,38,20,6|28|10|36,40,16,4|20|8|1|1,-3,-4,-3,1|4|330|4|0|0
005002|box_n5_H14|b000047|1,2,3,10,12|6|10|12|8|11|10|13|8|8|4|8|40,46,20,6|22|8|40,42,16,4|26|10|2|2,-2,-8,-2,2|6|41|8|2|1
005003|box_n5_H14|b000048|1,2,3,10,13|6|10|13|12|10|12|13|8|12|10|10|34,34,18,6|36|12|44,46,20,6|34|12|3|3,-2,-4,-2,3|4|390|4|0|1
005004|box_n5_H14|b000049|1,2,3,10,14|6|10|14|12|10|16|14|8|12|28|14|34,34,18,6|36|12|50,48,20,6|46|16|2|2,0,-2,0,2|10|210|10|0|1
005005|box_n5_H14|b000050|1,2,3,11,12|6|11|12|8|13|10|15|2|8|4|8|40,46,20,6|22|8|40,42,16,4|26|10|0|0,-2,-4,-2,0|4|224|4|0|1
005006|box_n5_H14|b000051|1,2,3,11,13|6|11|13|10|11|14|13|0|10|16|12|37,41,20,6|28|10|45,45,20,6|40|14|4|4,-3,-6,-3,4|4|429|4|0|1
005007|box_n5_H14|b000052|1,2,3,11,14|6|11|14|14|11|16|14|10|14|24|14|36,34,18,6|42|14|48,46,20,6|46|16|3|3,-1,0,-1,3|4|462|4|0|1
005008|box_n5_H14|b000053|1,2,3,12,13|6|12|13|12|13|10|15|4|12|-2|8|40,42,20,6|34|12|40,44,20,6|28|10|2|2,-4,-2,-4,2|4|281|4|0|1
005009|box_n5_H14|b000054|1,2,3,12,14|6|12|14|12|13|10|16|4|12|-4|8|40,42,20,6|34|12|40,44,20,6|28|10|4|4,-4,-6,-4,4|8|145|8|0|1
005010|box_n5_H14|b000055|1,2,3,13,14|6|13|14|16|13|18|14|14|16|28|16|44,44,24,8|48|16|48,44,20,6|52|18|3|3,-1,0,-1,3|4|84|4|0|1
005011|box_n5_H14|b000056|1,2,4,5,6|6|5|6|4|9|4|11|2|4|4|2|20,24,10,2|8|4|20,20,4,0|8|4|2|0,-3,2,-3,0|4|41|4|0|1
005012|box_n5_H14|b000057|1,2,4,5,7|6|5|7|6|5|8|7|-2|6|14|6|17,20,11,2|13|6|25,24,7,0|17|8|2|2,-2,-2,-2,2|4|35|4|0|0
005013|box_n5_H14|b000058|1,2,4,5,8|6|5|8|6|5|10|8|-2|6|24|8|16,18,10,2|14|6|28,24,6,0|24|10|2|-1,1,2,1,-1|4|0|4|0|0
005014|box_n5_H14|b000059|1,2,4,5,9|6|5|9|6|5|8|9|-2|6|6|6|17,20,11,2|13|6|31,36,15,2|15|8|1|1,-5,0,-5,1|4|59|4|0|0
005015|box_n5_H14|b000060|1,2,4,5,10|6|5|10|6|5|10|10|6|6|16|8|20,22,10,2|14|6|40,42,14,2|22|10|0|0,-2,0,-2,0|4|22|10|6|0
005016|box_n5_H14|b000061|1,2,4,5,11|6|5|11|6|5|10|11|2|6|6|6|17,18,9,2|15|6|37,38,11,0|19|10|0|-1,0,0,0,-1|4|55|4|0|0
005017|box_n5_H14|b000062|1,2,4,5,12|6|5|12|4|9|10|21|2|4|12|6|20,24,10,2|8|4|40,40,10,0|20|10|2|-1,-2,2,-2,-1|4|77|4|0|1
005018|box_n5_H14|b000063|1,2,4,5,13|6|5|13|6|5|12|13|6|6|18|8|17,16,7,2|17|6|45,46,15,2|27|12|1|1,1,-4,1,1|4|65|4|0|1
005019|box_n5_H14|b000064|1,2,4,5,14|6|5|14|6|5|12|14|2|6|20|8|16,16,8,2|16|6|48,50,16,2|26|12|1|-1,1,-2,1,-1|4|0|4|0|1
005020|box_n5_H14|b000065|1,2,4,6,7|6|6|7|6|7|4|16|0|6|2|2|20,22,10,2|14|6|20,20,4,0|8|4|0|0,0,-2,0,0|2|88|3|1|0
005021|box_n5_H14|b000066|1,2,4,6,8|6|6|8|6|7|8|10|0|6|16|6|20,22,10,2|14|6|24,20,4,0|20|8|1|0,1,0,1,0|5|34|8|3|0
005022|box_n5_H14|b000067|1,2,4,6,9|6|6|9|10|7|10|11|16|10|14|8|24,22,10,2|26|10|30,30,12,2|24|10|2|0,0,2,0,0|7|37|12|5|0
005023|box_n5_H14|b000068|1,2,4,6,10|6|6|10|4|13|6|22|0|4|0|4|22,26,10,2|8|4|34,38,12,2|12|6|0|0,-4,0,-4,0|4|60|6|2|1
005024|box_n5_H14|b000069|1,2,4,6,11|6|6|11|6|11|10|13|0|6|10|8|20,22,10,2|14|6|40,42,14,2|22|10|2|-2,-1,2,-1,-2|4|177|4|0|1
005025|box_n5_H14|b000070|1,2,4,6,12|6|6|12|8|7|16|14|12|8|36|14|24,24,10,2|20|8|48,44,14,2|40|16|4|0,0,4,0,0|10|24|24|14|1
005026|box_n5_H14|b000071|1,2,4,6,13|6|6|13|6|7|10|16|4|6|14|6|20,20,8,2|16|6|40,38,10,2|26|10|2|2,0,-2,0,2|4|109|4|0|1
005027|box_n5_H14|b000072|1,2,4,6,14|6|6|14|8|7|14|17|8|8|28|10|22,22,10,2|20|8|46,42,12,2|36|14|2|2,1,-2,1,2|6|65|6|0|1
005028|box_n5_H14|b000073|1,2,4,7,8|6|7|8|10|7|14|8|10|10|32|12|24,24,12,2|24|10|28,20,6,0|36|14|2|2,2,0,2,2|4|0|4|0|0
005029|box_n5_H14|b000074|1,2,4,7,9|6|7|9|12|7|14|9|10|12|18|12|23,22,13,2|29|12|31,30,15,2|33|14|3|3,-2,0,-2,3|4|47|4|0|0
005030|box_n5_H14|b000075|1,2,4,7,10|6|7|10|8|7|14|10|6|8|12|12|24,26,12,2|18|8|34,32,14,2|34|14|1|1,-1,0,-1,1|4|0|4|0|0
005031|box_n5_H14|b000076|1,2,4,7,11|6|7|11|10|7|14|11|10|10|6|12|25,26,13,2|23|10|37,38,17,2|31|14|3|3,-2,-4,-2,3|4|77|4|0|0
005032|box_n5_H14|b000077|1,2,4,7,12|6|7|12|8|8|18|13|2|8|20|16|20,20,10,2|20|8|40,36,16,2|44|18|4|1,-1,4,-1,1|4|65|4|0|1
005033|box_n5_H14|b000078|1,2,4,7,13|6|7|13|10|7|20|13|14|10|26|18|25,24,11,2|25|10|45,42,21,4|51|20|2|2,0,0,0,2|4|77|4|0|1
005034|box_n5_H14|b000079|1,2,4,7,14|6|7|14|12|7|24|14|26|12|52|22|28,24,10,2|32|12|56,50,22,4|62|24|3|2,3,0,3,2|18|30|28|10|1
005035|box_n5_H14|b000080|1,2,4,8,9|6|8|9|14|8|14|9|24|14|22|12|28,24,12,2|36|14|30,26,12,2|36|14|2|1,2,2,2,1|4|17|4|0|0
005036|box_n5_H14|b000081|1,2,4,8,10|6|8|10|8|8|12|10|12|8|8|10|28,30,12,2|18|8|32,30,12,2|30|12|1|1,0,-2,0,1|8|60|8|0|0
005037|box_n5_H14|b000082|1,2,4,8,11|6|8|11|14|8|14|11|24|14|10|12|28,24,12,2|36|14|36,34,14,2|34|14|3|-1,3,2,3,-1|4|0|4|0|0
005038|box_n5_H14|b000083|1,2,4,8,12|6|8|12|12|9|16|13|28|12|20|14|32,30,12,2|30|12|40,36,14,2|40|16|4|2,-1,4,-1,2|8|36|8|0|1
005039|box_n5_H14|b000084|1,2,4,8,13|6|8|13|14|8|20|13|24|14|30|18|28,24,12,2|36|14|44,38,18,4|54|20|5|0,5,0,5,0|4|0|4|0|1
005040|box_n5_H14|b000085|1,2,4,8,14|6|8|14|12|8|22|14|24|12|36|20|28,24,10,2|32|12|48,42,20,4|58|22|3|1,3,2,3,1|8|84|8|0|1
005041|box_n5_H14|b000086|1,2,4,9,10|6|9|10|6|9|10|10|-6|6|0|8|30,40,20,4|10|6|32,34,14,2|22|10|0|0,-5,-2,-5,0|2|0|2|0|0
005042|box_n5_H14|b000087|1,2,4,9,11|6|9|11|12|9|12|11|10|12|2|10|31,34,19,4|29|12|37,40,17,2|25|12|1|1,-4,0,-4,1|3|54|3|0|0
005043|box_n5_H14|b000088|1,2,4,9,12|6|9|12|14|10|16|13|14|14|8|14|30,30,18,4|36|14|36,34,16,2|38|16|2|0,0,2,0,0|8|70|12|4|1
005044|box_n5_H14|b000089|1,2,4,9,13|6|9|13|12|9|16|13|14|12|14|14|31,32,17,4|31|12|43,44,21,4|39|16|2|2,-1,-4,-1,2|4|161|4|0|1
005045|box_n5_H14|b000090|1,2,4,9,14|6|9|14|12|9|22|14|10|12|32|20|30,32,18,4|30|12|48,44,22,4|56|22|1|0,1,0,1,0|4|139|4|0|1
005046|box_n5_H14|b000091|1,2,4,10,11|6|10|11|10|10|10|11|0|10|2|8|34,38,18,4|24|10|36,38,14,2|22|10|1|1,-3,-2,-3,1|4|0|4|0|0
005047|box_n5_H14|b000092|1,2,4,10,12|6|10|12|10|11|10|13|8|10|8|8|40,46,20,4|22|10|40,42,14,2|22|10|2|2,-6,0,-6,2|6|41|8|2|1
005048|box_n5_H14|b000093|1,2,4,10,13|6|10|13|12|10|14|13|8|12|18|12|34,34,16,4|32|12|44,44,18,4|36|14|1|0,1,-2,1,0|4|0|4|0|1
005049|box_n5_H14|b000094|1,2,4,10,14|6|10|14|12|10|16|14|4|12|28|14|34,36,18,4|30|12|50,50,20,4|40|16|3|3,-2,-4,-2,3|8|35|8|0|1
005050|box_n5_H14|b000095|1,2,4,11,12|6|11|12|12|13|14|15|6|12|12|12|40,44,20,4|28|12|40,40,16,2|32|14|2|1,-4,2,-4,1|4|155|4|0|1
005051|box_n5_H14|b000096|1,2,4,11,13|6|11|13|10|11|16|13|-2|10|18|14|37,42,19,4|23|10|45,46,21,4|39|16|3|3,-4,-4,-4,3|4|77|4|0|1
005052|box_n5_H14|b000097|1,2,4,11,14|6|11|14|16|11|22|14|10|16|36|20|36,34,18,4|42|16|48,42,20,4|58|22|2|2,1,2,1,2|4|0|4|0|1
005053|box_n5_H14|b000098|1,2,4,12,13|6|12|13|14|13|12|15|12|14|6|10|40,40,18,4|36|14|40,42,18,4|30|12|1|1,-2,0,-2,1|4|205|4|0|1
005054|box_n5_H14|b000099|1,2,4,12,14|6|12|14|14|13|14|16|8|14|4|12|40,42,20,4|34|14|40,42,20,4|34|14|2|2,-2,-4,-2,2|6|130|6|0|1
005055|box_n5_H14|b000100|1,2,4,13,14|6|13|14|16|13|20|14|14|16|32|18|44,46,24,6|42|16|48,44,20,4|52|20|3|3,-1,-2,-1,3|4|0|4|0|1
005056|box_n5_H14|b000101|1,2,5,6,7|6|6|7|4|9|4|10|-4|4|-2|2|20,22,8,2|10|4|20,20,4,0|8|4|0|0,-1,0,-1,0|3|59|3|0|0
005057|box_n5_H14|b000102|1,2,5,6,8|6|6|8|4|10|4|13|-4|4|-4|2|20,22,8,2|10|4|24,24,4,0|8|4|0|0,0,-2,0,0|2|31|4|2|1
005058|box_n5_H14|b000103|1,2,5,6,9|6|6|9|8|9|8|13|12|8|2|6|24,22,8,2|22|8|30,30,8,0|16|8|2|0,0,2,0,0|7|35|12|5|1
005059|box_n5_H14|b000104|1,2,5,6,10|6|6|10|6|9|10|14|4|6|16|8|22,22,8,2|16|6|34,30,6,0|24|10|2|0,1,2,1,0|4|30|6|2|1
005060|box_n5_H14|b000105|1,2,5,6,11|6|6|11|4|9|8|16|-4|4|2|6|20,22,8,2|10|4|40,44,14,2|16|8|0|0,-3,0,-3,0|3|51|3|0|1
005061|box_n5_H14|b000106|1,2,5,6,12|6|6|12|6|10|12|17|8|6|16|10|24,24,8,2|16|6|48,48,14,2|28|12|0|0,0,0,0,0|8|24|24|16|1
005062|box_n5_H14|b000107|1,2,5,6,13|6|6|13|6|9|10|19|0|6|2|6|20,20,8,2|16|6|40,38,8,0|22|10|1|0,1,0,1,0|3|57|3|0|1
005063|box_n5_H14|b000108|1,2,5,6,14|6|6|14|4|9|10|20|0|4|8|6|22,24,8,2|10|4|46,42,6,0|24|10|2|0,0,2,0,0|4|39|4|0|1
005064|box_n5_H14|b000109|1,2,5,7,8|6|7|8|6|7|8|8|2|6|12|6|24,26,10,2|14|6|28,24,4,0|20|8|1|1,1,-2,1,1|4|0|4|0|0
005065|box_n5_H14|b000110|1,2,5,7,9|6|7|9|8|7|10|9|4|8|12|8|23,23,10,2|20|8|31,27,6,0|24|10|4|4,-2,0,-2,4|4|47|4|0|0
005066|box_n5_H14|b000111|1,2,5,7,10|6|7|10|10|7|14|10|10|10|24|12|24,22,10,2|26|10|34,26,6,0|36|14|3|1,3,2,3,1|4|0|4|0|0
005067|box_n5_H14|b000112|1,2,5,7,11|6|7|11|8|7|12|11|8|8|8|10|25,25,10,2|20|8|37,35,12,2|30|12|2|2,0,-2,0,2|4|0|5|1|0
005068|box_n5_H14|b000113|1,2,5,7,12|6|7|12|4|13|8|17|-6|4|-4|6|20,22,8,2|10|4|40,42,12,2|18|8|1|1,-3,0,-3,1|4|65|4|0|1
005069|box_n5_H14|b000114|1,2,5,7,13|6|7|13|8|7|14|13|12|8|16|12|25,23,8,2|22|8|45,41,12,2|36|14|2|2,0,2,0,2|4|0|5|1|1
005070|box_n5_H14|b000115|1,2,5,7,14|6|7|14|10|7|16|14|22|10|32|14|28,24,8,2|28|10|56,50,12,2|42|16|3|1,3,2,3,1|20|24|28|8|1
005071|box_n5_H14|b000116|1,2,5,8,9|6|8|9|10|8|10|9|8|10|6|8|28,26,10,2|26|10|30,28,8,0|22|10|2|1,0,2,0,1|4|199|4|0|0
005072|box_n5_H14|b000117|1,2,5,8,10|6|8|10|8|8|10|10|4|8|12|8|28,28,10,2|20|8|32,28,6,0|24|10|2|2,1,-2,1,2|8|60|8|0|0
005073|box_n5_H14|b000118|1,2,5,8,11|6|8|11|8|8|12|11|4|8|2|10|28,28,10,2|20|8|36,36,14,2|28|12|0|0,0,0,0,0|4|0|4|0|0
005074|box_n5_H14|b000119|1,2,5,8,12|6|8|12|8|13|10|20|12|8|-4|8|32,32,10,2|20|8|40,42,14,2|22|10|0|0,-1,0,-1,0|6|43|16|10|1
005075|box_n5_H14|b000120|1,2,5,8,13|6|8|13|10|8|12|13|8|10|6|10|28,26,10,2|26|10|44,44,14,2|28|12|2|2,1,-4,1,2|4|0|4|0|1
005076|box_n5_H14|b000121|1,2,5,8,14|6|8|14|8|8|14|14|8|8|12|12|28,26,8,2|22|8|48,44,12,2|36|14|2|1,1,2,1,1|8|84|8|0|1
005077|box_n5_H14|b000122|1,2,5,9,10|6|9|10|10|9|10|10|-2|10|12|8|30,32,14,2|22|10|32,28,6,0|24|10|2|0,0,2,0,0|4|95|4|0|0
005078|box_n5_H14|b000123|1,2,5,9,11|6|9|11|8|9|10|11|-4|8|0|8|31,35,14,2|16|8|37,39,14,2|22|10|1|1,-3,-2,-3,1|3|109|4|1|0
005079|box_n5_H14|b000124|1,2,5,9,12|6|9|12|8|15|10|19|2|8|-8|8|30,30,10,2|20|8|36,36,12,2|24|10|0|0,0,0,0,0|6|70|12|6|1
005080|box_n5_H14|b000125|1,2,5,9,13|6|9|13|8|9|14|13|0|8|8|12|31,33,12,2|18|8|43,41,14,2|34|14|0|0,0,0,0,0|3|144|3|0|1
005081|box_n5_H14|b000126|1,2,5,9,14|6|9|14|8|9|12|14|2|8|8|10|30,30,10,2|20|8|48,46,12,2|30|12|1|1,0,0,0,1|4|119|4|0|1
005082|box_n5_H14|b000127|1,2,5,10,11|6|10|11|10|10|12|11|8|10|2|10|34,34,12,2|24|10|36,36,14,2|28|12|1|1,-1,0,-1,1|4|0|4|0|0
005083|box_n5_H14|b000128|1,2,5,10,12|6|10|12|12|14|12|17|24|12|0|10|40,38,12,2|30|12|40,40,14,2|28|12|2|2,0,-2,0,2|6|109|8|2|1
005084|box_n5_H14|b000129|1,2,5,10,13|6|10|13|14|10|18|13|20|14|18|16|34,28,10,2|38|14|44,38,14,2|46|18|4|1,4,2,4,1|4|0|4|0|1
005085|box_n5_H14|b000130|1,2,5,10,14|6|10|14|12|10|16|14|16|12|20|14|34,30,10,2|32|12|50,44,12,2|42|16|4|0,4,2,4,0|8|35|8|0|1
005086|box_n5_H14|b000131|1,2,5,11,12|6|11|12|8|19|10|17|2|8|-4|8|40,44,16,4|20|8|40,42,14,2|22|10|1|1,-4,0,-4,1|4|155|4|0|1
005087|box_n5_H14|b000132|1,2,5,11,13|6|11|13|10|11|14|13|-4|10|12|12|37,41,18,4|24|10|45,43,14,2|34|14|5|5,-4,-4,-4,5|4|0|5|1|1
005088|box_n5_H14|b000133|1,2,5,11,14|6|11|14|12|11|16|14|6|12|16|14|36,34,14,4|34|12|48,42,12,2|42|16|2|1,2,2,2,1|4|0|4|0|1
005089|box_n5_H14|b000134|1,2,5,12,13|6|12|13|10|19|8|21|-8|10|-6|6|40,44,18,4|24|10|40,42,12,2|18|8|0|-1,-2,0,-2,-1|2|101|3|1|1
005090|box_n5_H14|b000135|1,2,5,12,14|6|12|14|8|17|6|23|-8|8|-20|4|40,44,16,4|20|8|40,44,12,2|12|6|2|2,-4,-4,-4,2|5|65|6|1|1
005091|box_n5_H14|b000136|1,2,5,13,14|6|13|14|12|13|14|14|6|12|12|12|44,44,16,4|32|12|48,44,12,2|36|14|2|2,-1,2,-1,2|4|0|4|0|1
005092|box_n5_H14|b000137|1,2,6,7,8|6|7|8|4|9|6|10|-10|4|4|4|24,30,12,2|6|4|28,28,6,0|12|6|0|0,-2,-2,-2,0|3|101|3|0|0
005093|box_n5_H14|b000138|1,2,6,7,9|6|7|9|6|11|10|11|-10|6|10|8|23,28,13,2|11|6|31,30,9,0|21|10|2|2,-2,-4,-2,2|2|20|2|0|0
005094|box_n5_H14|b000139|1,2,6,7,10|6|7|10|6|10|10|13|-6|6|8|8|24,28,12,2|12|6|34,32,8,0|22|10|0|0,0,-2,0,0|3|61|3|0|1
005095|box_n5_H14|b000140|1,2,6,7,11|6|7|11|8|9|14|13|-2|8|14|12|25,28,13,2|17|8|37,34,11,0|31|14|1|1,0,-2,0,1|4|127|4|0|1
005096|box_n5_H14|b000141|1,2,6,7,12|6|7|12|4|9|16|14|-14|4|24|14|20,24,10,2|8|4|40,34,10,0|38|16|4|-2,1,4,1,-2|4|136|4|0|1
005097|box_n5_H14|b000142|1,2,6,7,13|6|7|13|6|9|12|16|-2|6|2|10|25,28,11,2|13|6|45,48,17,2|25|12|2|2,-4,-2,-4,2|3|138|3|0|1
005098|box_n5_H14|b000143|1,2,6,7,14|6|7|14|8|10|18|17|10|8|36|16|28,28,10,2|20|8|56,52,16,2|44|18|2|1,0,2,0,1|10|23|21|11|1
005099|box_n5_H14|b000144|1,2,6,8,9|6|8|9|8|13|8|11|-4|8|6|6|28,32,14,2|16|8|30,30,8,0|16|8|0|-1,0,-2,0,-1|3|164|4|1|0
005100|box_n5_H14|b000145|1,2,6,8,10|6|8|10|6|11|6|13|-8|6|-4|4|28,34,14,2|10|6|32,34,8,0|10|6|1|1,-2,-6,-2,1|4|53|4|0|1
005101|box_n5_H14|b000146|1,2,6,8,11|6|8|11|10|10|12|13|0|10|10|10|28,30,14,2|22|10|36,34,10,0|26|12|1|-1,1,0,1,-1|3|71|3|0|1
005102|box_n5_H14|b000147|1,2,6,8,12|6|8|12|10|10|14|14|8|10|20|12|32,34,14,2|22|10|40,36,10,0|32|14|3|-2,3,0,3,-2|8|34|8|0|1
005103|box_n5_H14|b000148|1,2,6,8,13|6|8|13|8|10|12|16|0|8|6|10|28,30,12,2|18|8|44,44,14,2|28|12|2|-1,2,-4,2,-1|3|137|3|0|1
005104|box_n5_H14|b000149|1,2,6,8,14|6|8|14|8|11|12|17|4|8|8|10|28,28,10,2|20|8|48,50,16,2|26|12|3|3,-3,-2,-3,3|5|69|6|1|1
005105|box_n5_H14|b000150|1,2,6,9,10|6|9|10|8|13|12|15|-6|8|4|10|30,36,16,2|14|8|32,30,10,0|26|12|1|1,-2,-2,-2,1|4|95|4|0|1
005106|box_n5_H14|b000151|1,2,6,9,11|6|9|11|10|11|16|13|-2|10|14|14|31,36,17,2|19|10|37,34,13,0|35|16|3|3,-3,-2,-3,3|4|100|4|0|1
005107|box_n5_H14|b000152|1,2,6,9,12|6|9|12|10|11|18|14|2|10|16|16|30,32,14,2|22|10|36,30,12,0|42|18|4|-2,2,4,2,-2|6|50|6|0|1
005108|box_n5_H14|b000153|1,2,6,9,13|6|9|13|10|11|16|19|6|10|2|14|31,32,13,2|23|10|43,44,19,2|35|16|0|0,0,-2,0,0|4|115|4|0|1
005109|box_n5_H14|b000154|1,2,6,9,14|6|9|14|10|13|20|17|6|10|20|18|30,30,12,2|24|10|48,44,18,2|48|20|2|1,0,2,0,1|4|83|4|0|1
005110|box_n5_H14|b000155|1,2,6,10,11|6|10|11|10|13|8|15|-4|10|2|6|34,38,16,2|20|10|36,38,10,0|14|8|1|1,-3,-2,-3,1|3|5|3|0|1
005111|box_n5_H14|b000156|1,2,6,10,12|6|10|12|12|13|12|16|12|12|16|10|40,42,16,2|26|12|40,38,10,0|26|12|2|0,2,-4,2,0|6|82|6|0|1
005112|box_n5_H14|b000157|1,2,6,10,13|6|10|13|12|13|12|17|8|12|2|10|34,32,12,2|30|12|44,46,16,2|26|12|0|0,0,0,0,0|3|5|3|0|1
005113|box_n5_H14|b000158|1,2,6,10,14|6|10|14|10|14|16|19|4|10|20|14|34,34,12,2|24|10|50,48,16,2|38|16|1|1,0,0,0,1|6|35|8|2|1
005114|box_n5_H14|b000159|1,2,6,11,12|6|11|12|14|13|14|15|14|14|16|12|40,40,16,2|32|14|40,38,12,0|30|14|2|0,0,2,0,0|4|211|4|0|1
005115|box_n5_H14|b000160|1,2,6,11,13|6|11|13|10|13|14|16|2|10|2|12|37,40,15,2|21|10|45,48,19,2|29|14|2|2,-3,-4,-3,2|3|12|3|0|1
005116|box_n5_H14|b000161|1,2,6,11,14|6|11|14|16|13|18|17|18|16|16|16|36,30,12,2|42|16|48,46,18,2|42|18|4|2,0,4,0,2|3|7|3|0|1
005117|box_n5_H14|b000162|1,2,6,12,13|6|12|13|14|14|14|16|16|14|-2|12|40,38,14,2|34|14|40,40,16,2|32|14|2|0,0,2,0,0|4|218|4|0|1
005118|box_n5_H14|b000163|1,2,6,12,14|6|12|14|14|14|14|17|16|14|0|12|40,38,14,2|34|14|40,38,14,2|34|14|4|4,-2,0,-2,4|6|107|8|2|1
005119|box_n5_H14|b000164|1,2,6,13,14|6|13|14|12|19|14|17|-2|12|12|12|44,48,20,4|28|12|48,48,16,2|32|14|2|2,-4,0,-4,2|3|7|3|0|1
005120|box_n5_H14|b000165|1,2,7,8,9|6|8|9|10|8|10|9|12|10|10|8|28,28,12,2|24|10|30,30,10,0|20|10|2|1,-2,2,-2,1|4|17|4|0|0
005121|box_n5_H14|b000166|1,2,7,8,10|6|8|10|8|8|12|10|4|8|8|10|28,32,14,2|16|8|32,32,12,0|24|12|2|2,0,-8,0,2|8|60|8|0|0
005122|box_n5_H14|b000167|1,2,7,8,11|6|8|11|12|8|14|11|12|12|10|12|28,28,14,2|28|12|36,36,14,0|28|14|0|0,0,0,0,0|4|0|4|0|0
005123|box_n5_H14|b000168|1,2,7,8,12|6|8|12|12|9|14|13|20|12|8|12|32,32,14,2|28|12|40,40,14,0|28|14|1|1,-1,0,-1,1|9|35|16|7|1
005124|box_n5_H14|b000169|1,2,7,8,13|6|8|13|10|8|18|13|12|10|22|16|28,28,12,2|24|10|44,40,14,0|40|18|2|1,2,-2,2,1|4|0|4|0|1
005125|box_n5_H14|b000170|1,2,7,8,14|6|8|14|12|8|20|14|24|12|40|18|28,22,8,2|34|12|48,40,12,0|48|20|6|0,4,6,4,0|8|84|8|0|1
005126|box_n5_H14|b000171|1,2,7,9,10|6|9|10|10|9|10|10|-2|10|8|8|30,36,18,2|18|10|32,32,10,0|20|10|0|0,-2,-2,-2,0|4|95|4|0|0
005127|box_n5_H14|b000172|1,2,7,9,11|6|9|11|10|9|12|11|0|10|8|10|31,37,18,2|18|10|37,39,14,0|22|12|2|2,-5,-2,-5,2|3|72|3|0|0
005128|box_n5_H14|b000173|1,2,7,9,12|6|9|12|12|10|12|13|10|12|0|10|30,30,14,2|28|12|36,36,12,0|24|12|0|0,0,0,0,0|6|74|12|6|1
005129|box_n5_H14|b000174|1,2,7,9,13|6|9|13|12|9|16|13|12|12|20|14|31,31,14,2|28|12|43,39,12,0|36|16|3|0,3,-2,3,0|4|158|4|0|1
005130|box_n5_H14|b000175|1,2,7,9,14|6|9|14|14|9|22|14|18|14|44|20|30,26,12,2|36|14|48,38,12,0|54|22|6|-2,6,6,6,-2|4|119|4|0|1
005131|box_n5_H14|b000176|1,2,7,10,11|6|10|11|14|10|16|11|8|14|6|14|34,36,18,2|30|14|36,38,18,0|30|16|3|3,-4,-2,-4,3|4|0|4|0|0
005132|box_n5_H14|b000177|1,2,7,10,12|6|10|12|14|11|14|13|16|14|0|12|40,44,20,2|28|14|40,44,18,0|24|14|3|3,-4,-6,-4,3|8|139|8|0|1
005133|box_n5_H14|b000178|1,2,7,10,13|6|10|13|14|10|20|13|16|14|18|18|34,32,14,2|34|14|44,42,18,0|42|20|2|2,0,0,0,2|4|0|4|0|1
005134|box_n5_H14|b000179|1,2,7,10,14|6|10|14|14|10|22|14|20|14|44|20|34,30,12,2|36|14|50,42,14,0|52|22|5|0,5,2,5,0|8|35|8|0|1
005135|box_n5_H14|b000180|1,2,7,11,12|6|11|12|14|13|14|15|10|14|4|12|40,44,20,2|28|14|40,42,16,0|26|14|1|1,-3,-2,-3,1|4|155|4|0|1
005136|box_n5_H14|b000181|1,2,7,11,13|6|11|13|12|11|18|13|0|12|20|16|37,43,20,2|22|12|45,43,16,0|38|18|4|4,-3,-6,-3,4|4|0|5|1|1
005137|box_n5_H14|b000182|1,2,7,11,14|6|11|14|18|11|24|14|26|18|48|22|36,28,12,2|48|18|48,36,12,0|60|24|6|2,5,6,5,2|4|0|4|0|1
005138|box_n5_H14|b000183|1,2,7,12,13|6|12|13|12|13|12|15|-4|12|-2|10|40,46,20,2|22|12|40,44,16,0|20|12|0|0,-4,-2,-4,0|4|206|4|0|1
005139|box_n5_H14|b000184|1,2,7,12,14|6|12|14|14|13|14|16|8|14|12|12|40,40,16,2|32|14|40,38,12,0|30|14|2|2,0,-2,0,2|6|65|6|0|1
005140|box_n5_H14|b000185|1,2,7,13,14|6|13|14|18|13|22|14|22|18|44|20|44,40,16,2|44|18|48,38,12,0|54|22|4|2,3,4,3,2|4|0|4|0|1
005141|box_n5_H14|b000186|1,2,8,9,10|6|9|10|6|9|8|10|-10|6|-4|6|30,38,16,2|8|6|32,34,10,0|14|8|0|0,-5,0,-5,0|2|0|2|0|0
005142|box_n5_H14|b000187|1,2,8,9,11|6|9|11|10|9|10|11|-2|10|2|8|31,36,17,2|19|10|37,40,13,0|17|10|1|1,-3,-4,-3,1|3|54|3|0|0
005143|box_n5_H14|b000188|1,2,8,9,12|6|9|12|12|10|12|13|6|12|-4|10|30,30,14,2|28|12|36,36,12,0|24|12|0|0,0,0,0,0|7|70|12|5|1
005144|box_n5_H14|b000189|1,2,8,9,13|6|9|13|12|9|14|13|6|12|10|12|31,32,15,2|27|12|43,42,13,0|29|14|0|0,0,0,0,0|3|72|3|0|1
005145|box_n5_H14|b000190|1,2,8,9,14|6|9|14|8|9|18|14|-2|8|24|16|30,34,14,2|16|8|48,42,12,0|42|18|2|-1,2,0,2,-1|4|139|4|0|1
005146|box_n5_H14|b000191|1,2,8,10,11|6|10|11|10|10|10|11|-8|10|2|8|34,40,18,2|18|10|36,38,12,0|18|10|0|0,-3,-2,-3,0|4|0|4|0|0
005147|box_n5_H14|b000192|1,2,8,10,12|6|10|12|10|11|10|13|4|10|0|8|40,46,18,2|18|10|40,42,12,0|18|10|2|2,-4,-4,-4,2|6|41|8|2|1
005148|box_n5_H14|b000193|1,2,8,10,13|6|10|13|14|10|14|13|4|14|14|12|34,34,16,2|32|14|44,42,12,0|30|14|1|1,0,0,0,1|4|0|4|0|1
005149|box_n5_H14|b000194|1,2,8,10,14|6|10|14|10|10|16|14|0|10|24|14|34,36,14,2|22|10|50,46,12,0|36|16|1|1,0,0,0,1|8|35|8|0|1
005150|box_n5_H14|b000195|1,2,8,11,12|6|11|12|14|13|14|15|6|14|0|12|40,44,20,2|28|14|40,42,16,0|26|14|1|1,-4,0,-4,1|4|155|4|0|1
005151|box_n5_H14|b000196|1,2,8,11,13|6|11|13|14|11|18|13|-2|14|14|16|37,42,21,2|27|14|45,44,17,0|37|18|4|4,-3,-6,-3,4|4|77|4|0|1
005152|box_n5_H14|b000197|1,2,8,11,14|6|11|14|14|11|20|14|6|14|20|18|36,36,16,2|32|14|48,44,16,0|44|20|2|1,0,2,0,1|4|0|4|0|1
005153|box_n5_H14|b000198|1,2,8,12,13|6|12|13|14|13|12|15|-4|14|-2|10|40,44,20,2|28|14|40,42,14,0|22|12|1|1,-3,-2,-3,1|4|205|4|0|1
005154|box_n5_H14|b000199|1,2,8,12,14|6|12|14|10|13|12|16|-8|10|-8|10|40,46,18,2|18|10|40,42,14,0|22|12|2|2,-2,-8,-2,2|6|100|6|0|1
005155|box_n5_H14|b000200|1,2,8,13,14|6|13|14|14|13|20|14|6|14|20|18|44,46,18,2|30|14|48,44,16,0|44|20|2|2,0,-2,0,2|4|0|4|0|1
005156|box_n5_H14|b000201|1,2,9,10,11|6|10|11|8|10|8|11|-8|8|-6|6|34,40,16,2|14|8|36,40,12,0|12|8|0|0,-4,-2,-4,0|4|330|4|0|0
005157|box_n5_H14|b000202|1,2,9,10,12|6|10|12|10|11|10|13|4|10|-8|8|40,46,18,2|18|10|40,46,16,0|14|10|0|0,-2,-8,-2,0|4|11|6|2|1
005158|box_n5_H14|b000203|1,2,9,10,13|6|10|13|14|10|16|13|8|14|14|14|34,32,14,2|34|14|44,42,14,0|34|16|1|1,1,0,1,1|4|390|4|0|1
005159|box_n5_H14|b000204|1,2,9,10,14|6|10|14|12|10|16|14|4|12|24|14|34,34,14,2|28|12|50,48,14,0|34|16|1|1,0,0,0,1|10|210|10|0|1
005160|box_n5_H14|b000205|1,2,9,11,12|6|11|12|10|13|8|21|-2|10|-8|6|40,46,18,2|18|10|40,46,14,0|10|8|-2|-2,-2,-4,-2,-2|3|101|3|0|1
005161|box_n5_H14|b000206|1,2,9,11,13|6|11|13|10|11|12|13|-8|10|8|10|37,43,18,2|18|10|45,47,14,0|22|12|3|3,-5,-4,-5,3|4|429|4|0|1
005162|box_n5_H14|b000207|1,2,9,11,14|6|11|14|16|11|18|14|10|16|28|16|36,32,14,2|40|16|48,42,12,0|42|18|3|3,2,0,2,3|4|462|4|0|1
005163|box_n5_H14|b000208|1,2,9,12,13|6|12|13|14|13|14|15|-8|14|-6|12|40,46,22,2|26|14|40,44,18,0|24|14|0|0,-4,-2,-4,0|4|206|4|0|1
005164|box_n5_H14|b000209|1,2,9,12,14|6|12|14|14|13|16|16|-8|14|0|14|40,46,22,2|26|14|40,40,16,0|32|16|2|2,-2,-6,-2,2|6|130|6|0|1
005165|box_n5_H14|b000210|1,2,9,13,14|6|13|14|18|13|20|14|10|18|24|18|44,44,20,2|40|18|48,44,16,0|44|20|3|3,-1,0,-1,3|4|84|4|0|1
005166|box_n5_H14|b000211|1,2,10,11,12|6|11|12|8|15|8|16|-6|8|-8|6|40,46,16,2|14|8|40,44,12,0|12|8|0|0,-5,0,-5,0|4|155|4|0|1
005167|box_n5_H14|b000212|1,2,10,11,13|6|11|13|8|11|14|13|-14|8|14|12|37,44,17,2|13|8|45,44,13,0|29|14|3|3,-3,-6,-3,3|4|143|4|0|1
005168|box_n5_H14|b000213|1,2,10,11,14|6|11|14|14|11|18|14|2|14|24|16|36,34,14,2|34|14|48,42,12,0|42|18|2|1,2,2,2,1|4|0|4|0|1
005169|box_n5_H14|b000214|1,2,10,12,13|6|12|13|10|13|10|17|-12|10|-2|8|40,46,18,2|18|10|40,42,12,0|18|10|0|0,-2,-4,-2,0|4|217|4|0|1
005170|box_n5_H14|b000215|1,2,10,12,14|6|12|14|10|13|8|19|-12|10|-8|6|40,46,18,2|18|10|40,42,10,0|14|8|2|2,-4,-4,-4,2|6|65|6|0|1
005171|box_n5_H14|b000216|1,2,10,13,14|6|13|14|16|13|20|14|6|16|24|18|44,46,20,2|34|16|48,42,14,0|46|20|3|3,-1,0,-1,3|4|0|4|0|1
005172|box_n5_H14|b000217|1,2,11,12,13|6|12|13|8|15|8|16|-12|8|-10|6|40,46,16,2|14|8|40,44,12,0|12|8|0|0,-5,0,-5,0|3|243|3|0|1
005173|box_n5_H14|b000218|1,2,11,12,14|6|12|14|10|17|12|17|-12|10|-4|10|40,46,18,2|18|10|40,42,14,0|22|12|1|1,-2,-6,-2,1|6|65|6|0|1
005174|box_n5_H14|b000219|1,2,11,13,14|6|13|14|14|13|16|14|2|14|24|14|44,46,18,2|30|14|48,44,12,0|36|16|1|1,0,0,0,1|4|0|4|0|1
005175|box_n5_H14|b000220|1,2,12,13,14|6|13|14|8|15|8|16|-14|8|-12|6|44,50,16,2|14|8|48,52,12,0|12|8|0|0,-5,0,-5,0|3|263|3|0|1
005176|box_n5_H14|b000221|1,3,4,5,6|6|5|6|2|13|2|16|-2|2|4|0|20,22,6,2|6|2|20,18,0,0|6|2|1|-1,1,0,1,-1|2|52|3|1|1
005177|box_n5_H14|b000222|1,3,4,5,7|6|5|7|2|5|4|7|-8|2|4|2|17,19,6,2|6|2|25,23,2,0|10|4|1|1,-1,0,-1,1|4|105|4|0|0
005178|box_n5_H14|b000223|1,3,4,5,8|6|5|8|4|5|6|8|-6|4|16|4|16,16,6,2|12|4|28,24,2,0|16|6|2|0,1,2,1,0|4|120|4|0|0
005179|box_n5_H14|b000224|1,3,4,5,9|6|5|9|2|5|2|9|-8|2|0|0|17,19,6,2|6|2|31,33,6,2|6|2|2|-1,-2,2,-2,-1|3|90|3|0|0
005180|box_n5_H14|b000225|1,3,4,5,10|6|5|10|4|5|6|10|2|4|4|4|20,20,6,2|12|4|40,42,10,2|14|6|0|-1,0,0,0,-1|4|12|20|16|0
005181|box_n5_H14|b000226|1,3,4,5,11|6|5|11|4|5|4|11|-4|4|-4|0|17,17,6,2|12|4|37,37,4,0|8|4|1|1,0,-2,0,1|4|165|4|0|0
005182|box_n5_H14|b000227|1,3,4,5,12|6|5|12|2|13|4|32|-2|2|4|0|20,22,6,2|6|2|40,38,2,0|10|4|1|-1,1,0,1,-1|2|104|3|1|1
005183|box_n5_H14|b000228|1,3,4,5,13|6|5|13|4|5|6|13|-4|4|4|2|17,17,6,2|12|4|45,47,10,2|14|6|2|2,-1,-4,-1,2|4|195|4|0|1
005184|box_n5_H14|b000229|1,3,4,5,14|6|5|14|2|5|6|14|-10|2|4|2|16,18,6,2|6|2|48,48,8,2|16|6|1|0,1,-4,1,0|4|210|4|0|1
005185|box_n5_H14|b000230|1,3,4,6,7|6|6|7|4|7|4|17|0|4|-6|2|20,20,6,2|12|4|20,18,2,0|10|4|1|1,0,0,0,1|2|58|3|1|0
005186|box_n5_H14|b000231|1,3,4,6,8|6|6|8|6|7|10|10|4|6|16|8|20,18,6,2|18|6|24,16,2,0|28|10|4|0,3,4,3,0|5|70|8|3|0
005187|box_n5_H14|b000232|1,3,4,6,9|6|6|9|6|7|8|11|12|6|10|6|24,22,6,2|18|6|30,26,6,2|24|8|4|1,0,4,0,1|6|49|12|6|0
005188|box_n5_H14|b000233|1,3,4,6,10|6|6|10|4|15|6|25|4|4|-8|4|22,22,6,2|12|4|34,36,10,2|14|6|2|-2,0,2,0,-2|4|60|6|2|1
005189|box_n5_H14|b000234|1,3,4,6,11|6|6|11|4|14|10|13|0|4|6|8|20,20,6,2|12|4|40,38,10,2|26|10|2|-1,1,2,1,-1|3|63|3|0|1
005190|box_n5_H14|b000235|1,3,4,6,12|6|6|12|6|7|14|14|12|6|32|12|24,22,6,2|18|6|48,40,8,2|40|14|3|1,3,2,3,1|10|30|24|14|1
005191|box_n5_H14|b000236|1,3,4,6,13|6|6|13|6|7|12|16|4|6|6|8|20,18,6,2|18|6|40,36,10,2|32|12|2|1,2,0,2,1|3|69|4|1|1
005192|box_n5_H14|b000237|1,3,4,6,14|6|6|14|8|7|12|17|12|8|12|8|22,18,6,2|24|8|46,40,8,2|34|12|3|2,3,0,3,2|4|61|6|2|1
005193|box_n5_H14|b000238|1,3,4,7,8|6|7|8|8|7|10|8|2|8|24|8|24,22,8,2|22|8|28,20,2,0|28|10|2|2,2,2,2,2|4|168|4|0|0
005194|box_n5_H14|b000239|1,3,4,7,9|6|7|9|6|7|8|9|-4|6|12|6|23,23,8,2|16|6|31,27,6,2|24|8|4|1,-1,4,-1,1|3|36|3|0|0
005195|box_n5_H14|b000240|1,3,4,7,10|6|7|10|4|7|4|10|-6|4|-8|2|24,26,8,2|10|4|34,36,8,2|10|4|1|1,-2,-2,-2,1|4|210|4|0|0
005196|box_n5_H14|b000241|1,3,4,7,11|6|7|11|4|7|6|11|-4|4|-4|4|25,27,8,2|10|4|37,37,8,2|16|6|2|2,-2,-2,-2,2|4|231|4|0|0
005197|box_n5_H14|b000242|1,3,4,7,12|6|7|12|4|8|12|13|-14|4|12|10|20,22,8,2|10|4|40,34,8,2|34|12|2|1,0,2,0,1|3|75|4|1|1
005198|box_n5_H14|b000243|1,3,4,7,13|6|7|13|6|7|10|13|0|6|8|8|25,25,8,2|16|6|45,45,14,4|28|10|2|2,-1,-2,-1,2|4|273|4|0|1
005199|box_n5_H14|b000244|1,3,4,7,14|6|7|14|8|7|14|14|10|8|28|12|28,26,8,2|22|8|56,52,14,4|40|14|2|2,1,0,1,2|10|36|28|18|1
005200|box_n5_H14|b000245|1,3,4,8,9|6|8|9|8|8|10|9|12|8|14|8|28,26,8,2|22|8|30,24,6,2|30|10|4|1,1,4,1,1|4|212|4|0|0
005201|box_n5_H14|b000246|1,3,4,8,10|6|8|10|8|8|10|10|12|8|-4|8|28,26,8,2|22|8|32,30,10,2|26|10|2|-1,2,2,2,-1|8|120|8|0|0
005202|box_n5_H14|b000247|1,3,4,8,11|6|8|11|10|8|10|11|16|10|-2|8|28,24,8,2|28|10|36,34,10,2|26|10|2|1,1,2,1,1|4|264|4|0|0
005203|box_n5_H14|b000248|1,3,4,8,12|6|8|12|10|9|14|13|24|10|16|12|32,28,8,2|28|10|40,32,8,2|40|14|6|2,1,6,1,2|10|67|16|6|1
005204|box_n5_H14|b000249|1,3,4,8,13|6|8|13|10|8|18|13|16|10|18|16|28,24,8,2|28|10|44,38,16,4|50|18|4|1,2,4,2,1|4|312|4|0|1
005205|box_n5_H14|b000250|1,3,4,8,14|6|8|14|10|8|16|14|16|10|16|14|28,24,8,2|28|10|48,42,14,4|46|16|3|2,3,0,3,2|8|168|8|0|1
005206|box_n5_H14|b000251|1,3,4,9,10|6|9|10|4|9|6|10|-6|4|-12|4|30,34,12,4|12|4|32,34,10,2|14|6|0|0,-3,0,-3,0|3|185|4|1|0
005207|box_n5_H14|b000252|1,3,4,9,11|6|9|11|10|9|10|11|8|10|0|8|31,29,12,4|30|10|37,35,10,2|26|10|4|1,-1,4,-1,1|4|208|4|0|0
005208|box_n5_H14|b000253|1,3,4,9,12|6|9|12|6|10|8|13|-2|6|-4|6|30,32,12,4|18|6|36,34,8,2|22|8|1|1,-1,0,-1,1|4|27|6|2|1
005209|box_n5_H14|b000254|1,3,4,9,13|6|9|13|10|9|12|13|8|10|4|10|31,29,12,4|30|10|43,43,16,4|32|12|2|2,-2,2,-2,2|4|223|4|0|1
005210|box_n5_H14|b000255|1,3,4,9,14|6|9|14|8|9|14|14|2|8|12|12|30,30,12,4|24|8|48,44,14,4|40|14|4|0,0,4,0,0|3|245|4|1|1
005211|box_n5_H14|b000256|1,3,4,10,11|6|10|11|6|10|6|11|-12|6|-6|4|34,38,14,4|16|6|36,36,8,2|16|6|1|1,-1,-4,-1,1|4|330|4|0|0
005212|box_n5_H14|b000257|1,3,4,10,12|6|10|12|6|11|8|13|-4|6|4|6|40,46,16,4|14|6|40,38,8,2|22|8|0|0,-2,0,-2,0|4|41|8|4|1
005213|box_n5_H14|b000258|1,3,4,10,13|6|10|13|8|10|10|13|-12|8|2|8|34,38,16,4|20|8|44,46,16,4|26|10|1|1,-2,-4,-2,1|4|390|4|0|1
005214|box_n5_H14|b000259|1,3,4,10,14|6|10|14|8|10|10|14|-8|8|8|8|34,36,14,4|22|8|50,50,14,4|28|10|2|2,-2,-2,-2,2|8|210|10|2|1
005215|box_n5_H14|b000260|1,3,4,11,12|6|11|12|6|13|8|15|-10|6|4|6|40,46,16,4|14|6|40,38,8,2|22|8|1|1,-2,-2,-2,1|4|293|4|0|1
005216|box_n5_H14|b000261|1,3,4,11,13|6|11|13|10|11|12|13|-8|10|12|10|37,39,16,4|26|10|45,43,14,4|34|12|2|2,-1,-2,-1,2|4|429|4|0|1
005217|box_n5_H14|b000262|1,3,4,11,14|6|11|14|8|11|10|14|-10|8|4|8|36,38,14,4|22|8|48,48,14,4|28|10|2|2,-2,-2,-2,2|4|462|4|0|1
005218|box_n5_H14|b000263|1,3,4,12,13|6|12|13|12|13|10|15|4|12|-6|8|40,38,14,4|34|12|40,42,16,4|26|10|3|3,-2,-2,-2,3|4|281|4|0|1
005219|box_n5_H14|b000264|1,3,4,12,14|6|12|14|12|13|10|16|4|12|-12|8|40,38,14,4|34|12|40,40,14,4|28|10|2|2,0,-2,0,2|4|58|6|2|1
005220|box_n5_H14|b000265|1,3,4,13,14|6|13|14|12|13|14|14|2|12|12|12|44,46,20,6|34|12|48,44,14,4|40|14|4|4,-1,-4,-1,4|4|546|4|0|1
005221|box_n5_H14|b000266|1,3,5,6,7|6|6|7|4|9|6|10|0|4|0|4|20,20,6,2|12|4|20,18,4,0|14|6|2|1,-1,2,-1,1|3|39|4|1|0
005222|box_n5_H14|b000267|1,3,5,6,8|6|6|8|6|10|6|13|4|6|0|4|20,18,6,2|18|6|24,20,2,0|16|6|2|0,2,2,2,0|5|70|8|3|1
005223|box_n5_H14|b000268|1,3,5,6,9|6|6|9|6|9|8|13|12|6|8|6|24,22,6,2|18|6|30,26,4,0|20|8|4|1,0,4,0,1|4|15|6|2|1
005224|box_n5_H14|b000269|1,3,5,6,10|6|6|10|8|9|12|14|12|8|16|10|22,18,6,2|24|8|34,28,6,0|30|12|5|-2,5,4,5,-2|5|89|8|3|1
005225|box_n5_H14|b000270|1,3,5,6,11|6|6|11|4|9|8|16|0|4|4|6|20,20,6,2|12|4|40,40,10,2|20|8|1|1,-1,0,-1,1|3|21|3|0|1
005226|box_n5_H14|b000271|1,3,5,6,12|6|6|12|6|10|12|17|12|6|20|10|24,22,6,2|18|6|48,44,10,2|32|12|3|1,3,-2,3,1|12|36|24|12|1
005227|box_n5_H14|b000272|1,3,5,6,13|6|6|13|6|9|10|19|4|6|0|6|20,18,6,2|18|6|40,36,6,0|24|10|3|-1,3,2,3,-1|4|69|4|0|1
005228|box_n5_H14|b000273|1,3,5,6,14|6|6|14|6|9|14|20|8|6|12|10|22,20,6,2|18|6|46,40,8,0|34|14|4|0,2,4,2,0|4|36|6|2|1
005229|box_n5_H14|b000274|1,3,5,7,8|6|7|8|6|7|6|8|4|6|8|4|24,24,8,2|16|6|28,24,2,0|16|6|1|1,1,0,1,1|4|168|4|0|0
005230|box_n5_H14|b000275|1,3,5,7,9|6|7|9|7|7|11|9|0|7|16|9|23,24,10,2|17|7|31,24,4,0|29|11|4|2,-1,4,-1,2|3|0|3|0|0
005231|box_n5_H14|b000276|1,3,5,7,10|6|7|10|10|7|10|10|8|10|12|8|24,22,10,2|26|10|34,30,6,0|24|10|2|1,2,0,2,1|4|210|4|0|0
005232|box_n5_H14|b000277|1,3,5,7,11|6|7|11|7|7|11|11|4|7|4|9|25,26,10,2|17|7|37,34,10,2|29|11|1|1,0,0,0,1|4|77|4|0|0
005233|box_n5_H14|b000278|1,3,5,7,12|6|7|12|4|19|8|17|-12|4|-4|6|20,24,10,2|8|4|40,40,10,2|20|8|1|1,-2,-2,-2,1|2|51|3|1|1
005234|box_n5_H14|b000279|1,3,5,7,13|6|7|13|7|7|11|13|8|7|4|9|25,24,8,2|19|7|45,44,12,2|27|11|2|2,-1,0,-1,2|4|91|4|0|1
005235|box_n5_H14|b000280|1,3,5,7,14|6|7|14|10|7|16|14|16|10|28|14|28,26,10,2|26|10|56,52,14,2|40|16|2|1,1,2,1,1|12|12|28|16|1
005236|box_n5_H14|b000281|1,3,5,8,9|6|8|9|6|8|6|9|0|6|8|4|28,28,8,2|16|6|30,26,2,0|16|6|4|1,-1,4,-1,1|2|0|2|0|0
005237|box_n5_H14|b000282|1,3,5,8,10|6|8|10|10|8|8|10|8|10|8|6|28,24,8,2|28|10|32,28,4,0|20|8|3|0,3,2,3,0|5|117|6|1|0
005238|box_n5_H14|b000283|1,3,5,8,11|6|8|11|6|8|6|11|0|6|-4|4|28,28,8,2|16|6|36,36,8,2|16|6|2|2,-2,0,-2,2|4|264|4|0|0
005239|box_n5_H14|b000284|1,3,5,8,12|6|8|12|8|13|8|20|12|8|0|6|32,30,8,2|22|8|40,38,8,2|22|8|2|0,1,2,1,0|7|67|16|9|1
005240|box_n5_H14|b000285|1,3,5,8,13|6|8|13|8|8|8|13|4|8|0|6|28,26,8,2|22|8|44,44,10,2|20|8|3|3,-2,0,-2,3|4|312|4|0|1
005241|box_n5_H14|b000286|1,3,5,8,14|6|8|14|8|8|12|14|4|8|12|10|28,26,8,2|22|8|48,44,10,2|32|12|2|2,1,0,1,2|5|48|8|3|1
005242|box_n5_H14|b000287|1,3,5,9,10|6|9|10|12|9|10|10|8|12|8|8|30,26,10,2|32|12|32,28,6,0|24|10|4|0,2,4,2,0|4|95|4|0|0
005243|box_n5_H14|b000288|1,3,5,9,11|6|9|11|7|9|11|11|4|7|4|9|31,30,8,2|19|7|37,34,10,2|29|11|2|1,0,2,0,1|3|0|3|0|0
005244|box_n5_H14|b000289|1,3,5,9,12|6|9|12|6|15|8|19|-4|6|-12|6|30,32,10,2|14|6|36,36,10,2|20|8|1|1,-1,-2,-1,1|4|27|6|2|1
005245|box_n5_H14|b000290|1,3,5,9,13|6|9|13|9|9|13|13|4|9|4|11|31,30,10,2|23|9|43,40,12,2|33|13|6|0,-1,6,-1,0|3|0|3|0|1
005246|box_n5_H14|b000291|1,3,5,9,14|6|9|14|10|9|14|14|4|10|8|12|30,28,10,2|26|10|48,46,14,2|34|14|4|1,-1,4,-1,1|4|119|4|0|1
005247|box_n5_H14|b000292|1,3,5,10,11|6|10|11|10|10|10|11|4|10|0|8|34,34,12,2|24|10|36,34,10,2|26|10|1|1,1,-2,1,1|4|330|4|0|0
005248|box_n5_H14|b000293|1,3,5,10,12|6|10|12|12|14|12|17|20|12|4|10|40,38,12,2|30|12|40,36,10,2|32|12|4|0,4,-2,4,0|6|106|8|2|1
005249|box_n5_H14|b000294|1,3,5,10,13|6|10|13|10|10|14|13|8|10|8|12|34,32,10,2|26|10|44,40,12,2|36|14|2|2,1,0,1,2|4|390|4|0|1
005250|box_n5_H14|b000295|1,3,5,10,14|6|10|14|14|10|18|14|12|14|20|16|34,30,12,2|36|14|50,44,14,2|46|18|4|-1,4,4,4,-1|6|35|8|2|1
005251|box_n5_H14|b000296|1,3,5,11,12|6|11|12|6|29|6|17|-8|6|-4|4|40,46,16,4|14|6|40,40,8,2|16|6|1|1,-2,-4,-2,1|2|7|4|2|1
005252|box_n5_H14|b000297|1,3,5,11,13|6|11|13|9|11|13|13|-4|9|12|11|37,38,14,4|25|9|45,40,10,2|35|13|4|4,-1,-2,-1,4|4|143|4|0|1
005253|box_n5_H14|b000298|1,3,5,11,14|6|11|14|10|11|10|14|-8|10|4|8|36,38,16,4|26|10|48,48,12,2|24|10|1|1,-1,-2,-1,1|4|462|4|0|1
005254|box_n5_H14|b000299|1,3,5,12,13|6|12|13|8|19|8|21|-8|8|-12|6|40,42,14,4|22|8|40,42,12,2|18|8|1|1,-2,-2,-2,1|4|356|4|0|1
005255|box_n5_H14|b000300|1,3,5,12,14|6|12|14|12|17|10|23|-4|12|-16|8|40,40,16,4|32|12|40,42,14,2|22|10|2|2,-2,-2,-2,2|5|131|6|1|1
005256|box_n5_H14|b000301|1,3,5,13,14|6|13|14|14|13|14|14|0|14|12|12|44,44,18,4|36|14|48,44,12,2|36|14|3|3,-1,0,-1,3|4|546|4|0|1
005257|box_n5_H14|b000302|1,3,6,7,8|6|7|8|6|9|8|10|-6|6|8|6|24,28,12,2|12|6|28,28,8,0|16|8|0|0,-2,0,-2,0|3|101|3|0|0
005258|box_n5_H14|b000303|1,3,6,7,9|6|7|9|4|11|10|11|-12|4|16|8|23,29,12,2|6|4|31,27,6,0|24|10|0|0,-1,0,-1,0|2|14|2|0|0
005259|box_n5_H14|b000304|1,3,6,7,10|6|7|10|6|10|8|13|-6|6|0|6|24,28,12,2|12|6|34,36,10,0|14|8|0|0,-1,-4,-1,0|3|61|3|0|1
005260|box_n5_H14|b000305|1,3,6,7,11|6|7|11|6|9|14|13|-4|6|16|12|25,29,12,2|12|6|37,33,10,0|32|14|0|0,0,0,0,0|3|64|3|0|1
005261|box_n5_H14|b000306|1,3,6,7,12|6|7|12|4|9|16|14|-18|4|28|14|20,26,12,2|6|4|40,32,8,0|40|16|2|-2,2,2,2,-2|4|207|4|0|1
005262|box_n5_H14|b000307|1,3,6,7,13|6|7|13|6|9|10|16|-4|6|-4|8|25,29,12,2|12|6|45,51,18,2|18|10|2|2,-5,-4,-5,2|3|192|3|0|1
005263|box_n5_H14|b000308|1,3,6,7,14|6|7|14|8|10|18|17|6|8|32|16|28,30,12,2|18|8|56,54,18,2|42|18|2|1,-2,2,-2,1|8|35|21|13|1
005264|box_n5_H14|b000309|1,3,6,8,9|6|8|9|6|13|10|11|-4|6|10|8|28,34,14,2|10|6|30,28,8,0|22|10|0|-1,-1,0,-1,-1|4|212|4|0|0
005265|box_n5_H14|b000310|1,3,6,8,10|6|8|10|10|11|10|13|4|10|-4|8|28,30,14,2|22|10|32,34,12,0|18|10|0|-1,0,-2,0,-1|4|67|4|0|1
005266|box_n5_H14|b000311|1,3,6,8,11|6|8|11|10|10|14|13|4|10|10|12|28,30,14,2|22|10|36,34,12,0|30|14|1|1,-1,0,-1,1|3|71|3|0|1
005267|box_n5_H14|b000312|1,3,6,8,12|6|8|12|12|10|18|14|16|12|28|16|32,32,14,2|28|12|40,32,10,0|44|18|5|-2,5,2,5,-2|10|61|16|6|1
005268|box_n5_H14|b000313|1,3,6,8,13|6|8|13|8|10|14|16|4|8|6|12|28,30,12,2|18|8|44,44,16,2|32|14|0|0,-1,0,-1,0|3|162|3|0|1
005269|box_n5_H14|b000314|1,3,6,8,14|6|8|14|10|11|16|17|8|10|8|14|28,28,12,2|24|10|48,50,20,2|34|16|4|4,-3,-4,-3,4|5|83|6|1|1
005270|box_n5_H14|b000315|1,3,6,9,10|6|9|10|10|13|8|15|6|10|4|6|30,30,12,2|24|10|32,30,6,0|18|8|1|1,0,0,0,1|4|95|4|0|1
005271|box_n5_H14|b000316|1,3,6,9,11|6|9|11|10|11|14|13|8|10|24|12|31,31,12,2|24|10|37,29,6,0|36|14|3|3,0,2,0,3|4|100|4|0|1
005272|box_n5_H14|b000317|1,3,6,9,12|6|9|12|8|11|12|14|-2|8|16|10|30,34,14,2|16|8|36,30,6,0|30|12|2|-1,1,2,1,-1|6|72|6|0|1
005273|box_n5_H14|b000318|1,3,6,9,13|6|9|13|10|11|12|19|12|10|4|10|31,29,10,2|26|10|43,43,14,2|28|12|4|0,-1,4,-1,0|4|106|4|0|1
005274|box_n5_H14|b000319|1,3,6,9,14|6|9|14|10|13|16|17|10|10|20|14|30,28,10,2|26|10|48,44,14,2|40|16|6|1,-1,6,-1,1|4|83|4|0|1
005275|box_n5_H14|b000320|1,3,6,10,11|6|10|11|10|13|12|15|-4|10|6|10|34,38,16,2|20|10|36,36,12,0|24|12|1|1,-1,-4,-1,1|3|5|3|0|1
005276|box_n5_H14|b000321|1,3,6,10,12|6|10|12|12|13|16|16|12|12|24|14|40,42,16,2|26|12|40,34,10,0|38|16|6|-2,6,-4,6,-2|6|41|8|2|1
005277|box_n5_H14|b000322|1,3,6,10,13|6|10|13|10|13|14|17|0|10|-2|12|34,36,14,2|22|10|44,48,20,2|28|14|1|1,-3,-2,-3,1|3|5|3|0|1
005278|box_n5_H14|b000323|1,3,6,10,14|6|10|14|12|14|18|19|4|12|20|16|34,34,14,2|28|12|50,48,18,2|42|18|2|0,0,2,0,0|6|35|8|2|1
005279|box_n5_H14|b000324|1,3,6,11,12|6|11|12|12|13|14|15|10|12|20|12|40,42,16,2|26|12|40,36,10,0|32|14|2|0,2,-2,2,0|4|211|4|0|1
005280|box_n5_H14|b000325|1,3,6,11,13|6|11|13|12|13|16|16|8|12|8|14|37,37,14,2|28|12|45,45,18,2|36|16|1|1,0,-2,0,1|4|66|4|0|1
005281|box_n5_H14|b000326|1,3,6,11,14|6|11|14|14|13|14|17|10|14|4|12|36,34,14,2|34|14|48,52,20,2|28|14|2|2,-3,0,-3,2|3|7|3|0|1
005282|box_n5_H14|b000327|1,3,6,12,13|6|12|13|14|14|12|16|20|14|-2|10|40,36,12,2|36|14|40,40,14,2|28|12|2|2,0,0,0,2|4|281|4|0|1
005283|box_n5_H14|b000328|1,3,6,12,14|6|12|14|16|14|14|17|24|16|4|12|40,34,12,2|42|16|40,36,12,2|36|14|4|4,0,2,0,4|7|248|8|1|1
005284|box_n5_H14|b000329|1,3,6,13,14|6|13|14|12|19|14|17|-2|12|12|12|44,48,20,4|28|12|48,48,16,2|32|14|3|3,-4,-2,-4,3|3|7|3|0|1
005285|box_n5_H14|b000330|1,3,7,8,9|6|8|9|8|8|8|9|4|8|12|6|28,30,12,2|18|8|30,28,6,0|18|8|4|1,-3,4,-3,1|4|97|4|0|0
005286|box_n5_H14|b000331|1,3,7,8,10|6|8|10|8|8|8|10|8|8|-4|6|28,28,10,2|20|8|32,32,8,0|16|8|2|0,2,-4,2,0|4|60|8|4|0
005287|box_n5_H14|b000332|1,3,7,8,11|6|8|11|10|8|10|11|8|10|4|8|28,28,12,2|24|10|36,36,10,0|20|10|2|2,-2,0,-2,2|4|72|4|0|0
005288|box_n5_H14|b000333|1,3,7,8,12|6|8|12|12|9|14|13|20|12|12|12|32,30,12,2|30|12|40,36,10,0|32|14|2|1,1,2,1,1|8|71|16|8|1
005289|box_n5_H14|b000334|1,3,7,8,13|6|8|13|8|8|14|13|8|8|12|12|28,28,10,2|20|8|44,40,10,0|32|14|2|2,-1,2,-1,2|4|312|4|0|1
005290|box_n5_H14|b000335|1,3,7,8,14|6|8|14|12|8|18|14|20|12|32|16|28,22,8,2|34|12|48,40,10,0|44|18|4|1,4,4,4,1|6|167|6|0|1
005291|box_n5_H14|b000336|1,3,7,9,10|6|9|10|10|9|10|10|8|10|-4|8|30,30,12,2|24|10|32,32,10,0|20|10|0|0,0,0,0,0|4|95|4|0|0
005292|box_n5_H14|b000337|1,3,7,9,11|6|9|11|11|9|15|11|8|11|12|13|31,32,14,2|25|11|37,34,12,0|33|15|2|2,-2,2,-2,2|3|0|3|0|0
005293|box_n5_H14|b000338|1,3,7,9,12|6|9|12|10|10|12|13|4|10|-4|10|30,32,14,2|22|10|36,36,12,0|24|12|1|1,-1,-2,-1,1|5|99|6|1|1
005294|box_n5_H14|b000339|1,3,7,9,13|6|9|13|11|9|17|13|16|11|12|15|31,28,10,2|29|11|43,38,12,0|39|17|4|0,2,4,2,0|4|320|4|0|1
005295|box_n5_H14|b000340|1,3,7,9,14|6|9|14|14|9|22|14|20|14|36|20|30,24,10,2|38|14|48,38,12,0|54|22|10|-2,5,10,5,-2|4|119|4|0|1
005296|box_n5_H14|b000341|1,3,7,10,11|6|10|11|10|10|10|11|-4|10|4|8|34,36,14,2|22|10|36,36,10,0|20|10|3|3,-2,-4,-2,3|4|330|4|0|0
005297|box_n5_H14|b000342|1,3,7,10,12|6|10|12|10|11|10|13|4|10|4|8|40,44,16,2|20|10|40,40,10,0|20|10|1|1,0,-6,0,1|4|11|6|2|1
005298|box_n5_H14|b000343|1,3,7,10,13|6|10|13|10|10|12|13|-4|10|4|10|34,36,14,2|22|10|44,44,12,0|24|12|3|3,-3,-2,-3,3|4|390|4|0|1
005299|box_n5_H14|b000344|1,3,7,10,14|6|10|14|12|10|18|14|8|12|36|16|34,30,10,2|32|12|50,42,10,0|44|18|5|-1,5,4,5,-1|6|35|8|2|1
005300|box_n5_H14|b000345|1,3,7,11,12|6|11|12|12|13|14|15|0|12|4|12|40,46,20,2|22|12|40,40,14,0|28|14|1|1,-1,-6,-1,1|4|224|4|0|1
005301|box_n5_H14|b000346|1,3,7,11,13|6|11|13|11|11|17|13|0|11|16|15|37,40,16,2|23|11|45,40,12,0|39|17|3|3,0,-4,0,3|4|143|4|0|1
005302|box_n5_H14|b000347|1,3,7,11,14|6|11|14|16|11|18|14|12|16|28|16|36,32,14,2|40|16|48,42,12,0|42|18|2|2,2,2,2,2|4|126|4|0|1
005303|box_n5_H14|b000348|1,3,7,12,13|6|12|13|10|13|10|15|-4|10|-12|8|40,44,16,2|20|10|40,44,14,0|16|10|2|2,-4,-4,-4,2|4|431|4|0|1
005304|box_n5_H14|b000349|1,3,7,12,14|6|12|14|16|13|14|16|12|16|8|12|40,36,14,2|40|16|40,36,10,0|32|14|2|2,2,0,2,2|8|247|8|0|1
005305|box_n5_H14|b000350|1,3,7,13,14|6|13|14|16|13|18|14|12|16|36|16|44,40,14,2|40|16|48,38,8,0|46|18|3|3,3,2,3,3|4|168|4|0|1
005306|box_n5_H14|b000351|1,3,8,9,10|6|9|10|8|9|8|10|-2|8|-8|6|30,32,12,2|18|8|32,34,10,0|14|8|2|0,-3,2,-3,0|3|185|4|1|0
005307|box_n5_H14|b000352|1,3,8,9,11|6|9|11|8|9|10|11|4|8|4|8|31,31,10,2|20|8|37,35,8,0|22|10|1|1,0,0,0,1|4|208|4|0|0
005308|box_n5_H14|b000353|1,3,8,9,12|6|9|12|8|10|10|13|-2|8|-4|8|30,32,12,2|18|8|36,36,10,0|20|10|1|1,-1,-2,-1,1|4|45|6|2|1
005309|box_n5_H14|b000354|1,3,8,9,13|6|9|13|12|9|14|13|8|12|8|12|31,29,12,2|30|12|43,41,12,0|30|14|6|0,-1,6,-1,0|4|223|4|0|1
005310|box_n5_H14|b000355|1,3,8,9,14|6|9|14|8|9|18|14|-2|8|20|16|30,32,12,2|18|8|48,42,12,0|42|18|4|-1,1,4,1,-1|3|158|4|1|1
005311|box_n5_H14|b000356|1,3,8,10,11|6|10|11|8|10|10|11|-12|8|-2|8|34,40,16,2|14|8|36,36,10,0|20|10|0|0,-1,-4,-1,0|4|330|4|0|0
005312|box_n5_H14|b000357|1,3,8,10,12|6|10|12|10|11|14|13|0|10|8|12|40,46,18,2|18|10|40,38,12,0|30|14|0|0,0,-4,0,0|5|166|6|1|1
005313|box_n5_H14|b000358|1,3,8,10,13|6|10|13|10|10|14|13|-8|10|6|12|34,38,16,2|20|10|44,44,14,0|28|14|2|2,-3,-2,-3,2|4|90|4|0|1
005314|box_n5_H14|b000359|1,3,8,10,14|6|10|14|10|10|18|14|-4|10|20|16|34,36,14,2|22|10|50,46,14,0|40|18|2|0,0,2,0,0|8|210|10|2|1
005315|box_n5_H14|b000360|1,3,8,11,12|6|11|12|10|13|10|15|-6|10|4|8|40,46,18,2|18|10|40,40,10,0|20|10|1|1,-2,-4,-2,1|3|7|4|1|1
005316|box_n5_H14|b000361|1,3,8,11,13|6|11|13|12|11|16|13|-4|12|16|14|37,39,16,2|26|12|45,41,12,0|36|16|3|3,0,-4,0,3|4|429|4|0|1
005317|box_n5_H14|b000362|1,3,8,11,14|6|11|14|10|11|12|14|-10|10|4|10|36,40,16,2|20|10|48,50,14,0|22|12|1|1,-3,-2,-3,1|4|126|4|0|1
005318|box_n5_H14|b000363|1,3,8,12,13|6|12|13|14|13|14|15|0|14|-6|12|40,42,18,2|30|14|40,42,16,0|26|14|3|3,-3,-4,-3,3|4|281|4|0|1
005319|box_n5_H14|b000364|1,3,8,12,14|6|12|14|12|13|16|16|0|12|-8|14|40,42,16,2|26|12|40,40,16,0|32|16|2|2,0,-6,0,2|6|236|6|0|1
005320|box_n5_H14|b000365|1,3,8,13,14|6|13|14|14|13|18|14|2|14|16|16|44,46,18,2|30|14|48,44,14,0|40|18|3|3,0,-4,0,3|4|546|4|0|1
005321|box_n5_H14|b000366|1,3,9,10,11|6|10|11|8|10|10|11|-12|8|0|8|34,40,16,2|14|8|36,38,12,0|18|10|0|0,-2,-4,-2,0|4|60|4|0|0
005322|box_n5_H14|b000367|1,3,9,10,12|6|10|12|8|11|8|13|0|8|-8|6|40,46,16,2|14|8|40,42,10,0|14|8|2|-2,2,-8,2,-2|3|19|6|3|1
005323|box_n5_H14|b000368|1,3,9,10,13|6|10|13|12|10|14|13|-4|12|8|12|34,36,16,2|26|12|44,44,14,0|28|14|2|2,-2,-2,-2,2|4|390|4|0|1
005324|box_n5_H14|b000369|1,3,9,10,14|6|10|14|14|10|16|14|0|14|20|14|34,34,16,2|32|14|50,48,14,0|34|16|2|0,0,2,0,0|10|210|10|0|1
005325|box_n5_H14|b000370|1,3,9,11,12|6|11|12|8|13|8|28|-4|8|-12|6|40,48,18,2|12|8|40,44,12,0|12|8|0|-2,0,-8,0,-2|3|178|3|0|1
005326|box_n5_H14|b000371|1,3,9,11,13|6|11|13|13|11|17|13|0|13|12|15|37,40,18,2|27|13|45,44,16,0|35|17|2|2,-2,-2,-2,2|4|66|4|0|1
005327|box_n5_H14|b000372|1,3,9,11,14|6|11|14|16|11|16|14|4|16|12|14|36,36,18,2|36|16|48,48,16,0|32|16|3|3,-1,-4,-1,3|4|126|4|0|1
005328|box_n5_H14|b000373|1,3,9,12,13|6|12|13|12|13|8|15|-12|12|-8|6|40,44,18,2|24|12|40,44,12,0|12|8|2|2,-4,-4,-4,2|4|281|4|0|1
005329|box_n5_H14|b000374|1,3,9,12,14|6|12|14|14|13|12|16|-8|14|0|10|40,42,18,2|30|14|40,38,10,0|26|12|2|2,0,-4,0,2|8|145|8|0|1
005330|box_n5_H14|b000375|1,3,9,13,14|6|13|14|20|13|22|14|8|20|20|20|44,44,22,2|44|20|48,44,18,0|48|22|4|4,-1,-2,-1,4|4|84|4|0|1
005331|box_n5_H14|b000376|1,3,10,11,12|6|11|12|6|15|8|16|-14|6|-4|6|40,48,16,2|8|6|40,42,10,0|14|8|0|0,-3,-4,-3,0|4|293|4|0|1
005332|box_n5_H14|b000377|1,3,10,11,13|6|11|13|8|11|14|13|-12|8|12|12|37,41,14,2|16|8|45,41,10,0|32|14|2|2,0,-4,0,2|4|429|4|0|1
005333|box_n5_H14|b000378|1,3,10,11,14|6|11|14|10|11|12|14|-10|10|8|10|36,38,14,2|22|10|48,48,12,0|24|12|1|1,-1,-2,-1,1|4|462|4|0|1
005334|box_n5_H14|b000379|1,3,10,12,13|6|12|13|10|13|10|17|-8|10|-10|8|40,44,16,2|20|10|40,42,12,0|18|10|2|2,-2,-6,-2,2|4|356|4|0|1
005335|box_n5_H14|b000380|1,3,10,12,14|6|12|14|12|13|12|19|-4|12|-8|10|40,42,16,2|26|12|40,40,12,0|24|12|2|2,-2,-2,-2,2|6|121|6|0|1
005336|box_n5_H14|b000381|1,3,10,13,14|6|13|14|14|13|16|14|-2|14|20|14|44,46,18,2|30|14|48,42,10,0|38|16|4|4,-1,-2,-1,4|4|546|4|0|1
005337|box_n5_H14|b000382|1,3,11,12,13|6|12|13|8|15|10|16|-12|8|-8|8|40,44,14,2|16|8|40,44,14,0|16|10|2|2,-5,-2,-5,2|4|281|4|0|1
005338|box_n5_H14|b000383|1,3,11,12,14|6|12|14|10|17|8|17|-8|10|-16|6|40,42,14,2|22|10|40,40,8,0|16|8|1|1,0,-4,0,1|6|247|8|2|1
005339|box_n5_H14|b000384|1,3,11,13,14|6|13|14|14|13|14|14|4|14|8|12|44,46,18,2|30|14|48,44,10,0|32|14|2|2,0,-2,0,2|4|84|4|0|1
005340|box_n5_H14|b000385|1,3,12,13,14|6|13|14|10|15|10|16|-18|10|-12|8|44,50,18,2|18|10|48,52,14,0|16|10|1|1,-5,-2,-5,1|3|425|3|0|1
005341|box_n5_H14|b000386|1,4,5,6,7|6|6|7|2|13|2|19|-12|2|-6|0|20,24,8,2|4|2|20,20,2,0|4|2|0|0,-1,-2,-1,0|2|107|4|2|1
005342|box_n5_H14|b000387|1,4,5,6,8|6|6|8|4|11|6|14|-8|4|8|4|20,22,8,2|10|4|24,20,2,0|16|6|2|-2,2,2,2,-2|6|70|8|2|1
005343|box_n5_H14|b000388|1,4,5,6,9|6|6|9|4|11|2|16|4|4|-10|0|24,24,6,2|12|4|30,30,2,0|4|2|0|0,0,0,0,0|3|29|12|9|1
005344|box_n5_H14|b000389|1,4,5,6,10|6|6|10|4|13|6|22|-4|4|4|4|22,24,8,2|10|4|34,32,4,0|14|6|2|-2,1,2,1,-2|4|41|6|2|1
005345|box_n5_H14|b000390|1,4,5,6,11|6|6|11|2|11|4|20|-12|2|-6|2|20,24,8,2|4|2|40,44,10,2|8|4|0|0,-3,-2,-3,0|2|109|4|2|1
005346|box_n5_H14|b000391|1,4,5,6,12|6|6|12|6|11|10|21|4|6|20|8|24,24,8,2|16|6|48,44,8,2|28|10|4|0,0,4,0,0|8|24|24|16|1
005347|box_n5_H14|b000392|1,4,5,6,13|6|6|13|4|13|6|23|-4|4|-6|2|20,20,6,2|12|4|40,38,4,0|14|6|2|0,2,-2,2,0|2|74|4|2|1
005348|box_n5_H14|b000393|1,4,5,6,14|6|6|14|4|11|6|25|0|4|-4|2|22,22,6,2|12|4|46,44,4,0|14|6|2|0,2,-2,2,0|3|47|6|3|1
005349|box_n5_H14|b000394|1,4,5,7,8|6|7|8|8|7|10|8|6|8|24|8|24,22,8,2|22|8|28,20,2,0|28|10|4|1,4,0,4,1|4|0|4|0|0
005350|box_n5_H14|b000395|1,4,5,7,9|6|7|9|6|7|6|9|4|6|0|4|23,21,6,2|18|6|31,27,2,0|16|6|4|2,-1,4,-1,2|4|47|4|0|0
005351|box_n5_H14|b000396|1,4,5,7,10|6|7|10|8|7|10|10|10|8|12|8|24,20,6,2|24|8|34,28,4,0|26|10|4|0,3,4,3,0|4|0|4|0|0
005352|box_n5_H14|b000397|1,4,5,7,11|6|7|11|6|7|8|11|4|6|-4|6|25,25,8,2|16|6|37,37,10,2|20|8|2|2,-1,-2,-1,2|4|0|5|1|0
005353|box_n5_H14|b000398|1,4,5,7,12|6|7|12|6|13|8|23|-6|6|0|6|20,20,8,2|16|6|40,38,8,2|22|8|2|2,-2,2,-2,2|4|65|4|0|1
005354|box_n5_H14|b000399|1,4,5,7,13|6|7|13|6|7|10|13|4|6|4|8|25,25,8,2|16|6|45,43,10,2|26|10|1|0,1,0,1,0|4|0|5|1|1
005355|box_n5_H14|b000400|1,4,5,7,14|6|7|14|8|7|12|14|18|8|20|10|28,24,6,2|24|8|56,52,10,2|32|12|3|1,3,0,3,1|12|36|28|16|1
005356|box_n5_H14|b000401|1,4,5,8,9|6|8|9|8|8|8|9|16|8|2|6|28,24,6,2|24|8|30,24,2,0|22|8|4|1,2,4,2,1|4|199|4|0|0
005357|box_n5_H14|b000402|1,4,5,8,10|6|8|10|10|8|12|10|16|10|12|10|28,24,8,2|28|10|32,24,4,0|32|12|6|-2,5,6,5,-2|8|60|8|0|0
005358|box_n5_H14|b000403|1,4,5,8,11|6|8|11|10|8|12|11|16|10|2|10|28,24,8,2|28|10|36,32,10,2|32|12|4|0,2,4,2,0|4|0|4|0|0
005359|box_n5_H14|b000404|1,4,5,8,12|6|8|12|10|14|12|21|24|10|8|10|32,28,8,2|28|10|40,34,8,2|34|12|8|0,1,8,1,0|9|67|16|7|1
005360|box_n5_H14|b000405|1,4,5,8,13|6|8|13|10|8|14|13|20|10|10|12|28,22,6,2|30|10|44,38,10,2|38|14|3|2,3,2,3,2|4|0|4|0|1
005361|box_n5_H14|b000406|1,4,5,8,14|6|8|14|8|8|16|14|12|8|12|14|28,26,8,2|22|8|48,40,10,2|44|16|5|-1,5,2,5,-1|8|84|8|0|1
005362|box_n5_H14|b000407|1,4,5,9,10|6|9|10|4|9|4|10|-14|4|0|2|30,32,8,2|10|4|32,30,2,0|10|4|2|-1,0,2,0,-1|2|0|2|0|0
005363|box_n5_H14|b000408|1,4,5,9,11|6|9|11|6|9|4|11|-8|6|-4|2|31,31,8,2|16|6|37,37,6,2|12|4|2|0,-1,2,-1,0|3|198|3|0|0
005364|box_n5_H14|b000409|1,4,5,9,12|6|9|12|6|16|6|21|-10|6|-8|4|30,30,8,2|16|6|36,34,6,2|18|6|2|0,0,2,0,0|6|70|12|6|1
005365|box_n5_H14|b000410|1,4,5,9,13|6|9|13|4|9|6|13|-12|4|-4|4|31,33,8,2|10|4|43,43,8,2|16|6|1|1,-2,0,-2,1|3|144|3|0|1
005366|box_n5_H14|b000411|1,4,5,9,14|6|9|14|4|9|6|14|-14|4|-4|4|30,32,8,2|10|4|48,48,8,2|16|6|0|0,-1,0,-1,0|2|0|2|0|1
005367|box_n5_H14|b000412|1,4,5,10,11|6|10|11|8|10|10|11|0|8|2|8|34,34,10,2|20|8|36,32,8,2|28|10|1|1,1,0,1,1|4|0|4|0|0
005368|box_n5_H14|b000413|1,4,5,10,12|6|10|12|10|19|10|23|16|10|4|8|40,38,10,2|26|10|40,36,8,2|28|10|6|0,0,6,0,0|5|111|8|3|1
005369|box_n5_H14|b000414|1,4,5,10,13|6|10|13|10|10|14|13|4|10|10|12|34,32,10,2|26|10|44,38,10,2|38|14|4|-1,4,2,4,-1|4|0|4|0|1
005370|box_n5_H14|b000415|1,4,5,10,14|6|10|14|8|10|12|14|4|8|8|10|34,32,8,2|22|8|50,46,10,2|32|12|2|0,2,2,2,0|8|35|8|0|1
005371|box_n5_H14|b000416|1,4,5,11,12|6|11|12|8|20|8|21|-6|8|0|6|40,44,16,4|20|8|40,38,8,2|22|8|2|2,-4,2,-4,2|4|155|4|0|1
005372|box_n5_H14|b000417|1,4,5,11,13|6|11|13|8|11|12|13|-8|8|8|10|37,39,14,4|22|8|45,41,10,2|32|12|3|3,-2,0,-2,3|4|0|5|1|1
005373|box_n5_H14|b000418|1,4,5,11,14|6|11|14|8|11|12|14|-10|8|4|10|36,38,14,4|22|8|48,44,10,2|32|12|1|0,1,0,1,0|4|0|4|0|1
005374|box_n5_H14|b000419|1,4,5,12,13|6|12|13|8|21|8|23|-4|8|-10|6|40,40,12,4|24|8|40,40,10,2|20|8|0|0,0,0,0,0|2|148|4|2|1
005375|box_n5_H14|b000420|1,4,5,12,14|6|12|14|8|22|8|25|-4|8|-20|6|40,40,12,4|24|8|40,40,10,2|20|8|0|0,0,0,0,0|4|213|8|4|1
005376|box_n5_H14|b000421|1,4,5,13,14|6|13|14|8|13|10|14|-6|8|4|8|44,46,14,4|22|8|48,44,8,2|28|10|3|3,-1,-2,-1,3|4|0|4|0|1
005377|box_n5_H14|b000422|1,4,6,7,8|6|7|8|4|17|6|10|-10|4|12|4|24,26,8,2|10|4|28,24,2,0|16|6|1|0,1,0,1,0|2|2|3|1|0
005378|box_n5_H14|b000423|1,4,6,7,9|6|7|9|4|16|6|11|-14|4|2|4|23,26,9,2|9|4|31,30,5,0|13|6|0|0,-1,0,-1,0|2|22|2|0|0
005379|box_n5_H14|b000424|1,4,6,7,10|6|7|10|4|16|4|22|-10|4|-8|2|24,26,8,2|10|4|34,34,4,0|8|4|0|-1,0,0,0,-1|3|181|3|0|1
005380|box_n5_H14|b000425|1,4,6,7,11|6|7|11|4|16|6|13|-10|4|-2|4|25,28,9,2|9|4|37,36,5,0|13|6|1|1,-1,-2,-1,1|2|58|2|0|1
005381|box_n5_H14|b000426|1,4,6,7,12|6|7|12|4|16|14|14|-18|4|28|12|20,22,8,2|10|4|40,30,4,0|38|14|6|-1,2,6,2,-1|4|207|4|0|1
005382|box_n5_H14|b000427|1,4,6,7,13|6|7|13|2|17|6|16|-14|2|-10|4|25,30,9,2|3|2|45,50,13,2|11|6|0|0,-3,-4,-3,0|2|21|2|0|1
005383|box_n5_H14|b000428|1,4,6,7,14|6|7|14|6|16|12|17|2|6|20|10|28,28,8,2|16|6|56,54,12,2|30|12|1|1,0,0,0,1|8|36|28|20|1
005384|box_n5_H14|b000429|1,4,6,8,9|6|8|9|6|14|8|11|0|6|6|6|28,30,10,2|14|6|30,26,4,0|20|8|2|-1,2,0,2,-1|4|212|4|0|0
005385|box_n5_H14|b000430|1,4,6,8,10|6|8|10|6|20|6|25|0|6|-8|4|28,30,10,2|14|6|32,30,4,0|14|6|2|-3,2,2,2,-3|4|60|8|4|1
005386|box_n5_H14|b000431|1,4,6,8,11|6|8|11|10|10|10|13|8|10|6|8|28,26,10,2|26|10|36,30,4,0|26|10|4|-1,3,4,3,-1|3|71|3|0|1
005387|box_n5_H14|b000432|1,4,6,8,12|6|8|12|10|10|16|14|16|10|32|14|32,30,10,2|26|10|40,28,4,0|44|16|8|-2,5,8,5,-2|8|36|8|0|1
005388|box_n5_H14|b000433|1,4,6,8,13|6|8|13|8|10|14|16|8|8|10|12|28,26,8,2|22|8|44,38,10,2|38|14|4|-1,4,2,4,-1|3|222|3|0|1
005389|box_n5_H14|b000434|1,4,6,8,14|6|8|14|6|19|12|17|4|6|4|10|28,28,8,2|16|6|48,46,12,2|30|12|1|1,1,-2,1,1|4|84|8|4|1
005390|box_n5_H14|b000435|1,4,6,9,10|6|9|10|4|20|6|22|-14|4|-12|4|30,36,12,2|6|4|32,32,6,0|12|6|0|0,-2,-2,-2,0|3|185|4|1|1
005391|box_n5_H14|b000436|1,4,6,9,11|6|9|11|10|11|12|13|-2|10|6|10|31,32,13,2|23|10|37,32,7,0|29|12|2|2,-1,2,-1,2|4|208|4|0|1
005392|box_n5_H14|b000437|1,4,6,9,12|6|9|12|8|11|14|14|-6|8|16|12|30,32,12,2|18|8|36,28,6,0|36|14|6|-2,2,6,2,-2|6|50|6|0|1
005393|box_n5_H14|b000438|1,4,6,9,13|6|9|13|8|11|10|23|-2|8|-10|8|31,32,11,2|19|8|43,46,15,2|21|10|1|1,-2,-2,-2,1|4|223|4|0|1
005394|box_n5_H14|b000439|1,4,6,9,14|6|9|14|6|20|14|17|-6|6|4|12|30,32,10,2|14|6|48,46,14,2|34|14|2|0,-1,2,-1,0|4|181|4|0|1
005395|box_n5_H14|b000440|1,4,6,10,11|6|10|11|6|23|6|25|-16|6|-2|4|34,38,12,2|12|6|36,34,4,0|14|6|1|1,-1,-2,-1,1|2|105|2|0|1
005396|box_n5_H14|b000441|1,4,6,10,12|6|10|12|8|22|10|26|0|8|20|8|40,42,12,2|18|8|40,34,4,0|26|10|4|-2,2,4,2,-2|7|177|8|1|1
005397|box_n5_H14|b000442|1,4,6,10,13|6|10|13|6|22|8|29|-12|6|-6|6|34,36,10,2|14|6|44,46,12,2|18|8|0|-2,0,0,0,-2|2|45|2|0|1
005398|box_n5_H14|b000443|1,4,6,10,14|6|10|14|6|23|10|31|-12|6|4|8|34,36,10,2|14|6|50,50,12,2|24|10|1|1,-2,0,-2,1|5|195|6|1|1
005399|box_n5_H14|b000444|1,4,6,11,12|6|11|12|10|13|12|15|2|10|20|10|40,40,12,2|24|10|40,34,6,0|30|12|4|1,0,4,0,1|4|293|4|0|1
005400|box_n5_H14|b000445|1,4,6,11,13|6|11|13|8|13|12|16|-6|8|-2|10|37,38,11,2|19|8|45,46,15,2|27|12|0|0,-1,0,-1,0|3|131|3|0|1
005401|box_n5_H14|b000446|1,4,6,11,14|6|11|14|10|13|12|17|-2|10|0|10|36,34,10,2|26|10|48,48,14,2|28|12|2|1,-1,2,-1,1|3|49|3|0|1
005402|box_n5_H14|b000447|1,4,6,12,13|6|12|13|14|14|12|16|20|14|-6|10|40,34,10,2|38|14|40,38,12,2|30|12|2|1,2,2,2,1|4|218|4|0|1
005403|box_n5_H14|b000448|1,4,6,12,14|6|12|14|14|14|14|17|20|14|-4|12|40,34,10,2|38|14|40,34,10,2|38|14|4|2,2,4,2,2|7|213|8|1|1
005404|box_n5_H14|b000449|1,4,6,13,14|6|13|14|8|29|10|17|-14|8|0|8|44,50,18,4|18|8|48,48,12,2|24|10|3|3,-4,-4,-4,3|3|263|3|0|1
005405|box_n5_H14|b000450|1,4,7,8,9|6|8|9|10|8|10|9|16|10|10|8|28,26,10,2|26|10|30,26,6,0|24|10|4|1,0,4,0,1|4|17|4|0|0
005406|box_n5_H14|b000451|1,4,7,8,10|6|8|10|8|8|10|10|12|8|4|8|28,28,10,2|20|8|32,28,6,0|24|10|4|-2,4,0,4,-2|8|60|8|0|0
005407|box_n5_H14|b000452|1,4,7,8,11|6|8|11|10|8|10|11|20|10|2|8|28,24,8,2|28|10|36,32,6,0|24|10|4|0,2,4,2,0|4|0|4|0|0
005408|box_n5_H14|b000453|1,4,7,8,12|6|8|12|12|9|14|13|28|12|20|12|32,28,10,2|32|12|40,32,6,0|36|14|8|1,1,8,1,1|8|49|16|8|1
005409|box_n5_H14|b000454|1,4,7,8,13|6|8|13|10|8|16|13|20|10|22|14|28,24,8,2|28|10|44,34,6,0|42|16|4|1,4,4,4,1|4|0|4|0|1
005410|box_n5_H14|b000455|1,4,7,8,14|6|8|14|12|8|20|14|24|12|36|18|28,22,8,2|34|12|48,36,8,0|52|20|8|-2,8,6,8,-2|8|84|8|0|1
005411|box_n5_H14|b000456|1,4,7,9,10|6|9|10|6|9|8|10|-10|6|-8|6|30,36,14,2|10|6|32,34,10,0|14|8|-1|-1,-2,-2,-2,-1|2|0|2|0|0
005412|box_n5_H14|b000457|1,4,7,9,11|6|9|11|8|9|8|11|0|8|-4|6|31,33,12,2|18|8|37,37,8,0|16|8|2|1,-3,2,-3,1|3|72|3|0|0
005413|box_n5_H14|b000458|1,4,7,9,12|6|9|12|12|10|12|13|2|12|0|10|30,30,14,2|28|12|36,34,10,0|26|12|2|0,0,2,0,0|6|74|12|6|1
005414|box_n5_H14|b000459|1,4,7,9,13|6|9|13|10|9|12|13|4|10|4|10|31,31,12,2|24|10|43,41,10,0|26|12|1|1,1,-2,1,1|4|161|4|0|1
005415|box_n5_H14|b000460|1,4,7,9,14|6|9|14|10|9|18|14|6|10|28|16|30,28,10,2|26|10|48,40,10,0|44|18|6|-3,5,6,5,-3|4|158|4|0|1
005416|box_n5_H14|b000461|1,4,7,10,11|6|10|11|8|10|10|11|-4|8|-2|8|34,36,12,2|18|8|36,34,8,0|22|10|3|3,-2,-2,-2,3|4|0|4|0|0
005417|box_n5_H14|b000462|1,4,7,10,12|6|10|12|10|11|12|13|4|10|4|10|40,44,16,2|20|10|40,40,12,0|24|12|2|1,-4,2,-4,1|6|177|8|2|1
005418|box_n5_H14|b000463|1,4,7,10,13|6|10|13|10|10|14|13|-4|10|6|12|34,36,14,2|22|10|44,42,12,0|30|14|0|0,0,0,0,0|4|0|4|0|1
005419|box_n5_H14|b000464|1,4,7,10,14|6|10|14|10|10|16|14|4|10|28|14|34,32,10,2|26|10|50,44,10,0|38|16|3|0,3,2,3,0|8|35|8|0|1
005420|box_n5_H14|b000465|1,4,7,11,12|6|11|12|10|13|10|15|-6|10|8|8|40,44,16,2|20|10|40,38,8,0|22|10|2|2,-3,0,-3,2|4|155|4|0|1
005421|box_n5_H14|b000466|1,4,7,11,13|6|11|13|8|11|12|13|-12|8|12|10|37,41,14,2|16|8|45,41,8,0|28|12|2|2,-1,-2,-1,2|4|0|5|1|1
005422|box_n5_H14|b000467|1,4,7,11,14|6|11|14|12|11|18|14|2|12|32|16|36,32,10,2|32|12|48,38,8,0|46|18|4|1,4,4,4,1|4|0|4|0|1
005423|box_n5_H14|b000468|1,4,7,12,13|6|12|13|12|13|10|15|0|12|-10|8|40,42,16,2|26|12|40,42,12,0|18|10|1|1,-2,-2,-2,1|4|206|4|0|1
005424|box_n5_H14|b000469|1,4,7,12,14|6|12|14|14|13|14|16|12|14|8|12|40,36,12,2|36|14|40,34,8,0|34|14|4|0,4,2,4,0|7|249|8|1|1
005425|box_n5_H14|b000470|1,4,7,13,14|6|13|14|14|13|18|14|6|14|32|16|44,42,14,2|34|14|48,38,8,0|46|18|3|3,3,0,3,3|4|0|4|0|1
005426|box_n5_H14|b000471|1,4,8,9,10|6|9|10|6|9|6|10|-10|6|-8|4|30,38,16,2|8|6|32,36,10,0|8|6|0|-1,-5,0,-5,-1|2|0|2|0|0
005427|box_n5_H14|b000472|1,4,8,9,11|6|9|11|12|9|10|11|6|12|2|8|31,32,15,2|27|12|37,38,11,0|19|10|0|0,-1,0,-1,0|4|208|4|0|0
005428|box_n5_H14|b000473|1,4,8,9,12|6|9|12|10|10|10|13|6|10|4|8|30,30,12,2|24|10|36,34,8,0|22|10|2|0,0,2,0,0|7|70|12|5|1
005429|box_n5_H14|b000474|1,4,8,9,13|6|9|13|12|9|14|13|6|12|10|12|31,32,15,2|27|12|43,44,15,0|27|14|1|1,-2,0,-2,1|4|223|4|0|1
005430|box_n5_H14|b000475|1,4,8,9,14|6|9|14|8|9|16|14|-6|8|20|14|30,36,16,2|14|8|48,44,12,0|36|16|1|-2,1,0,1,-2|4|139|4|0|1
005431|box_n5_H14|b000476|1,4,8,10,11|6|10|11|10|10|12|11|-8|10|6|10|34,40,18,2|18|10|36,34,10,0|26|12|0|0,-1,-2,-1,0|4|0|4|0|0
005432|box_n5_H14|b000477|1,4,8,10,12|6|10|12|10|11|12|13|4|10|12|10|40,46,18,2|18|10|40,38,10,0|26|12|4|0,-4,4,-4,0|5|111|8|3|1
005433|box_n5_H14|b000478|1,4,8,10,13|6|10|13|12|10|16|13|-4|12|18|14|34,38,18,2|24|12|44,42,14,0|34|16|0|-1,0,0,0,-1|4|0|4|0|1
005434|box_n5_H14|b000479|1,4,8,10,14|6|10|14|12|10|16|14|-4|12|20|14|34,38,18,2|24|12|50,48,14,0|34|16|1|1,-2,0,-2,1|8|35|8|0|1
005435|box_n5_H14|b000480|1,4,8,11,12|6|11|12|10|13|14|15|2|10|12|12|40,44,16,2|20|10|40,38,12,0|30|14|2|2,-4,2,-4,2|4|155|4|0|1
005436|box_n5_H14|b000481|1,4,8,11,13|6|11|13|14|11|20|13|-2|14|22|18|37,40,19,2|29|14|45,42,17,0|43|20|2|2,-1,-2,-1,2|4|66|4|0|1
005437|box_n5_H14|b000482|1,4,8,11,14|6|11|14|12|11|18|14|-6|12|16|16|36,40,18,2|24|12|48,46,16,0|38|18|0|0,-1,0,-1,0|4|0|4|0|1
005438|box_n5_H14|b000483|1,4,8,12,13|6|12|13|16|13|12|15|8|16|6|10|40,40,18,2|36|16|40,40,12,0|24|12|2|2,-1,-2,-1,2|4|205|4|0|1
005439|box_n5_H14|b000484|1,4,8,12,14|6|12|14|14|13|12|16|4|14|0|10|40,42,18,2|30|14|40,38,10,0|26|12|2|0,2,-4,2,0|5|143|8|3|1
005440|box_n5_H14|b000485|1,4,8,13,14|6|13|14|16|13|20|14|6|16|20|18|44,48,22,2|32|16|48,44,16,0|44|20|3|3,0,-6,0,3|4|0|4|0|1
005441|box_n5_H14|b000486|1,4,9,10,11|6|10|11|6|10|6|11|-20|6|-6|4|34,40,14,2|10|6|36,36,6,0|12|6|0|0,-2,-2,-2,0|4|330|4|0|0
005442|box_n5_H14|b000487|1,4,9,10,12|6|10|12|6|11|6|13|-8|6|-8|4|40,46,14,2|10|6|40,42,8,0|10|6|0|-2,-2,0,-2,-2|3|177|8|5|1
005443|box_n5_H14|b000488|1,4,9,10,13|6|10|13|8|10|10|13|-12|8|2|8|34,36,12,2|18|8|44,42,8,0|22|10|1|-1,1,0,1,-1|4|390|4|0|1
005444|box_n5_H14|b000489|1,4,9,10,14|6|10|14|8|10|10|14|-12|8|8|8|34,36,12,2|18|8|50,50,10,0|20|10|1|1,-2,0,-2,1|8|210|10|2|1
005445|box_n5_H14|b000490|1,4,9,11,12|6|11|12|8|13|8|21|-10|8|-8|6|40,46,16,2|14|8|40,42,10,0|14|8|-1|-1,-2,-2,-2,-1|3|101|3|0|1
005446|box_n5_H14|b000491|1,4,9,11,13|6|11|13|8|11|10|13|-12|8|0|8|37,41,14,2|16|8|45,45,10,0|20|10|1|1,-3,0,-3,1|4|429|4|0|1
005447|box_n5_H14|b000492|1,4,9,11,14|6|11|14|12|11|16|14|-6|12|12|14|36,36,14,2|28|12|48,44,12,0|36|16|2|2,1,-2,1,2|4|462|4|0|1
005448|box_n5_H14|b000493|1,4,9,12,13|6|12|13|10|13|10|15|-8|10|-14|8|40,42,14,2|22|10|40,42,12,0|18|10|1|1,-2,-2,-2,1|4|206|4|0|1
005449|box_n5_H14|b000494|1,4,9,12,14|6|12|14|12|13|14|16|-8|12|-4|12|40,42,16,2|26|12|40,36,10,0|32|14|2|0,2,-2,2,0|6|130|6|0|1
005450|box_n5_H14|b000495|1,4,9,13,14|6|13|14|12|13|14|14|-6|12|12|12|44,46,16,2|26|12|48,44,10,0|32|14|4|4,-1,-4,-1,4|4|546|4|0|1
005451|box_n5_H14|b000496|1,4,10,11,12|6|11|12|8|21|6|23|-10|8|-4|4|40,46,16,2|14|8|40,40,6,0|12|6|2|1,-5,2,-5,1|4|155|4|0|1
005452|box_n5_H14|b000497|1,4,10,11,13|6|11|13|10|11|12|13|-14|10|10|10|37,42,17,2|19|10|45,42,9,0|27|12|1|1,-1,-2,-1,1|4|66|4|0|1
005453|box_n5_H14|b000498|1,4,10,11,14|6|11|14|8|11|12|14|-10|8|8|10|36,38,12,2|18|8|48,44,8,0|28|12|1|0,1,0,1,0|4|0|4|0|1
005454|box_n5_H14|b000499|1,4,10,12,13|6|12|13|10|13|8|28|-8|10|-6|6|40,42,14,2|22|10|40,40,8,0|16|8|1|1,0,-4,0,1|2|244|3|1|1
005455|box_n5_H14|b000500|1,4,10,12,14|6|12|14|10|13|8|31|-8|10|-12|6|40,42,14,2|22|10|40,38,6,0|18|8|0|0,0,0,0,0|7|249|8|1|1
005456|box_n5_H14|b000501|1,4,10,13,14|6|13|14|12|13|16|14|-6|12|12|14|44,48,18,2|24|12|48,42,10,0|38|16|4|4,-1,-4,-1,4|4|0|4|0|1
005457|box_n5_H14|b000502|1,4,11,12,13|6|12|13|10|15|8|16|-8|10|-10|6|40,42,14,2|22|10|40,42,10,0|14|8|1|1,-3,0,-3,1|4|281|4|0|1
005458|box_n5_H14|b000503|1,4,11,12,14|6|12|14|8|22|10|17|-8|8|-8|8|40,42,12,2|18|8|40,38,8,0|22|10|2|-1,2,-2,2,-1|4|88|6|2|1
005459|box_n5_H14|b000504|1,4,11,13,14|6|13|14|10|13|14|14|-6|10|12|12|44,48,16,2|20|10|48,44,10,0|32|14|2|2,0,-4,0,2|4|0|4|0|1
005460|box_n5_H14|b000505|1,4,12,13,14|6|13|14|8|15|8|16|-22|8|-12|6|44,52,18,2|12|8|48,52,12,0|12|8|1|1,-5,-4,-5,1|3|263|3|0|1
005461|box_n5_H14|b000506|1,5,6,7,8|6|7|8|2|19|2|22|-14|2|-4|0|24,28,8,2|4|2|28,28,2,0|4|2|0|-1,0,-2,0,-1|2|82|2|0|1
005462|box_n5_H14|b000507|1,5,6,7,9|6|7|9|2|11|6|13|-16|2|4|4|23,27,8,2|4|2|31,27,2,0|16|6|1|1,-1,0,-1,1|2|22|2|0|1
005463|box_n5_H14|b000508|1,5,6,7,10|6|7|10|6|10|8|14|-2|6|16|6|24,22,6,2|18|6|34,28,2,0|22|8|4|-1,4,2,4,-1|3|124|3|0|1
005464|box_n5_H14|b000509|1,5,6,7,11|6|7|11|2|10|6|16|-8|2|0|4|25,27,6,2|6|2|37,33,2,0|16|6|1|0,1,0,1,0|2|35|2|0|1
005465|box_n5_H14|b000510|1,5,6,7,12|6|7|12|2|19|8|17|-22|2|8|6|20,24,8,2|4|2|40,36,4,0|20|8|2|-1,0,2,0,-1|3|130|3|0|1
005466|box_n5_H14|b000511|1,5,6,7,13|6|7|13|2|11|4|19|-12|2|-12|2|25,29,8,2|4|2|45,49,10,2|8|4|0|0,-3,-2,-3,0|3|192|3|0|1
005467|box_n5_H14|b000512|1,5,6,7,14|6|7|14|6|10|10|20|2|6|16|8|28,28,8,2|16|6|56,54,10,2|26|10|2|0,0,2,0,0|6|22|14|8|1
005468|box_n5_H14|b000513|1,5,6,8,9|6|8|9|4|13|6|15|-12|4|-2|4|28,32,10,2|8|4|30,28,4,0|14|6|0|-1,0,0,0,-1|2|29|2|0|1
005469|box_n5_H14|b000514|1,5,6,8,10|6|8|10|6|13|8|17|-4|6|8|6|28,28,8,2|16|6|32,28,4,0|20|8|3|-2,3,2,3,-2|5|117|6|1|1
005470|box_n5_H14|b000515|1,5,6,8,11|6|8|11|4|14|8|19|-8|4|-2|6|28,30,8,2|10|4|36,32,4,0|20|8|2|0,0,2,0,0|3|127|3|0|1
005471|box_n5_H14|b000516|1,5,6,8,12|6|8|12|8|13|12|20|4|8|12|10|32,32,10,2|20|8|40,34,6,0|30|12|5|-4,5,4,5,-4|8|70|8|0|1
005472|box_n5_H14|b000517|1,5,6,8,13|6|8|13|6|13|8|22|-4|6|-6|6|28,28,8,2|16|6|44,44,10,2|20|8|1|1,0,-2,0,1|3|137|3|0|1
005473|box_n5_H14|b000518|1,5,6,8,14|6|8|14|4|13|10|23|-8|4|-4|8|28,30,8,2|10|4|48,48,12,2|24|10|1|1,-1,-2,-1,1|4|166|4|0|1
005474|box_n5_H14|b000519|1,5,6,9,10|6|9|10|8|13|10|15|-2|8|12|8|30,28,8,2|22|8|32,26,4,0|26|10|3|0,3,2,3,0|4|95|4|0|1
005475|box_n5_H14|b000520|1,5,6,9,11|6|9|11|4|13|10|16|-8|4|4|8|31,33,8,2|10|4|37,31,4,0|26|10|2|2,0,0,0,2|3|100|4|1|1
005476|box_n5_H14|b000521|1,5,6,9,12|6|9|12|6|15|12|19|-10|6|4|10|30,32,10,2|14|6|36,30,6,0|30|12|4|-2,2,4,2,-2|7|106|12|5|1
005477|box_n5_H14|b000522|1,5,6,9,13|6|9|13|4|14|10|19|-8|4|-8|8|31,33,8,2|10|4|43,43,12,2|24|10|2|-1,-1,2,-1,-1|3|106|4|1|1
005478|box_n5_H14|b000523|1,5,6,9,14|6|9|14|6|13|10|21|-6|6|-4|8|30,30,8,2|16|6|48,48,12,2|24|10|2|1,-2,2,-2,1|4|119|4|0|1
005479|box_n5_H14|b000524|1,5,6,10,11|6|10|11|6|14|8|16|4|6|-2|6|34,34,8,2|16|6|36,32,4,0|20|8|1|1,1,0,1,1|3|115|3|0|1
005480|box_n5_H14|b000525|1,5,6,10,12|6|10|12|14|14|14|17|28|14|16|12|40,34,10,2|38|14|40,32,6,0|36|14|8|-2,8,2,8,-2|8|112|8|0|1
005481|box_n5_H14|b000526|1,5,6,10,13|6|10|13|10|15|12|19|12|10|2|10|34,30,8,2|28|10|44,40,10,2|32|12|4|-1,3,4,3,-1|3|25|3|0|1
005482|box_n5_H14|b000527|1,5,6,10,14|6|10|14|10|14|14|20|12|10|12|12|34,30,8,2|28|10|50,44,10,2|38|14|6|-2,4,6,4,-2|4|23|4|0|1
005483|box_n5_H14|b000528|1,5,6,11,12|6|11|12|8|19|8|17|-2|8|8|6|40,40,10,2|20|8|40,36,4,0|20|8|2|1,0,2,0,1|4|350|4|0|1
005484|box_n5_H14|b000529|1,5,6,11,13|6|11|13|6|17|8|19|-8|6|0|6|37,37,8,2|16|6|45,43,8,2|22|8|2|2,-1,0,-1,2|2|27|2|0|1
005485|box_n5_H14|b000530|1,5,6,11,14|6|11|14|8|16|6|20|-6|8|-4|4|36,34,8,2|22|8|48,48,8,2|16|6|2|0,0,2,0,0|3|49|3|0|1
005486|box_n5_H14|b000531|1,5,6,12,13|6|12|13|10|19|10|21|4|10|-10|8|40,38,10,2|26|10|40,38,10,2|26|10|2|-1,2,2,2,-1|4|356|4|0|1
005487|box_n5_H14|b000532|1,5,6,12,14|6|12|14|12|17|10|23|8|12|-12|8|40,36,10,2|32|12|40,36,8,2|28|10|4|2,0,4,0,2|6|248|8|2|1
005488|box_n5_H14|b000533|1,5,6,13,14|6|13|14|8|19|8|21|-14|8|-4|6|44,48,16,4|20|8|48,48,10,2|20|8|2|2,-4,0,-4,2|3|161|3|0|1
005489|box_n5_H14|b000534|1,5,7,8,9|6|8|9|8|8|8|9|4|8|8|6|28,28,10,2|20|8|30,28,6,0|18|8|4|1,-2,4,-2,1|4|199|4|0|0
005490|box_n5_H14|b000535|1,5,7,8,10|6|8|10|10|8|10|10|8|10|16|8|28,26,10,2|26|10|32,26,4,0|26|10|5|-1,5,0,5,-1|8|60|8|0|0
005491|box_n5_H14|b000536|1,5,7,8,11|6|8|11|8|8|10|11|4|8|4|8|28,28,10,2|20|8|36,34,8,0|22|10|2|1,-1,2,-1,1|4|0|4|0|0
005492|box_n5_H14|b000537|1,5,7,8,12|6|8|12|8|15|8|23|16|8|-4|6|32,30,8,2|22|8|40,38,6,0|18|8|4|-1,1,4,1,-1|6|71|16|10|1
005493|box_n5_H14|b000538|1,5,7,8,13|6|8|13|8|8|10|13|8|8|8|8|28,26,8,2|22|8|44,40,6,0|24|10|3|3,0,0,0,3|4|0|4|0|1
005494|box_n5_H14|b000539|1,5,7,8,14|6|8|14|10|8|16|14|12|10|28|14|28,24,8,2|28|10|48,38,6,0|42|16|6|-2,6,6,6,-2|8|84|8|0|1
005495|box_n5_H14|b000540|1,5,7,9,10|6|9|10|12|9|10|10|8|12|12|8|30,28,12,2|30|12|32,28,6,0|24|10|3|-1,3,2,3,-1|4|95|4|0|0
005496|box_n5_H14|b000541|1,5,7,9,11|6|9|11|9|9|11|11|0|9|4|9|31,34,14,2|19|9|37,36,10,0|23|11|1|1,-2,0,-2,1|3|0|3|0|0
005497|box_n5_H14|b000542|1,5,7,9,12|6|9|12|8|17|6|26|4|8|-16|4|30,30,10,2|20|8|36,36,6,0|12|6|0|0,0,0,0,0|7|106|12|5|1
005498|box_n5_H14|b000543|1,5,7,9,13|6|9|13|9|9|13|13|4|9|8|11|31,32,12,2|21|9|43,38,8,0|31|13|2|-1,2,2,2,-1|4|320|4|0|1
005499|box_n5_H14|b000544|1,5,7,9,14|6|9|14|12|9|14|14|12|12|20|12|30,26,10,2|32|12|48,42,8,0|34|14|6|-2,4,6,4,-2|4|119|4|0|1
005500|box_n5_H14|b000545|1,5,7,10,11|6|10|11|12|10|14|11|12|12|8|12|34,32,12,2|30|12|36,32,10,0|32|14|3|3,0,0,0,3|4|0|4|0|0
005501|box_n5_H14|b000546|1,5,7,10,12|6|10|12|12|14|12|17|28|12|-4|10|40,36,10,2|32|12|40,38,10,0|26|12|2|1,2,0,2,1|5|139|8|3|1
005502|box_n5_H14|b000547|1,5,7,10,13|6|10|13|12|10|16|13|16|12|16|14|34,30,10,2|32|12|44,36,8,0|40|16|4|1,3,4,3,1|4|0|4|0|1
005503|box_n5_H14|b000548|1,5,7,10,14|6|10|14|14|10|20|14|24|14|36|18|34,26,8,2|40|14|50,38,8,0|52|20|9|-3,9,8,9,-3|8|35|8|0|1
005504|box_n5_H14|b000549|1,5,7,11,12|6|11|12|8|21|10|17|0|8|-8|8|40,44,14,2|16|8|40,40,10,0|20|10|2|2,-3,-2,-3,2|4|155|4|0|1
005505|box_n5_H14|b000550|1,5,7,11,13|6|11|13|11|11|17|13|-4|11|16|15|37,40,16,2|23|11|45,38,10,0|41|17|4|4,-1,-2,-1,4|5|0|5|0|1
005506|box_n5_H14|b000551|1,5,7,11,14|6|11|14|14|11|18|14|8|14|28|16|36,32,12,2|36|14|48,38,8,0|46|18|5|0,5,4,5,0|4|0|4|0|1
005507|box_n5_H14|b000552|1,5,7,12,13|6|12|13|6|25|4|28|-20|6|-12|2|40,46,14,2|10|6|40,42,6,0|6|4|-1|-1,-2,-2,-2,-1|4|431|4|0|1
005508|box_n5_H14|b000553|1,5,7,12,14|6|12|14|10|17|8|26|-4|10|0|6|40,38,10,2|26|10|40,36,4,0|20|8|2|0,2,2,2,0|5|149|8|3|1
005509|box_n5_H14|b000554|1,5,7,13,14|6|13|14|14|13|16|14|8|14|28|14|44,40,12,2|36|14|48,38,6,0|42|16|4|2,3,4,3,2|4|0|4|0|1
005510|box_n5_H14|b000555|1,5,8,9,10|6|9|10|8|9|6|10|-2|8|4|4|30,30,10,2|20|8|32,30,4,0|14|6|4|-1,0,4,0,-1|2|0|2|0|0
005511|box_n5_H14|b000556|1,5,8,9,11|6|9|11|6|9|8|11|-4|6|0|6|31,33,10,2|14|6|37,37,8,0|16|8|0|0,0,-2,0,0|3|18|3|0|0
005512|box_n5_H14|b000557|1,5,8,9,12|6|9|12|10|15|8|20|-2|10|-12|6|30,30,12,2|24|10|36,36,8,0|16|8|0|0,0,0,0,0|6|70|12|6|1
005513|box_n5_H14|b000558|1,5,8,9,13|6|9|13|6|9|8|13|-4|6|0|6|31,33,10,2|14|6|43,41,6,0|18|8|4|-1,-1,4,-1,-1|3|18|3|0|1
005514|box_n5_H14|b000559|1,5,8,9,14|6|9|14|6|9|12|14|-10|6|8|10|30,34,12,2|12|6|48,46,10,0|26|12|0|-1,0,0,0,-1|3|211|4|1|1
005515|box_n5_H14|b000560|1,5,8,10,11|6|10|11|8|10|12|11|0|8|6|10|34,36,12,2|18|8|36,32,8,0|28|12|1|0,1,0,1,0|4|0|4|0|0
005516|box_n5_H14|b000561|1,5,8,10,12|6|10|12|12|17|12|20|20|12|4|10|40,38,12,2|30|12|40,36,8,0|28|12|2|0,2,2,2,0|6|112|8|2|1
005517|box_n5_H14|b000562|1,5,8,10,13|6|10|13|10|10|16|13|8|10|14|14|34,32,10,2|26|10|44,36,8,0|40|16|4|0,3,4,3,0|4|0|4|0|1
005518|box_n5_H14|b000563|1,5,8,10,14|6|10|14|10|10|18|14|8|10|24|16|34,32,10,2|26|10|50,42,10,0|44|18|6|-2,4,6,4,-2|8|35|8|0|1
005519|box_n5_H14|b000564|1,5,8,11,12|6|11|12|12|19|10|21|-2|12|-4|8|40,44,18,2|24|12|40,40,10,0|20|10|2|2,-4,0,-4,2|4|155|4|0|1
005520|box_n5_H14|b000565|1,5,8,11,13|6|11|13|10|11|14|13|-4|10|12|12|37,39,14,2|22|10|45,39,8,0|34|14|4|4,-1,-2,-1,4|4|0|5|1|1
005521|box_n5_H14|b000566|1,5,8,11,14|6|11|14|10|11|14|14|-10|10|8|12|36,40,16,2|20|10|48,46,12,0|30|14|0|-1,0,0,0,-1|4|0|4|0|1
005522|box_n5_H14|b000567|1,5,8,12,13|6|12|13|8|20|10|22|-12|8|-10|8|40,44,14,2|16|8|40,40,10,0|20|10|0|0,-1,-2,-1,0|4|368|4|0|1
005523|box_n5_H14|b000568|1,5,8,12,14|6|12|14|10|22|14|23|-12|10|-12|12|40,44,16,2|20|10|40,40,14,0|28|14|0|0,0,-4,0,0|6|236|6|0|1
005524|box_n5_H14|b000569|1,5,8,13,14|6|13|14|10|13|14|14|-6|10|12|12|44,46,14,2|22|10|48,44,10,0|32|14|2|2,0,-2,0,2|4|0|4|0|1
005525|box_n5_H14|b000570|1,5,9,10,11|6|10|11|6|10|8|11|-4|6|0|6|34,36,10,2|14|6|36,34,6,0|18|8|0|0,0,0,0,0|4|330|4|0|0
005526|box_n5_H14|b000571|1,5,9,10,12|6|10|12|10|16|8|19|16|10|-8|6|40,38,10,2|26|10|40,40,8,0|16|8|4|-2,4,-2,4,-2|6|112|8|2|1
005527|box_n5_H14|b000572|1,5,9,10,13|6|10|13|12|10|14|13|8|12|16|12|34,30,10,2|32|12|44,36,6,0|36|14|4|0,4,4,4,0|4|390|4|0|1
005528|box_n5_H14|b000573|1,5,9,10,14|6|10|14|10|10|12|14|8|10|12|10|34,30,8,2|28|10|50,44,6,0|30|12|6|-2,4,6,4,-2|6|35|8|2|1
005529|box_n5_H14|b000574|1,5,9,11,12|6|11|12|8|19|8|21|-8|8|-16|6|40,46,16,2|14|8|40,44,12,0|12|8|-1|-1,-2,-4,-2,-1|4|350|4|0|1
005530|box_n5_H14|b000575|1,5,9,11,13|6|11|13|9|11|13|13|-8|9|8|11|37,40,14,2|19|9|45,42,10,0|29|13|3|3,-3,0,-3,3|4|143|4|0|1
005531|box_n5_H14|b000576|1,5,9,11,14|6|11|14|12|11|12|14|-4|12|4|10|36,36,14,2|28|12|48,44,8,0|28|12|2|1,2,-2,2,1|4|462|4|0|1
005532|box_n5_H14|b000577|1,5,9,12,13|6|12|13|10|19|10|21|-20|10|-12|8|40,46,18,2|18|10|40,42,12,0|18|10|-1|-1,-2,-2,-2,-1|3|275|3|0|1
005533|box_n5_H14|b000578|1,5,9,12,14|6|12|14|8|19|10|23|-16|8|-16|8|40,44,14,2|16|8|40,38,8,0|22|10|0|0,0,-2,0,0|4|124|6|2|1
005534|box_n5_H14|b000579|1,5,9,13,14|6|13|14|12|13|12|14|0|12|4|10|44,44,14,2|28|12|48,44,8,0|28|12|3|3,-1,0,-1,3|4|546|4|0|1
005535|box_n5_H14|b000580|1,5,10,11,12|6|11|12|8|21|8|17|-6|8|-4|6|40,46,16,2|14|8|40,42,10,0|14|8|1|1,-5,0,-5,1|4|155|4|0|1
005536|box_n5_H14|b000581|1,5,10,11,13|6|11|13|10|11|16|13|-8|10|24|14|37,41,16,2|20|10|45,39,10,0|38|16|3|3,-1,-2,-1,3|4|0|5|1|1
005537|box_n5_H14|b000582|1,5,10,11,14|6|11|14|12|11|14|14|-6|12|16|12|36,38,16,2|26|12|48,44,10,0|32|14|2|-1,2,0,2,-1|4|0|4|0|1
005538|box_n5_H14|b000583|1,5,10,12,13|6|12|13|10|19|12|21|-12|10|2|10|40,46,18,2|18|10|40,40,12,0|24|12|0|-1,0,-4,0,-1|4|356|4|0|1
005539|box_n5_H14|b000584|1,5,10,12,14|6|12|14|12|17|10|23|-8|12|-8|8|40,44,18,2|24|12|40,40,10,0|20|10|0|0,-2,0,-2,0|5|131|6|1|1
005540|box_n5_H14|b000585|1,5,10,13,14|6|13|14|16|13|18|14|6|16|20|16|44,46,20,2|34|16|48,42,12,0|42|18|3|3,-1,0,-1,3|4|0|4|0|1
005541|box_n5_H14|b000586|1,5,11,12,13|6|12|13|6|21|6|23|-20|6|-8|4|40,46,14,2|10|6|40,42,8,0|10|6|0|-1,-3,0,-3,-1|3|263|3|0|1
005542|box_n5_H14|b000587|1,5,11,12,14|6|12|14|10|17|6|25|-16|10|-16|4|40,44,16,2|20|10|40,40,6,0|12|6|0|-1,0,-2,0,-1|4|142|8|4|1
005543|box_n5_H14|b000588|1,5,11,13,14|6|13|14|14|13|14|14|0|14|8|12|44,46,18,2|30|14|48,44,10,0|32|14|1|1,0,0,0,1|4|0|4|0|1
005544|box_n5_H14|b000589|1,5,12,13,14|6|13|14|6|21|6|23|-22|6|-20|4|44,50,14,2|10|6|48,52,10,0|8|6|0|0,-5,0,-5,0|3|425|3|0|1
005545|box_n5_H14|b000590|1,6,7,8,9|6|8|9|2|19|4|11|-12|2|2|2|28,34,12,4|6|2|30,30,6,2|12|4|0|-1,-2,0,-2,-1|2|29|2|0|0
005546|box_n5_H14|b000591|1,6,7,8,10|6|8|10|4|11|4|13|-8|4|-4|2|28,32,12,4|12|4|32,32,6,2|12|4|2|-2,2,-4,2,-2|3|117|6|3|1
005547|box_n5_H14|b000592|1,6,7,8,11|6|8|11|6|10|8|13|-4|6|10|6|28,30,12,4|18|6|36,32,6,2|24|8|2|0,0,2,0,0|3|126|3|0|1
005548|box_n5_H14|b000593|1,6,7,8,12|6|8|12|8|10|12|14|8|8|24|10|32,32,12,4|24|8|40,32,6,2|36|12|5|-3,5,4,5,-3|8|72|8|0|1
005549|box_n5_H14|b000594|1,6,7,8,13|6|8|13|2|10|6|16|-4|0|-2|2|28,30,6,2|6|2|44,40,2,0|16|6|1|0,1,0,1,0|2|46|2|0|1
005550|box_n5_H14|b000595|1,6,7,8,14|6|8|14|6|11|10|17|4|4|16|8|28,26,6,2|18|6|48,44,8,2|28|10|2|0,2,2,2,0|4|145|6|2|1
005551|box_n5_H14|b000596|1,6,7,9,10|6|9|10|8|13|8|15|-2|8|0|6|30,32,14,4|22|8|32,30,8,2|22|8|1|0,1,-2,1,0|4|95|4|0|1
005552|box_n5_H14|b000597|1,6,7,9,11|6|9|11|6|11|12|13|-4|6|16|10|31,35,14,4|16|6|37,31,8,2|34|12|3|3,-2,0,-2,3|3|100|4|1|1
005553|box_n5_H14|b000598|1,6,7,9,12|6|9|12|8|11|12|14|-2|8|12|10|30,32,14,4|22|8|36,30,8,2|34|12|4|-2,2,4,2,-2|8|106|12|4|1
005554|box_n5_H14|b000599|1,6,7,9,13|6|9|13|6|11|8|19|4|4|-8|6|31,31,8,2|16|6|43,41,8,2|22|8|2|-1,2,0,2,-1|3|80|3|0|1
005555|box_n5_H14|b000600|1,6,7,9,14|6|9|14|10|13|16|17|10|8|24|14|30,26,8,2|28|10|48,40,10,2|44|16|8|-2,4,8,4,-2|4|119|4|0|1
005556|box_n5_H14|b000601|1,6,7,10,11|6|10|11|8|13|10|15|-4|8|6|8|34,36,14,4|22|8|36,34,10,2|26|10|3|3,-2,-2,-2,3|3|93|3|0|1
005557|box_n5_H14|b000602|1,6,7,10,12|6|10|12|10|13|12|16|12|10|16|10|40,40,14,4|28|10|40,36,10,2|32|12|4|-1,4,-2,4,-1|7|177|8|1|1
005558|box_n5_H14|b000603|1,6,7,10,13|6|10|13|6|13|8|17|0|4|-10|6|34,34,8,2|16|6|44,44,10,2|20|8|2|0,-1,2,-1,0|3|155|3|0|1
005559|box_n5_H14|b000604|1,6,7,10,14|6|10|14|8|14|16|19|8|6|28|14|34,30,6,2|24|8|50,42,10,2|44|16|6|-2,5,6,5,-2|5|181|6|1|1
005560|box_n5_H14|b000605|1,6,7,11,12|6|11|12|12|13|12|15|10|12|16|10|40,40,16,4|32|12|40,36,10,2|32|12|1|1,1,0,1,1|4|212|4|0|1
005561|box_n5_H14|b000606|1,6,7,11,13|6|11|13|6|13|10|16|0|4|-4|8|37,39,10,2|14|6|45,43,10,2|26|10|1|1,0,-2,0,1|2|27|2|0|1
005562|box_n5_H14|b000607|1,6,7,11,14|6|11|14|14|13|14|17|18|12|20|12|36,28,8,2|40|14|48,42,10,2|38|14|6|1,3,6,3,1|3|49|3|0|1
005563|box_n5_H14|b000608|1,6,7,12,13|6|12|13|8|14|8|16|8|6|-18|6|40,40,10,2|20|8|40,40,10,2|20|8|0|0,0,0,0,0|4|218|4|0|1
005564|box_n5_H14|b000609|1,6,7,12,14|6|12|14|14|14|14|17|24|12|12|10|40,32,8,2|40|14|40,30,4,0|38|14|6|2,4,6,4,2|8|249|8|0|1
005565|box_n5_H14|b000610|1,6,7,13,14|6|13|14|8|19|10|17|-10|6|20|6|44,44,10,2|20|8|48,42,4,0|26|10|2|2,0,2,0,2|3|123|3|0|1
005566|box_n5_H14|b000611|1,6,8,9,10|6|9|10|6|15|6|17|-10|6|-8|4|30,34,12,2|12|6|32,32,6,0|12|6|0|0,-2,0,-2,0|3|185|4|1|1
005567|box_n5_H14|b000612|1,6,8,9,11|6|9|11|8|11|12|13|-6|8|14|10|31,34,13,2|17|8|37,32,7,0|29|12|2|2,0,-2,0,2|4|208|4|0|1
005568|box_n5_H14|b000613|1,6,8,9,12|6|9|12|8|11|12|14|-6|8|12|10|30,32,12,2|18|8|36,30,6,0|30|12|4|-2,2,4,2,-2|7|70|12|5|1
005569|box_n5_H14|b000614|1,6,8,9,13|6|9|13|8|11|10|22|-2|8|-2|8|31,32,11,2|19|8|43,44,13,2|23|10|2|-1,-1,2,-1,-1|4|223|4|0|1
005570|box_n5_H14|b000615|1,6,8,9,14|6|9|14|4|22|12|17|-10|4|4|10|30,34,10,2|8|4|48,44,8,0|28|12|2|-1,0,2,0,-1|4|323|4|0|1
005571|box_n5_H14|b000616|1,6,8,10,11|6|10|11|6|13|8|15|-16|6|6|6|34,40,14,2|10|6|36,34,6,0|18|8|0|0,-1,-2,-1,0|2|4|3|1|1
005572|box_n5_H14|b000617|1,6,8,10,12|6|10|12|10|13|12|16|4|10|20|10|40,42,14,2|22|10|40,34,6,0|30|12|4|-2,4,0,4,-2|6|112|8|2|1
005573|box_n5_H14|b000618|1,6,8,10,13|6|10|13|8|13|10|17|-8|8|2|8|34,36,12,2|18|8|44,44,12,2|24|10|2|-1,-1,2,-1,-1|3|25|3|0|1
005574|box_n5_H14|b000619|1,6,8,10,14|6|10|14|6|25|12|19|-8|6|8|10|34,36,10,2|14|6|50,46,8,0|28|12|4|-1,0,4,0,-1|4|105|8|4|1
005575|box_n5_H14|b000620|1,6,8,11,12|6|11|12|14|13|14|15|10|14|16|12|40,40,16,2|32|14|40,36,10,0|32|14|2|1,0,2,0,1|4|350|4|0|1
005576|box_n5_H14|b000621|1,6,8,11,13|6|11|13|12|13|14|16|2|12|6|12|37,38,15,2|27|12|45,44,15,2|33|14|1|1,0,-2,0,1|4|391|4|0|1
005577|box_n5_H14|b000622|1,6,8,11,14|6|11|14|10|13|10|17|2|10|-8|8|36,36,12,2|24|10|48,50,12,0|18|10|2|0,-2,2,-2,0|3|39|3|0|1
005578|box_n5_H14|b000623|1,6,8,12,13|6|12|13|14|14|14|16|12|14|-2|12|40,38,14,2|34|14|40,38,14,2|34|14|1|1,1,0,1,1|4|281|4|0|1
005579|box_n5_H14|b000624|1,6,8,12,14|6|12|14|12|14|14|17|12|12|-8|12|40,38,12,2|30|12|40,34,8,0|34|14|2|2,2,0,2,2|6|178|8|2|1
005580|box_n5_H14|b000625|1,6,8,13,14|6|13|14|6|31|10|17|-10|4|-4|8|44,50,14,2|10|6|48,48,10,0|20|10|2|2,-3,-4,-3,2|3|425|3|0|1
005581|box_n5_H14|b000626|1,6,9,10,11|6|10|11|6|15|10|16|-12|6|6|8|34,40,14,2|10|6|36,36,10,0|20|10|0|0,-2,-2,-2,0|3|5|3|0|1
005582|box_n5_H14|b000627|1,6,9,10,12|6|10|12|10|16|10|19|8|10|8|8|40,42,14,2|22|10|40,38,8,0|22|10|6|-4,6,-4,6,-4|6|112|8|2|1
005583|box_n5_H14|b000628|1,6,9,10,13|6|10|13|10|15|12|19|0|10|-2|10|34,34,12,2|24|10|44,44,12,0|24|12|2|-1,0,2,0,-1|3|5|3|0|1
005584|box_n5_H14|b000629|1,6,9,10,14|6|10|14|10|15|14|21|0|10|12|12|34,34,12,2|24|10|50,48,12,0|30|14|4|-1,0,4,0,-1|6|35|8|2|1
005585|box_n5_H14|b000630|1,6,9,11,12|6|11|12|12|13|10|21|10|12|4|8|40,42,16,2|26|12|40,40,10,0|20|10|2|-2,2,-2,2,-2|4|350|4|0|1
005586|box_n5_H14|b000631|1,6,9,11,13|6|11|13|10|13|12|19|4|10|-4|10|37,39,14,2|22|10|45,47,14,0|22|12|0|0,-2,0,-2,0|4|66|4|0|1
005587|box_n5_H14|b000632|1,6,9,11,14|6|11|14|16|13|14|17|14|16|4|12|36,32,14,2|40|16|48,48,14,0|28|14|2|2,0,0,0,2|3|7|3|0|1
005588|box_n5_H14|b000633|1,6,9,12,13|6|12|13|12|14|10|21|4|12|-10|8|40,40,14,2|28|12|40,40,10,0|20|10|0|0,0,0,0,0|4|281|4|0|1
005589|box_n5_H14|b000634|1,6,9,12,14|6|12|14|14|14|14|17|8|14|4|12|40,38,14,2|34|14|40,32,6,0|36|14|2|2,2,2,2,2|8|178|8|0|1
005590|box_n5_H14|b000635|1,6,9,13,14|6|13|14|12|19|14|17|-10|12|4|12|44,48,18,2|24|12|48,48,14,0|28|14|3|3,-4,-2,-4,3|3|7|3|0|1
005591|box_n5_H14|b000636|1,6,10,11,12|6|11|12|8|15|8|16|-2|8|8|6|40,42,12,2|18|8|40,38,6,0|18|8|2|0,-1,2,-1,0|4|293|4|0|1
005592|box_n5_H14|b000637|1,6,10,11,13|6|11|13|6|17|10|17|-10|6|2|8|37,40,11,2|13|6|45,44,9,0|21|10|0|0,0,-2,0,0|3|12|3|0|1
005593|box_n5_H14|b000638|1,6,10,11,14|6|11|14|10|15|10|19|-2|10|4|8|36,34,10,2|26|10|48,48,10,0|20|10|2|0,0,2,0,0|3|7|3|0|1
005594|box_n5_H14|b000639|1,6,10,12,13|6|12|13|10|19|12|17|4|10|-6|10|40,40,12,2|24|10|40,38,10,0|26|12|2|0,2,-2,2,0|4|295|4|0|1
005595|box_n5_H14|b000640|1,6,10,12,14|6|12|14|12|17|14|19|8|12|0|12|40,38,12,2|30|12|40,34,8,0|34|14|4|2,0,4,0,2|8|249|8|0|1
005596|box_n5_H14|b000641|1,6,10,13,14|6|13|14|10|19|12|21|-14|10|8|10|44,50,18,2|18|10|48,46,10,0|26|12|3|3,-4,-2,-4,3|3|7|3|0|1
005597|box_n5_H14|b000642|1,6,11,12,13|6|12|13|8|15|10|16|0|8|-10|8|40,40,10,2|20|8|40,40,10,0|20|10|2|0,-1,2,-1,0|4|281|4|0|1
005598|box_n5_H14|b000643|1,6,11,12,14|6|12|14|10|17|10|17|4|10|-8|8|40,38,10,2|26|10|40,34,4,0|26|10|2|1,2,2,2,1|6|178|8|2|1
005599|box_n5_H14|b000644|1,6,11,13,14|6|13|14|8|19|8|17|-14|8|-4|6|44,50,16,2|14|8|48,48,8,0|16|8|1|1,-3,-2,-3,1|3|7|3|0|1
005600|box_n5_H14|b000645|1,6,12,13,14|6|13|14|8|21|8|17|-22|8|-12|4|44,54,20,2|10|8|48,56,16,0|8|8|0|0,-8,-2,-8,0|3|263|3|0|1
005601|box_n5_H14|b000646|1,7,8,9,10|6|9|10|6|9|6|10|-6|6|-4|4|30,34,14,4|16|6|32,34,10,2|14|6|0|-1,-2,0,-2,-1|2|0|2|0|0
005602|box_n5_H14|b000647|1,7,8,9,11|6|9|11|6|9|6|11|-4|6|8|2|31,35,14,4|16|6|37,37,8,2|16|6|1|1,-2,-2,-2,1|3|18|3|0|0
005603|box_n5_H14|b000648|1,7,8,9,12|6|9|12|10|10|8|13|2|10|0|4|30,30,14,4|28|10|36,36,10,2|20|8|0|0,0,0,0,0|6|70|12|6|1
005604|box_n5_H14|b000649|1,7,8,9,13|6|9|13|8|9|10|13|4|8|16|6|31,31,12,4|24|8|43,39,8,2|28|10|2|-1,2,2,2,-1|3|18|3|0|1
005605|box_n5_H14|b000650|1,7,8,9,14|6|9|14|8|9|16|14|2|8|36|14|30,30,12,4|24|8|48,38,8,2|46|16|6|-4,6,6,6,-4|4|158|4|0|1
005606|box_n5_H14|b000651|1,7,8,10,11|6|10|11|8|10|12|11|-4|8|10|10|34,38,16,4|20|8|36,34,14,4|34|12|2|2,-2,-2,-2,2|4|0|4|0|0
005607|box_n5_H14|b000652|1,7,8,10,12|6|10|12|10|11|12|13|8|10|8|10|40,44,18,4|24|10|40,40,16,4|32|12|1|1,-2,-2,-2,1|4|139|8|4|1
005608|box_n5_H14|b000653|1,7,8,10,13|6|10|13|10|10|14|13|0|10|18|12|34,36,16,4|26|10|44,40,14,4|40|14|2|1,-1,2,-1,1|4|0|4|0|1
005609|box_n5_H14|b000654|1,7,8,10,14|6|10|14|10|10|18|14|8|8|40|16|34,32,10,2|26|10|50,40,10,2|50|18|6|-2,5,6,5,-2|8|35|8|0|1
005610|box_n5_H14|b000655|1,7,8,11,12|6|11|12|12|13|12|15|6|12|8|10|40,44,22,6|32|12|40,40,16,4|32|12|2|2,-3,-2,-3,2|4|155|4|0|1
005611|box_n5_H14|b000656|1,7,8,11,13|6|11|13|10|11|16|13|0|10|24|14|37,41,20,6|28|10|45,39,14,4|46|16|3|3,0,-4,0,3|4|0|5|1|1
005612|box_n5_H14|b000657|1,7,8,11,14|6|11|14|12|11|18|14|10|10|32|16|36,34,14,4|34|12|48,40,12,2|48|18|4|0,3,4,3,0|4|0|4|0|1
005613|box_n5_H14|b000658|1,7,8,12,13|6|12|13|10|13|10|15|-4|10|-2|8|40,46,22,6|26|10|40,42,16,4|26|10|1|1,-3,-4,-3,1|3|167|3|0|1
005614|box_n5_H14|b000659|1,7,8,12,14|6|12|14|12|13|14|16|8|10|12|12|40,40,16,4|32|12|40,34,10,2|38|14|4|0,4,-2,4,0|6|107|8|2|1
005615|box_n5_H14|b000660|1,7,8,13,14|6|13|14|14|13|18|14|14|12|36|16|44,42,16,4|38|14|48,38,10,2|50|18|4|2,4,0,4,2|4|0|4|0|1
005616|box_n5_H14|b000661|1,7,9,10,11|6|10|11|8|10|10|11|-8|8|4|8|34,38,14,2|16|8|36,36,12,2|24|10|2|2,-3,-2,-3,2|4|330|4|0|0
005617|box_n5_H14|b000662|1,7,9,10,12|6|10|12|10|11|8|13|4|10|-8|6|40,44,16,2|20|10|40,44,14,2|16|8|0|-1,0,-6,0,-1|4|88|6|2|1
005618|box_n5_H14|b000663|1,7,9,10,13|6|10|13|10|10|14|13|0|10|16|12|34,34,12,2|24|10|44,40,12,2|36|14|2|1,0,2,0,1|4|390|4|0|1
005619|box_n5_H14|b000664|1,7,9,10,14|6|10|14|12|10|16|14|8|12|36|14|34,30,10,2|32|12|50,42,8,0|40|16|6|-2,5,6,5,-2|6|35|8|2|1
005620|box_n5_H14|b000665|1,7,9,11,12|6|11|12|10|13|8|28|0|10|-8|6|40,46,20,4|22|10|40,44,14,2|16|8|-1|-1,-1,-6,-1,-1|3|178|3|0|1
005621|box_n5_H14|b000666|1,7,9,11,13|6|11|13|9|11|13|13|-4|9|16|11|37,42,18,4|21|9|45,42,12,2|33|13|2|2,-2,-2,-2,2|4|143|4|0|1
005622|box_n5_H14|b000667|1,7,9,11,14|6|11|14|16|11|18|14|16|16|36|16|36,30,14,4|46|16|48,38,8,0|46|18|5|2,5,2,5,2|4|126|4|0|1
005623|box_n5_H14|b000668|1,7,9,12,13|6|12|13|10|13|10|15|-16|10|-8|8|40,48,22,4|20|10|40,44,16,2|20|10|0|0,-4,-4,-4,0|4|206|4|0|1
005624|box_n5_H14|b000669|1,7,9,12,14|6|12|14|14|13|16|16|0|14|16|14|40,40,18,4|36|14|40,32,8,0|40|16|4|0,4,0,4,0|7|184|8|1|1
005625|box_n5_H14|b000670|1,7,9,13,14|6|13|14|18|13|20|14|16|18|36|18|44,40,18,4|48|18|48,38,10,0|50|20|3|3,3,2,3,3|4|168|4|0|1
005626|box_n5_H14|b000671|1,7,10,11,12|6|11|12|10|15|10|16|-2|10|-4|8|40,46,18,2|18|10|40,42,12,0|18|10|1|1,-4,-2,-4,1|4|155|4|0|1
005627|box_n5_H14|b000672|1,7,10,11,13|6|11|13|8|11|16|13|-8|8|20|14|37,43,16,2|14|8|45,39,10,0|38|16|2|2,0,-4,0,2|4|0|5|1|1
005628|box_n5_H14|b000673|1,7,10,11,14|6|11|14|16|11|18|14|10|16|36|16|36,32,14,2|40|16|48,38,8,0|46|18|5|0,5,4,5,0|4|0|4|0|1
005629|box_n5_H14|b000674|1,7,10,12,13|6|12|13|6|13|8|17|-16|6|-6|6|40,48,16,2|8|6|40,42,10,0|14|8|0|0,-2,-6,-2,0|3|217|4|1|1
005630|box_n5_H14|b000675|1,7,10,12,14|6|12|14|12|13|12|19|0|12|12|10|40,40,14,2|28|12|40,34,6,0|30|12|2|0,2,2,2,0|8|249|8|0|1
005631|box_n5_H14|b000676|1,7,10,13,14|6|13|14|16|13|18|14|10|16|40|16|44,42,16,2|38|16|48,36,6,0|48|18|3|3,3,2,3,3|4|0|4|0|1
005632|box_n5_H14|b000677|1,7,11,12,13|6|12|13|8|15|8|16|-16|8|-8|6|40,48,18,2|12|8|40,44,12,0|12|8|0|0,-5,-2,-5,0|3|191|3|0|1
005633|box_n5_H14|b000678|1,7,11,12,14|6|12|14|12|17|12|17|0|12|12|10|40,40,14,2|28|12|40,34,6,0|30|12|4|-1,4,0,4,-1|8|107|8|0|1
005634|box_n5_H14|b000679|1,7,11,13,14|6|13|14|16|13|18|14|12|16|36|16|44,42,16,2|38|16|48,38,8,0|46|18|4|1,4,2,4,1|4|0|4|0|1
005635|box_n5_H14|b000680|1,7,12,13,14|6|13|14|8|15|8|16|-14|8|8|4|44,46,12,2|18|8|48,46,6,0|18|8|2|0,-1,2,-1,0|3|263|3|0|1
005636|box_n5_H14|b000681|1,8,9,10,11|6|10|11|4|10|6|11|-20|4|2|2|34,42,16,4|8|4|36,36,8,2|16|6|-1|-1,-2,-2,-2,-1|4|330|4|0|0
005637|box_n5_H14|b000682|1,8,9,10,12|6|10|12|6|11|6|13|-4|6|-4|2|40,46,16,4|14|6|40,42,10,2|14|6|0|-2,0,-4,0,-2|3|142|8|5|1
005638|box_n5_H14|b000683|1,8,9,10,13|6|10|13|8|10|10|13|-8|8|14|6|34,36,14,4|22|8|44,40,8,2|28|10|2|0,0,2,0,0|4|390|4|0|1
005639|box_n5_H14|b000684|1,8,9,10,14|6|10|14|8|10|12|14|-8|8|24|8|34,36,14,4|22|8|50,46,10,2|32|12|4|-1,0,4,0,-1|8|210|10|2|1
005640|box_n5_H14|b000685|1,8,9,11,12|6|11|12|8|13|8|21|-2|8|-8|6|40,46,20,6|22|8|40,44,16,4|20|8|-1|-1,-2,-4,-2,-1|4|350|4|0|1
005641|box_n5_H14|b000686|1,8,9,11,13|6|11|13|10|11|12|13|-4|10|12|10|37,41,20,6|28|10|45,43,14,4|34|12|2|2,-2,-2,-2,2|4|429|4|0|1
005642|box_n5_H14|b000687|1,8,9,11,14|6|11|14|10|11|14|14|-2|10|16|12|36,38,18,6|30|10|48,46,16,4|38|14|1|1,0,-2,0,1|4|126|4|0|1
005643|box_n5_H14|b000688|1,8,9,12,13|6|12|13|10|13|10|15|-12|10|-6|8|40,46,22,6|26|10|40,42,16,4|26|10|1|1,-3,-4,-3,1|3|76|4|1|1
005644|box_n5_H14|b000689|1,8,9,12,14|6|12|14|10|13|14|16|-12|10|4|12|40,46,22,6|26|10|40,36,14,4|40|14|2|0,2,-6,2,0|6|124|6|0|1
005645|box_n5_H14|b000690|1,8,9,13,14|6|13|14|12|13|16|14|2|12|20|14|44,46,20,6|34|12|48,44,16,4|44|16|3|3,0,-4,0,3|4|546|4|0|1
005646|box_n5_H14|b000691|1,8,10,11,12|6|11|12|10|15|10|16|-2|10|0|8|40,46,20,4|22|10|40,42,14,2|22|10|1|1,-5,0,-5,1|4|155|4|0|1
005647|box_n5_H14|b000692|1,8,10,11,13|6|11|13|10|11|16|13|-6|10|22|14|37,42,19,4|23|10|45,40,13,2|41|16|2|2,0,-4,0,2|4|66|4|0|1
005648|box_n5_H14|b000693|1,8,10,11,14|6|11|14|10|11|14|14|-6|10|16|12|36,40,18,4|24|10|48,46,14,2|34|14|0|-1,0,0,0,-1|4|0|4|0|1
005649|box_n5_H14|b000694|1,8,10,12,13|6|12|13|10|13|10|17|-8|10|2|8|40,46,20,4|22|10|40,40,12,2|24|10|1|1,-1,-6,-1,1|4|217|4|0|1
005650|box_n5_H14|b000695|1,8,10,12,14|6|12|14|10|13|12|19|-8|10|0|10|40,46,20,4|22|10|40,38,12,2|30|12|0|0,0,-4,0,0|6|236|6|0|1
005651|box_n5_H14|b000696|1,8,10,13,14|6|13|14|12|13|18|14|2|12|24|16|44,48,20,4|28|12|48,42,14,2|46|18|3|3,0,-4,0,3|4|0|4|0|1
005652|box_n5_H14|b000697|1,8,11,12,13|6|12|13|10|15|12|16|-12|10|-2|10|40,46,18,2|18|10|40,42,14,0|22|12|1|1,-4,-2,-4,1|4|281|4|0|1
005653|box_n5_H14|b000698|1,8,11,12,14|6|12|14|8|22|10|17|-12|8|-8|8|40,46,16,2|14|8|40,38,8,0|22|10|2|-1,2,-6,2,-1|5|107|8|3|1
005654|box_n5_H14|b000699|1,8,11,13,14|6|13|14|12|13|16|14|2|12|12|14|44,48,18,2|24|12|48,44,12,0|36|16|1|1,1,-4,1,1|4|0|4|0|1
005655|box_n5_H14|b000700|1,8,12,13,14|6|13|14|8|15|10|16|-18|8|-8|8|44,52,18,2|12|8|48,52,14,0|16|10|0|0,-4,-4,-4,0|3|425|3|0|1
005656|box_n5_H14|b000701|1,9,10,11,12|6|11|12|4|25|2|34|-14|4|-16|-2|40,48,16,4|8|4|40,46,10,2|2|2|-2|-2,-3,-4,-3,-2|2|178|3|1|1
005657|box_n5_H14|b000702|1,9,10,11,13|6|11|13|6|11|10|13|-16|6|16|6|37,43,16,4|14|6|45,43,10,2|26|10|1|1,-2,-2,-2,1|4|429|4|0|1
005658|box_n5_H14|b000703|1,9,10,11,14|6|11|14|10|11|10|14|-6|10|16|6|36,36,14,4|28|10|48,44,8,2|28|10|2|1,2,-2,2,1|4|462|4|0|1
005659|box_n5_H14|b000704|1,9,10,12,13|6|12|13|8|13|10|21|-20|8|-2|8|40,48,22,6|20|8|40,42,16,4|26|10|0|0,-2,-6,-2,0|3|362|4|1|1
005660|box_n5_H14|b000705|1,9,10,12,14|6|12|14|8|13|10|23|-16|8|0|6|40,46,20,6|22|8|40,36,8,2|28|10|0|0,0,-2,0,0|5|249|8|3|1
005661|box_n5_H14|b000706|1,9,10,13,14|6|13|14|14|13|16|14|6|14|20|14|44,46,22,6|38|14|48,42,14,4|46|16|4|4,-1,-2,-1,4|4|546|4|0|1
005662|box_n5_H14|b000707|1,9,11,12,13|6|12|13|6|21|6|23|-24|6|-12|4|40,48,18,4|12|6|40,44,12,2|12|6|0|0,-5,-2,-5,0|2|125|3|1|1
005663|box_n5_H14|b000708|1,9,11,12,14|6|12|14|10|22|12|17|-20|10|0|8|40,46,20,4|22|10|40,36,8,0|28|12|2|-1,2,-4,2,-1|5|100|6|1|1
005664|box_n5_H14|b000709|1,9,11,13,14|6|13|14|14|13|14|14|0|14|16|12|44,46,20,4|34|14|48,44,12,2|36|14|2|2,0,-2,0,2|4|84|4|0|1
005665|box_n5_H14|b000710|1,9,12,13,14|6|13|14|10|15|10|16|-18|10|-4|8|44,50,18,2|18|10|48,52,16,2|20|10|1|1,-5,-2,-5,1|3|263|3|0|1
005666|box_n5_H14|b000711|1,10,11,12,13|6|12|13|4|25|6|17|-24|4|-2|2|40,48,16,4|8|4|40,42,10,2|14|6|0|0,-3,-4,-3,0|2|113|3|1|1
005667|box_n5_H14|b000712|1,10,11,12,14|6|12|14|6|17|6|19|-20|6|-8|2|40,46,16,4|14|6|40,38,4,0|14|6|0|-1,0,-2,0,-1|3|16|6|3|1
005668|box_n5_H14|b000713|1,10,11,13,14|6|13|14|12|13|14|14|2|12|16|12|44,48,22,6|32|12|48,42,10,2|38|14|2|2,0,-2,0,2|4|0|4|0|1
005669|box_n5_H14|b000714|1,10,12,13,14|6|13|14|8|21|8|23|-18|8|-8|6|44,52,20,4|16|8|48,50,12,2|18|8|1|1,-5,-2,-5,1|3|341|3|0|1
005670|box_n5_H14|b000715|1,11,12,13,14|6|13|14|4|31|4|17|-26|4|-12|0|44,52,16,4|8|4|48,52,10,2|8|4|-1|-1,-4,-2,-4,-1|2|226|2|0|1
005671|box_n5_H14|b000716|2,3,4,5,6|6|5|6|4|3|6|3|2|4|16|4|20,22,8,2|10|4|20,16,2,0|16|6|4|-2,1,4,1,-2|3|27|3|0|1
005672|box_n5_H14|b000717|2,3,4,5,7|6|5|7|4|3|6|4|-6|4|6|4|17,20,9,2|9|4|25,24,5,0|13|6|1|1,-2,0,-2,1|4|105|4|0|0
005673|box_n5_H14|b000718|2,3,4,5,8|6|5|8|4|3|8|4|-6|4|20|6|16,18,8,2|10|4|28,24,4,0|20|8|2|0,0,2,0,0|4|120|4|0|0
005674|box_n5_H14|b000719|2,3,4,5,9|6|5|9|4|4|8|5|-6|4|10|6|17,20,9,2|9|4|31,32,11,2|19|8|0|0,-2,0,-2,0|3|90|3|0|0
005675|box_n5_H14|b000720|2,3,4,5,10|6|5|10|4|4|10|5|2|4|12|8|20,22,8,2|10|4|40,42,14,2|22|10|0|-1,-1,0,-1,-1|4|7|15|11|0
005676|box_n5_H14|b000721|2,3,4,5,11|6|5|11|4|4|10|7|-2|4|6|6|17,18,7,2|11|4|37,36,9,0|21|10|2|-1,2,-2,2,-1|4|165|4|0|0
005677|box_n5_H14|b000722|2,3,4,5,12|6|5|12|4|3|10|7|2|4|16|6|20,22,8,2|10|4|40,36,6,0|24|10|2|-1,1,2,1,-1|2|11|4|2|1
005678|box_n5_H14|b000723|2,3,4,5,13|6|5|13|6|3|12|7|2|6|14|8|17,16,7,2|17|6|45,46,15,2|27|12|1|1,0,-2,0,1|4|195|4|0|1
005679|box_n5_H14|b000724|2,3,4,5,14|6|5|14|4|3|14|7|-6|4|24|10|16,18,8,2|10|4|48,46,14,2|34|14|1|1,0,-2,0,1|4|210|4|0|1
005680|box_n5_H14|b000725|2,3,4,6,7|6|6|7|8|3|6|4|12|8|2|4|20,18,8,2|22|8|20,16,2,0|16|6|2|0,2,2,2,0|4|39|4|0|0
005681|box_n5_H14|b000726|2,3,4,6,8|6|6|8|6|3|10|4|8|6|20|8|20,20,8,2|16|6|24,16,2,0|28|10|4|0,2,4,2,0|4|0|4|0|0
005682|box_n5_H14|b000727|2,3,4,6,9|6|6|9|10|3|10|5|24|10|18|8|24,20,8,2|28|10|30,26,8,2|28|10|6|1,0,6,0,1|9|13|12|3|0
005683|box_n5_H14|b000728|2,3,4,6,10|6|6|10|6|3|8|5|12|6|0|6|22,22,8,2|16|6|34,36,12,2|18|8|2|0,-2,2,-2,0|6|30|6|0|1
005684|box_n5_H14|b000729|2,3,4,6,11|6|6|11|8|4|12|7|12|8|14|10|20,18,8,2|22|8|40,38,12,2|30|12|4|-2,2,4,2,-2|4|141|4|0|1
005685|box_n5_H14|b000730|2,3,4,6,12|6|6|12|8|4|16|7|20|8|40|14|24,22,8,2|22|8|48,40,10,2|44|16|3|1,3,2,3,1|12|12|24|12|1
005686|box_n5_H14|b000731|2,3,4,6,13|6|6|13|8|4|14|7|16|8|18|10|20,16,6,2|24|8|40,34,10,2|38|14|3|2,3,0,3,2|4|69|4|0|1
005687|box_n5_H14|b000732|2,3,4,6,14|6|6|14|10|3|18|7|20|10|36|14|22,18,8,2|28|10|46,36,10,2|50|18|4|2,4,2,4,2|6|36|6|0|1
005688|box_n5_H14|b000733|2,3,4,7,8|6|7|8|8|4|12|4|2|8|28|10|24,24,10,2|20|8|28,20,4,0|32|12|2|1,2,2,2,1|4|168|4|0|0
005689|box_n5_H14|b000734|2,3,4,7,9|6|7|9|6|7|10|5|-6|6|14|8|23,26,11,2|13|6|31,30,11,2|25|10|2|1,-3,2,-3,1|3|36|3|0|0
005690|box_n5_H14|b000735|2,3,4,7,10|6|7|10|4|5|8|5|-6|4|0|6|24,28,10,2|8|4|34,36,12,2|18|8|2|2,-4,-2,-4,2|4|210|4|0|0
005691|box_n5_H14|b000736|2,3,4,7,11|6|7|11|6|5|8|7|-2|6|-2|6|25,28,11,2|13|6|37,40,13,2|17|8|3|3,-4,-4,-4,3|4|231|4|0|0
005692|box_n5_H14|b000737|2,3,4,7,12|6|7|12|4|5|14|7|-14|4|16|12|20,24,10,2|8|4|40,36,12,2|36|14|1|1,-1,0,-1,1|3|25|3|0|1
005693|box_n5_H14|b000738|2,3,4,7,13|6|7|13|10|4|16|7|6|10|18|14|25,24,11,2|25|10|45,44,19,4|41|16|3|3,-1,-2,-1,3|4|273|4|0|1
005694|box_n5_H14|b000739|2,3,4,7,14|6|7|14|10|4|20|7|14|10|44|18|28,26,10,2|26|10|56,52,20,4|52|20|2|2,1,0,1,2|16|12|28|12|1
005695|box_n5_H14|b000740|2,3,4,8,9|6|8|9|12|4|12|5|20|12|22|10|28,24,10,2|32|12|30,24,8,2|34|12|4|0,3,4,3,0|4|4|4|0|0
005696|box_n5_H14|b000741|2,3,4,8,10|6|8|10|8|4|10|5|12|8|0|8|28,28,10,2|20|8|32,32,12,2|24|10|0|0,0,0,0,0|8|60|8|0|0
005697|box_n5_H14|b000742|2,3,4,8,11|6|8|11|10|7|8|10|16|10|-2|6|28,26,10,2|26|10|36,38,12,2|18|8|1|-1,1,0,1,-1|4|264|4|0|0
005698|box_n5_H14|b000743|2,3,4,8,12|6|8|12|10|5|12|7|24|10|16|10|32,30,10,2|26|10|40,36,10,2|32|12|4|4,-2,2,-2,4|9|17|16|7|1
005699|box_n5_H14|b000744|2,3,4,8,13|6|8|13|10|5|16|7|16|10|18|14|28,26,10,2|26|10|44,42,18,4|42|16|2|0,2,0,2,0|4|312|4|0|1
005700|box_n5_H14|b000745|2,3,4,8,14|6|8|14|12|4|18|7|20|12|28|16|28,24,10,2|32|12|48,44,18,4|48|18|3|3,2,-2,2,3|8|84|8|0|1
005701|box_n5_H14|b000746|2,3,4,9,10|6|9|10|6|7|12|5|-2|6|0|10|30,36,16,4|14|6|32,32,14,2|28|12|2|-1,-3,2,-3,-1|4|25|4|0|0
005702|box_n5_H14|b000747|2,3,4,9,11|6|9|11|12|7|12|9|14|12|2|10|31,30,15,4|33|12|37,38,15,2|27|12|4|0,-2,4,-2,0|4|59|4|0|0
005703|box_n5_H14|b000748|2,3,4,9,12|6|9|12|10|7|12|10|6|10|4|10|30,32,16,4|26|10|36,34,12,2|30|12|1|1,-1,0,-1,1|5|27|6|1|1
005704|box_n5_H14|b000749|2,3,4,9,13|6|9|13|12|5|14|7|14|12|6|12|31,30,15,4|33|12|43,46,21,4|33|14|4|4,-4,-2,-4,4|4|161|4|0|1
005705|box_n5_H14|b000750|2,3,4,9,14|6|9|14|12|5|20|7|10|12|28|18|30,30,16,4|32|12|48,44,20,4|52|20|3|3,-2,2,-2,3|4|35|4|0|1
005706|box_n5_H14|b000751|2,3,4,10,11|6|10|11|10|7|8|8|0|10|2|6|34,36,16,4|26|10|36,36,10,2|20|8|0|-1,0,0,0,-1|4|330|4|0|0
005707|box_n5_H14|b000752|2,3,4,10,12|6|10|12|8|7|8|9|0|8|8|6|40,48,20,4|16|8|40,40,10,2|20|8|0|0,-4,0,-4,0|4|41|8|4|1
005708|box_n5_H14|b000753|2,3,4,10,13|6|10|13|10|7|8|10|-4|10|2|6|34,38,18,4|24|10|44,50,18,4|18|8|0|0,-2,-6,-2,0|4|390|4|0|1
005709|box_n5_H14|b000754|2,3,4,10,14|6|10|14|10|5|14|7|-4|10|24|12|34,38,18,4|24|10|50,50,18,4|36|14|5|5,-4,-6,-4,5|8|70|8|0|1
005710|box_n5_H14|b000755|2,3,4,11,12|6|11|12|12|7|14|8|2|12|16|12|40,44,20,4|28|12|40,36,12,2|36|14|2|-1,0,2,0,-1|4|75|4|0|1
005711|box_n5_H14|b000756|2,3,4,11,13|6|11|13|12|7|14|9|-2|12|14|12|37,40,19,4|29|12|45,46,19,4|35|14|2|2,-3,-2,-3,2|4|429|4|0|1
005712|box_n5_H14|b000757|2,3,4,11,14|6|11|14|12|7|18|9|-2|12|28|16|36,38,18,4|30|12|48,44,18,4|48|18|3|3,-2,0,-2,3|4|462|4|0|1
005713|box_n5_H14|b000758|2,3,4,12,13|6|12|13|16|7|14|8|16|16|6|12|40,36,16,4|44|16|40,40,18,4|36|14|2|1,0,2,0,1|4|81|4|0|1
005714|box_n5_H14|b000759|2,3,4,12,14|6|12|14|14|7|12|9|8|14|0|10|40,40,18,4|36|14|40,42,18,4|30|12|2|2,-2,-2,-2,2|6|65|6|0|1
005715|box_n5_H14|b000760|2,3,4,13,14|6|13|14|18|7|20|8|14|18|32|18|44,44,24,6|48|18|48,42,18,4|54|20|2|2,1,0,1,2|4|546|4|0|1
005716|box_n5_H14|b000761|2,3,5,6,7|6|6|7|6|3|8|4|8|6|2|6|20,18,6,2|18|6|20,16,4,0|20|8|4|0,1,4,1,0|4|3|4|0|0
005717|box_n5_H14|b000762|2,3,5,6,8|6|6|8|4|3|6|4|4|4|0|4|20,20,6,2|12|4|24,20,2,0|16|6|2|0,1,2,1,0|4|45|4|0|1
005718|box_n5_H14|b000763|2,3,5,6,9|6|6|9|8|3|10|5|20|8|10|8|24,20,6,2|24|8|30,26,6,0|24|10|6|1,0,6,0,1|9|31|12|3|1
005719|box_n5_H14|b000764|2,3,5,6,10|6|6|10|8|3|12|5|16|8|16|10|22,18,6,2|24|8|34,28,6,0|30|12|4|0,3,4,3,0|6|60|6|0|1
005720|box_n5_H14|b000765|2,3,5,6,11|6|6|11|6|4|10|7|8|6|6|8|20,18,6,2|18|6|40,40,12,2|24|10|2|0,0,2,0,0|3|69|4|1|1
005721|box_n5_H14|b000766|2,3,5,6,12|6|6|12|6|4|14|7|16|6|24|12|24,22,6,2|18|6|48,44,12,2|36|14|3|1,3,-2,3,1|9|21|12|3|1
005722|box_n5_H14|b000767|2,3,5,6,13|6|6|13|8|4|14|7|12|8|6|10|20,16,6,2|24|8|40,34,8,0|34|14|4|0,4,2,4,0|4|140|4|0|1
005723|box_n5_H14|b000768|2,3,5,6,14|6|6|14|6|3|18|7|12|6|24|14|22,20,6,2|18|6|46,36,8,0|46|18|6|0,3,6,3,0|6|78|6|0|1
005724|box_n5_H14|b000769|2,3,5,7,8|6|7|8|4|4|6|4|-2|4|8|4|24,26,8,2|10|4|28,24,2,0|16|6|1|0,1,0,1,0|4|168|4|0|0
005725|box_n5_H14|b000770|2,3,5,7,9|6|7|9|4|7|8|5|-8|4|12|6|23,27,10,2|8|4|31,27,4,0|20|8|2|2,-3,2,-3,2|3|26|3|0|0
005726|box_n5_H14|b000771|2,3,5,7,10|6|7|10|8|5|10|5|2|8|12|8|24,24,10,2|20|8|34,30,6,0|24|10|2|2,0,0,0,2|4|210|4|0|0
005727|box_n5_H14|b000772|2,3,5,7,11|6|7|11|6|5|8|7|0|6|0|6|25,27,10,2|14|6|37,37,10,2|20|8|2|2,-2,-2,-2,2|4|231|4|0|0
005728|box_n5_H14|b000773|2,3,5,7,12|6|7|12|2|5|6|7|-18|2|-4|4|20,26,10,2|2|2|40,42,10,2|14|6|1|1,-3,-4,-3,1|3|143|4|1|1
005729|box_n5_H14|b000774|2,3,5,7,13|6|7|13|8|4|12|7|8|8|8|10|25,23,8,2|22|8|45,43,12,2|30|12|3|3,-1,0,-1,3|4|273|4|0|1
005730|box_n5_H14|b000775|2,3,5,7,14|6|7|14|10|4|16|7|14|10|32|14|28,26,10,2|26|10|56,52,14,2|40|16|2|1,1,2,1,1|12|12|28|16|1
005731|box_n5_H14|b000776|2,3,5,8,9|6|8|9|8|4|8|5|4|8|10|6|28,26,8,2|22|8|30,26,4,0|20|8|4|0,1,4,1,0|3|116|4|1|0
005732|box_n5_H14|b000777|2,3,5,8,10|6|8|10|8|4|6|5|4|8|4|4|28,26,8,2|22|8|32,30,4,0|14|6|1|1,1,0,1,1|8|120|8|0|0
005733|box_n5_H14|b000778|2,3,5,8,11|6|8|11|4|7|4|10|-4|4|-10|2|28,30,8,2|10|4|36,40,10,2|8|4|0|0,-2,-2,-2,0|4|264|4|0|0
005734|box_n5_H14|b000779|2,3,5,8,12|6|8|12|6|5|6|7|8|6|-4|4|32,32,8,2|16|6|40,42,10,2|14|6|2|2,-2,-2,-2,2|6|11|16|10|1
005735|box_n5_H14|b000780|2,3,5,8,13|6|8|13|6|5|6|7|0|6|-6|4|28,28,8,2|16|6|44,48,12,2|12|6|2|2,-2,-4,-2,2|4|312|4|0|1
005736|box_n5_H14|b000781|2,3,5,8,14|6|8|14|8|4|10|7|4|8|12|8|28,26,8,2|22|8|48,46,10,2|26|10|3|3,0,-2,0,3|8|168|8|0|1
005737|box_n5_H14|b000782|2,3,5,9,10|6|9|10|12|7|12|5|6|12|12|10|30,28,12,2|30|12|32,26,6,0|30|12|6|-1,2,6,2,-1|4|95|4|0|0
005738|box_n5_H14|b000783|2,3,5,9,11|6|9|11|8|7|10|9|4|8|0|8|31,31,10,2|20|8|37,37,12,2|24|10|2|0,-1,2,-1,0|3|32|3|0|0
005739|box_n5_H14|b000784|2,3,5,9,12|6|9|12|6|7|8|10|-2|6|-8|6|30,32,10,2|14|6|36,36,10,2|20|8|1|1,-1,-2,-1,1|4|45|6|2|1
005740|box_n5_H14|b000785|2,3,5,9,13|6|9|13|10|5|12|7|4|10|0|10|31,31,12,2|24|10|43,43,14,2|28|12|2|2,-3,2,-3,2|4|223|4|0|1
005741|box_n5_H14|b000786|2,3,5,9,14|6|9|14|10|5|14|7|6|10|12|12|30,28,10,2|26|10|48,46,14,2|34|14|4|4,-3,2,-3,4|4|119|4|0|1
005742|box_n5_H14|b000787|2,3,5,10,11|6|10|11|12|7|12|8|8|12|2|10|34,32,12,2|30|12|36,34,12,2|30|12|2|-1,2,2,2,-1|4|330|4|0|0
005743|box_n5_H14|b000788|2,3,5,10,12|6|10|12|10|7|12|9|16|10|4|10|40,40,12,2|24|10|40,38,12,2|30|12|2|0,2,-2,2,0|5|106|8|3|1
005744|box_n5_H14|b000789|2,3,5,10,13|6|10|13|10|7|12|10|8|10|2|10|34,32,10,2|26|10|44,44,14,2|28|12|1|1,1,-2,1,1|4|390|4|0|1
005745|box_n5_H14|b000790|2,3,5,10,14|6|10|14|12|5|18|7|8|12|24|16|34,32,12,2|30|12|50,44,14,2|46|18|2|2,2,0,2,2|10|210|10|0|1
005746|box_n5_H14|b000791|2,3,5,11,12|6|11|12|8|7|10|8|-2|8|4|8|40,44,16,4|20|8|40,38,10,2|26|10|0|-1,0,0,0,-1|2|40|3|1|1
005747|box_n5_H14|b000792|2,3,5,11,13|6|11|13|10|7|12|9|-4|10|8|10|37,39,16,4|26|10|45,43,12,2|30|12|4|4,-3,-2,-3,4|4|429|4|0|1
005748|box_n5_H14|b000793|2,3,5,11,14|6|11|14|10|7|14|9|-6|10|16|12|36,38,16,4|26|10|48,44,12,2|36|14|2|2,-1,0,-1,2|4|462|4|0|1
005749|box_n5_H14|b000794|2,3,5,12,13|6|12|13|12|7|10|8|0|12|-6|8|40,40,16,4|32|12|40,40,12,2|24|10|2|-1,0,2,0,-1|4|281|4|0|1
005750|box_n5_H14|b000795|2,3,5,12,14|6|12|14|10|7|8|9|-4|10|-16|6|40,42,16,4|26|10|40,44,14,2|16|8|2|2,-4,-2,-4,2|5|145|8|3|1
005751|box_n5_H14|b000796|2,3,5,13,14|6|13|14|16|7|16|8|6|16|20|14|44,42,18,4|42|16|48,42,12,2|42|16|4|1,1,4,1,1|4|462|4|0|1
005752|box_n5_H14|b000797|2,3,6,7,8|6|7|8|6|4|10|4|-6|6|8|8|24,30,14,2|10|6|28,28,10,0|20|10|0|-1,-2,0,-2,-1|3|21|3|0|0
005753|box_n5_H14|b000798|2,3,6,7,9|6|7|9|4|11|10|5|-14|4|10|8|23,32,15,2|3|4|31,30,9,0|21|10|0|0,-3,-2,-3,0|3|26|3|0|0
005754|box_n5_H14|b000799|2,3,6,7,10|6|7|10|6|5|10|5|-6|6|0|8|24,30,14,2|10|6|34,36,12,0|18|10|1|1,-3,-4,-3,1|3|5|3|0|1
005755|box_n5_H14|b000800|2,3,6,7,11|6|7|11|8|5|14|7|-2|8|10|12|25,30,15,2|15|8|37,36,13,0|29|14|1|1,-2,-2,-2,1|4|127|4|0|1
005756|box_n5_H14|b000801|2,3,6,7,12|6|7|12|4|5|16|7|-18|4|24|14|20,28,14,2|4|4|40,34,10,0|38|16|1|-2,1,0,1,-2|4|73|4|0|1
005757|box_n5_H14|b000802|2,3,6,7,13|6|7|13|10|4|16|7|2|10|2|14|25,28,15,2|21|10|45,50,23,2|31|16|3|3,-5,-4,-5,3|3|38|3|0|1
005758|box_n5_H14|b000803|2,3,6,7,14|6|7|14|10|4|22|7|10|10|40|20|28,30,14,2|22|10|56,54,22,2|50|22|2|1,-2,2,-2,1|12|19|21|9|1
005759|box_n5_H14|b000804|2,3,6,8,9|6|8|9|8|4|8|5|0|8|10|6|28,32,14,2|16|8|30,28,6,0|18|8|1|-2,1,0,1,-2|4|4|4|0|0
005760|box_n5_H14|b000805|2,3,6,8,10|6|8|10|8|4|6|5|0|8|-8|4|28,32,14,2|16|8|32,36,10,0|8|6|0|0,-2,-4,-2,0|8|60|8|0|1
005761|box_n5_H14|b000806|2,3,6,8,11|6|8|11|8|10|8|13|0|8|2|6|28,32,14,2|16|8|36,38,10,0|14|8|-1|-1,-1,-2,-1,-1|2|4|2|0|1
005762|box_n5_H14|b000807|2,3,6,8,12|6|8|12|10|5|12|7|12|10|20|10|32,34,14,2|22|10|40,36,8,0|28|12|2|0,2,-2,2,0|8|11|16|8|1
005763|box_n5_H14|b000808|2,3,6,8,13|6|8|13|8|5|12|7|0|8|2|10|28,32,14,2|16|8|44,48,18,2|24|12|-1|-1,-1,-4,-1,-1|3|25|3|0|1
005764|box_n5_H14|b000809|2,3,6,8,14|6|8|14|12|4|14|7|8|12|12|12|28,28,14,2|28|12|48,52,20,2|28|14|5|5,-4,-6,-4,5|8|84|8|0|1
005765|box_n5_H14|b000810|2,3,6,9,10|6|9|10|8|7|10|5|2|8|8|8|30,32,12,2|18|8|32,28,6,0|24|10|2|0,0,2,0,0|4|5|4|0|1
005766|box_n5_H14|b000811|2,3,6,9,11|6|9|11|10|7|12|9|6|10|18|10|31,32,13,2|23|10|37,32,7,0|29|12|2|2,-1,2,-1,2|4|59|4|0|1
005767|box_n5_H14|b000812|2,3,6,9,12|6|9|12|8|7|12|10|-2|8|16|10|30,34,14,2|16|8|36,30,6,0|30|12|2|-1,1,2,1,-1|6|72|6|0|1
005768|box_n5_H14|b000813|2,3,6,9,13|6|9|13|12|5|12|7|10|12|2|10|31,30,13,2|29|12|43,46,17,2|25|12|2|2,-3,0,-3,2|4|115|4|0|1
005769|box_n5_H14|b000814|2,3,6,9,14|6|9|14|12|5|18|7|10|12|28|16|30,28,12,2|30|12|48,44,16,2|44|18|4|4,-3,4,-3,4|4|7|4|0|1
005770|box_n5_H14|b000815|2,3,6,10,11|6|10|11|12|7|10|8|0|12|6|8|34,36,16,2|26|12|36,36,10,0|20|10|0|-1,0,0,0,-1|3|5|3|0|1
005771|box_n5_H14|b000816|2,3,6,10,12|6|10|12|10|7|12|9|8|10|20|10|40,44,16,2|20|10|40,36,8,0|28|12|4|-2,4,-4,4,-2|5|52|6|1|1
005772|box_n5_H14|b000817|2,3,6,10,13|6|10|13|12|7|10|10|0|12|-6|8|34,36,16,2|26|12|44,52,20,2|16|10|0|0,-3,-4,-3,0|3|5|3|0|1
005773|box_n5_H14|b000818|2,3,6,10,14|6|10|14|12|5|18|7|0|12|28|16|34,36,16,2|26|12|50,48,18,2|42|18|3|3,-2,-2,-2,3|8|35|8|0|1
005774|box_n5_H14|b000819|2,3,6,11,12|6|11|12|14|7|16|8|14|14|24|14|40,40,16,2|32|14|40,34,10,0|38|16|4|-2,4,2,4,-2|4|62|4|0|1
005775|box_n5_H14|b000820|2,3,6,11,13|6|11|13|14|7|16|9|6|14|6|14|37,38,17,2|31|14|45,48,21,2|33|16|1|1,-2,-2,-2,1|4|71|4|0|1
005776|box_n5_H14|b000821|2,3,6,11,14|6|11|14|16|7|20|9|10|16|20|18|36,34,16,2|38|16|48,48,22,2|44|20|3|3,-3,2,-3,3|3|1|3|0|1
005777|box_n5_H14|b000822|2,3,6,12,13|6|12|13|18|7|14|8|24|18|6|12|40,34,14,2|46|18|40,38,14,2|34|14|4|0,2,4,2,0|4|69|4|0|1
005778|box_n5_H14|b000823|2,3,6,12,14|6|12|14|16|7|14|9|20|16|8|12|40,36,14,2|40|16|40,38,14,2|34|14|4|4,-2,2,-2,4|8|107|8|0|1
005779|box_n5_H14|b000824|2,3,6,13,14|6|13|14|18|7|20|8|6|18|24|18|44,46,24,4|42|18|48,46,20,2|46|20|2|1,-2,2,-2,1|4|84|4|0|1
005780|box_n5_H14|b000825|2,3,7,8,9|6|8|9|8|4|8|5|8|8|6|6|28,28,10,2|20|8|30,28,6,0|18|8|4|0,-1,4,-1,0|3|100|4|1|0
005781|box_n5_H14|b000826|2,3,7,8,10|6|8|10|6|4|8|5|4|6|-8|6|28,30,10,2|14|6|32,34,10,0|14|8|1|1,0,-6,0,1|8|120|8|0|0
005782|box_n5_H14|b000827|2,3,7,8,11|6|8|11|8|8|8|11|4|8|-10|6|28,30,12,2|18|8|36,40,12,0|12|8|0|0,-2,-2,-2,0|4|264|4|0|0
005783|box_n5_H14|b000828|2,3,7,8,12|6|8|12|10|5|12|7|16|10|0|10|32,32,12,2|24|10|40,40,12,0|24|12|3|3,-2,-2,-2,3|7|23|16|9|1
005784|box_n5_H14|b000829|2,3,7,8,13|6|8|13|8|5|16|7|4|8|6|14|28,30,12,2|18|8|44,44,16,0|32|16|1|1,-1,-2,-1,1|4|312|4|0|1
005785|box_n5_H14|b000830|2,3,7,8,14|6|8|14|12|4|16|7|20|12|28|14|28,22,8,2|34|12|48,42,10,0|38|16|3|2,3,2,3,2|8|168|8|0|1
005786|box_n5_H14|b000831|2,3,7,9,10|6|9|10|6|9|8|5|-2|6|0|6|30,32,10,2|14|6|32,30,6,0|18|8|2|-1,0,2,0,-1|4|95|4|0|0
005787|box_n5_H14|b000832|2,3,7,9,11|6|9|11|8|9|10|11|0|8|0|8|31,33,12,2|18|8|37,37,10,0|20|10|2|1,-3,2,-3,1|3|109|4|1|0
005788|box_n5_H14|b000833|2,3,7,9,12|6|9|12|6|10|8|13|-2|6|-8|6|30,32,10,2|14|6|36,36,8,0|16|8|1|1,-1,-2,-1,1|4|27|6|2|1
005789|box_n5_H14|b000834|2,3,7,9,13|6|9|13|10|5|14|7|8|10|8|12|31,29,10,2|26|10|43,41,12,0|30|14|2|2,0,0,0,2|4|223|4|0|1
005790|box_n5_H14|b000835|2,3,7,9,14|6|9|14|12|5|18|7|14|12|36|16|30,24,8,2|34|12|48,38,8,0|46|18|8|1,3,8,3,1|4|119|4|0|1
005791|box_n5_H14|b000836|2,3,7,10,11|6|10|11|10|7|8|11|0|10|-2|6|34,34,12,2|24|10|36,36,8,0|16|8|1|1,-1,0,-1,1|4|330|4|0|0
005792|box_n5_H14|b000837|2,3,7,10,12|6|10|12|8|7|6|13|0|8|-4|4|40,46,16,2|14|8|40,42,8,0|10|6|1|1,-2,-6,-2,1|4|11|6|2|1
005793|box_n5_H14|b000838|2,3,7,10,13|6|10|13|10|7|10|13|-4|10|-2|8|34,36,14,2|22|10|44,48,14,0|16|10|2|2,-3,-4,-3,2|4|390|4|0|1
005794|box_n5_H14|b000839|2,3,7,10,14|6|10|14|12|5|16|7|4|12|36|14|34,32,12,2|30|12|50,42,8,0|40|16|3|2,3,0,3,2|10|210|10|0|1
005795|box_n5_H14|b000840|2,3,7,11,12|6|11|12|10|7|12|8|-2|10|4|10|40,44,16,2|20|10|40,38,10,0|26|12|1|-1,1,-2,1,-1|4|136|4|0|1
005796|box_n5_H14|b000841|2,3,7,11,13|6|11|13|10|7|14|9|-8|10|12|12|37,41,16,2|20|10|45,43,12,0|30|14|3|3,-2,-4,-2,3|4|429|4|0|1
005797|box_n5_H14|b000842|2,3,7,11,14|6|11|14|14|7|18|9|6|14|36|16|36,32,12,2|36|14|48,38,8,0|46|18|4|3,2,4,2,3|4|462|4|0|1
005798|box_n5_H14|b000843|2,3,7,12,13|6|12|13|12|7|12|8|-4|12|-6|10|40,42,16,2|26|12|40,42,14,0|22|12|0|0,-2,0,-2,0|3|31|3|0|1
005799|box_n5_H14|b000844|2,3,7,12,14|6|12|14|14|7|12|9|4|14|4|10|40,38,14,2|34|14|40,38,10,0|26|12|2|2,0,0,0,2|6|47|6|0|1
005800|box_n5_H14|b000845|2,3,7,13,14|6|13|14|18|7|20|8|18|18|40|18|44,38,14,2|46|18|48,36,8,0|52|20|6|1,5,6,5,1|4|462|4|0|1
005801|box_n5_H14|b000846|2,3,8,9,10|6|9|10|6|8|10|5|-6|6|-8|8|30,34,12,2|12|6|32,32,10,0|20|10|4|-1,-3,4,-3,-1|4|25|4|0|0
005802|box_n5_H14|b000847|2,3,8,9,11|6|9|11|8|8|8|10|2|8|-10|6|31,32,11,2|19|8|37,38,9,0|15|8|0|0,-1,0,-1,0|3|54|3|0|0
005803|box_n5_H14|b000848|2,3,8,9,12|6|9|12|8|8|10|11|-2|8|-12|8|30,32,12,2|18|8|36,36,10,0|20|10|1|1,-1,-2,-1,1|5|45|6|1|1
005804|box_n5_H14|b000849|2,3,8,9,13|6|9|13|12|5|12|7|6|12|-6|10|31,30,13,2|29|12|43,44,13,0|23|12|2|2,-3,2,-3,2|3|28|3|0|1
005805|box_n5_H14|b000850|2,3,8,9,14|6|9|14|8|5|18|7|-2|8|16|16|30,32,12,2|18|8|48,42,12,0|42|18|2|2,-1,2,-1,2|4|35|4|0|1
005806|box_n5_H14|b000851|2,3,8,10,11|6|10|11|8|9|6|10|-12|8|-10|4|34,38,14,2|16|8|36,36,6,0|12|6|0|-2,0,0,0,-2|4|330|4|0|0
005807|box_n5_H14|b000852|2,3,8,10,12|6|10|12|6|9|8|11|-8|6|-4|6|40,48,16,2|8|6|40,40,8,0|16|8|0|0,-2,-4,-2,0|4|41|8|4|1
005808|box_n5_H14|b000853|2,3,8,10,13|6|10|13|8|10|6|13|-12|8|-10|4|34,38,14,2|16|8|44,48,10,0|8|6|1|1,-3,-4,-3,1|4|390|4|0|1
005809|box_n5_H14|b000854|2,3,8,10,14|6|10|14|8|5|14|7|-12|8|16|12|34,38,14,2|16|8|50,46,10,0|32|14|3|3,-2,-2,-2,3|8|70|8|0|1
005810|box_n5_H14|b000855|2,3,8,11,12|6|11|12|8|10|8|11|-10|8|0|6|40,44,14,2|16|8|40,38,6,0|18|8|0|-1,0,0,0,-1|2|7|4|2|1
005811|box_n5_H14|b000856|2,3,8,11,13|6|11|13|8|11|10|13|-14|8|2|8|37,40,13,2|17|8|45,44,9,0|21|10|3|3,-2,-4,-2,3|4|429|4|0|1
005812|box_n5_H14|b000857|2,3,8,11,14|6|11|14|8|11|12|13|-18|8|8|10|36,40,14,2|16|8|48,46,10,0|26|12|2|2,-3,0,-3,2|4|462|4|0|1
005813|box_n5_H14|b000858|2,3,8,12,13|6|12|13|12|7|10|8|-4|12|-10|8|40,40,14,2|28|12|40,40,10,0|20|10|1|1,-1,0,-1,1|3|31|3|0|1
005814|box_n5_H14|b000859|2,3,8,12,14|6|12|14|8|7|8|16|-12|8|-16|6|40,44,14,2|16|8|40,42,10,0|14|8|2|2,-2,-6,-2,2|4|58|6|2|1
005815|box_n5_H14|b000860|2,3,8,13,14|6|13|14|14|7|16|8|-2|14|16|14|44,44,16,2|32|14|48,42,10,0|38|16|2|1,2,0,2,1|4|546|4|0|1
005816|box_n5_H14|b000861|2,3,9,10,11|6|10|11|10|8|10|9|-4|10|-6|8|34,38,16,2|20|10|36,38,12,0|18|10|0|-2,-1,0,-1,-2|4|330|4|0|0
005817|box_n5_H14|b000862|2,3,9,10,12|6|10|12|8|8|10|10|0|8|-12|8|40,48,18,2|12|8|40,44,14,0|16|10|0|-2,0,-8,0,-2|5|169|6|1|1
005818|box_n5_H14|b000863|2,3,9,10,13|6|10|13|12|8|12|11|0|12|-6|10|34,36,16,2|26|12|44,48,16,0|20|12|1|1,-2,-4,-2,1|4|390|4|0|1
005819|box_n5_H14|b000864|2,3,9,10,14|6|10|14|12|5|18|7|0|12|20|16|34,36,16,2|26|12|50,48,16,0|38|18|3|3,-2,-2,-2,3|10|210|10|0|1
005820|box_n5_H14|b000865|2,3,9,11,12|6|11|12|8|9|8|10|-6|8|-8|6|40,46,16,2|14|8|40,42,10,0|14|8|2|-4,2,-4,2,-4|3|86|3|0|1
005821|box_n5_H14|b000866|2,3,9,11,13|6|11|13|10|9|12|11|-8|10|0|10|37,41,16,2|20|10|45,47,14,0|22|12|2|2,-4,-2,-4,2|4|429|4|0|1
005822|box_n5_H14|b000867|2,3,9,11,14|6|11|14|12|11|16|11|-2|12|20|14|36,36,14,2|28|12|48,44,12,0|36|16|4|4,-1,-2,-1,4|4|462|4|0|1
005823|box_n5_H14|b000868|2,3,9,12,13|6|12|13|12|10|8|11|-8|12|-10|6|40,42,16,2|26|12|40,42,10,0|14|8|0|0,-2,0,-2,0|4|206|4|0|1
005824|box_n5_H14|b000869|2,3,9,12,14|6|12|14|10|13|10|11|-12|10|-4|8|40,44,16,2|20|10|40,40,10,0|20|10|2|2,-2,-4,-2,2|6|145|8|2|1
005825|box_n5_H14|b000870|2,3,9,13,14|6|13|14|18|7|20|11|6|18|24|18|44,42,18,2|42|18|48,42,14,0|46|20|2|2,1,2,1,2|4|84|4|0|1
005826|box_n5_H14|b000871|2,3,10,11,12|6|11|12|8|8|10|9|-10|8|-4|8|40,46,16,2|14|8|40,40,10,0|20|10|0|-2,-1,0,-1,-2|2|41|3|1|1
005827|box_n5_H14|b000872|2,3,10,11,13|6|11|13|8|8|12|10|-14|8|-2|10|37,42,15,2|15|8|45,44,11,0|25|12|2|2,-2,-4,-2,2|4|429|4|0|1
005828|box_n5_H14|b000873|2,3,10,11,14|6|11|14|10|8|16|10|-10|10|16|14|36,38,14,2|22|10|48,44,12,0|36|16|2|2,-1,0,-1,2|4|462|4|0|1
005829|box_n5_H14|b000874|2,3,10,12,13|6|12|13|10|9|8|10|-8|10|-14|6|40,42,14,2|22|10|40,40,8,0|16|8|0|0,0,-2,0,0|2|29|3|1|1
005830|box_n5_H14|b000875|2,3,10,12,14|6|12|14|8|9|8|10|-12|8|-12|6|40,44,14,2|16|8|40,42,10,0|14|8|2|2,-4,-2,-4,2|5|65|6|1|1
005831|box_n5_H14|b000876|2,3,10,13,14|6|13|14|12|10|16|10|-6|12|24|14|44,44,14,2|28|12|48,40,8,0|40|16|2|2,1,2,1,2|4|546|4|0|1
005832|box_n5_H14|b000877|2,3,11,12,13|6|12|13|10|8|12|9|-4|10|-10|10|40,42,14,2|22|10|40,42,14,0|22|12|2|0,-3,2,-3,0|4|69|4|0|1
005833|box_n5_H14|b000878|2,3,11,12,14|6|12|14|10|8|12|9|-8|10|-12|10|40,44,16,2|20|10|40,42,14,0|22|12|1|1,-2,-4,-2,1|5|100|6|1|1
005834|box_n5_H14|b000879|2,3,11,13,14|6|13|14|14|9|16|9|2|14|20|14|44,44,16,2|32|14|48,42,10,0|38|16|2|0,2,2,2,0|4|84|4|0|1
005835|box_n5_H14|b000880|2,3,12,13,14|6|13|14|12|8|12|9|-10|12|-12|10|44,48,18,2|24|12|48,50,14,0|22|12|2|-1,-3,2,-3,-1|3|8|3|0|1
005836|box_n5_H14|b000881|2,4,5,6,7|6|6|7|6|3|4|4|0|6|2|2|20,22,10,2|14|6|20,18,2,0|10|4|1|-1,1,0,1,-1|3|33|4|1|1
005837|box_n5_H14|b000882|2,4,5,6,8|6|6|8|4|3|6|4|-4|4|12|4|20,24,10,2|8|4|24,20,2,0|16|6|2|-2,1,2,1,-2|4|72|4|0|1
005838|box_n5_H14|b000883|2,4,5,6,9|6|6|9|8|3|6|5|16|8|2|4|24,22,8,2|22|8|30,30,6,0|12|6|2|0,0,2,0,0|6|13|12|6|1
005839|box_n5_H14|b000884|2,4,5,6,10|6|6|10|6|3|8|5|4|6|12|6|22,24,10,2|14|6|34,32,6,0|18|8|2|0,-1,2,-1,0|5|19|8|3|1
005840|box_n5_H14|b000885|2,4,5,6,11|6|6|11|6|4|8|7|0|6|6|6|20,22,10,2|14|6|40,44,14,2|16|8|0|-1,-2,0,-2,-1|3|43|3|0|1
005841|box_n5_H14|b000886|2,4,5,6,12|6|6|12|8|4|14|7|12|8|32|12|24,24,10,2|20|8|48,44,12,2|36|14|4|0,0,4,0,0|10|24|24|14|1
005842|box_n5_H14|b000887|2,4,5,6,13|6|6|13|6|4|10|7|8|6|10|6|20,18,6,2|18|6|40,36,6,0|24|10|3|1,3,-2,3,1|3|35|4|1|1
005843|box_n5_H14|b000888|2,4,5,6,14|6|6|14|6|3|12|7|8|6|20|8|22,22,8,2|16|6|46,40,6,0|30|12|3|0,3,0,3,0|5|79|6|1|1
005844|box_n5_H14|b000889|2,4,5,7,8|6|7|8|8|4|12|4|6|8|28|10|24,24,10,2|20|8|28,20,4,0|32|12|4|0,4,0,4,0|4|0|4|0|0
005845|box_n5_H14|b000890|2,4,5,7,9|6|7|9|6|7|8|5|2|6|6|6|23,24,9,2|15|6|31,30,7,0|17|8|2|2,-3,2,-3,2|4|47|4|0|0
005846|box_n5_H14|b000891|2,4,5,7,10|6|7|10|8|5|14|5|10|8|20|12|24,22,8,2|22|8|34,28,8,0|34|14|4|1,1,4,1,1|4|0|4|0|0
005847|box_n5_H14|b000892|2,4,5,7,11|6|7|11|8|5|10|7|6|8|2|8|25,26,11,2|19|8|37,40,15,2|21|10|3|3,-3,-4,-3,3|4|77|4|0|0
005848|box_n5_H14|b000893|2,4,5,7,12|6|7|12|6|5|10|7|-6|6|8|8|20,22,10,2|14|6|40,40,12,2|24|10|2|2,-3,0,-3,2|4|65|4|0|1
005849|box_n5_H14|b000894|2,4,5,7,13|6|7|13|10|4|16|7|10|10|18|14|25,24,11,2|25|10|45,42,15,2|39|16|1|1,1,0,1,1|4|77|4|0|1
005850|box_n5_H14|b000895|2,4,5,7,14|6|7|14|10|4|18|7|22|10|36|16|28,24,8,2|28|10|56,52,16,2|44|18|3|1,3,0,3,1|16|12|28|12|1
005851|box_n5_H14|b000896|2,4,5,8,9|6|8|9|12|4|12|5|24|12|14|10|28,22,8,2|34|12|30,24,6,0|30|12|4|0,4,4,4,0|4|17|4|0|0
005852|box_n5_H14|b000897|2,4,5,8,10|6|8|10|10|4|12|5|16|10|16|10|28,26,10,2|26|10|32,26,6,0|30|12|4|-1,3,4,3,-1|8|60|8|0|0
005853|box_n5_H14|b000898|2,4,5,8,11|6|8|11|10|7|12|10|16|10|6|10|28,26,10,2|26|10|36,36,14,2|28|12|2|-2,2,2,2,-2|4|0|4|0|0
005854|box_n5_H14|b000899|2,4,5,8,12|6|8|12|10|5|12|7|24|10|12|10|32,30,10,2|26|10|40,38,12,2|30|12|4|2,-2,4,-2,2|9|17|16|7|1
005855|box_n5_H14|b000900|2,4,5,8,13|6|8|13|10|5|14|7|20|10|14|12|28,24,8,2|28|10|44,42,14,2|34|14|3|1,3,-2,3,1|4|0|4|0|1
005856|box_n5_H14|b000901|2,4,5,8,14|6|8|14|10|4|18|7|16|10|24|16|28,26,10,2|26|10|48,42,14,2|46|18|4|0,4,0,4,0|8|84|8|0|1
005857|box_n5_H14|b000902|2,4,5,9,10|6|9|10|8|7|10|5|-6|8|12|8|30,34,14,2|16|8|32,28,6,0|24|10|4|-2,0,4,0,-2|4|62|4|0|0
005858|box_n5_H14|b000903|2,4,5,9,11|6|9|11|10|7|8|9|2|10|2|6|31,32,13,2|23|10|37,40,13,2|17|8|2|-1,-2,2,-2,-1|4|59|4|0|0
005859|box_n5_H14|b000904|2,4,5,9,12|6|9|12|10|7|10|10|2|10|4|8|30,30,12,2|24|10|36,34,10,2|26|10|2|0,0,2,0,0|8|70|12|4|1
005860|box_n5_H14|b000905|2,4,5,9,13|6|9|13|8|5|10|7|-2|8|2|8|31,34,13,2|17|8|43,46,15,2|21|10|3|3,-4,-4,-4,3|3|86|3|0|1
005861|box_n5_H14|b000906|2,4,5,9,14|6|9|14|8|5|12|7|-2|8|12|10|30,32,12,2|18|8|48,48,14,2|28|12|3|3,-3,-2,-3,3|3|83|4|1|1
005862|box_n5_H14|b000907|2,4,5,10,11|6|10|11|12|7|14|8|12|12|14|12|34,32,12,2|30|12|36,32,12,2|36|14|4|-1,2,4,2,-1|4|0|4|0|0
005863|box_n5_H14|b000908|2,4,5,10,12|6|10|12|12|7|12|9|20|12|12|10|40,40,14,2|28|12|40,38,12,2|30|12|6|0,-2,6,-2,0|6|23|6|0|1
005864|box_n5_H14|b000909|2,4,5,10,13|6|10|13|12|7|14|10|12|12|14|12|34,32,12,2|30|12|44,42,14,2|34|14|4|-2,4,0,4,-2|4|0|4|0|1
005865|box_n5_H14|b000910|2,4,5,10,14|6|10|14|10|5|16|7|8|10|24|14|34,34,12,2|24|10|50,46,14,2|40|16|3|3,0,-2,0,3|8|35|8|0|1
005866|box_n5_H14|b000911|2,4,5,11,12|6|11|12|14|7|16|8|10|14|16|14|40,42,20,4|34|14|40,36,14,2|40|16|6|0,-2,6,-2,0|4|75|4|0|1
005867|box_n5_H14|b000912|2,4,5,11,13|6|11|13|12|7|16|9|2|12|14|14|37,40,19,4|29|12|45,44,17,2|37|16|3|3,-4,0,-4,3|4|143|4|0|1
005868|box_n5_H14|b000913|2,4,5,11,14|6|11|14|12|7|20|9|2|12|28|18|36,38,18,4|30|12|48,40,14,2|52|20|2|1,1,2,1,1|4|0|4|0|1
005869|box_n5_H14|b000914|2,4,5,12,13|6|12|13|14|7|12|8|12|14|6|10|40,38,16,4|38|14|40,38,12,2|30|12|4|-2,2,4,2,-2|4|81|4|0|1
005870|box_n5_H14|b000915|2,4,5,12,14|6|12|14|10|7|10|9|4|10|-8|8|40,42,16,4|26|10|40,42,14,2|22|10|0|0,-2,0,-2,0|5|158|6|1|1
005871|box_n5_H14|b000916|2,4,5,13,14|6|13|14|14|7|16|8|10|14|24|14|44,44,18,4|36|14|48,42,12,2|42|16|2|1,1,2,1,1|4|0|4|0|1
005872|box_n5_H14|b000917|2,4,6,7,8|6|7|8|4|4|8|4|-4|3|16|6|24,28,12,4|12|4|28,24,6,2|24|8|1|-1,1,0,1,-1|3|46|3|0|0
005873|box_n5_H14|b000918|2,4,6,7,9|6|7|9|4|16|8|5|-10|4|6|6|23,29,15,5|12|4|31,33,13,3|20|8|0|0,-3,-2,-3,0|2|22|2|0|0
005874|box_n5_H14|b000919|2,4,6,7,10|6|7|10|4|5|8|5|-4|3|0|6|24,28,12,4|12|4|34,34,10,2|20|8|0|0,-2,0,-2,0|3|29|3|0|1
005875|box_n5_H14|b000920|2,4,6,7,11|6|7|11|6|5|8|7|-2|6|2|6|25,29,15,5|18|6|37,39,13,3|20|8|2|2,-3,-4,-3,2|3|69|3|0|1
005876|box_n5_H14|b000921|2,4,6,7,12|6|7|12|4|5|16|7|-12|3|32|14|20,24,12,4|12|4|40,32,10,2|44|16|4|-1,1,4,1,-1|4|74|4|0|1
005877|box_n5_H14|b000922|2,4,6,7,13|6|7|13|6|4|12|7|-2|6|6|10|25,29,15,5|18|6|45,49,23,7|34|12|1|1,-3,-4,-3,1|3|86|3|0|1
005878|box_n5_H14|b000923|2,4,6,7,14|6|7|14|8|4|18|7|12|7|40|16|28,28,12,4|24|8|56,54,22,6|50|18|1|1,0,0,0,1|9|9|14|5|1
005879|box_n5_H14|b000924|2,4,6,8,9|6|8|9|8|4|8|5|8|8|16|3|28,28,12,4|24|8|30,26,4,0|20|8|4|-2,4,0,4,-2|4|4|4|0|0
005880|box_n5_H14|b000925|2,4,6,8,11|6|8|11|8|10|6|13|8|8|8|1|28,28,12,4|24|8|36,34,4,0|14|6|3|-3,3,2,3,-3|3|71|3|0|1
005881|box_n5_H14|b000926|2,4,6,8,13|6|8|13|8|5|12|7|8|8|16|7|28,28,12,4|24|8|44,42,14,4|34|12|4|-2,4,-2,4,-2|3|25|3|0|1
005882|box_n5_H14|b000927|2,4,6,9,10|6|9|10|4|7|10|5|-8|3|0|8|30,38,16,4|8|4|32,30,10,2|26|10|0|-1,-2,0,-2,-1|4|25|4|0|1
005883|box_n5_H14|b000928|2,4,6,9,11|6|9|11|10|7|12|9|6|10|10|10|31,33,17,5|28|10|37,35,13,3|32|12|2|1,-2,2,-2,1|4|59|4|0|1
005884|box_n5_H14|b000929|2,4,6,9,12|6|9|12|10|7|16|10|4|9|24|14|30,32,16,4|26|10|36,28,10,2|44|16|6|-2,2,6,2,-2|8|34|12|4|1
005885|box_n5_H14|b000930|2,4,6,9,13|6|9|13|10|5|10|7|6|10|-2|8|31,33,17,5|28|10|43,49,23,7|28|10|3|3,-4,-6,-4,3|4|262|4|0|1
005886|box_n5_H14|b000931|2,4,6,9,14|6|9|14|10|5|18|7|4|9|24|16|30,32,16,4|26|10|48,46,22,6|50|18|3|3,-3,0,-3,3|4|29|4|0|1
005887|box_n5_H14|b000932|2,4,6,10,11|6|10|11|8|7|6|8|-4|8|8|1|34,36,14,4|22|8|36,34,4,0|14|6|2|-1,0,2,0,-1|3|57|3|0|1
005888|box_n5_H14|b000933|2,4,6,10,13|6|10|13|8|7|4|10|-4|8|0|-1|34,36,14,4|22|8|44,50,14,4|10|4|0|-3,0,-2,0,-3|3|121|3|0|1
005889|box_n5_H14|b000934|2,4,6,11,12|6|11|12|14|7|16|8|16|13|32|14|40,38,16,4|38|14|40,32,10,2|44|16|8|-1,2,8,2,-1|4|62|4|0|1
005890|box_n5_H14|b000935|2,4,6,11,13|6|11|13|10|7|12|9|2|10|6|10|37,39,17,5|28|10|45,49,23,7|34|12|0|0,-3,0,-3,0|4|71|4|0|1
005891|box_n5_H14|b000936|2,4,6,11,14|6|11|14|14|7|18|9|8|13|28|16|36,34,16,4|38|14|48,44,20,6|52|18|4|2,-1,4,-1,2|3|33|3|0|1
005892|box_n5_H14|b000937|2,4,6,12,13|6|12|13|18|7|14|8|32|18|12|9|40,32,14,4|52|18|40,36,14,4|40|14|6|-1,4,6,4,-1|4|68|4|0|1
005893|box_n5_H14|b000938|2,4,6,13,14|6|13|14|14|7|16|8|4|13|24|14|44,48,26,8|40|14|48,46,20,6|46|16|1|1,-2,0,-2,1|3|39|3|0|1
005894|box_n5_H14|b000939|2,4,7,8,9|6|8|9|12|4|12|5|24|12|14|10|28,24,10,2|32|12|30,26,8,0|28|12|4|0,2,4,2,0|4|17|4|0|0
005895|box_n5_H14|b000940|2,4,7,8,10|6|8|10|8|4|12|5|12|8|8|10|28,30,12,2|18|8|32,30,10,0|26|12|2|-1,2,-2,2,-1|8|60|8|0|0
005896|box_n5_H14|b000941|2,4,7,8,11|6|8|11|10|8|10|11|20|10|-2|8|28,26,10,2|26|10|36,36,10,0|20|10|2|-2,2,2,2,-2|4|0|4|0|0
005897|box_n5_H14|b000942|2,4,7,8,12|6|8|12|12|5|14|7|28|12|16|12|32,30,12,2|30|12|40,36,10,0|32|14|4|3,-2,4,-2,3|9|55|16|7|1
005898|box_n5_H14|b000943|2,4,7,8,13|6|8|13|12|5|20|7|20|12|26|18|28,26,12,2|30|12|44,38,14,0|46|20|4|0,4,0,4,0|4|0|4|0|1
005899|box_n5_H14|b000944|2,4,7,8,14|6|8|14|14|4|22|7|28|14|44|20|28,22,10,2|38|14|48,38,12,0|54|22|7|-1,7,4,7,-1|8|84|8|0|1
005900|box_n5_H14|b000945|2,4,7,9,10|6|9|10|6|9|10|5|-10|6|4|8|30,38,16,2|8|6|32,32,10,0|20|10|0|-2,-2,0,-2,-2|2|0|2|0|0
005901|box_n5_H14|b000946|2,4,7,9,11|6|9|11|8|9|8|11|2|8|-6|6|31,34,13,2|17|8|37,40,11,0|13|8|2|0,-4,2,-4,0|3|72|3|0|0
005902|box_n5_H14|b000947|2,4,7,9,12|6|9|12|12|10|12|13|6|12|4|10|30,30,14,2|28|12|36,34,10,0|26|12|2|0,0,2,0,0|6|74|12|6|1
005903|box_n5_H14|b000948|2,4,7,9,13|6|9|13|12|5|14|7|6|12|10|12|31,32,15,2|27|12|43,44,15,0|27|14|3|3,-1,-6,-1,3|4|161|4|0|1
005904|box_n5_H14|b000949|2,4,7,9,14|6|9|14|12|5|20|7|10|12|40|18|30,28,12,2|30|12|48,40,12,0|48|20|4|0,3,4,3,0|4|158|4|0|1
005905|box_n5_H14|b000950|2,4,7,10,11|6|10|11|10|7|10|11|8|10|2|8|34,34,12,2|24|10|36,34,8,0|22|10|2|1,-1,2,-1,1|4|0|4|0|0
005906|box_n5_H14|b000951|2,4,7,10,12|6|10|12|12|7|10|13|8|12|4|8|40,46,20,2|22|12|40,42,12,0|18|10|2|1,-6,2,-6,1|6|139|8|2|1
005907|box_n5_H14|b000952|2,4,7,10,13|6|10|13|12|7|14|13|4|12|10|12|34,36,16,2|26|12|44,46,16,0|26|14|0|-1,0,-2,0,-1|4|0|4|0|1
005908|box_n5_H14|b000953|2,4,7,10,14|6|10|14|14|5|18|7|8|14|40|16|34,34,16,2|32|14|50,44,12,0|42|18|3|3,1,-2,1,3|8|35|8|0|1
005909|box_n5_H14|b000954|2,4,7,11,12|6|11|12|12|7|12|8|2|12|16|10|40,42,16,2|26|12|40,36,8,0|28|12|4|0,-1,4,-1,0|4|155|4|0|1
005910|box_n5_H14|b000955|2,4,7,11,13|6|11|13|10|7|14|9|-10|10|18|12|37,42,17,2|19|10|45,44,13,0|29|14|2|2,-3,-2,-3,2|4|143|4|0|1
005911|box_n5_H14|b000956|2,4,7,11,14|6|11|14|14|7|22|9|6|14|52|20|36,32,12,2|36|14|48,34,8,0|58|22|6|2,4,6,4,2|4|0|4|0|1
005912|box_n5_H14|b000957|2,4,7,12,13|6|12|13|16|7|14|8|8|16|6|12|40,40,18,2|36|16|40,40,14,0|28|14|2|-1,0,2,0,-1|4|67|4|0|1
005913|box_n5_H14|b000958|2,4,7,12,14|6|12|14|16|7|16|9|12|16|16|14|40,38,16,2|38|16|40,36,12,0|36|16|2|0,2,2,2,0|7|184|8|1|1
005914|box_n5_H14|b000959|2,4,7,13,14|6|13|14|20|7|24|8|22|20|48|22|44,40,18,2|48|20|48,36,12,0|60|24|5|1,5,4,5,1|4|0|4|0|1
005915|box_n5_H14|b000960|2,4,8,9,10|6|9|10|6|8|10|5|-4|5|0|8|30,40,20,4|10|6|32,34,14,2|22|10|2|-2,-5,2,-5,-2|4|25|4|0|0
005916|box_n5_H14|b000961|2,4,8,9,11|6|9|11|12|8|10|10|14|12|-2|8|31,33,19,5|32|12|37,41,17,3|22|10|0|-1,-2,0,-2,-1|4|106|4|0|0
005917|box_n5_H14|b000962|2,4,8,9,12|6|9|12|12|8|12|11|16|11|4|10|30,30,16,4|32|12|36,34,12,2|30|12|2|0,0,2,0,0|8|38|12|4|1
005918|box_n5_H14|b000963|2,4,8,9,13|6|9|13|12|5|14|7|14|12|6|12|31,33,19,5|32|12|43,47,21,3|30|14|3|3,-4,-4,-4,3|4|50|4|0|1
005919|box_n5_H14|b000964|2,4,8,9,14|6|9|14|10|5|20|7|4|9|28|18|30,36,20,4|22|10|48,44,18,2|48|20|1|1,-1,-2,-1,1|4|29|4|0|1
005920|box_n5_H14|b000965|2,4,8,10,11|6|10|11|10|9|10|10|0|10|8|5|34,38,18,4|24|10|36,34,8,0|22|10|2|-2,0,2,0,-2|4|0|4|0|0
005921|box_n5_H14|b000966|2,4,8,10,13|6|10|13|10|10|10|13|0|10|12|5|34,38,18,4|24|10|44,46,12,0|18|10|0|-2,0,-2,0,-2|4|0|4|0|1
005922|box_n5_H14|b000967|2,4,8,11,12|6|11|12|10|10|14|11|8|9|16|12|40,42,16,4|26|10|40,36,12,2|36|14|6|0,-2,6,-2,0|4|65|4|0|1
005923|box_n5_H14|b000968|2,4,8,11,13|6|11|13|10|11|16|13|-2|10|18|14|37,41,19,5|26|10|45,45,19,3|38|16|2|2,-3,-2,-3,2|4|77|4|0|1
005924|box_n5_H14|b000969|2,4,8,11,14|6|11|14|12|11|20|13|-4|11|32|18|36,40,20,4|28|12|48,42,16,2|50|20|2|1,-1,2,-1,1|4|0|4|0|1
005925|box_n5_H14|b000970|2,4,8,12,13|6|12|13|14|7|10|8|12|14|12|5|40,38,16,4|38|14|40,38,8,0|22|10|2|0,1,2,1,0|4|83|4|0|1
005926|box_n5_H14|b000971|2,4,8,13,14|6|13|14|18|7|20|8|12|17|32|18|44,46,24,4|42|18|48,42,16,2|50|20|2|1,2,-2,2,1|4|0|4|0|1
005927|box_n5_H14|b000972|2,4,9,10,11|6|10|11|10|8|8|9|-4|10|-2|6|34,38,16,2|20|10|36,36,8,0|16|8|2|-2,-1,2,-1,-2|4|330|4|0|0
005928|box_n5_H14|b000973|2,4,9,10,12|6|10|12|10|8|10|10|0|10|-4|8|40,48,20,2|16|10|40,44,14,0|16|10|0|-2,-4,0,-4,-2|5|23|6|1|1
005929|box_n5_H14|b000974|2,4,9,10,13|6|10|13|10|8|10|11|0|10|-2|8|34,36,14,2|22|10|44,46,12,0|18|10|1|-2,1,-2,1,-2|4|390|4|0|1
005930|box_n5_H14|b000975|2,4,9,10,14|6|10|14|10|5|16|7|-4|10|20|14|34,38,16,2|20|10|50,50,16,0|32|16|4|4,-4,-4,-4,4|8|70|8|0|1
005931|box_n5_H14|b000976|2,4,9,11,12|6|11|12|12|9|12|10|-2|12|4|10|40,44,18,2|24|12|40,40,12,0|24|12|2|-3,0,2,0,-3|4|134|4|0|1
005932|box_n5_H14|b000977|2,4,9,11,13|6|11|13|8|9|10|11|-10|8|-2|8|37,42,15,2|15|8|45,48,13,0|17|10|1|1,-5,0,-5,1|4|429|4|0|1
005933|box_n5_H14|b000978|2,4,9,11,14|6|11|14|12|11|20|11|-2|12|32|18|36,36,14,2|28|12|48,40,12,0|48|20|3|3,1,0,1,3|4|462|4|0|1
005934|box_n5_H14|b000979|2,4,9,12,13|6|12|13|12|10|12|11|4|12|-6|10|40,40,14,2|28|12|40,40,12,0|24|12|2|-1,0,2,0,-1|4|145|4|0|1
005935|box_n5_H14|b000980|2,4,9,12,14|6|12|14|12|13|16|11|-4|12|4|14|40,44,18,2|24|12|40,38,14,0|34|16|0|0,0,-2,0,0|6|94|6|0|1
005936|box_n5_H14|b000981|2,4,9,13,14|6|13|14|14|7|16|11|2|14|28|14|44,44,16,2|32|14|48,42,10,0|38|16|2|2,1,0,1,2|4|546|4|0|1
005937|box_n5_H14|b000982|2,4,10,11,12|6|11|12|12|8|10|9|4|11|4|8|40,44,20,4|28|12|40,38,10,2|26|10|6|-1,-3,6,-3,-1|4|133|4|0|1
005938|box_n5_H14|b000983|2,4,10,11,13|6|11|13|10|8|12|10|-6|10|6|10|37,43,21,5|24|10|45,45,15,3|30|12|1|1,-3,-2,-3,1|4|143|4|0|1
005939|box_n5_H14|b000984|2,4,10,11,14|6|11|14|10|8|18|10|0|9|28|16|36,38,16,4|26|10|48,40,12,2|48|18|2|1,1,2,1,1|4|0|4|0|1
005940|box_n5_H14|b000985|2,4,10,12,13|6|12|13|10|9|8|10|0|10|0|3|40,40,14,4|28|10|40,38,6,0|18|8|2|-1,2,0,2,-1|4|133|4|0|1
005941|box_n5_H14|b000986|2,4,10,13,14|6|13|14|12|10|18|10|0|11|28|16|44,46,18,4|30|12|48,40,12,2|48|18|2|2,1,0,1,2|4|0|4|0|1
005942|box_n5_H14|b000987|2,4,11,12,13|6|12|13|14|8|12|9|8|14|-2|10|40,40,16,2|32|14|40,40,12,0|24|12|4|-1,-1,4,-1,-1|4|69|4|0|1
005943|box_n5_H14|b000988|2,4,11,12,14|6|12|14|12|8|16|9|0|12|8|14|40,44,18,2|24|12|40,40,18,2|36|16|0|-1,0,-2,0,-1|7|74|8|1|1
005944|box_n5_H14|b000989|2,4,11,13,14|6|13|14|14|9|20|9|2|14|36|16|44,46,18,2|30|14|48,42,14,0|46|20|2|0,2,0,2,0|4|0|4|0|1
005945|box_n5_H14|b000990|2,4,12,13,14|6|13|14|12|8|12|9|-4|11|0|10|44,50,22,4|26|12|48,50,16,2|26|12|0|-1,-3,0,-3,-1|3|39|3|0|1
005946|box_n5_H14|b000991|2,5,6,7,8|6|7|8|2|4|4|4|-14|2|-4|2|24,30,10,2|2|2|28,28,4,0|8|4|0|-2,0,-2,0,-2|2|4|2|0|1
005947|box_n5_H14|b000992|2,5,6,7,9|6|7|9|2|11|6|5|-18|2|2|4|23,30,11,2|1|2|31,30,5,0|13|6|1|1,-3,-2,-3,1|3|26|3|0|1
005948|box_n5_H14|b000993|2,5,6,7,10|6|7|10|6|5|10|5|-2|6|16|8|24,24,8,2|16|6|34,28,4,0|26|10|2|0,2,2,2,0|3|5|3|0|1
005949|box_n5_H14|b000994|2,5,6,7,11|6|7|11|4|5|6|7|-6|4|-2|4|25,28,9,2|9|4|37,36,5,0|13|6|1|1,-1,-2,-1,1|2|20|2|0|1
005950|box_n5_H14|b000995|2,5,6,7,12|6|7|12|2|5|8|7|-22|2|8|6|20,26,10,2|2|2|40,38,6,0|18|8|0|-1,-1,0,-1,-1|3|143|4|1|1
005951|box_n5_H14|b000996|2,5,6,7,13|6|7|13|6|4|10|7|-6|6|-2|8|25,28,11,2|13|6|45,48,15,2|21|10|1|1,-3,-2,-3,1|3|42|3|0|1
005952|box_n5_H14|b000997|2,5,6,7,14|6|7|14|8|4|14|7|6|8|24|12|28,28,10,2|20|8|56,54,14,2|34|14|2|0,0,2,0,0|8|6|28|20|1
005953|box_n5_H14|b000998|2,5,6,8,9|6|8|9|6|4|6|5|-8|6|2|4|28,30,10,2|14|6|30,28,4,0|14|6|2|-2,2,0,2,-2|3|52|4|1|1
005954|box_n5_H14|b000999|2,5,6,8,10|6|8|10|4|4|4|5|-8|4|4|2|28,30,8,2|10|4|32,30,2,0|10|4|1|-1,1,0,1,-1|4|60|8|4|1
005955|box_n5_H14|b001000|2,5,6,8,11|6|8|11|2|14|4|19|-12|2|-6|2|28,32,8,2|4|2|36,36,4,0|8|4|0|-2,0,0,0,-2|2|42|2|0|1
005956|box_n5_H14|b001001|2,5,6,8,12|6|8|12|6|5|8|7|0|6|8|6|32,34,10,2|14|6|40,38,6,0|18|8|2|-2,2,0,2,-2|4|36|8|4|1
005957|box_n5_H14|b001002|2,5,6,8,13|6|8|13|6|5|8|7|-8|6|-6|6|28,30,10,2|14|6|44,48,14,2|16|8|0|0,0,-6,0,0|2|25|3|1|1
005958|box_n5_H14|b001003|2,5,6,8,14|6|8|14|6|4|8|7|-8|6|0|6|28,30,10,2|14|6|48,50,12,2|18|8|2|2,-2,-4,-2,2|4|84|8|4|1
005959|box_n5_H14|b001004|2,5,6,9,10|6|9|10|8|7|12|5|-2|8|16|10|30,30,10,2|20|8|32,24,4,0|32|12|4|-1,3,4,3,-1|4|95|4|0|1
005960|box_n5_H14|b001005|2,5,6,9,11|6|9|11|6|7|10|9|-6|6|2|8|31,34,11,2|13|6|37,34,7,0|23|10|1|1,-1,0,-1,1|4|59|4|0|1
005961|box_n5_H14|b001006|2,5,6,9,12|6|9|12|6|7|12|10|-6|6|8|10|30,32,10,2|14|6|36,30,6,0|30|12|4|-2,2,4,2,-2|6|70|12|6|1
005962|box_n5_H14|b001007|2,5,6,9,13|6|9|13|8|5|12|7|-6|8|-6|10|31,34,13,2|17|8|43,46,17,2|25|12|1|1,-3,-2,-3,1|4|223|4|0|1
005963|box_n5_H14|b001008|2,5,6,9,14|6|9|14|8|5|12|7|-2|8|4|10|30,30,10,2|20|8|48,48,14,2|28|12|4|4,-4,0,-4,4|4|83|4|0|1
005964|box_n5_H14|b001009|2,5,6,10,11|6|10|11|8|7|8|8|8|8|2|6|34,32,8,2|22|8|36,32,4,0|20|8|4|-1,2,4,2,-1|3|115|3|0|1
005965|box_n5_H14|b001010|2,5,6,10,12|6|10|12|12|7|12|9|24|12|16|10|40,36,10,2|32|12|40,34,6,0|30|12|6|-2,6,2,6,-2|6|38|8|2|1
005966|box_n5_H14|b001011|2,5,6,10,13|6|10|13|12|7|10|10|12|12|2|8|34,30,10,2|32|12|44,44,12,2|24|10|3|-2,3,2,3,-2|3|51|3|0|1
005967|box_n5_H14|b001012|2,5,6,10,14|6|10|14|10|5|14|7|8|10|20|12|34,32,10,2|26|10|50,44,10,2|38|14|2|1,2,2,2,1|6|35|8|2|1
005968|box_n5_H14|b001013|2,5,6,11,12|6|11|12|10|7|12|8|6|10|16|10|40,38,10,2|26|10|40,34,6,0|30|12|6|-1,2,6,2,-1|4|63|4|0|1
005969|box_n5_H14|b001014|2,5,6,11,13|6|11|13|10|7|10|9|-6|10|2|8|37,38,13,2|23|10|45,46,13,2|23|10|2|2,-3,0,-3,2|4|71|4|0|1
005970|box_n5_H14|b001015|2,5,6,11,14|6|11|14|10|7|12|9|-2|10|12|10|36,34,10,2|26|10|48,44,10,2|32|12|4|1,0,4,0,1|3|89|3|0|1
005971|box_n5_H14|b001016|2,5,6,12,13|6|12|13|16|7|12|8|12|16|2|10|40,36,14,2|40|16|40,36,10,2|32|12|6|-3,4,6,4,-3|4|69|4|0|1
005972|box_n5_H14|b001017|2,5,6,12,14|6|12|14|12|7|10|9|8|12|-8|8|40,38,12,2|30|12|40,38,10,2|26|10|4|2,-2,4,-2,2|5|151|6|1|1
005973|box_n5_H14|b001018|2,5,6,13,14|6|13|14|14|7|14|8|-2|14|8|12|44,46,20,4|34|14|48,46,14,2|34|14|4|0,-2,4,-2,0|3|84|4|1|1
005974|box_n5_H14|b001019|2,5,7,8,9|6|8|9|8|4|8|5|8|8|6|6|28,26,8,2|22|8|30,28,8,2|22|8|4|0,0,4,0,0|4|199|4|0|0
005975|box_n5_H14|b001020|2,5,7,8,10|6|8|10|8|4|10|5|4|8|12|8|28,28,10,2|20|8|32,28,6,0|24|10|3|0,3,-2,3,0|8|60|8|0|0
005976|box_n5_H14|b001021|2,5,7,8,11|6|8|11|6|8|8|11|0|6|-6|6|28,30,10,2|14|6|36,38,12,2|18|8|0|-1,-1,0,-1,-1|4|0|4|0|0
005977|box_n5_H14|b001022|2,5,7,8,12|6|8|12|6|5|6|7|12|6|-12|4|32,32,8,2|16|6|40,42,10,2|14|6|1|1,-2,0,-2,1|4|11|16|12|1
005978|box_n5_H14|b001023|2,5,7,8,13|6|8|13|8|5|12|7|4|8|6|10|28,28,10,2|20|8|44,44,14,2|28|12|2|2,0,-4,0,2|4|0|4|0|1
005979|box_n5_H14|b001024|2,5,7,8,14|6|8|14|10|4|14|7|12|10|24|12|28,24,8,2|28|10|48,40,6,0|36|14|5|-1,5,4,5,-1|8|84|8|0|1
005980|box_n5_H14|b001025|2,5,7,9,10|6|9|10|8|9|8|5|2|8|16|6|30,30,12,4|24|8|32,26,2,0|22|8|4|-2,3,4,3,-2|4|95|4|0|0
005981|box_n5_H14|b001026|2,5,7,9,11|6|9|11|6|9|6|11|-4|6|-4|4|31,35,14,4|16|6|37,39,10,2|14|6|0|0,-3,0,-3,0|3|142|3|0|0
005982|box_n5_H14|b001027|2,5,7,9,12|6|9|12|4|17|2|26|2|2|-16|-2|30,30,6,2|12|4|36,36,2,0|4|2|0|0,0,0,0,0|3|74|12|9|1
005983|box_n5_H14|b001028|2,5,7,9,13|6|9|13|8|5|10|7|0|8|8|8|31,33,14,4|22|8|43,41,10,2|26|10|1|1,0,-2,0,1|4|223|4|0|1
005984|box_n5_H14|b001029|2,5,7,9,14|6|9|14|10|5|10|7|10|8|20|8|30,26,8,2|28|10|48,42,4,0|26|10|4|1,2,4,2,1|4|119|4|0|1
005985|box_n5_H14|b001030|2,5,7,10,11|6|10|11|12|7|12|11|16|12|6|10|34,30,10,2|32|12|36,32,10,2|32|12|4|1,1,4,1,1|4|0|4|0|0
005986|box_n5_H14|b001031|2,5,7,10,12|6|10|12|10|7|8|17|24|10|-8|6|40,38,10,2|26|10|40,40,10,2|20|8|1|1,0,0,0,1|5|169|6|1|1
005987|box_n5_H14|b001032|2,5,7,10,13|6|10|13|12|7|14|13|16|12|14|12|34,30,10,2|32|12|44,40,12,2|36|14|3|0,3,2,3,0|4|0|4|0|1
005988|box_n5_H14|b001033|2,5,7,10,14|6|10|14|14|5|18|7|20|14|36|16|34,28,10,2|38|14|50,38,6,0|48|18|7|0,7,4,7,0|10|210|10|0|1
005989|box_n5_H14|b001034|2,5,7,11,12|6|11|12|6|7|8|8|2|4|-4|6|40,42,10,2|14|6|40,38,8,2|22|8|2|0,-1,2,-1,0|4|155|4|0|1
005990|box_n5_H14|b001035|2,5,7,11,13|6|11|13|10|7|14|9|-8|10|16|12|37,41,18,4|24|10|45,41,12,2|36|14|4|4,-3,-2,-3,4|4|0|5|1|1
005991|box_n5_H14|b001036|2,5,7,11,14|6|11|14|12|7|18|9|6|10|36|16|36,32,10,2|32|12|48,34,4,0|50|18|6|1,5,6,5,1|4|0|4|0|1
005992|box_n5_H14|b001037|2,5,7,12,13|6|12|13|8|7|6|8|-16|8|-2|2|40,44,16,4|20|8|40,40,6,0|12|6|2|-3,0,2,0,-3|2|56|3|1|1
005993|box_n5_H14|b001038|2,5,7,12,14|6|12|14|8|7|6|9|-8|6|-4|4|40,40,10,2|20|8|40,38,4,0|14|6|2|0,0,2,0,0|4|47|6|2|1
005994|box_n5_H14|b001039|2,5,7,13,14|6|13|14|16|7|18|8|18|14|32|16|44,38,12,2|42|16|48,36,6,0|48|18|8|0,5,8,5,0|4|0|4|0|1
005995|box_n5_H14|b001040|2,5,8,9,10|6|9|10|8|8|8|5|-2|8|4|6|30,32,12,2|18|8|32,28,4,0|20|8|6|-2,0,6,0,-2|2|0|2|0|0
005996|box_n5_H14|b001041|2,5,8,9,11|6|9|11|8|8|8|10|-2|8|-10|6|31,34,13,2|17|8|37,40,11,0|13|8|-1|-1,-1,-2,-1,-1|3|126|3|0|0
005997|box_n5_H14|b001042|2,5,8,9,12|6|9|12|10|8|8|11|2|10|-16|6|30,30,12,2|24|10|36,36,8,0|16|8|0|0,0,0,0,0|5|70|12|7|1
005998|box_n5_H14|b001043|2,5,8,9,13|6|9|13|8|5|8|7|-2|8|-10|6|31,34,13,2|17|8|43,44,9,0|15|8|1|1,-3,0,-3,1|3|144|3|0|1
005999|box_n5_H14|b001044|2,5,8,9,14|6|9|14|6|5|12|7|-6|6|4|10|30,34,12,2|12|6|48,46,10,0|26|12|2|2,-2,-2,-2,2|3|245|4|1|1
006000|box_n5_H14|b001045|2,5,8,10,11|6|10|11|8|9|10|10|0|8|2|8|34,34,10,2|20|8|36,32,6,0|24|10|4|-2,2,4,2,-2|4|0|4|0|0
006001|box_n5_H14|b001046|2,5,8,10,12|6|10|12|8|9|8|11|12|8|-4|6|40,40,10,2|20|8|40,38,6,0|18|8|2|0,0,2,0,0|6|41|8|2|1
006002|box_n5_H14|b001047|2,5,8,10,13|6|10|13|8|10|10|13|4|8|2|8|34,32,8,2|22|8|44,40,6,0|24|10|3|-1,3,2,3,-1|4|0|4|0|1
006003|box_n5_H14|b001048|2,5,8,10,14|6|10|14|8|5|14|7|0|8|20|12|34,34,10,2|20|8|50,42,6,0|36|14|2|1,2,2,2,1|8|35|8|0|1
006004|box_n5_H14|b001049|2,5,8,11,12|6|11|12|10|10|10|11|-2|10|-4|8|40,42,14,2|22|10|40,38,8,0|22|10|4|0,-2,4,-2,0|4|133|4|0|1
006005|box_n5_H14|b001050|2,5,8,11,13|6|11|13|8|11|10|13|-10|8|2|8|37,40,13,2|17|8|45,42,7,0|23|10|4|4,-3,-2,-3,4|4|143|4|0|1
006006|box_n5_H14|b001051|2,5,8,11,14|6|11|14|8|11|14|13|-14|8|12|12|36,40,14,2|16|8|48,42,8,0|34|14|2|0,0,2,0,0|4|0|4|0|1
006007|box_n5_H14|b001052|2,5,8,12,13|6|12|13|8|7|6|8|-12|8|-10|4|40,42,12,2|18|8|40,38,4,0|14|6|2|-2,1,2,1,-2|2|8|4|2|1
006008|box_n5_H14|b001053|2,5,8,12,14|6|12|14|6|7|6|23|-20|6|-20|4|40,46,14,2|10|6|40,42,8,0|10|6|0|0,-2,-4,-2,0|3|58|6|3|1
006009|box_n5_H14|b001054|2,5,8,13,14|6|13|14|10|7|12|8|-6|10|12|10|44,44,12,2|24|10|48,42,6,0|30|12|2|0,2,2,2,0|4|0|4|0|1
006010|box_n5_H14|b001055|2,5,9,10,11|6|10|11|8|8|10|9|4|8|-2|8|34,34,10,2|20|8|36,34,8,0|22|10|4|-2,1,4,1,-2|4|330|4|0|0
006011|box_n5_H14|b001056|2,5,9,10,12|6|10|12|10|8|10|10|16|10|-8|8|40,40,12,2|24|10|40,42,14,2|22|10|2|-2,2,-2,2,-2|4|11|6|2|1
006012|box_n5_H14|b001057|2,5,9,10,13|6|10|13|12|8|14|11|12|12|6|12|34,30,10,2|32|12|44,40,10,0|32|14|4|-1,4,2,4,-1|4|390|4|0|1
006013|box_n5_H14|b001058|2,5,9,10,14|6|10|14|8|5|14|7|8|8|12|12|34,32,8,2|22|8|50,44,8,0|34|14|2|1,2,2,2,1|10|210|10|0|1
006014|box_n5_H14|b001059|2,5,9,11,12|6|11|12|8|9|8|10|-6|8|-8|6|40,44,14,2|16|8|40,42,12,2|18|8|0|-3,0,0,0,-3|3|86|3|0|1
006015|box_n5_H14|b001060|2,5,9,11,13|6|11|13|8|9|10|11|-12|8|0|8|37,41,14,2|16|8|45,45,10,0|20|10|3|3,-5,0,-5,3|4|429|4|0|1
006016|box_n5_H14|b001061|2,5,9,11,14|6|11|14|8|11|12|11|-6|8|12|10|36,36,10,2|20|8|48,40,4,0|32|12|2|2,2,0,2,2|4|462|4|0|1
006017|box_n5_H14|b001062|2,5,9,12,13|6|12|13|10|10|10|11|-12|10|-10|8|40,44,18,4|24|10|40,40,10,0|20|10|2|-3,0,2,0,-3|3|106|3|0|1
006018|box_n5_H14|b001063|2,5,9,12,14|6|12|14|4|19|8|11|-16|2|-20|6|40,46,12,2|6|4|40,40,8,0|16|8|0|0,-2,-2,-2,0|3|59|6|3|1
006019|box_n5_H14|b001064|2,5,9,13,14|6|13|14|10|7|10|11|2|10|8|8|44,42,10,2|26|10|48,42,4,0|26|10|4|1,1,4,1,1|4|462|4|0|1
006020|box_n5_H14|b001065|2,5,10,11,12|6|11|12|10|8|12|9|2|10|0|10|40,44,16,2|20|10|40,40,12,0|24|12|4|-1,-3,4,-3,-1|4|133|4|0|1
006021|box_n5_H14|b001066|2,5,10,11,13|6|11|13|12|8|16|10|-6|12|14|14|37,42,19,2|23|12|45,42,13,0|35|16|3|3,-3,-2,-3,3|4|143|4|0|1
006022|box_n5_H14|b001067|2,5,10,11,14|6|11|14|12|8|18|10|-2|12|24|16|36,38,16,2|26|12|48,40,10,0|44|18|2|0,2,2,2,0|4|0|4|0|1
006023|box_n5_H14|b001068|2,5,10,12,13|6|12|13|12|9|10|10|-8|12|2|8|40,44,18,2|24|12|40,38,8,0|22|10|2|-3,2,0,2,-3|3|106|3|0|1
006024|box_n5_H14|b001069|2,5,10,12,14|6|12|14|8|9|6|10|-12|8|-12|4|40,46,16,2|14|8|40,42,8,0|10|6|0|0,-4,0,-4,0|4|65|6|2|1
006025|box_n5_H14|b001070|2,5,10,13,14|6|13|14|14|10|18|10|6|14|24|16|44,44,16,2|32|14|48,40,10,0|44|18|4|1,1,4,1,1|4|0|4|0|1
006026|box_n5_H14|b001071|2,5,11,12,13|6|12|13|10|8|8|9|-8|10|-6|6|40,44,16,2|20|10|40,40,8,0|16|8|4|-3,-1,4,-1,-3|4|81|4|0|1
006027|box_n5_H14|b001072|2,5,11,12,14|6|12|14|10|8|10|9|-12|10|-12|8|40,46,18,2|18|10|40,42,12,0|18|10|-1|-1,-2,-2,-2,-1|4|151|6|2|1
006028|box_n5_H14|b001073|2,5,11,13,14|6|13|14|14|9|16|9|2|14|20|14|44,44,16,2|32|14|48,42,10,0|38|16|4|-1,2,4,2,-1|4|0|4|0|1
006029|box_n5_H14|b001074|2,5,12,13,14|6|13|14|8|8|8|9|-10|6|-20|6|44,48,14,2|16|8|48,50,10,0|14|8|4|-2,-3,4,-3,-2|3|515|3|0|1
006030|box_n5_H14|b001075|2,6,7,8,9|6|8|9|4|4|4|5|-8|4|-2|2|28,32,10,2|8|4|30,30,4,0|8|4|0|-2,0,0,0,-2|3|164|4|1|0
006031|box_n5_H14|b001076|2,6,7,8,10|6|8|10|4|4|4|5|-12|4|-8|2|28,34,12,2|6|4|32,34,6,0|6|4|0|-1,0,-6,0,-1|4|60|8|4|1
006032|box_n5_H14|b001077|2,6,7,8,11|6|8|11|6|10|6|13|-8|6|-2|4|28,32,12,2|12|6|36,36,6,0|12|6|0|-2,0,0,0,-2|2|33|2|0|1
006033|box_n5_H14|b001078|2,6,7,8,12|6|8|12|8|5|10|7|4|8|12|8|32,34,12,2|18|8|40,36,6,0|24|10|2|-1,2,0,2,-1|4|34|8|4|1
006034|box_n5_H14|b001079|2,6,7,8,13|6|8|13|4|5|10|7|-8|4|-2|8|28,32,10,2|8|4|44,44,10,0|20|10|1|-1,1,-4,1,-1|3|25|3|0|1
006035|box_n5_H14|b001080|2,6,7,8,14|6|8|14|8|4|10|7|4|8|16|8|28,26,8,2|22|8|48,46,8,0|22|10|1|1,1,0,1,1|5|25|6|1|1
006036|box_n5_H14|b001081|2,6,7,9,10|6|9|10|6|13|8|5|-10|6|4|6|30,34,12,2|12|6|32,28,4,0|20|8|1|-1,1,0,1,-1|4|95|4|0|1
006037|box_n5_H14|b001082|2,6,7,9,11|6|9|11|6|11|10|13|-10|6|6|8|31,36,13,2|11|6|37,34,7,0|23|10|2|2,-3,0,-3,2|3|109|4|1|1
006038|box_n5_H14|b001083|2,6,7,9,12|6|9|12|6|11|10|14|-6|6|8|8|30,32,10,2|14|6|36,30,4,0|26|10|4|-2,2,4,2,-2|5|74|12|7|1
006039|box_n5_H14|b001084|2,6,7,9,13|6|9|13|8|5|10|7|-2|8|-6|8|31,32,11,2|19|8|43,44,11,0|19|10|1|1,0,-4,0,1|4|154|4|0|1
006040|box_n5_H14|b001085|2,6,7,9,14|6|9|14|10|5|16|7|6|10|28|14|30,26,8,2|28|10|48,40,8,0|40|16|6|1,2,6,2,1|4|29|4|0|1
006041|box_n5_H14|b001086|2,6,7,10,11|6|10|11|10|7|8|15|0|10|2|6|34,34,12,2|24|10|36,34,6,0|18|8|2|1,-1,2,-1,1|3|27|3|0|1
006042|box_n5_H14|b001087|2,6,7,10,12|6|10|12|10|7|8|16|8|10|8|6|40,42,14,2|22|10|40,38,6,0|18|8|2|-1,2,-2,2,-1|6|128|6|0|1
006043|box_n5_H14|b001088|2,6,7,10,13|6|10|13|8|7|8|17|0|8|-10|6|34,34,10,2|20|8|44,48,12,0|12|8|0|-1,-1,0,-1,-1|3|51|3|0|1
006044|box_n5_H14|b001089|2,6,7,10,14|6|10|14|10|5|16|7|4|10|32|14|34,32,10,2|26|10|50,42,8,0|40|16|3|1,3,2,3,1|6|35|8|2|1
006045|box_n5_H14|b001090|2,6,7,11,12|6|11|12|12|7|12|8|10|12|16|10|40,38,12,2|30|12|40,34,6,0|30|12|4|-1,3,4,3,-1|4|136|4|0|1
006046|box_n5_H14|b001091|2,6,7,11,13|6|11|13|8|7|12|9|-6|8|-2|10|37,40,13,2|17|8|45,46,13,0|23|12|1|1,-2,-2,-2,1|3|261|3|0|1
006047|box_n5_H14|b001092|2,6,7,11,14|6|11|14|14|7|18|9|14|14|32|16|36,28,8,2|40|14|48,38,8,0|46|18|8|2,3,8,3,2|3|1|3|0|1
006048|box_n5_H14|b001093|2,6,7,12,13|6|12|13|12|7|12|8|8|12|-6|10|40,38,12,2|30|12|40,38,10,0|26|12|4|-2,2,4,2,-2|4|218|4|0|1
006049|box_n5_H14|b001094|2,6,7,12,14|6|12|14|14|7|14|9|16|14|12|12|40,34,10,2|38|14|40,32,6,0|36|14|6|2,2,6,2,2|6|32|8|2|1
006050|box_n5_H14|b001095|2,6,7,13,14|6|13|14|14|7|16|8|2|14|28|14|44,42,14,2|34|14|48,40,8,0|40|16|6|0,2,6,2,0|3|6|3|0|1
006051|box_n5_H14|b001096|2,6,8,9,10|6|9|10|2|15|6|5|-12|1|-8|4|30,36,12,4|6|2|32,30,6,2|18|6|2|-1,-2,2,-2,-1|4|25|4|0|1
006052|box_n5_H14|b001097|2,6,8,9,11|6|9|11|6|11|8|13|-6|6|2|6|31,35,15,5|18|6|37,35,9,3|24|8|1|1,-1,-2,-1,1|3|73|3|0|1
006053|box_n5_H14|b001098|2,6,8,9,12|6|9|12|6|11|10|14|-4|5|4|8|30,32,12,4|18|6|36,30,6,2|30|10|4|-2,2,4,2,-2|6|38|12|6|1
006054|box_n5_H14|b001099|2,6,8,9,13|6|9|13|8|5|10|7|-2|8|-10|8|31,33,15,5|24|8|43,47,17,3|22|10|1|1,-3,-2,-3,1|3|28|3|0|1
006055|box_n5_H14|b001100|2,6,8,9,14|6|9|14|4|5|12|7|-8|3|4|10|30,34,12,4|12|4|48,44,10,2|32|12|2|2,-2,0,-2,2|4|29|4|0|1
006056|box_n5_H14|b001101|2,6,8,10,11|6|10|11|4|13|2|15|-16|4|0|-3|34,38,12,4|12|4|36,34,0,0|6|2|2|-2,0,2,0,-2|2|15|2|0|1
006057|box_n5_H14|b001102|2,6,8,10,13|6|10|13|6|13|4|17|-12|6|-8|-1|34,36,12,4|18|6|44,48,8,0|4|4|0|-2,-1,0,-1,-2|3|25|3|0|1
006058|box_n5_H14|b001103|2,6,8,11,12|6|11|12|10|13|10|15|8|9|12|8|40,38,12,4|30|10|40,34,6,2|30|10|6|-1,2,6,2,-1|3|68|4|1|1
006059|box_n5_H14|b001104|2,6,8,11,13|6|11|13|8|13|10|16|-6|8|-2|8|37,39,15,5|24|8|45,47,15,3|24|10|1|1,-2,-2,-2,1|3|237|3|0|1
006060|box_n5_H14|b001105|2,6,8,11,14|6|11|14|8|13|10|17|-4|7|0|8|36,36,12,4|24|8|48,46,10,2|26|10|4|1,-2,4,-2,1|3|49|3|0|1
006061|box_n5_H14|b001106|2,6,8,12,13|6|12|13|12|7|12|8|8|12|0|7|40,36,12,4|36|12|40,36,8,0|28|12|4|-1,3,4,3,-1|3|29|3|0|1
006062|box_n5_H14|b001107|2,6,8,13,14|6|13|14|8|7|10|8|-8|7|0|8|44,48,16,4|20|8|48,46,10,2|26|10|0|0,-1,0,-1,0|3|33|3|0|1
006063|box_n5_H14|b001108|2,6,9,10,11|6|10|11|8|8|8|9|-4|8|2|6|34,38,14,2|16|8|36,36,8,0|16|8|2|-2,-1,2,-1,-2|3|5|3|0|1
006064|box_n5_H14|b001109|2,6,9,10,12|6|10|12|10|8|10|10|8|10|4|8|40,44,16,2|20|10|40,40,10,0|20|10|4|-4,4,-4,4,-4|6|68|8|2|1
006065|box_n5_H14|b001110|2,6,9,10,13|6|10|13|12|8|10|19|4|12|-10|8|34,34,14,2|28|12|44,48,14,0|16|10|0|-2,0,0,0,-2|3|5|3|0|1
006066|box_n5_H14|b001111|2,6,9,10,14|6|10|14|10|5|16|7|0|10|16|14|34,36,14,2|22|10|50,48,14,0|34|16|2|2,-2,0,-2,2|8|35|8|0|1
006067|box_n5_H14|b001112|2,6,9,11,12|6|11|12|12|9|10|10|10|12|8|8|40,40,14,2|28|12|40,38,8,0|22|10|4|-4,4,2,4,-4|4|134|4|0|1
006068|box_n5_H14|b001113|2,6,9,11,13|6|11|13|10|9|10|19|-2|10|-10|8|37,40,15,2|21|10|45,50,15,0|15|10|0|0,-4,0,-4,0|3|12|3|0|1
006069|box_n5_H14|b001114|2,6,9,11,14|6|11|14|14|13|16|11|10|14|16|14|36,32,12,2|36|14|48,44,12,0|36|16|3|3,0,2,0,3|3|7|3|0|1
006070|box_n5_H14|b001115|2,6,9,12,13|6|12|13|14|10|10|21|8|14|-6|8|40,38,14,2|34|14|40,38,8,0|22|10|4|-2,2,4,2,-2|4|226|4|0|1
006071|box_n5_H14|b001116|2,6,9,12,14|6|12|14|12|14|14|11|4|12|4|12|40,40,14,2|28|12|40,34,8,0|34|14|2|2,0,2,0,2|6|74|8|2|1
006072|box_n5_H14|b001117|2,6,9,13,14|6|13|14|14|7|16|11|-6|14|12|14|44,46,18,2|30|14|48,46,14,0|34|16|2|1,-2,2,-2,1|4|84|4|0|1
006073|box_n5_H14|b001118|2,6,10,11,12|6|11|12|8|8|8|9|4|7|8|6|40,40,12,4|24|8|40,36,6,2|24|8|6|-2,1,6,1,-2|3|8|4|1|1
006074|box_n5_H14|b001119|2,6,10,11,13|6|11|13|6|8|8|10|-10|6|-6|6|37,41,15,5|18|6|45,47,13,3|20|8|0|0,-2,-2,-2,0|3|391|4|1|1
006075|box_n5_H14|b001120|2,6,10,11,14|6|11|14|10|8|14|10|0|9|16|12|36,34,12,4|30|10|48,44,12,2|36|14|4|1,0,4,0,1|3|7|3|0|1
006076|box_n5_H14|b001121|2,6,10,12,13|6|12|13|10|9|10|10|4|10|-4|5|40,38,12,4|30|10|40,36,6,0|24|10|4|-2,4,2,4,-2|3|9|4|1|1
006077|box_n5_H14|b001122|2,6,10,13,14|6|13|14|10|10|14|10|-12|9|16|12|44,48,18,4|24|10|48,44,12,2|36|14|2|1,-2,2,-2,1|3|7|3|0|1
006078|box_n5_H14|b001123|2,6,11,12,13|6|12|13|12|8|12|9|8|12|-6|10|40,38,12,2|30|12|40,38,10,0|26|12|6|-2,1,6,1,-2|4|69|4|0|1
006079|box_n5_H14|b001124|2,6,11,12,14|6|12|14|12|8|16|9|4|12|0|14|40,40,14,2|28|12|40,36,12,0|36|16|2|1,0,2,0,1|7|74|8|1|1
006080|box_n5_H14|b001125|2,6,11,13,14|6|13|14|12|9|14|9|-10|12|12|12|44,48,18,2|24|12|48,46,12,0|30|14|2|-1,-1,2,-1,-1|3|7|3|0|1
006081|box_n5_H14|b001126|2,6,12,13,14|6|13|14|12|8|12|9|-8|11|-8|10|44,52,24,4|24|12|48,54,20,2|22|12|2|-2,-6,2,-6,-2|3|8|3|0|1
006082|box_n5_H14|b001127|2,7,8,9,10|6|9|10|4|9|6|5|-14|4|-4|4|30,36,12,2|6|4|32,32,6,0|12|6|2|-2,-2,2,-2,-2|2|0|2|0|0
006083|box_n5_H14|b001128|2,7,8,9,11|6|9|11|6|9|4|11|-10|6|-10|2|31,36,13,2|11|6|37,40,7,0|5|4|0|0,-3,-2,-3,0|3|180|3|0|0
006084|box_n5_H14|b001129|2,7,8,9,12|6|9|12|8|10|6|13|-2|8|-12|4|30,30,10,2|20|8|36,36,6,0|12|6|0|0,0,0,0,0|3|35|6|3|1
006085|box_n5_H14|b001130|2,7,8,9,13|6|9|13|10|5|10|7|-2|10|6|8|31,32,13,2|23|10|43,42,9,0|21|10|1|1,0,-2,0,1|3|72|3|0|1
006086|box_n5_H14|b001131|2,7,8,9,14|6|9|14|8|5|14|7|-2|8|28|12|30,30,10,2|20|8|48,38,4,0|38|14|4|-1,4,4,4,-1|4|158|4|0|1
006087|box_n5_H14|b001132|2,7,8,10,11|6|10|11|8|10|10|11|-4|8|-2|8|34,36,12,2|18|8|36,34,8,0|22|10|2|0,-1,2,-1,0|4|0|4|0|0
006088|box_n5_H14|b001133|2,7,8,10,12|6|10|12|8|11|8|13|0|8|-8|6|40,46,16,2|14|8|40,42,10,0|14|8|1|1,-4,-2,-4,1|6|139|8|2|1
006089|box_n5_H14|b001134|2,7,8,10,13|6|10|13|10|10|12|13|-4|10|6|10|34,36,14,2|22|10|44,44,12,0|24|12|0|0,-1,0,-1,0|4|0|4|0|1
006090|box_n5_H14|b001135|2,7,8,10,14|6|10|14|10|5|14|7|0|10|32|12|34,34,12,2|24|10|50,40,4,0|38|14|3|1,3,2,3,1|8|35|8|0|1
006091|box_n5_H14|b001136|2,7,8,11,12|6|11|12|10|13|10|15|-2|10|0|8|40,42,14,2|22|10|40,38,8,0|22|10|2|0,-1,2,-1,0|4|155|4|0|1
006092|box_n5_H14|b001137|2,7,8,11,13|6|11|13|10|11|14|13|-14|10|14|12|37,42,17,2|19|10|45,42,11,0|31|14|3|3,-2,-4,-2,3|4|143|4|0|1
006093|box_n5_H14|b001138|2,7,8,11,14|6|11|14|10|11|16|14|-2|10|32|14|36,34,10,2|26|10|48,36,4,0|44|16|6|1,3,6,3,1|4|0|4|0|1
006094|box_n5_H14|b001139|2,7,8,12,13|6|12|13|12|7|10|8|-12|12|-2|8|40,44,18,2|24|12|40,40,10,0|20|10|0|-1,-1,0,-1,-1|4|83|4|0|1
006095|box_n5_H14|b001140|2,7,8,12,14|6|12|14|10|7|8|16|-8|10|0|6|40,42,14,2|22|10|40,36,4,0|20|8|2|0,2,-2,2,0|4|100|6|2|1
006096|box_n5_H14|b001141|2,7,8,13,14|6|13|14|16|7|18|8|14|16|32|16|44,40,14,2|40|16|48,36,6,0|48|18|6|0,6,4,6,0|4|0|4|0|1
006097|box_n5_H14|b001142|2,7,9,10,11|6|10|11|6|10|8|11|0|4|-6|6|34,36,12,4|18|6|36,36,10,2|20|8|2|0,-2,2,-2,0|4|330|4|0|0
006098|box_n5_H14|b001143|2,7,9,10,12|6|10|12|6|11|6|13|4|6|-16|4|40,46,18,6|18|6|40,46,16,4|14|6|-1|-1,-2,-6,-2,-1|3|17|6|3|1
006099|box_n5_H14|b001144|2,7,9,10,13|6|10|13|8|10|12|13|4|6|6|10|34,34,12,4|24|8|44,44,16,4|32|12|0|0,0,0,0,0|4|390|4|0|1
006100|box_n5_H14|b001145|2,7,9,10,14|6|10|14|10|5|14|7|8|8|32|12|34,32,12,4|30|10|50,42,8,2|40|14|3|1,3,2,3,1|10|210|10|0|1
006101|box_n5_H14|b001146|2,7,9,11,12|6|11|12|6|13|4|28|-6|6|-8|0|40,44,14,4|16|6|40,42,8,2|10|4|1|-3,1,-2,1,-3|2|29|3|1|1
006102|box_n5_H14|b001147|2,7,9,11,13|6|11|13|6|11|8|13|-16|6|8|4|37,43,16,4|14|6|45,45,10,2|20|8|2|2,-4,-2,-4,2|4|429|4|0|1
006103|box_n5_H14|b001148|2,7,9,11,14|6|11|14|12|11|14|14|6|10|40|10|36,30,8,2|34|12|48,34,0,0|42|14|5|3,5,4,5,3|4|462|4|0|1
006104|box_n5_H14|b001149|2,7,9,12,13|6|12|13|8|13|8|15|-16|8|-6|6|40,46,20,6|22|8|40,42,14,4|22|8|0|-2,-2,0,-2,-2|4|206|4|0|1
006105|box_n5_H14|b001150|2,7,9,12,14|6|12|14|10|13|12|16|-8|8|8|10|40,42,16,4|26|10|40,34,8,2|34|12|2|0,2,0,2,0|5|184|8|3|1
006106|box_n5_H14|b001151|2,7,9,13,14|6|13|14|16|7|16|14|18|14|36|14|44,38,14,4|46|16|48,36,6,2|48|16|6|1,5,6,5,1|4|462|4|0|1
006107|box_n5_H14|b001152|2,7,10,11,12|6|11|12|8|15|8|16|-2|8|-8|6|40,44,14,2|16|8|40,40,8,0|16|8|2|-1,-2,2,-2,-1|4|155|4|0|1
006108|box_n5_H14|b001153|2,7,10,11,13|6|11|13|8|11|14|13|-14|8|10|12|37,44,17,2|13|8|45,42,11,0|31|14|2|2,-2,-4,-2,2|4|143|4|0|1
006109|box_n5_H14|b001154|2,7,10,11,14|6|11|14|14|11|18|10|6|14|40|16|36,32,12,2|36|14|48,34,4,0|50|18|6|1,5,6,5,1|4|0|4|0|1
006110|box_n5_H14|b001155|2,7,10,12,13|6|12|13|6|13|6|17|-20|6|-6|4|40,46,14,2|10|6|40,40,6,0|12|6|0|-2,0,-2,0,-2|2|74|4|2|1
006111|box_n5_H14|b001156|2,7,10,12,14|6|12|14|8|13|8|10|-12|8|4|6|40,42,12,2|18|8|40,36,4,0|20|8|2|0,0,2,0,0|6|185|8|2|1
006112|box_n5_H14|b001157|2,7,10,13,14|6|13|14|14|13|18|10|10|14|40|16|44,40,12,2|36|14|48,34,4,0|50|18|6|1,5,6,5,1|4|0|4|0|1
006113|box_n5_H14|b001158|2,7,11,12,13|6|12|13|8|8|8|9|-12|8|-6|6|40,46,18,4|18|8|40,42,12,2|18|8|2|-2,-3,2,-3,-2|3|56|3|0|1
006114|box_n5_H14|b001159|2,7,11,12,14|6|12|14|10|8|14|9|-4|10|12|12|40,42,16,4|26|10|40,36,12,2|36|14|2|-1,2,0,2,-1|6|65|6|0|1
006115|box_n5_H14|b001160|2,7,11,13,14|6|13|14|14|9|18|9|14|14|44|16|44,40,14,4|40|14|48,36,8,2|52|18|6|-1,6,6,6,-1|4|0|4|0|1
006116|box_n5_H14|b001161|2,7,12,13,14|6|13|14|10|8|10|9|-2|8|4|8|44,44,12,2|24|10|48,44,6,0|24|10|6|-2,1,6,1,-2|3|86|3|0|1
006117|box_n5_H14|b001162|2,8,9,10,11|6|10|11|6|9|4|10|-16|6|-10|2|34,40,14,2|10|6|36,36,4,0|8|4|2|-3,-1,2,-1,-3|4|330|4|0|0
006118|box_n5_H14|b001163|2,8,9,10,12|6|10|12|6|9|6|11|-8|6|-16|4|40,48,16,2|8|6|40,44,10,0|8|6|-2|-2,-2,-4,-2,-2|4|139|8|4|1
006119|box_n5_H14|b001164|2,8,9,10,13|6|10|13|8|10|6|13|-8|8|-6|4|34,36,12,2|18|8|44,44,6,0|12|6|0|-1,0,0,0,-1|4|390|4|0|1
006120|box_n5_H14|b001165|2,8,9,10,14|6|10|14|8|5|12|7|-12|8|16|10|34,38,14,2|16|8|50,46,8,0|28|12|2|2,-2,0,-2,2|8|70|8|0|1
006121|box_n5_H14|b001166|2,8,9,11,12|6|11|12|8|10|8|11|-10|8|-12|6|40,44,14,2|16|8|40,42,10,0|14|8|0|-3,0,0,0,-3|3|101|3|0|1
006122|box_n5_H14|b001167|2,8,9,11,13|6|11|13|8|11|8|13|-18|8|-6|6|37,42,15,2|15|8|45,46,9,0|15|8|2|2,-4,-2,-4,2|4|429|4|0|1
006123|box_n5_H14|b001168|2,8,9,11,14|6|11|14|8|11|14|13|-14|8|16|12|36,38,12,2|18|8|48,42,8,0|34|14|2|2,0,0,0,2|4|462|4|0|1
006124|box_n5_H14|b001169|2,8,9,12,13|6|12|13|10|13|8|15|-16|10|-14|6|40,44,16,2|20|10|40,40,8,0|16|8|0|-1,-1,0,-1,-1|2|31|3|1|1
006125|box_n5_H14|b001170|2,8,9,12,14|6|12|14|8|13|10|16|-24|8|-8|8|40,48,18,2|12|8|40,38,8,0|22|10|0|0,0,-6,0,0|5|100|6|1|1
006126|box_n5_H14|b001171|2,8,9,13,14|6|13|14|12|7|14|14|-6|12|16|12|44,44,14,2|28|12|48,42,8,0|34|14|2|1,2,0,2,1|4|546|4|0|1
006127|box_n5_H14|b001172|2,8,10,11,12|6|11|12|8|10|8|11|-4|7|-8|6|40,44,16,4|20|8|40,40,10,2|20|8|4|-1,-3,4,-3,-1|4|133|4|0|1
006128|box_n5_H14|b001173|2,8,10,11,13|6|11|13|6|11|10|13|-14|6|2|8|37,43,17,5|16|6|45,43,11,3|28|10|2|2,-2,-4,-2,2|4|143|4|0|1
006129|box_n5_H14|b001174|2,8,10,11,14|6|11|14|8|11|14|13|-12|7|16|12|36,40,16,4|20|8|48,42,10,2|38|14|2|0,0,2,0,0|4|0|4|0|1
006130|box_n5_H14|b001175|2,8,10,12,13|6|12|13|6|13|4|17|-16|6|-8|-1|40,44,14,4|16|6|40,38,2,0|10|4|1|-1,1,-2,1,-1|4|217|4|0|1
006131|box_n5_H14|b001176|2,8,10,13,14|6|13|14|8|13|14|14|-8|7|20|12|44,46,14,4|22|8|48,40,8,2|40|14|2|1,2,0,2,1|4|0|4|0|1
006132|box_n5_H14|b001177|2,8,11,12,13|6|12|13|8|15|8|16|-12|8|-10|6|40,44,14,2|16|8|40,40,8,0|16|8|2|-1,-2,2,-2,-1|3|75|4|1|1
006133|box_n5_H14|b001178|2,8,11,12,14|6|12|14|6|22|8|17|-20|6|-12|6|40,48,16,2|8|6|40,40,8,0|16|8|0|-1,0,-6,0,-1|3|65|6|3|1
006134|box_n5_H14|b001179|2,8,11,13,14|6|13|14|10|13|14|14|-6|10|16|12|44,46,14,2|22|10|48,42,8,0|34|14|3|-1,3,0,3,-1|4|0|4|0|1
006135|box_n5_H14|b001180|2,8,12,13,14|6|13|14|6|8|6|16|-16|5|-16|4|44,50,16,4|14|6|48,50,10,2|14|6|0|-2,-2,0,-2,-2|3|86|3|0|1
006136|box_n5_H14|b001181|2,9,10,11,12|6|11|12|6|9|4|10|-14|6|-16|2|40,46,14,2|10|6|40,44,8,0|4|4|0|-4,-1,0,-1,-4|2|25|3|1|1
006137|box_n5_H14|b001182|2,9,10,11,13|6|11|13|6|9|8|11|-22|6|-2|6|37,44,15,2|9|6|45,46,9,0|15|8|1|1,-4,-2,-4,1|4|429|4|0|1
006138|box_n5_H14|b001183|2,9,10,11,14|6|11|14|8|11|12|11|-10|8|20|10|36,36,10,2|20|8|48,40,4,0|32|12|2|2,2,0,2,2|4|462|4|0|1
006139|box_n5_H14|b001184|2,9,10,12,13|6|12|13|10|10|10|11|-20|10|-10|8|40,46,18,2|18|10|40,40,10,0|20|10|0|-2,0,-2,0,-2|3|106|3|0|1
006140|box_n5_H14|b001185|2,9,10,12,14|6|12|14|6|13|8|11|-24|6|-8|6|40,48,16,2|8|6|40,38,6,0|18|8|0|0,-2,-2,-2,0|5|193|6|1|1
006141|box_n5_H14|b001186|2,9,10,13,14|6|13|14|12|13|16|11|-2|12|20|14|44,44,14,2|28|12|48,40,8,0|40|16|2|2,1,2,1,2|4|546|4|0|1
006142|box_n5_H14|b001187|2,9,11,12,13|6|12|13|6|10|6|11|-16|4|-18|4|40,46,16,4|14|6|40,42,10,2|14|6|2|-2,-3,2,-3,-2|2|34|3|1|1
006143|box_n5_H14|b001188|2,9,11,12,14|6|12|14|6|22|12|11|-20|6|0|10|40,48,20,6|16|6|40,38,14,4|34|12|0|-1,0,-4,0,-1|5|74|8|3|1
006144|box_n5_H14|b001189|2,9,11,13,14|6|13|14|10|13|12|11|-6|10|24|8|44,44,14,4|28|10|48,42,8,2|34|12|2|0,2,2,2,0|4|84|4|0|1
006145|box_n5_H14|b001190|2,9,12,13,14|6|13|14|8|15|10|11|-14|8|-8|8|44,48,14,2|16|8|48,50,12,0|18|10|2|-1,-3,2,-3,-1|3|39|3|0|1
006146|box_n5_H14|b001191|2,10,11,12,13|6|12|13|6|9|6|10|-20|6|-10|4|40,46,14,2|10|6|40,40,6,0|12|6|0|-2,-1,0,-1,-2|2|9|4|2|1
006147|box_n5_H14|b001192|2,10,11,12,14|6|12|14|6|9|8|10|-24|6|-8|6|40,48,16,2|8|6|40,40,8,0|16|8|-1|-1,-2,-2,-2,-1|3|59|6|3|1
006148|box_n5_H14|b001193|2,10,11,13,14|6|13|14|12|10|16|10|-6|12|24|14|44,46,16,2|26|12|48,40,8,0|40|16|2|0,2,2,2,0|4|0|4|0|1
006149|box_n5_H14|b001194|2,10,12,13,14|6|13|14|6|10|8|10|-16|5|-12|6|44,50,16,4|14|6|48,48,10,2|20|8|2|-1,-3,2,-3,-1|3|255|3|0|1
006150|box_n5_H14|b001195|2,11,12,13,14|6|13|14|6|9|8|9|-22|6|-8|6|44,50,14,2|10|6|48,50,10,0|14|8|2|-3,-2,2,-2,-3|3|263|3|0|1
006151|box_n5_H14|b001196|3,4,5,6,7|6|6|7|6|2|8|3|4|6|2|6|20,20,8,2|16|6|20,16,4,0|20|8|2|0,1,2,1,0|4|74|4|0|1
006152|box_n5_H14|b001197|3,4,5,6,8|6|6|8|6|2|10|3|4|6|16|8|20,20,8,2|16|6|24,16,2,0|28|10|6|-2,3,6,3,-2|4|23|4|0|1
006153|box_n5_H14|b001198|3,4,5,6,9|6|6|9|6|2|8|3|16|6|6|6|24,22,6,2|18|6|30,26,4,0|20|8|4|1,0,4,0,1|5|13|12|7|1
006154|box_n5_H14|b001199|3,4,5,6,10|6|6|10|8|2|12|4|12|8|12|10|22,20,8,2|22|8|34,30,8,0|28|12|4|-2,3,4,3,-2|5|16|8|3|1
006155|box_n5_H14|b001200|3,4,5,6,11|6|6|11|6|2|12|4|4|6|10|10|20,20,8,2|16|6|40,40,14,2|28|12|0|0,0,0,0,0|4|112|4|0|1
006156|box_n5_H14|b001201|3,4,5,6,12|6|6|12|8|2|16|4|16|8|36|14|24,22,8,2|22|8|48,40,10,2|44|16|3|1,3,2,3,1|12|6|24|12|1
006157|box_n5_H14|b001202|3,4,5,6,13|6|6|13|8|2|14|5|12|8|6|10|20,16,6,2|24|8|40,34,8,0|34|14|5|0,5,0,5,0|4|70|4|0|1
006158|box_n5_H14|b001203|3,4,5,6,14|6|6|14|8|2|16|5|16|8|16|12|22,18,6,2|24|8|46,38,8,0|40|16|5|0,5,2,5,0|5|65|6|1|1
006159|box_n5_H14|b001204|3,4,5,7,8|6|7|8|8|3|10|3|6|8|24|8|24,22,8,2|22|8|28,20,2,0|28|10|4|0,4,2,4,0|4|168|4|0|0
006160|box_n5_H14|b001205|3,4,5,7,9|6|7|9|4|3|8|3|-4|4|8|6|23,25,8,2|10|4|31,27,4,0|20|8|6|0,-2,6,-2,0|3|126|3|0|0
006161|box_n5_H14|b001206|3,4,5,7,10|6|7|10|8|3|8|4|6|8|8|6|24,22,8,2|22|8|34,32,6,0|18|8|2|1,0,2,0,1|4|90|4|0|0
006162|box_n5_H14|b001207|3,4,5,7,11|6|7|11|6|3|8|4|0|6|0|6|25,27,10,2|14|6|37,39,12,2|18|8|2|2,-3,-2,-3,2|4|231|4|0|0
006163|box_n5_H14|b001208|3,4,5,7,12|6|7|12|4|5|10|4|-14|4|8|8|20,24,10,2|8|4|40,38,10,2|26|10|2|2,-2,-2,-2,2|3|25|3|0|1
006164|box_n5_H14|b001209|3,4,5,7,13|6|7|13|6|4|10|5|4|6|4|8|25,25,8,2|16|6|45,45,12,2|24|10|1|1,0,-2,0,1|4|273|4|0|1
006165|box_n5_H14|b001210|3,4,5,7,14|6|7|14|8|4|14|5|14|8|24|12|28,26,8,2|22|8|56,54,14,2|34|14|1|1,1,0,1,1|12|12|28|16|1
006166|box_n5_H14|b001211|3,4,5,8,9|6|8|9|8|3|10|3|16|8|14|8|28,24,6,2|24|8|30,22,2,0|28|10|6|0,3,6,3,0|4|212|4|0|0
006167|box_n5_H14|b001212|3,4,5,8,10|6|8|10|12|3|12|4|20|12|12|10|28,22,8,2|34|12|32,26,6,0|30|12|8|-3,5,8,5,-3|8|120|8|0|0
006168|box_n5_H14|b001213|3,4,5,8,11|6|8|11|8|3|10|4|12|8|2|8|28,26,8,2|22|8|36,36,12,2|24|10|2|0,0,2,0,0|4|264|4|0|0
006169|box_n5_H14|b001214|3,4,5,8,12|6|8|12|10|3|12|4|24|10|16|10|32,28,8,2|28|10|40,34,8,2|34|12|6|2,0,6,0,2|9|19|16|7|1
006170|box_n5_H14|b001215|3,4,5,8,13|6|8|13|8|3|12|5|16|8|6|10|28,24,6,2|24|8|44,42,12,2|30|12|2|2,0,2,0,2|4|144|4|0|1
006171|box_n5_H14|b001216|3,4,5,8,14|6|8|14|8|4|14|5|12|8|16|12|28,26,8,2|22|8|48,42,10,2|38|14|4|1,4,-2,4,1|8|168|8|0|1
006172|box_n5_H14|b001217|3,4,5,9,10|6|9|10|10|3|10|4|2|10|8|8|30,28,10,2|26|10|32,28,6,0|24|10|6|-2,2,6,2,-2|3|185|4|1|0
006173|box_n5_H14|b001218|3,4,5,9,11|6|9|11|10|3|10|4|8|10|8|8|31,27,8,2|28|10|37,35,10,2|26|10|6|-1,1,6,1,-1|3|198|3|0|0
006174|box_n5_H14|b001219|3,4,5,9,12|6|9|12|6|3|8|4|-6|6|0|6|30,32,10,2|14|6|36,34,8,2|22|8|1|1,-1,0,-1,1|4|72|6|2|1
006175|box_n5_H14|b001220|3,4,5,9,13|6|9|13|8|3|8|5|0|8|-4|6|31,31,10,2|20|8|43,45,12,2|18|8|3|3,-5,2,-5,3|3|234|3|0|1
006176|box_n5_H14|b001221|3,4,5,9,14|6|9|14|8|3|10|5|-2|8|4|8|30,30,10,2|20|8|48,48,12,2|24|10|3|3,-4,2,-4,3|3|245|4|1|1
006177|box_n5_H14|b001222|3,4,5,10,11|6|10|11|12|4|14|4|8|12|14|12|34,32,12,2|30|12|36,30,10,2|38|14|4|-1,4,2,4,-1|4|330|4|0|0
006178|box_n5_H14|b001223|3,4,5,10,12|6|10|12|12|4|14|4|16|12|16|12|40,40,14,2|28|12|40,34,10,2|38|14|6|-2,2,6,2,-2|7|177|8|1|1
006179|box_n5_H14|b001224|3,4,5,10,13|6|10|13|8|7|12|5|0|8|2|10|34,36,12,2|18|8|44,44,14,2|28|12|1|-1,1,-2,1,-1|4|390|4|0|1
006180|box_n5_H14|b001225|3,4,5,10,14|6|10|14|8|5|16|5|4|8|16|14|34,34,10,2|20|8|50,46,14,2|40|16|2|2,0,0,0,2|8|210|10|2|1
006181|box_n5_H14|b001226|3,4,5,11,12|6|11|12|12|4|12|4|2|12|16|10|40,44,20,4|28|12|40,34,8,2|34|12|2|0,0,2,0,0|4|224|4|0|1
006182|box_n5_H14|b001227|3,4,5,11,13|6|11|13|12|4|12|5|4|12|12|10|37,37,16,4|32|12|45,41,10,2|32|12|2|2,-1,2,-1,2|4|429|4|0|1
006183|box_n5_H14|b001228|3,4,5,11,14|6|11|14|6|7|12|5|-10|6|8|10|36,42,16,4|14|6|48,46,12,2|30|12|1|1,-2,-2,-2,1|4|462|4|0|1
006184|box_n5_H14|b001229|3,4,5,12,13|6|12|13|12|4|14|5|12|12|-2|12|40,36,12,4|36|12|40,38,14,2|34|14|2|0,2,2,2,0|4|135|4|0|1
006185|box_n5_H14|b001230|3,4,5,12,14|6|12|14|12|4|12|5|8|12|-12|10|40,38,14,4|34|12|40,40,14,2|28|12|2|0,0,2,0,0|7|249|8|1|1
006186|box_n5_H14|b001231|3,4,5,13,14|6|13|14|12|7|14|5|2|12|16|12|44,44,16,4|32|12|48,42,10,2|38|14|2|2,1,0,1,2|4|546|4|0|1
006187|box_n5_H14|b001232|3,4,6,7,8|6|7|8|8|3|12|3|-2|8|20|10|24,26,12,2|18|8|28,24,8,0|28|12|2|-1,1,2,1,-1|3|3|3|0|0
006188|box_n5_H14|b001233|3,4,6,7,9|6|7|9|4|3|10|3|-14|4|10|8|23,30,13,2|5|4|31,30,9,0|21|10|2|-2,-2,2,-2,-2|2|3|2|0|0
006189|box_n5_H14|b001234|3,4,6,7,10|6|7|10|6|3|6|4|-6|6|-8|4|24,28,12,2|12|6|34,38,10,0|8|6|0|0,-3,-2,-3,0|3|29|3|0|1
006190|box_n5_H14|b001235|3,4,6,7,11|6|7|11|6|3|10|4|-6|6|6|8|25,30,13,2|11|6|37,38,11,0|19|10|1|1,-3,-2,-3,1|3|6|4|1|1
006191|box_n5_H14|b001236|3,4,6,7,12|6|7|12|4|5|18|4|-18|4|36|16|20,26,12,2|6|4|40,30,8,0|46|18|2|-1,2,2,2,-1|3|4|4|1|1
006192|box_n5_H14|b001237|3,4,6,7,13|6|7|13|6|4|12|5|-6|6|-2|10|25,30,13,2|11|6|45,52,21,2|21|12|1|1,-4,-6,-4,1|3|69|3|0|1
006193|box_n5_H14|b001238|3,4,6,7,14|6|7|14|8|4|18|5|6|8|28|16|28,30,12,2|18|8|56,56,20,2|40|18|1|1,-2,0,-2,1|8|7|21|13|1
006194|box_n5_H14|b001239|3,4,6,8,9|6|8|9|8|3|12|3|8|8|18|10|28,30,12,2|18|8|30,24,6,0|30|12|3|-2,3,2,3,-2|4|4|4|0|0
006195|box_n5_H14|b001240|3,4,6,8,10|6|8|10|10|3|10|4|12|10|-4|8|28,28,12,2|24|10|32,32,10,0|20|10|4|-4,2,4,2,-4|8|60|8|0|1
006196|box_n5_H14|b001241|3,4,6,8,11|6|8|11|10|3|12|4|12|10|10|10|28,28,12,2|24|10|36,34,10,0|26|12|2|-1,1,2,1,-1|3|7|3|0|1
006197|box_n5_H14|b001242|3,4,6,8,12|6|8|12|12|3|18|4|24|12|40|16|32,30,12,2|30|12|40,28,6,0|48|18|6|0,4,6,4,0|10|13|16|6|1
006198|box_n5_H14|b001243|3,4,6,8,13|6|8|13|10|3|18|5|12|10|14|16|28,28,12,2|24|10|44,42,18,2|42|18|2|-1,1,2,1,-1|4|144|4|0|1
006199|box_n5_H14|b001244|3,4,6,8,14|6|8|14|10|4|16|5|12|10|12|14|28,28,12,2|24|10|48,48,18,2|36|16|3|3,0,-6,0,3|8|84|8|0|1
006200|box_n5_H14|b001245|3,4,6,9,10|6|9|10|8|3|8|4|2|8|0|6|30,32,12,2|18|8|32,30,6,0|18|8|2|-1,0,2,0,-1|4|25|4|0|1
006201|box_n5_H14|b001246|3,4,6,9,11|6|9|11|14|3|14|4|14|14|22|12|31,28,13,2|35|14|37,30,7,0|35|14|6|1,1,6,1,1|4|59|4|0|1
006202|box_n5_H14|b001247|3,4,6,9,12|6|9|12|8|3|12|4|-2|8|24|10|30,34,14,2|16|8|36,28,4,0|32|12|4|-1,1,4,1,-1|6|72|6|0|1
006203|box_n5_H14|b001248|3,4,6,9,13|6|9|13|12|3|10|5|10|12|-2|8|31,30,13,2|29|12|43,48,17,2|19|10|3|3,-5,0,-5,3|4|106|4|0|1
006204|box_n5_H14|b001249|3,4,6,9,14|6|9|14|10|3|14|5|6|10|16|12|30,30,12,2|24|10|48,46,14,2|34|14|4|3,-4,4,-4,3|4|35|4|0|1
006205|box_n5_H14|b001250|3,4,6,10,11|6|10|11|10|4|12|4|-4|10|14|10|34,36,14,2|22|10|36,32,8,0|28|12|2|-1,2,0,2,-1|3|64|3|0|1
006206|box_n5_H14|b001251|3,4,6,10,12|6|10|12|10|4|14|4|4|10|32|12|40,44,16,2|20|10|40,32,6,0|36|14|4|-4,4,4,4,-4|7|177|8|1|1
006207|box_n5_H14|b001252|3,4,6,10,13|6|10|13|8|7|10|5|-12|8|-6|8|34,40,16,2|14|8|44,52,20,2|16|10|-2|-2,-3,-4,-3,-2|3|119|3|0|1
006208|box_n5_H14|b001253|3,4,6,10,14|6|10|14|8|5|14|5|-8|8|16|12|34,38,14,2|16|8|50,50,16,2|32|14|3|3,-4,-2,-4,3|8|105|8|0|1
006209|box_n5_H14|b001254|3,4,6,11,12|6|11|12|14|4|18|4|14|14|36|16|40,40,16,2|32|14|40,30,8,0|46|18|4|-1,4,4,4,-1|4|68|4|0|1
006210|box_n5_H14|b001255|3,4,6,11,13|6|11|13|16|4|16|5|10|16|10|14|37,36,17,2|37|16|45,46,19,2|35|16|2|-1,0,2,0,-1|3|30|3|0|1
006211|box_n5_H14|b001256|3,4,6,11,14|6|11|14|10|7|16|5|2|10|8|14|36,38,14,2|22|10|48,50,20,2|34|16|2|2,-4,0,-4,2|3|13|3|0|1
006212|box_n5_H14|b001257|3,4,6,12,13|6|12|13|20|4|16|5|36|20|10|14|40,30,12,2|54|20|40,36,14,2|40|16|4|1,4,4,4,1|4|68|4|0|1
006213|box_n5_H14|b001258|3,4,6,12,14|6|12|14|18|4|16|5|32|18|8|14|40,32,12,2|48|18|40,34,12,2|42|16|6|2,2,6,2,2|8|68|8|0|1
006214|box_n5_H14|b001259|3,4,6,13,14|6|13|14|14|7|18|5|2|14|16|16|44,48,22,4|32|14|48,46,18,2|42|18|2|2,-2,-2,-2,2|3|9|3|0|1
006215|box_n5_H14|b001260|3,4,7,8,9|6|8|9|10|3|12|3|16|10|14|10|28,26,10,2|26|10|30,24,6,0|30|12|6|0,1,6,1,0|4|212|4|0|0
006216|box_n5_H14|b001261|3,4,7,8,10|6|8|10|8|3|8|4|16|8|-4|6|28,26,8,2|22|8|32,30,8,2|22|8|4|-3,4,2,4,-3|8|120|8|0|0
006217|box_n5_H14|b001262|3,4,7,8,11|6|8|11|8|3|8|4|16|8|-6|6|28,26,8,2|22|8|36,36,10,2|20|8|2|0,0,2,0,0|4|264|4|0|0
006218|box_n5_H14|b001263|3,4,7,8,12|6|8|12|12|3|16|4|28|12|20|14|32,28,10,2|32|12|40,32,8,0|40|16|6|3,0,6,0,3|10|13|16|6|1
006219|box_n5_H14|b001264|3,4,7,8,13|6|8|13|10|3|16|5|16|10|14|14|28,26,10,2|26|10|44,38,12,2|42|16|4|1,1,4,1,1|4|168|4|0|1
006220|box_n5_H14|b001265|3,4,7,8,14|6|8|14|12|4|18|5|24|12|28|16|28,22,8,2|34|12|48,38,8,0|46|18|7|0,7,2,7,0|8|168|8|0|1
006221|box_n5_H14|b001266|3,4,7,9,10|6|9|10|6|3|8|4|-2|6|-8|6|30,32,10,2|14|6|32,32,10,2|20|8|2|-2,0,2,0,-2|3|185|4|1|0
006222|box_n5_H14|b001267|3,4,7,9,11|6|9|11|10|3|10|4|8|10|0|8|31,29,10,2|26|10|37,35,10,2|26|10|6|0,-1,6,-1,0|3|180|3|0|0
006223|box_n5_H14|b001268|3,4,7,9,12|6|9|12|8|3|12|4|-2|8|0|10|30,32,12,2|18|8|36,34,10,0|26|12|1|1,-1,0,-1,1|6|72|6|0|1
006224|box_n5_H14|b001269|3,4,7,9,13|6|9|13|10|3|12|5|8|10|0|10|31,29,10,2|26|10|43,43,14,2|28|12|3|3,-2,0,-2,3|3|72|3|0|1
006225|box_n5_H14|b001270|3,4,7,9,14|6|9|14|10|3|16|5|10|10|24|14|30,26,8,2|28|10|48,40,8,0|40|16|8|0,2,8,2,0|3|245|4|1|1
006226|box_n5_H14|b001271|3,4,7,10,11|6|10|11|6|4|6|4|-4|4|2|2|34,34,8,2|16|6|36,32,2,0|16|6|1|1,1,0,1,1|4|330|4|0|0
006227|box_n5_H14|b001272|3,4,7,10,12|6|10|12|6|4|8|4|-4|6|8|6|40,46,16,4|14|6|40,38,6,0|18|8|2|-1,-2,2,-2,-1|4|69|8|4|1
006228|box_n5_H14|b001273|3,4,7,10,13|6|10|13|6|7|6|5|-16|6|-6|4|34,40,16,4|14|6|44,48,12,2|12|6|0|0,-3,-4,-3,0|4|390|4|0|1
006229|box_n5_H14|b001274|3,4,7,10,14|6|10|14|8|5|12|5|-4|6|24|10|34,34,10,2|20|8|50,44,6,0|30|12|2|2,1,0,1,2|8|210|10|2|1
006230|box_n5_H14|b001275|3,4,7,11,12|6|11|12|8|4|12|4|-6|8|16|10|40,44,16,4|20|8|40,34,6,0|30|12|1|0,1,0,1,0|4|136|4|0|1
006231|box_n5_H14|b001276|3,4,7,11,13|6|11|13|8|4|10|5|-8|8|12|6|37,39,14,4|22|8|45,41,6,0|24|10|1|1,0,0,0,1|4|429|4|0|1
006232|box_n5_H14|b001277|3,4,7,11,14|6|11|14|8|7|14|5|-6|6|24|12|36,36,10,2|20|8|48,40,6,0|36|14|2|2,1,2,1,2|4|462|4|0|1
006233|box_n5_H14|b001278|3,4,7,12,13|6|12|13|14|4|12|5|8|14|-6|10|40,38,14,2|34|14|40,40,14,2|28|12|1|1,0,0,0,1|4|356|4|0|1
006234|box_n5_H14|b001279|3,4,7,12,14|6|12|14|16|4|14|5|16|16|4|12|40,34,12,2|42|16|40,34,8,0|34|14|4|0,4,4,4,0|8|184|8|0|1
006235|box_n5_H14|b001280|3,4,7,13,14|6|13|14|14|7|18|5|10|12|32|16|44,40,12,2|36|14|48,36,6,0|48|18|5|2,5,2,5,2|4|546|4|0|1
006236|box_n5_H14|b001281|3,4,8,9,10|6|9|10|10|3|12|4|2|10|-4|10|30,34,16,2|20|10|32,34,14,0|22|12|4|-2,-3,4,-3,-2|4|25|4|0|0
006237|box_n5_H14|b001282|3,4,8,9,11|6|9|11|14|3|14|4|18|14|2|12|31,28,13,2|35|14|37,36,13,0|29|14|4|-1,1,4,1,-1|4|56|4|0|0
006238|box_n5_H14|b001283|3,4,8,9,12|6|9|12|8|3|12|4|6|8|4|10|30,32,12,2|18|8|36,34,10,0|26|12|1|1,-1,0,-1,1|4|45|6|2|1
006239|box_n5_H14|b001284|3,4,8,9,13|6|9|13|14|3|16|5|14|14|2|14|31,30,15,2|33|14|43,46,19,0|29|16|3|3,-5,2,-5,3|4|47|4|0|1
006240|box_n5_H14|b001285|3,4,8,9,14|6|9|14|10|3|18|5|2|10|16|16|30,34,16,2|20|10|48,44,14,0|40|18|2|1,-2,2,-2,1|4|35|4|0|1
006241|box_n5_H14|b001286|3,4,8,10,11|6|10|11|10|4|12|4|-4|10|6|10|34,38,16,2|20|10|36,32,8,0|28|12|2|-2,2,0,2,-2|4|330|4|0|0
006242|box_n5_H14|b001287|3,4,8,10,12|6|10|12|10|4|14|4|0|10|16|12|40,48,20,2|16|10|40,36,10,0|32|14|4|-2,-2,4,-2,-2|6|71|8|2|1
006243|box_n5_H14|b001288|3,4,8,10,13|6|10|13|8|10|12|5|-12|8|2|10|34,42,18,2|12|8|44,48,16,0|20|12|-1|-1,-3,-4,-3,-1|4|390|4|0|1
006244|box_n5_H14|b001289|3,4,8,10,14|6|10|14|10|5|16|5|-8|10|16|14|34,40,18,2|18|10|50,48,14,0|34|16|3|3,-4,-2,-4,3|8|70|8|0|1
006245|box_n5_H14|b001290|3,4,8,11,12|6|11|12|8|4|12|4|-2|8|20|10|40,44,14,2|16|8|40,34,6,0|30|12|2|0,0,2,0,0|4|67|4|0|1
006246|box_n5_H14|b001291|3,4,8,11,13|6|11|13|12|4|14|5|-2|12|18|12|37,38,15,2|27|12|45,42,11,0|31|14|1|1,0,0,0,1|4|429|4|0|1
006247|box_n5_H14|b001292|3,4,8,11,14|6|11|14|6|11|12|5|-18|6|8|10|36,44,16,2|8|6|48,48,12,0|24|12|1|1,-4,-2,-4,1|4|462|4|0|1
006248|box_n5_H14|b001293|3,4,8,12,13|6|12|13|16|4|14|5|16|16|6|12|40,36,14,2|40|16|40,38,12,0|30|14|2|2,1,0,1,2|4|67|4|0|1
006249|box_n5_H14|b001294|3,4,8,12,14|6|12|14|14|4|10|5|8|14|-4|8|40,40,16,2|32|14|40,38,8,0|22|10|2|0,2,-2,2,0|5|16|6|1|1
006250|box_n5_H14|b001295|3,4,8,13,14|6|13|14|16|7|18|5|6|16|20|16|44,46,20,2|34|16|48,42,12,0|42|18|2|2,2,-4,2,2|4|546|4|0|1
006251|box_n5_H14|b001296|3,4,9,10,11|6|10|11|10|4|12|4|-8|10|6|10|34,38,16,2|20|10|36,34,10,0|26|12|1|-2,1,0,1,-2|4|330|4|0|0
006252|box_n5_H14|b001297|3,4,9,10,12|6|10|12|8|4|10|4|-4|8|-4|8|40,48,18,2|12|8|40,40,10,0|20|10|0|-4,0,0,0,-4|4|139|8|4|1
006253|box_n5_H14|b001298|3,4,9,10,13|6|10|13|8|8|10|5|-12|8|-10|8|34,40,16,2|14|8|44,48,14,0|16|10|-1|-1,-2,-4,-2,-1|4|390|4|0|1
006254|box_n5_H14|b001299|3,4,9,10,14|6|10|14|8|5|14|5|-8|8|8|12|34,38,14,2|16|8|50,50,14,0|28|14|3|3,-4,-2,-4,3|8|70|8|0|1
006255|box_n5_H14|b001300|3,4,9,11,12|6|11|12|10|4|12|4|-2|10|0|10|40,46,18,2|18|10|40,38,10,0|26|12|2|-3,2,-2,2,-3|4|68|4|0|1
006256|box_n5_H14|b001301|3,4,9,11,13|6|11|13|12|4|12|5|0|12|0|10|37,39,16,2|26|12|45,45,12,0|24|12|2|0,-2,2,-2,0|4|429|4|0|1
006257|box_n5_H14|b001302|3,4,9,11,14|6|11|14|8|11|16|5|-6|8|8|14|36,40,14,2|16|8|48,46,14,0|34|16|3|3,-2,-4,-2,3|4|462|4|0|1
006258|box_n5_H14|b001303|3,4,9,12,13|6|12|13|10|4|8|5|0|10|-10|6|40,38,10,2|26|10|40,40,8,0|16|8|1|1,0,0,0,1|4|206|4|0|1
006259|box_n5_H14|b001304|3,4,9,12,14|6|12|14|10|4|10|5|-4|10|-4|8|40,40,12,2|24|10|40,36,6,0|24|10|2|0,2,0,2,0|6|184|8|2|1
006260|box_n5_H14|b001305|3,4,9,13,14|6|13|14|12|7|16|5|-2|12|16|14|44,44,14,2|28|12|48,42,10,0|38|16|3|3,1,-2,1,3|4|546|4|0|1
006261|box_n5_H14|b001306|3,4,10,11,12|6|11|12|10|4|12|4|-2|10|8|10|40,46,20,4|22|10|40,36,8,0|28|12|2|-1,-1,2,-1,-1|3|26|3|0|1
006262|box_n5_H14|b001307|3,4,10,11,13|6|11|13|12|4|12|5|-2|12|2|10|37,40,19,4|29|12|45,42,9,0|27|12|0|0,0,0,0,0|4|429|4|0|1
006263|box_n5_H14|b001308|3,4,10,11,14|6|11|14|4|8|12|5|-10|2|4|10|36,42,12,2|6|4|48,46,10,0|26|12|1|1,-2,-2,-2,1|4|462|4|0|1
006264|box_n5_H14|b001309|3,4,10,12,13|6|12|13|12|4|10|5|4|12|-10|8|40,38,12,2|30|12|40,38,8,0|22|10|2|1,2,-2,2,1|3|28|3|0|1
006265|box_n5_H14|b001310|3,4,10,12,14|6|12|14|10|4|10|5|0|10|-12|8|40,40,12,2|24|10|40,38,8,0|22|10|2|0,0,2,0,0|7|249|8|1|1
006266|box_n5_H14|b001311|3,4,10,13,14|6|13|14|8|10|14|5|-10|8|16|12|44,46,12,2|18|8|48,40,6,0|36|14|3|3,1,-2,1,3|4|546|4|0|1
006267|box_n5_H14|b001312|3,4,11,12,13|6|12|13|14|4|14|5|8|14|-2|12|40,38,14,2|34|14|40,40,16,2|32|14|2|1,-1,2,-1,1|4|81|4|0|1
006268|box_n5_H14|b001313|3,4,11,12,14|6|12|14|10|4|12|5|4|10|-12|10|40,40,12,2|24|10|40,38,10,0|26|12|2|-1,2,0,2,-1|6|68|8|2|1
006269|box_n5_H14|b001314|3,4,11,13,14|6|13|14|10|9|16|5|2|8|12|14|44,46,14,2|22|10|48,42,10,0|38|16|2|1,2,-2,2,1|4|546|4|0|1
006270|box_n5_H14|b001315|3,4,12,13,14|6|13|14|12|8|14|5|-10|12|-8|12|44,50,20,2|22|12|48,50,16,0|26|14|0|0,-3,-2,-3,0|3|9|3|0|1
006271|box_n5_H14|b001316|3,5,6,7,8|6|7|8|6|3|8|3|-2|6|4|6|24,28,12,2|12|6|28,28,8,0|16|8|0|-2,0,0,0,-2|3|46|3|0|1
006272|box_n5_H14|b001317|3,5,6,7,9|6|7|9|4|3|12|3|-12|4|16|10|23,31,14,2|4|4|31,27,8,0|28|12|2|-1,-2,2,-2,-1|4|100|4|0|1
006273|box_n5_H14|b001318|3,5,6,7,10|6|7|10|10|3|12|4|6|10|16|10|24,24,12,2|24|10|34,32,10,0|26|12|1|0,1,0,1,0|3|5|3|0|1
006274|box_n5_H14|b001319|3,5,6,7,11|6|7|11|6|3|12|4|0|6|8|10|25,29,12,2|12|6|37,35,10,0|26|12|0|0,-1,0,-1,0|3|42|3|0|1
006275|box_n5_H14|b001320|3,5,6,7,12|6|7|12|4|5|14|4|-18|4|20|12|20,28,14,2|4|4|40,36,10,0|32|14|0|-1,0,-2,0,-1|4|73|4|0|1
006276|box_n5_H14|b001321|3,5,6,7,13|6|7|13|6|4|12|5|0|6|-4|10|25,29,12,2|12|6|45,51,20,2|22|12|1|1,-4,-4,-4,1|3|42|3|0|1
006277|box_n5_H14|b001322|3,5,6,7,14|6|7|14|10|4|20|5|10|10|32|18|28,30,14,2|22|10|56,56,22,2|44|20|2|0,-2,2,-2,0|12|7|21|9|1
006278|box_n5_H14|b001323|3,5,6,8,9|6|8|9|6|3|10|3|-4|6|14|8|28,32,12,2|12|6|30,26,6,0|24|10|2|-2,1,2,1,-2|4|212|4|0|1
006279|box_n5_H14|b001324|3,5,6,8,10|6|8|10|10|3|10|4|8|10|12|8|28,26,10,2|26|10|32,30,8,0|22|10|4|-3,3,4,3,-3|4|21|6|2|1
006280|box_n5_H14|b001325|3,5,6,8,11|6|8|11|4|3|8|4|-4|4|2|6|28,32,10,2|8|4|36,36,8,0|16|8|0|0,-2,0,-2,0|3|71|3|0|1
006281|box_n5_H14|b001326|3,5,6,8,12|6|8|12|10|3|14|4|12|10|24|12|32,32,12,2|24|10|40,34,8,0|34|14|4|-2,4,2,4,-2|8|11|16|8|1
006282|box_n5_H14|b001327|3,5,6,8,13|6|8|13|8|3|10|5|0|8|-2|8|28,30,12,2|18|8|44,48,16,2|20|10|1|1,-3,-2,-3,1|3|1|3|0|1
006283|box_n5_H14|b001328|3,5,6,8,14|6|8|14|8|4|14|5|0|8|12|12|28,30,12,2|18|8|48,50,18,2|30|14|3|3,-2,-6,-2,3|4|40|6|2|1
006284|box_n5_H14|b001329|3,5,6,9,10|6|9|10|14|3|12|4|18|14|24|10|30,24,10,2|38|14|32,24,4,0|32|12|6|-1,5,6,5,-1|4|52|4|0|1
006285|box_n5_H14|b001330|3,5,6,9,11|6|9|11|8|3|12|4|12|8|20|10|31,29,8,2|22|8|37,29,4,0|32|12|4|1,2,4,2,1|4|208|4|0|1
006286|box_n5_H14|b001331|3,5,6,9,12|6|9|12|8|3|12|4|-2|8|16|10|30,34,14,2|16|8|36,30,6,0|30|12|2|-1,1,2,1,-1|6|72|6|0|1
006287|box_n5_H14|b001332|3,5,6,9,13|6|9|13|10|3|10|5|8|10|0|8|31,31,12,2|24|10|43,45,14,2|22|10|4|1,-4,4,-4,1|4|223|4|0|1
006288|box_n5_H14|b001333|3,5,6,9,14|6|9|14|12|3|14|5|10|12|16|12|30,28,12,2|30|12|48,48,16,2|32|14|4|4,-5,4,-5,4|4|43|4|0|1
006289|box_n5_H14|b001334|3,5,6,10,11|6|10|11|12|4|16|4|16|12|14|14|34,32,12,2|30|12|36,30,10,0|38|16|4|-1,4,2,4,-1|3|4|3|0|1
006290|box_n5_H14|b001335|3,5,6,10,12|6|10|12|16|4|20|4|32|16|32|18|40,36,14,2|40|16|40,30,10,0|50|20|10|-4,10,2,10,-4|8|32|8|0|1
006291|box_n5_H14|b001336|3,5,6,10,13|6|10|13|10|7|14|5|12|10|2|12|34,34,12,2|24|10|44,46,18,2|30|14|0|-1,0,0,0,-1|3|25|3|0|1
006292|box_n5_H14|b001337|3,5,6,10,14|6|10|14|14|5|22|5|16|14|32|20|34,32,14,2|34|14|50,44,18,2|54|22|4|0,2,4,2,0|6|175|8|2|1
006293|box_n5_H14|b001338|3,5,6,11,12|6|11|12|12|4|14|4|10|12|28|12|40,40,14,2|28|12|40,32,6,0|36|14|4|-1,4,2,4,-1|4|224|4|0|1
006294|box_n5_H14|b001339|3,5,6,11,13|6|11|13|12|4|12|5|8|12|12|10|37,35,12,2|30|12|45,43,12,2|30|12|2|1,0,2,0,1|3|30|3|0|1
006295|box_n5_H14|b001340|3,5,6,11,14|6|11|14|10|7|12|5|-2|10|12|10|36,38,14,2|22|10|48,50,16,2|26|12|1|1,-3,0,-3,1|3|49|3|0|1
006296|box_n5_H14|b001341|3,5,6,12,13|6|12|13|16|4|14|5|24|16|6|12|40,34,12,2|42|16|40,36,12,2|36|14|4|-1,4,4,4,-1|4|4|4|0|1
006297|box_n5_H14|b001342|3,5,6,12,14|6|12|14|18|4|16|5|24|18|8|14|40,34,14,2|46|18|40,36,14,2|40|16|6|2,0,6,0,2|8|249|8|0|1
006298|box_n5_H14|b001343|3,5,6,13,14|6|13|14|16|7|18|5|2|16|20|16|44,46,22,4|38|16|48,46,18,2|42|18|2|1,-2,2,-2,1|3|9|3|0|1
006299|box_n5_H14|b001344|3,5,7,8,9|6|8|9|8|3|10|3|4|8|16|8|28,28,10,2|20|8|30,26,6,0|24|10|6|0,-1,6,-1,0|4|212|4|0|0
006300|box_n5_H14|b001345|3,5,7,8,10|6|8|10|10|3|8|4|12|10|8|6|28,24,8,2|28|10|32,28,4,0|20|8|5|-2,5,2,5,-2|8|120|8|0|0
006301|box_n5_H14|b001346|3,5,7,8,11|6|8|11|6|3|8|4|0|6|-4|6|28,30,10,2|14|6|36,38,10,0|14|8|1|1,-3,0,-3,1|4|264|4|0|0
006302|box_n5_H14|b001347|3,5,7,8,12|6|8|12|8|3|10|4|16|8|0|8|32,30,8,2|22|8|40,38,8,0|22|10|2|1,0,2,0,1|7|13|16|9|1
006303|box_n5_H14|b001348|3,5,7,8,13|6|8|13|8|3|10|5|4|8|0|8|28,28,10,2|20|8|44,44,10,0|20|10|3|3,-3,0,-3,3|4|312|4|0|1
006304|box_n5_H14|b001349|3,5,7,8,14|6|8|14|10|4|14|5|12|10|28|12|28,24,8,2|28|10|48,40,6,0|36|14|5|0,5,2,5,0|8|168|8|0|1
006305|box_n5_H14|b001350|3,5,7,9,10|6|9|10|14|3|12|4|20|14|12|10|30,24,10,2|38|14|32,26,6,0|30|12|6|-2,5,6,5,-2|4|55|4|0|0
006306|box_n5_H14|b001351|3,5,7,9,11|6|9|11|11|3|15|4|12|11|8|13|31,30,12,2|27|11|37,34,12,0|33|15|4|0,0,4,0,0|4|208|4|0|0
006307|box_n5_H14|b001352|3,5,7,9,12|6|9|12|6|3|8|4|4|6|-12|6|30,32,10,2|14|6|36,36,8,0|16|8|1|1,-1,-2,-1,1|4|45|6|2|1
006308|box_n5_H14|b001353|3,5,7,9,13|6|9|13|11|3|15|5|12|11|4|13|31,30,12,2|27|11|43,40,12,0|33|15|4|1,-1,4,-1,1|4|223|4|0|1
006309|box_n5_H14|b001354|3,5,7,9,14|6|9|14|14|3|16|5|20|14|24|14|30,24,10,2|38|14|48,42,10,0|38|16|8|1,1,8,1,1|4|43|4|0|1
006310|box_n5_H14|b001355|3,5,7,10,11|6|10|11|12|4|12|4|12|12|12|10|34,30,10,2|32|12|36,30,6,0|30|12|3|1,3,2,3,1|4|270|4|0|0
006311|box_n5_H14|b001356|3,5,7,10,12|6|10|12|10|4|10|4|20|10|4|8|40,38,10,2|26|10|40,36,6,0|24|10|4|-1,4,0,4,-1|5|31|8|3|1
006312|box_n5_H14|b001357|3,5,7,10,13|6|10|13|8|7|10|5|4|8|4|8|34,34,10,2|20|8|44,42,8,0|22|10|1|1,0,0,0,1|4|390|4|0|1
006313|box_n5_H14|b001358|3,5,7,10,14|6|10|14|14|5|20|5|16|14|40|18|34,28,10,2|38|14|50,38,8,0|52|20|7|-1,7,6,7,-1|10|210|10|0|1
006314|box_n5_H14|b001359|3,5,7,11,12|6|11|12|8|4|12|4|0|8|4|10|40,44,14,2|16|8|40,36,8,0|28|12|1|0,1,-2,1,0|4|224|4|0|1
006315|box_n5_H14|b001360|3,5,7,11,13|6|11|13|11|4|15|5|0|11|16|13|37,38,14,2|25|11|45,38,8,0|37|15|3|3,0,0,0,3|4|143|4|0|1
006316|box_n5_H14|b001361|3,5,7,11,14|6|11|14|12|7|16|5|0|12|28|14|36,36,14,2|28|12|48,40,8,0|40|16|2|1,2,2,2,1|4|462|4|0|1
006317|box_n5_H14|b001362|3,5,7,12,13|6|12|13|8|4|8|5|-8|8|-8|6|40,42,12,2|18|8|40,40,8,0|16|8|0|-1,0,0,0,-1|4|356|4|0|1
006318|box_n5_H14|b001363|3,5,7,12,14|6|12|14|14|4|12|5|4|14|4|10|40,36,12,2|36|14|40,36,8,0|28|12|4|0,2,4,2,0|6|37|8|2|1
006319|box_n5_H14|b001364|3,5,7,13,14|6|13|14|16|7|18|5|12|16|36|16|44,38,12,2|42|16|48,36,6,0|48|18|6|1,5,6,5,1|4|462|4|0|1
006320|box_n5_H14|b001365|3,5,8,9,10|6|9|10|12|3|10|4|14|12|8|8|30,26,12,4|36|12|32,28,8,2|28|10|8|-2,2,8,2,-2|3|185|4|1|0
006321|box_n5_H14|b001366|3,5,8,9,11|6|9|11|8|3|10|4|12|6|0|8|31,29,8,2|22|8|37,35,10,2|26|10|2|-1,2,2,2,-1|3|18|3|0|0
006322|box_n5_H14|b001367|3,5,8,9,12|6|9|12|8|3|10|4|2|8|-8|8|30,32,14,4|22|8|36,36,12,2|24|10|1|1,-1,-2,-1,1|6|72|6|0|1
006323|box_n5_H14|b001368|3,5,8,9,13|6|9|13|8|3|8|5|8|8|-8|6|31,31,12,4|24|8|43,43,10,2|20|8|6|1,-4,6,-4,1|3|18|3|0|1
006324|box_n5_H14|b001369|3,5,8,9,14|6|9|14|8|3|14|5|2|8|12|12|30,32,14,4|22|8|48,46,16,4|38|14|2|2,-3,2,-3,2|3|245|4|1|1
006325|box_n5_H14|b001370|3,5,8,10,11|6|10|11|8|4|12|4|4|8|6|10|34,34,12,4|24|8|36,30,8,2|34|12|4|-2,4,2,4,-2|4|330|4|0|0
006326|box_n5_H14|b001371|3,5,8,10,12|6|10|12|10|4|14|4|16|10|12|12|40,40,14,4|28|10|40,34,10,2|38|14|4|-2,4,2,4,-2|6|26|6|0|1
006327|box_n5_H14|b001372|3,5,8,10,13|6|10|13|4|10|10|5|0|2|-2|8|34,36,8,2|10|4|44,42,10,2|26|10|0|0,0,0,0,0|4|390|4|0|1
006328|box_n5_H14|b001373|3,5,8,10,14|6|10|14|8|5|18|5|4|8|28|16|34,34,12,4|24|8|50,42,14,4|52|18|4|0,2,4,2,0|8|210|10|2|1
006329|box_n5_H14|b001374|3,5,8,11,12|6|11|12|8|4|8|4|-6|8|8|4|40,44,16,4|20|8|40,36,4,0|20|8|0|0,0,0,0,0|3|40|3|0|1
006330|box_n5_H14|b001375|3,5,8,11,13|6|11|13|6|4|8|5|-4|4|8|4|37,37,8,2|16|6|45,39,2,0|22|8|3|3,0,0,0,3|4|429|4|0|1
006331|box_n5_H14|b001376|3,5,8,11,14|6|11|14|4|11|8|5|-22|4|8|4|36,44,16,4|8|4|48,48,10,2|20|8|0|0,-3,-2,-3,0|4|462|4|0|1
006332|box_n5_H14|b001377|3,5,8,12,13|6|12|13|8|4|10|5|0|6|-10|8|40,40,10,2|20|8|40,38,10,2|26|10|1|0,1,0,1,0|4|8|4|0|1
006333|box_n5_H14|b001378|3,5,8,12,14|6|12|14|10|4|12|5|-4|10|-8|10|40,42,16,4|26|10|40,40,16,4|32|12|0|0,0,-2,0,0|6|124|6|0|1
006334|box_n5_H14|b001379|3,5,8,13,14|6|13|14|10|7|12|5|-6|10|20|8|44,44,14,4|28|10|48,42,8,2|34|12|2|1,2,0,2,1|4|546|4|0|1
006335|box_n5_H14|b001380|3,5,9,10,11|6|10|11|12|4|16|4|8|12|12|14|34,34,14,2|28|12|36,32,12,0|36|16|3|-2,3,2,3,-2|4|270|4|0|0
006336|box_n5_H14|b001381|3,5,9,10,12|6|10|12|12|4|14|4|20|12|0|12|40,40,14,2|28|12|40,38,12,0|30|14|6|-4,6,-2,6,-4|8|106|8|0|1
006337|box_n5_H14|b001382|3,5,9,10,13|6|10|13|10|8|14|5|8|10|4|12|34,34,12,2|24|10|44,42,12,0|30|14|1|0,1,0,1,0|4|150|4|0|1
006338|box_n5_H14|b001383|3,5,9,10,14|6|10|14|12|5|20|5|12|12|20|18|34,32,12,2|30|12|50,44,14,0|46|20|4|0,2,4,2,0|10|210|10|0|1
006339|box_n5_H14|b001384|3,5,9,11,12|6|11|12|10|4|12|4|0|10|-4|10|40,46,18,2|18|10|40,40,12,0|24|12|2|-3,2,-4,2,-3|4|133|4|0|1
006340|box_n5_H14|b001385|3,5,9,11,13|6|11|13|11|4|15|5|4|11|8|13|37,38,14,2|25|11|45,42,12,0|33|15|2|2,-2,2,-2,2|4|143|4|0|1
006341|box_n5_H14|b001386|3,5,9,11,14|6|11|14|10|11|14|5|-4|10|8|12|36,40,16,2|20|10|48,46,12,0|30|14|2|2,-1,-4,-1,2|4|462|4|0|1
006342|box_n5_H14|b001387|3,5,9,12,13|6|12|13|10|4|8|5|-8|10|-8|6|40,42,14,2|22|10|40,40,8,0|16|8|0|-1,0,0,0,-1|4|356|4|0|1
006343|box_n5_H14|b001388|3,5,9,12,14|6|12|14|8|4|10|5|-8|8|-8|8|40,42,12,2|18|8|40,38,8,0|22|10|0|0,0,0,0,0|4|16|6|2|1
006344|box_n5_H14|b001389|3,5,9,13,14|6|13|14|14|7|16|5|4|14|16|14|44,42,14,2|34|14|48,42,10,0|38|16|2|2,1,2,1,2|4|462|4|0|1
006345|box_n5_H14|b001390|3,5,10,11,12|6|11|12|12|4|14|4|2|12|12|12|40,46,20,2|22|12|40,38,12,0|30|14|0|-1,-1,0,-1,-1|4|350|4|0|1
006346|box_n5_H14|b001391|3,5,10,11,13|6|11|13|12|4|16|5|4|12|16|14|37,39,16,2|26|12|45,39,10,0|38|16|2|2,0,0,0,2|4|429|4|0|1
006347|box_n5_H14|b001392|3,5,10,11,14|6|11|14|10|8|16|5|-6|10|20|14|36,42,18,2|18|10|48,46,14,0|34|16|0|0,-1,-2,-1,0|4|462|4|0|1
006348|box_n5_H14|b001393|3,5,10,12,13|6|12|13|12|4|14|5|4|12|-2|12|40,42,16,2|26|12|40,38,12,0|30|14|2|-1,2,-2,2,-1|4|148|4|0|1
006349|box_n5_H14|b001394|3,5,10,12,14|6|12|14|14|4|16|5|4|14|0|14|40,42,18,2|30|14|40,40,16,0|32|16|2|0,-2,2,-2,0|8|249|8|0|1
006350|box_n5_H14|b001395|3,5,10,13,14|6|13|14|14|10|18|5|2|14|32|16|44,44,16,2|32|14|48,40,10,0|44|18|2|2,1,2,1,2|4|546|4|0|1
006351|box_n5_H14|b001396|3,5,11,12,13|6|12|13|10|4|12|5|0|8|0|10|40,42,14,2|22|10|40,40,14,2|28|12|2|-1,-1,2,-1,-1|3|8|4|1|1
006352|box_n5_H14|b001397|3,5,11,12,14|6|12|14|12|4|10|5|0|12|-12|8|40,42,18,4|30|12|40,40,12,2|24|10|0|-1,0,0,0,-1|6|68|8|2|1
006353|box_n5_H14|b001398|3,5,11,13,14|6|13|14|14|9|16|5|8|14|16|14|44,44,18,4|36|14|48,42,12,2|42|16|2|0,2,2,2,0|4|546|4|0|1
006354|box_n5_H14|b001399|3,5,12,13,14|6|13|14|12|8|14|5|-10|12|-8|12|44,48,18,2|24|12|48,50,16,0|26|14|2|-1,-3,2,-3,-1|3|9|3|0|1
006355|box_n5_H14|b001400|3,6,7,8,9|6|8|9|6|3|10|3|-4|6|10|8|28,34,14,2|10|6|30,28,8,0|22|10|2|-2,-1,2,-1,-2|4|212|4|0|0
006356|box_n5_H14|b001401|3,6,7,8,10|6|8|10|8|3|8|4|4|8|-8|6|28,30,12,2|18|8|32,34,10,0|14|8|2|-3,2,-2,2,-3|4|117|6|2|1
006357|box_n5_H14|b001402|3,6,7,8,11|6|8|11|8|3|12|4|0|8|6|10|28,32,14,2|16|8|36,36,12,0|24|12|0|0,-2,0,-2,0|3|17|3|0|1
006358|box_n5_H14|b001403|3,6,7,8,12|6|8|12|12|3|18|4|16|12|28|16|32,32,14,2|28|12|40,32,10,0|44|18|4|-1,4,2,4,-1|9|11|16|7|1
006359|box_n5_H14|b001404|3,6,7,8,13|6|8|13|6|3|12|5|0|6|-2|10|28,32,12,2|12|6|44,44,12,0|24|12|0|0,-2,0,-2,0|3|25|3|0|1
006360|box_n5_H14|b001405|3,6,7,8,14|6|8|14|10|4|16|5|12|10|20|14|28,26,10,2|26|10|48,46,14,0|34|16|2|2,1,-2,1,2|4|25|6|2|1
006361|box_n5_H14|b001406|3,6,7,9,10|6|9|10|10|3|8|4|10|10|4|6|30,28,10,2|26|10|32,28,4,0|20|8|3|-1,3,2,3,-1|4|58|4|0|1
006362|box_n5_H14|b001407|3,6,7,9,11|6|9|11|10|3|14|4|8|10|24|12|31,31,12,2|24|10|37,29,6,0|36|14|4|2,0,4,0,2|4|208|4|0|1
006363|box_n5_H14|b001408|3,6,7,9,12|6|9|12|8|3|12|4|-2|8|16|10|30,34,14,2|16|8|36,30,6,0|30|12|2|-1,1,2,1,-1|6|72|6|0|1
006364|box_n5_H14|b001409|3,6,7,9,13|6|9|13|8|3|10|5|12|8|-4|8|31,29,8,2|22|8|43,43,10,0|20|10|2|1,-1,2,-1,1|4|223|4|0|1
006365|box_n5_H14|b001410|3,6,7,9,14|6|9|14|12|3|16|5|18|12|32|14|30,24,8,2|34|12|48,40,8,0|40|16|10|1,1,10,1,1|4|43|4|0|1
006366|box_n5_H14|b001411|3,6,7,10,11|6|10|11|10|4|12|4|0|10|14|10|34,34,12,2|24|10|36,32,8,0|28|12|1|1,1,0,1,1|3|64|3|0|1
006367|box_n5_H14|b001412|3,6,7,10,12|6|10|12|10|4|12|4|8|10|24|10|40,42,14,2|22|10|40,34,6,0|30|12|6|-3,6,-2,6,-3|5|32|8|3|1
006368|box_n5_H14|b001413|3,6,7,10,13|6|10|13|6|7|8|5|-8|6|-14|6|34,38,12,2|12|6|44,50,14,0|10|8|0|0,-4,-2,-4,0|3|51|3|0|1
006369|box_n5_H14|b001414|3,6,7,10,14|6|10|14|10|5|18|5|4|10|36|16|34,32,10,2|26|10|50,42,10,0|44|18|4|0,3,4,3,0|6|175|8|2|1
006370|box_n5_H14|b001415|3,6,7,11,12|6|11|12|14|4|18|4|14|14|28|16|40,40,16,2|32|14|40,32,10,0|44|18|5|-1,5,0,5,-1|4|4|4|0|1
006371|box_n5_H14|b001416|3,6,7,11,13|6|11|13|10|4|14|5|8|10|4|12|37,37,12,2|24|10|45,43,12,0|30|14|1|0,1,0,1,0|3|201|3|0|1
006372|box_n5_H14|b001417|3,6,7,11,14|6|11|14|14|7|18|5|14|14|24|16|36,32,12,2|36|14|48,44,14,0|40|18|4|2,0,4,0,2|3|1|3|0|1
006373|box_n5_H14|b001418|3,6,7,12,13|6|12|13|12|4|12|5|20|12|-6|10|40,36,10,2|32|12|40,38,10,0|26|12|2|0,2,2,2,0|4|356|4|0|1
006374|box_n5_H14|b001419|3,6,7,12,14|6|12|14|18|4|16|5|32|18|20|14|40,30,10,2|50|18|40,30,6,0|42|16|8|2,4,8,4,2|7|40|8|1|1
006375|box_n5_H14|b001420|3,6,7,13,14|6|13|14|12|7|16|5|2|12|32|14|44,42,12,2|30|12|48,40,8,0|40|16|4|1,2,4,2,1|3|6|3|0|1
006376|box_n5_H14|b001421|3,6,8,9,10|6|9|10|10|3|8|4|6|10|0|6|30,30,12,2|24|10|32,30,6,0|18|8|4|-1,0,4,0,-1|4|25|4|0|1
006377|box_n5_H14|b001422|3,6,8,9,11|6|9|11|10|3|12|4|10|10|18|10|31,30,11,2|25|10|37,30,5,0|31|12|2|1,2,2,2,1|4|100|4|0|1
006378|box_n5_H14|b001423|3,6,8,9,12|6|9|12|8|3|12|4|-2|8|16|10|30,34,14,2|16|8|36,30,6,0|30|12|2|-1,1,2,1,-1|6|72|6|0|1
006379|box_n5_H14|b001424|3,6,8,9,13|6|9|13|12|3|10|5|10|12|-2|8|31,30,13,2|29|12|43,46,15,2|21|10|4|1,-4,4,-4,1|4|106|4|0|1
006380|box_n5_H14|b001425|3,6,8,9,14|6|9|14|8|3|14|5|2|8|12|12|30,32,12,2|18|8|48,44,10,0|32|14|4|2,-3,4,-3,2|4|35|4|0|1
006381|box_n5_H14|b001426|3,6,8,10,11|6|10|11|8|4|12|4|-8|8|10|10|34,38,14,2|16|8|36,32,8,0|28|12|2|-2,2,0,2,-2|3|4|3|0|1
006382|box_n5_H14|b001427|3,6,8,10,12|6|10|12|10|4|16|4|4|10|28|14|40,44,16,2|20|10|40,32,8,0|40|16|6|-4,6,0,6,-4|7|68|8|1|1
006383|box_n5_H14|b001428|3,6,8,10,13|6|10|13|6|13|10|5|-12|6|-6|8|34,40,14,2|10|6|44,50,18,2|18|10|-1|-1,-4,-2,-4,-1|3|209|3|0|1
006384|box_n5_H14|b001429|3,6,8,10,14|6|10|14|8|5|16|5|-8|8|16|14|34,38,14,2|16|8|50,46,12,0|36|16|2|1,-2,2,-2,1|8|105|8|0|1
006385|box_n5_H14|b001430|3,6,8,11,12|6|11|12|12|4|14|4|10|12|28|12|40,40,14,2|28|12|40,32,6,0|36|14|4|-1,4,2,4,-1|4|7|4|0|1
006386|box_n5_H14|b001431|3,6,8,11,13|6|11|13|12|4|14|5|6|12|10|10|37,36,13,2|29|12|45,44,13,0|29|14|1|0,1,0,1,0|3|42|3|0|1
006387|box_n5_H14|b001432|3,6,8,11,14|6|11|14|8|13|10|5|-6|8|-4|8|36,40,14,2|16|8|48,52,14,0|16|10|1|1,-5,0,-5,1|3|215|3|0|1
006388|box_n5_H14|b001433|3,6,8,12,13|6|12|13|16|4|14|5|24|16|6|12|40,34,12,2|42|16|40,36,12,2|36|14|3|1,3,2,3,1|4|8|4|0|1
006389|box_n5_H14|b001434|3,6,8,12,14|6|12|14|14|4|14|5|20|14|0|12|40,36,12,2|36|14|40,34,8,0|34|14|2|2,2,2,2,2|6|16|6|0|1
006390|box_n5_H14|b001435|3,6,8,13,14|6|13|14|10|7|14|5|-2|8|8|12|44,48,16,2|20|10|48,46,12,0|30|14|1|1,-1,-2,-1,1|3|33|3|0|1
006391|box_n5_H14|b001436|3,6,9,10,11|6|10|11|8|4|14|4|4|6|22|12|34,38,18,6|24|8|36,34,18,6|42|14|1|-2,1,0,1,-2|4|60|4|0|1
006392|box_n5_H14|b001437|3,6,9,10,12|6|10|12|8|4|12|4|16|6|16|10|40,44,18,6|24|8|40,36,12,4|36|12|8|-6,8,-4,8,-6|6|32|8|2|1
006393|box_n5_H14|b001438|3,6,9,10,13|6|10|13|8|8|10|5|4|6|-6|8|34,38,18,6|24|8|44,50,22,6|26|10|-1|-1,-3,-2,-3,-1|3|5|3|0|1
006394|box_n5_H14|b001439|3,6,9,10,14|6|10|14|10|5|16|5|8|8|24|14|34,36,18,6|30|10|50,48,20,6|46|16|2|1,-2,2,-2,1|8|35|8|0|1
006395|box_n5_H14|b001440|3,6,9,11,12|6|11|12|10|4|12|4|22|8|16|10|40,42,18,6|30|10|40,36,12,4|36|12|6|-4,6,-2,6,-4|4|68|4|0|1
006396|box_n5_H14|b001441|3,6,9,11,13|6|11|13|12|4|12|5|20|10|4|10|37,37,18,6|36|12|45,47,20,6|34|12|2|-1,-1,2,-1,-1|4|66|4|0|1
006397|box_n5_H14|b001442|3,6,9,11,14|6|11|14|12|13|14|5|18|10|12|12|36,36,18,6|36|12|48,50,22,6|38|14|3|3,-3,-2,-3,3|3|7|3|0|1
006398|box_n5_H14|b001443|3,6,9,12,13|6|12|13|12|4|6|5|16|10|2|-2|40,36,12,4|36|12|40,38,4,0|14|6|2|0,2,2,2,0|4|148|4|0|1
006399|box_n5_H14|b001444|3,6,9,12,14|6|12|14|12|4|12|5|16|10|16|4|40,36,12,4|36|12|40,32,4,0|32|12|4|2,2,4,2,2|6|178|8|2|1
006400|box_n5_H14|b001445|3,6,9,13,14|6|13|14|12|7|16|5|2|10|20|14|44,46,20,6|34|12|48,46,20,6|46|16|2|2,-2,0,-2,2|4|84|4|0|1
006401|box_n5_H14|b001446|3,6,10,11,12|6|11|12|12|4|16|4|10|12|24|14|40,42,16,2|26|12|40,34,10,0|38|16|3|-2,3,2,3,-2|4|136|4|0|1
006402|box_n5_H14|b001447|3,6,10,11,13|6|11|13|12|4|14|5|6|12|2|12|37,38,15,2|27|12|45,44,13,0|29|14|1|-1,1,0,1,-1|4|402|4|0|1
006403|box_n5_H14|b001448|3,6,10,11,14|6|11|14|10|8|14|5|2|10|12|12|36,38,14,2|22|10|48,50,18,2|30|14|1|1,-3,0,-3,1|3|7|3|0|1
006404|box_n5_H14|b001449|3,6,10,12,13|6|12|13|14|4|12|5|20|14|-2|10|40,36,12,2|36|14|40,36,8,0|28|12|4|0,4,0,4,0|4|148|4|0|1
006405|box_n5_H14|b001450|3,6,10,12,14|6|12|14|14|4|16|5|20|14|12|14|40,36,12,2|36|14|40,34,12,2|42|16|6|2,0,6,0,2|8|249|8|0|1
006406|box_n5_H14|b001451|3,6,10,13,14|6|13|14|10|10|16|5|-10|10|24|12|44,48,16,2|20|10|48,44,12,0|36|16|2|2,-2,0,-2,2|3|7|3|0|1
006407|box_n5_H14|b001452|3,6,11,12,13|6|12|13|14|4|14|5|20|14|6|12|40,36,12,2|36|14|40,38,14,2|34|14|4|0,1,4,1,0|4|69|4|0|1
006408|box_n5_H14|b001453|3,6,11,12,14|6|12|14|14|4|14|5|20|14|0|12|40,36,12,2|36|14|40,34,8,0|34|14|4|1,2,4,2,1|6|40|8|2|1
006409|box_n5_H14|b001454|3,6,11,13,14|6|13|14|12|9|16|5|2|10|8|14|44,48,18,2|24|12|48,46,14,0|34|16|0|0,-1,0,-1,0|3|7|3|0|1
006410|box_n5_H14|b001455|3,6,12,13,14|6|13|14|12|8|14|5|-2|10|4|12|44,52,26,6|28|12|48,54,26,6|34|14|0|-1,-6,0,-6,-1|3|8|3|0|1
006411|box_n5_H14|b001456|3,7,8,9,10|6|9|10|8|3|10|4|2|8|-8|8|30,30,10,2|20|8|32,32,10,0|20|10|4|-2,0,4,0,-2|3|185|4|1|0
006412|box_n5_H14|b001457|3,7,8,9,11|6|9|11|8|3|10|4|4|8|0|8|31,31,10,2|20|8|37,35,8,0|22|10|2|0,0,2,0,0|3|18|3|0|0
006413|box_n5_H14|b001458|3,7,8,9,12|6|9|12|8|3|12|4|-2|8|-4|10|30,32,12,2|18|8|36,36,12,0|24|12|1|1,-1,-2,-1,1|5|45|6|1|1
006414|box_n5_H14|b001459|3,7,8,9,13|6|9|13|10|3|14|5|8|10|4|12|31,29,10,2|26|10|43,41,12,0|30|14|4|1,-1,4,-1,1|3|18|3|0|1
006415|box_n5_H14|b001460|3,7,8,9,14|6|9|14|10|3|18|5|6|10|28|16|30,28,10,2|26|10|48,38,8,0|46|18|8|-1,3,8,3,-1|3|52|4|1|1
006416|box_n5_H14|b001461|3,7,8,10,11|6|10|11|6|4|10|4|-8|6|2|8|34,36,10,2|14|6|36,32,6,0|24|10|1|0,1,0,1,0|4|330|4|0|0
006417|box_n5_H14|b001462|3,7,8,10,12|6|10|12|8|4|12|4|-4|8|8|10|40,46,16,2|14|8|40,38,10,0|26|12|0|-1,0,-2,0,-1|4|14|6|2|1
006418|box_n5_H14|b001463|3,7,8,10,13|6|10|13|6|10|10|5|-16|6|-2|8|34,40,14,2|10|6|44,46,12,0|18|10|1|1,-4,-2,-4,1|4|390|4|0|1
006419|box_n5_H14|b001464|3,7,8,10,14|6|10|14|8|5|16|5|-4|8|32|14|34,34,10,2|20|8|50,40,6,0|42|16|4|0,3,4,3,0|8|210|10|2|1
006420|box_n5_H14|b001465|3,7,8,11,12|6|11|12|10|4|12|4|-6|10|12|10|40,44,16,2|20|10|40,36,8,0|28|12|1|0,1,-2,1,0|3|7|4|1|1
006421|box_n5_H14|b001466|3,7,8,11,13|6|11|13|8|4|12|5|-8|8|16|10|37,39,12,2|18|8|45,39,6,0|30|12|2|2,1,-2,1,2|4|429|4|0|1
006422|box_n5_H14|b001467|3,7,8,11,14|6|11|14|8|11|12|5|-10|8|20|10|36,38,12,2|18|8|48,42,6,0|30|12|2|1,0,2,0,1|4|126|4|0|1
006423|box_n5_H14|b001468|3,7,8,12,13|6|12|13|12|4|14|5|0|12|-6|12|40,42,16,2|26|12|40,40,14,0|28|14|1|1,-1,-2,-1,1|3|31|3|0|1
006424|box_n5_H14|b001469|3,7,8,12,14|6|12|14|14|4|14|5|8|14|4|12|40,38,14,2|34|14|40,34,8,0|34|14|4|0,4,0,4,0|6|40|8|2|1
006425|box_n5_H14|b001470|3,7,8,13,14|6|13|14|14|7|16|5|10|14|32|14|44,40,12,2|36|14|48,36,4,0|44|16|6|1,6,2,6,1|4|546|4|0|1
006426|box_n5_H14|b001471|3,7,9,10,11|6|10|11|8|4|12|4|-4|8|8|10|34,36,12,2|18|8|36,34,10,0|26|12|0|0,0,0,0,0|4|270|4|0|0
006427|box_n5_H14|b001472|3,7,9,10,12|6|10|12|8|4|8|4|0|8|-8|6|40,46,16,2|14|8|40,42,10,0|14|8|2|-3,2,-6,2,-3|4|14|6|2|1
006428|box_n5_H14|b001473|3,7,9,10,13|6|10|13|8|10|12|5|-8|8|0|10|34,38,14,2|16|8|44,46,14,0|22|12|1|1,-3,-2,-3,1|4|390|4|0|1
006429|box_n5_H14|b001474|3,7,9,10,14|6|10|14|12|5|16|5|4|12|32|14|34,32,12,2|30|12|50,42,8,0|40|16|4|0,3,4,3,0|10|210|10|0|1
006430|box_n5_H14|b001475|3,7,9,11,12|6|11|12|10|4|12|4|0|10|-4|10|40,46,18,2|18|10|40,40,12,0|24|12|3|-3,3,-6,3,-3|4|136|4|0|1
006431|box_n5_H14|b001476|3,7,9,11,13|6|11|13|11|4|15|5|0|11|12|13|37,40,16,2|23|11|45,42,12,0|33|15|1|1,-1,0,-1,1|4|143|4|0|1
006432|box_n5_H14|b001477|3,7,9,11,14|6|11|14|14|11|16|5|8|14|28|14|36,34,14,2|34|14|48,40,8,0|40|16|3|3,2,0,2,3|4|126|4|0|1
006433|box_n5_H14|b001478|3,7,9,12,13|6|12|13|10|4|8|5|-12|10|-8|6|40,44,16,2|20|10|40,42,10,0|14|8|0|0,-2,-2,-2,0|4|431|4|0|1
006434|box_n5_H14|b001479|3,7,9,12,14|6|12|14|14|4|12|5|0|14|12|10|40,38,14,2|34|14|40,32,4,0|32|12|4|0,4,2,4,0|8|184|8|0|1
006435|box_n5_H14|b001480|3,7,9,13,14|6|13|14|18|7|20|5|16|18|36|18|44,38,14,2|46|18|48,36,8,0|52|20|5|2,5,4,5,2|4|168|4|0|1
006436|box_n5_H14|b001481|3,7,10,11,12|6|11|12|6|4|10|4|-2|6|4|8|40,46,18,6|18|6|40,38,12,4|30|10|0|-1,0,-2,0,-1|4|293|4|0|1
006437|box_n5_H14|b001482|3,7,10,11,13|6|11|13|6|4|12|5|-4|4|8|10|37,41,14,4|16|6|45,39,8,2|34|12|1|1,1,-2,1,1|4|429|4|0|1
006438|box_n5_H14|b001483|3,7,10,11,14|6|11|14|10|11|14|5|2|8|28|12|36,36,14,4|28|10|48,40,8,2|40|14|2|1,2,2,2,1|4|462|4|0|1
006439|box_n5_H14|b001484|3,7,10,12,13|6|12|13|4|4|6|5|-8|2|-14|4|40,44,12,4|12|4|40,40,8,2|16|6|0|0,0,-4,0,0|2|28|3|1|1
006440|box_n5_H14|b001485|3,7,10,12,14|6|12|14|10|4|12|5|4|8|8|10|40,38,12,4|30|10|40,34,8,2|34|12|4|0,2,4,2,0|5|67|8|3|1
006441|box_n5_H14|b001486|3,7,10,13,14|6|13|14|10|13|14|5|2|8|40|10|44,40,8,2|28|10|48,34,0,0|42|14|5|2,5,4,5,2|4|546|4|0|1
006442|box_n5_H14|b001487|3,7,11,12,13|6|12|13|10|4|12|5|-4|10|-4|10|40,44,16,2|20|10|40,42,16,2|26|12|0|0,-3,0,-3,0|3|28|3|0|1
006443|box_n5_H14|b001488|3,7,11,12,14|6|12|14|14|4|14|5|8|14|4|12|40,38,14,2|34|14|40,34,8,0|34|14|4|-1,4,2,4,-1|7|107|8|1|1
006444|box_n5_H14|b001489|3,7,11,13,14|6|13|14|14|9|18|5|16|12|32|16|44,40,12,2|36|14|48,36,6,0|48|18|6|0,6,4,6,0|4|546|4|0|1
006445|box_n5_H14|b001490|3,7,12,13,14|6|13|14|10|8|12|5|-6|10|8|10|44,44,12,2|24|10|48,44,8,0|28|12|4|-1,1,4,1,-1|3|86|3|0|1
006446|box_n5_H14|b001491|3,8,9,10,11|6|10|11|8|4|12|4|-12|8|2|10|34,40,16,2|14|8|36,34,10,0|26|12|1|-3,1,0,1,-3|4|330|4|0|0
006447|box_n5_H14|b001492|3,8,9,10,12|6|10|12|8|4|12|4|-4|8|-4|10|40,48,18,2|12|8|40,40,12,0|24|12|2|-4,2,-4,2,-4|5|14|6|1|1
006448|box_n5_H14|b001493|3,8,9,10,13|6|10|13|6|10|10|5|-12|6|-6|8|34,40,14,2|10|6|44,46,12,0|18|10|0|0,-3,-2,-3,0|4|390|4|0|1
006449|box_n5_H14|b001494|3,8,9,10,14|6|10|14|10|5|18|5|-8|10|20|16|34,38,16,2|20|10|50,46,14,0|40|18|2|1,-2,2,-2,1|8|70|8|0|1
006450|box_n5_H14|b001495|3,8,9,11,12|6|11|12|8|4|10|4|-6|8|-4|8|40,46,16,2|14|8|40,40,10,0|20|10|2|-3,2,-4,2,-3|3|31|3|0|1
006451|box_n5_H14|b001496|3,8,9,11,13|6|11|13|10|4|12|5|-4|10|4|10|37,39,14,2|22|10|45,43,10,0|26|12|1|1,-1,0,-1,1|4|429|4|0|1
006452|box_n5_H14|b001497|3,8,9,11,14|6|11|14|8|11|14|5|-14|8|8|12|36,42,16,2|14|8|48,48,14,0|28|14|2|2,-3,-4,-3,2|4|126|4|0|1
006453|box_n5_H14|b001498|3,8,9,12,13|6|12|13|10|4|8|5|-8|10|-10|6|40,42,14,2|22|10|40,40,8,0|16|8|1|1,-1,-2,-1,1|4|76|4|0|1
006454|box_n5_H14|b001499|3,8,9,12,14|6|12|14|10|4|12|5|-12|10|0|10|40,44,16,2|20|10|40,36,8,0|28|12|2|0,2,-4,2,0|6|16|6|0|1
006455|box_n5_H14|b001500|3,8,9,13,14|6|13|14|14|7|18|5|-2|14|20|16|44,44,16,2|32|14|48,42,12,0|42|18|2|2,2,-2,2,2|4|546|4|0|1
006456|box_n5_H14|b001501|3,8,10,11,12|6|11|12|10|4|12|4|-6|10|8|10|40,46,18,2|18|10|40,38,10,0|26|12|0|-1,-1,0,-1,-1|4|136|4|0|1
006457|box_n5_H14|b001502|3,8,10,11,13|6|11|13|8|4|12|5|-6|8|6|10|37,40,13,2|17|8|45,40,7,0|29|12|1|1,1,-2,1,1|4|429|4|0|1
006458|box_n5_H14|b001503|3,8,10,11,14|6|11|14|6|11|12|5|-18|6|8|10|36,44,16,2|8|6|48,48,12,0|24|12|0|0,-3,-2,-3,0|4|462|4|0|1
006459|box_n5_H14|b001504|3,8,10,12,13|6|12|13|10|4|10|5|0|10|-10|8|40,42,14,2|22|10|40,38,8,0|22|10|1|1,1,-4,1,1|4|424|4|0|1
006460|box_n5_H14|b001505|3,8,10,12,14|6|12|14|10|4|14|5|-4|10|-4|12|40,44,16,2|20|10|40,38,12,0|30|14|0|0,0,-2,0,0|6|16|6|0|1
006461|box_n5_H14|b001506|3,8,10,13,14|6|13|14|8|13|14|5|-10|8|24|12|44,46,12,2|18|8|48,40,6,0|36|14|2|2,2,-2,2,2|4|546|4|0|1
006462|box_n5_H14|b001507|3,8,11,12,13|6|12|13|8|4|12|5|0|6|-2|10|40,42,14,4|22|8|40,40,16,4|32|12|1|1,-2,0,-2,1|4|281|4|0|1
006463|box_n5_H14|b001508|3,8,11,12,14|6|12|14|6|4|8|5|-4|4|-16|6|40,44,14,4|16|6|40,38,8,2|22|8|2|-1,2,-4,2,-1|5|16|6|1|1
006464|box_n5_H14|b001509|3,8,11,13,14|6|13|14|8|13|12|5|2|6|8|10|44,46,14,4|22|8|48,42,8,2|34|12|3|0,3,-2,3,0|4|546|4|0|1
006465|box_n5_H14|b001510|3,8,12,13,14|6|13|14|10|8|12|5|-14|10|-8|10|44,50,18,2|18|10|48,50,14,0|22|12|-1|-1,-2,-2,-2,-1|3|33|3|0|1
006466|box_n5_H14|b001511|3,9,10,11,12|6|11|12|8|4|10|4|-6|8|-8|8|40,48,18,2|12|8|40,42,12,0|18|10|1|-4,1,-4,1,-4|4|350|4|0|1
006467|box_n5_H14|b001512|3,9,10,11,13|6|11|13|10|4|14|5|-4|10|4|12|37,41,16,2|20|10|45,43,12,0|30|14|0|0,-1,0,-1,0|4|429|4|0|1
006468|box_n5_H14|b001513|3,9,10,11,14|6|11|14|8|11|14|5|-6|8|12|12|36,40,14,2|16|8|48,46,12,0|30|14|2|2,-1,-4,-1,2|4|462|4|0|1
006469|box_n5_H14|b001514|3,9,10,12,13|6|12|13|10|4|8|5|-12|10|-10|6|40,44,16,2|20|10|40,40,8,0|16|8|0|0,0,-4,0,0|4|356|4|0|1
006470|box_n5_H14|b001515|3,9,10,12,14|6|12|14|8|4|10|5|-12|8|0|8|40,44,14,2|16|8|40,36,6,0|24|10|0|0,0,0,0,0|5|16|6|1|1
006471|box_n5_H14|b001516|3,9,10,13,14|6|13|14|12|13|18|5|-2|12|24|16|44,44,14,2|28|12|48,40,10,0|44|18|3|3,1,0,1,3|4|546|4|0|1
006472|box_n5_H14|b001517|3,9,11,12,13|6|12|13|8|4|8|5|-12|8|-8|6|40,44,14,2|16|8|40,42,10,0|14|8|0|0,-3,0,-3,0|3|28|3|0|1
006473|box_n5_H14|b001518|3,9,11,12,14|6|12|14|10|4|10|5|-12|10|-4|8|40,44,16,2|20|10|40,36,6,0|24|10|2|-1,2,-2,2,-1|6|250|8|2|1
006474|box_n5_H14|b001519|3,9,11,13,14|6|13|14|14|13|18|5|4|14|16|16|44,44,16,2|32|14|48,42,12,0|42|18|2|1,2,0,2,1|4|84|4|0|1
006475|box_n5_H14|b001520|3,9,12,13,14|6|13|14|8|15|12|5|-10|6|0|10|44,48,18,6|24|8|48,50,20,6|34|12|0|0,-3,0,-3,0|3|93|3|0|1
006476|box_n5_H14|b001521|3,10,11,12,13|6|12|13|8|4|12|5|-8|8|-6|10|40,44,14,2|16|8|40,40,12,0|24|12|0|0,-1,-2,-1,0|3|28|3|0|1
006477|box_n5_H14|b001522|3,10,11,12,14|6|12|14|8|4|10|5|-8|8|-12|8|40,44,14,2|16|8|40,38,8,0|22|10|0|-1,0,0,0,-1|4|16|6|2|1
006478|box_n5_H14|b001523|3,10,11,13,14|6|13|14|10|10|14|5|-2|10|16|12|44,46,14,2|22|10|48,40,6,0|36|14|2|1,2,0,2,1|4|546|4|0|1
006479|box_n5_H14|b001524|3,10,12,13,14|6|13|14|8|10|12|5|-18|8|-4|10|44,50,16,2|14|8|48,48,12,0|24|12|0|0,-3,0,-3,0|3|33|3|0|1
006480|box_n5_H14|b001525|3,11,12,13,14|6|13|14|8|9|12|5|-14|8|-12|10|44,50,16,2|14|8|48,50,14,0|22|12|0|-2,-2,0,-2,-2|3|93|3|0|1
006481|box_n5_H14|b001526|4,5,6,7,8|6|7|8|8|2|10|2|-2|8|16|8|24,26,12,2|18|8|28,24,6,0|24|10|3|-2,3,0,3,-2|3|46|3|0|1
006482|box_n5_H14|b001527|4,5,6,7,9|6|7|9|4|2|6|3|-10|4|-2|4|23,28,11,2|7|4|31,30,5,0|13|6|2|-1,-2,2,-2,-1|2|37|3|1|1
006483|box_n5_H14|b001528|4,5,6,7,10|6|7|10|8|2|10|3|6|8|12|8|24,22,8,2|22|8|34,30,6,0|24|10|4|-1,2,4,2,-1|3|6|3|0|1
006484|box_n5_H14|b001529|4,5,6,7,11|6|7|11|6|2|8|3|-2|6|-2|6|25,28,11,2|13|6|37,38,9,0|15|8|1|1,-2,-2,-2,1|4|127|4|0|1
006485|box_n5_H14|b001530|4,5,6,7,12|6|7|12|6|2|14|3|-14|6|24|12|20,24,12,2|12|6|40,34,8,0|34|14|2|0,0,2,0,0|4|136|4|0|1
006486|box_n5_H14|b001531|4,5,6,7,13|6|7|13|6|2|10|4|-6|6|-6|8|25,30,13,2|11|6|45,50,17,2|19|10|-1|-1,-2,-4,-2,-1|3|54|3|0|1
006487|box_n5_H14|b001532|4,5,6,7,14|6|7|14|8|2|14|4|10|8|20|12|28,28,10,2|20|8|56,56,16,2|32|14|0|0,0,0,0,0|10|6|28|18|1
006488|box_n5_H14|b001533|4,5,6,8,9|6|8|9|8|2|8|3|8|8|6|6|28,28,10,2|20|8|30,24,2,0|22|8|4|-2,4,2,4,-2|4|212|4|0|1
006489|box_n5_H14|b001534|4,5,6,8,10|6|8|10|10|2|10|3|12|10|12|8|28,26,10,2|26|10|32,26,4,0|26|10|8|-5,5,8,5,-5|4|2|4|0|1
006490|box_n5_H14|b001535|4,5,6,8,11|6|8|11|8|2|10|3|8|8|6|8|28,28,10,2|20|8|36,32,6,0|24|10|4|-2,2,4,2,-2|3|49|3|0|1
006491|box_n5_H14|b001536|4,5,6,8,12|6|8|12|12|2|16|3|20|12|32|14|32,30,12,2|30|12|40,30,6,0|42|16|8|-2,4,8,4,-2|8|36|8|0|1
006492|box_n5_H14|b001537|4,5,6,8,13|6|8|13|10|2|14|4|12|10|6|12|28,26,10,2|26|10|44,42,14,2|34|14|2|0,2,0,2,0|3|1|3|0|1
006493|box_n5_H14|b001538|4,5,6,8,14|6|8|14|8|2|14|4|4|8|8|12|28,30,12,2|18|8|48,46,14,2|34|14|2|0,2,-4,2,0|5|40|6|1|1
006494|box_n5_H14|b001539|4,5,6,9,10|6|9|10|6|3|10|3|-6|6|12|8|30,30,8,2|16|6|32,26,4,0|26|10|4|-2,3,4,3,-2|3|52|4|1|1
006495|box_n5_H14|b001540|4,5,6,9,11|6|9|11|8|3|10|3|-2|8|10|8|31,30,9,2|21|8|37,32,5,0|25|10|4|0,1,4,1,0|4|59|4|0|1
006496|box_n5_H14|b001541|4,5,6,9,12|6|9|12|6|3|14|3|-10|6|20|12|30,32,10,2|14|6|36,28,6,0|36|14|6|-2,2,6,2,-2|6|70|12|6|1
006497|box_n5_H14|b001542|4,5,6,9,13|6|9|13|6|3|8|4|-10|6|-10|6|31,34,11,2|13|6|43,48,15,2|15|8|2|2,-5,-2,-5,2|2|12|2|0|1
006498|box_n5_H14|b001543|4,5,6,9,14|6|9|14|6|3|10|4|-10|6|0|8|30,32,10,2|14|6|48,50,14,2|22|10|3|3,-5,0,-5,3|3|83|4|1|1
006499|box_n5_H14|b001544|4,5,6,10,11|6|10|11|10|3|12|3|8|10|14|10|34,32,10,2|26|10|36,28,4,0|32|12|4|-1,4,4,4,-1|3|64|3|0|1
006500|box_n5_H14|b001545|4,5,6,10,12|6|10|12|14|3|16|3|24|14|32|14|40,36,12,2|36|14|40,30,6,0|42|16|10|-4,6,10,6,-4|8|177|8|0|1
006501|box_n5_H14|b001546|4,5,6,10,13|6|10|13|10|3|10|4|4|10|2|8|34,34,12,2|24|10|44,44,12,2|24|10|3|-4,3,2,3,-4|3|66|3|0|1
006502|box_n5_H14|b001547|4,5,6,10,14|6|10|14|8|3|14|4|4|8|16|12|34,34,10,2|20|8|50,46,12,2|36|14|2|1,0,2,0,1|6|204|6|0|1
006503|box_n5_H14|b001548|4,5,6,11,12|6|11|12|14|3|16|3|10|14|32|14|40,38,14,2|34|14|40,30,6,0|42|16|8|0,2,8,2,0|4|68|4|0|1
006504|box_n5_H14|b001549|4,5,6,11,13|6|11|13|12|3|12|4|2|12|6|10|37,36,13,2|29|12|45,44,13,2|29|12|4|0,-1,4,-1,0|3|30|3|0|1
006505|box_n5_H14|b001550|4,5,6,11,14|6|11|14|8|3|12|4|-6|8|8|10|36,38,12,2|18|8|48,46,12,2|30|12|2|0,-1,2,-1,0|3|72|3|0|1
006506|box_n5_H14|b001551|4,5,6,12,13|6|12|13|18|3|16|4|28|18|6|14|40,32,12,2|48|18|40,34,12,2|42|16|6|-2,6,6,6,-2|4|74|4|0|1
006507|box_n5_H14|b001552|4,5,6,12,14|6|12|14|16|3|16|4|24|16|0|14|40,34,12,2|42|16|40,34,12,2|42|16|8|0,2,8,2,0|8|39|8|0|1
006508|box_n5_H14|b001553|4,5,6,13,14|6|13|14|12|4|14|4|-6|12|8|12|44,48,20,4|28|12|48,46,14,2|34|14|1|1,-2,0,-2,1|3|9|3|0|1
006509|box_n5_H14|b001554|4,5,7,8,9|6|8|9|12|2|12|3|24|12|10|10|28,24,10,2|32|12|30,24,6,0|30|12|6|0,2,6,2,0|4|199|4|0|0
006510|box_n5_H14|b001555|4,5,7,8,10|6|8|10|14|2|14|3|24|14|20|12|28,24,12,2|36|14|32,24,6,0|36|14|7|-4,7,6,7,-4|8|60|8|0|0
006511|box_n5_H14|b001556|4,5,7,8,11|6|8|11|10|2|14|3|20|10|2|12|28,26,10,2|26|10|36,34,12,0|30|14|4|-1,1,4,1,-1|4|0|4|0|0
006512|box_n5_H14|b001557|4,5,7,8,12|6|8|12|12|2|14|3|32|12|12|12|32,28,10,2|32|12|40,34,8,0|34|14|8|1,0,8,0,1|8|13|16|8|1
006513|box_n5_H14|b001558|4,5,7,8,13|6|8|13|12|2|16|4|24|12|14|14|28,24,10,2|32|12|44,38,10,0|38|16|2|2,2,2,2,2|4|0|4|0|1
006514|box_n5_H14|b001559|4,5,7,8,14|6|8|14|14|2|20|4|24|14|32|18|28,24,12,2|36|14|48,36,8,0|52|20|9|-3,9,4,9,-3|8|84|8|0|1
006515|box_n5_H14|b001560|4,5,7,9,10|6|9|10|8|3|10|3|-2|8|12|8|30,30,10,2|20|8|32,28,6,0|24|10|4|-3,3,4,3,-3|2|0|2|0|0
006516|box_n5_H14|b001561|4,5,7,9,11|6|9|11|8|3|8|3|0|8|0|6|31,31,10,2|20|8|37,37,8,0|16|8|4|-1,-1,4,-1,-1|3|198|3|0|0
006517|box_n5_H14|b001562|4,5,7,9,12|6|9|12|6|3|8|3|-2|6|-4|6|30,30,8,2|16|6|36,34,6,0|18|8|2|0,0,2,0,0|4|19|6|2|1
006518|box_n5_H14|b001563|4,5,7,9,13|6|9|13|8|3|10|4|-4|8|0|8|31,33,12,2|18|8|43,43,10,0|20|10|2|2,-2,-2,-2,2|3|234|3|0|1
006519|box_n5_H14|b001564|4,5,7,9,14|6|9|14|8|3|10|4|2|8|16|8|30,28,8,2|22|8|48,44,6,0|24|10|4|0,1,4,1,0|2|0|2|0|1
006520|box_n5_H14|b001565|4,5,7,10,11|6|10|11|12|3|14|3|16|12|14|12|34,30,10,2|32|12|36,28,6,0|36|14|4|1,3,4,3,1|4|0|4|0|0
006521|box_n5_H14|b001566|4,5,7,10,12|6|10|12|12|3|14|3|24|12|8|12|40,38,12,2|30|12|40,36,10,0|32|14|8|-1,0,8,0,-1|6|3|8|2|1
006522|box_n5_H14|b001567|4,5,7,10,13|6|10|13|12|3|14|4|8|12|10|12|34,34,14,2|28|12|44,40,10,0|32|14|3|-2,3,2,3,-2|4|0|4|0|1
006523|box_n5_H14|b001568|4,5,7,10,14|6|10|14|12|3|18|4|16|12|32|16|34,30,10,2|32|12|50,40,8,0|46|18|5|0,5,4,5,0|8|35|8|0|1
006524|box_n5_H14|b001569|4,5,7,11,12|6|11|12|10|3|12|3|2|10|12|10|40,42,14,2|22|10|40,34,6,0|30|12|4|1,-1,4,-1,1|4|155|4|0|1
006525|box_n5_H14|b001570|4,5,7,11,13|6|11|13|12|3|14|4|-4|12|16|12|37,39,16,2|26|12|45,39,8,0|34|14|2|2,-1,2,-1,2|4|0|5|1|1
006526|box_n5_H14|b001571|4,5,7,11,14|6|11|14|10|3|18|4|-2|10|32|16|36,36,12,2|24|10|48,36,6,0|48|18|4|0,4,4,4,0|4|0|4|0|1
006527|box_n5_H14|b001572|4,5,7,12,13|6|12|13|12|3|10|4|0|12|-2|8|40,40,14,2|28|12|40,38,8,0|22|10|2|-2,2,2,2,-2|4|356|4|0|1
006528|box_n5_H14|b001573|4,5,7,12,14|6|12|14|12|3|12|4|8|12|4|10|40,36,10,2|32|12|40,34,6,0|30|12|6|-2,4,6,4,-2|6|33|8|2|1
006529|box_n5_H14|b001574|4,5,7,13,14|6|13|14|14|4|18|4|10|14|32|16|44,40,12,2|36|14|48,36,6,0|48|18|5|1,5,4,5,1|4|0|4|0|1
006530|box_n5_H14|b001575|4,5,8,9,10|6|9|10|10|3|10|3|2|10|12|8|30,32,14,2|22|10|32,30,8,0|22|10|6|-3,0,6,0,-3|2|0|2|0|0
006531|box_n5_H14|b001576|4,5,8,9,11|6|9|11|12|3|12|3|10|12|6|10|31,30,13,2|29|12|37,38,13,0|23|12|2|-2,1,2,1,-2|3|198|3|0|0
006532|box_n5_H14|b001577|4,5,8,9,12|6|9|12|10|3|12|3|6|10|4|10|30,30,12,2|24|10|36,34,10,0|26|12|2|0,0,2,0,0|5|69|6|1|1
006533|box_n5_H14|b001578|4,5,8,9,13|6|9|13|8|3|10|4|2|8|-2|8|31,34,13,2|17|8|43,46,13,0|17|10|2|2,-5,0,-5,2|3|144|3|0|1
006534|box_n5_H14|b001579|4,5,8,9,14|6|9|14|8|3|14|4|-6|8|12|12|30,36,16,2|14|8|48,48,14,0|28|14|1|1,-3,-2,-3,1|2|0|2|0|1
006535|box_n5_H14|b001580|4,5,8,10,11|6|10|11|14|3|18|3|12|14|22|16|34,34,16,2|32|14|36,28,10,0|44|18|4|-2,4,4,4,-2|4|0|4|0|0
006536|box_n5_H14|b001581|4,5,8,10,12|6|10|12|14|3|16|3|24|14|20|14|40,40,16,2|32|14|40,34,10,0|38|16|10|-2,0,10,0,-2|8|41|8|0|1
006537|box_n5_H14|b001582|4,5,8,10,13|6|10|13|10|3|16|4|8|10|14|14|34,36,14,2|22|10|44,40,12,0|36|16|3|-3,3,2,3,-3|4|0|4|0|1
006538|box_n5_H14|b001583|4,5,8,10,14|6|10|14|12|3|20|4|8|12|28|18|34,36,16,2|26|12|50,44,14,0|46|20|2|1,0,2,0,1|8|35|8|0|1
006539|box_n5_H14|b001584|4,5,8,11,12|6|11|12|14|3|16|3|10|14|20|14|40,42,18,2|30|14|40,34,10,0|38|16|6|1,-2,6,-2,1|4|133|4|0|1
006540|box_n5_H14|b001585|4,5,8,11,13|6|11|13|12|3|16|4|6|12|18|14|37,38,15,2|27|12|45,40,11,0|37|16|2|2,-1,2,-1,2|4|143|4|0|1
006541|box_n5_H14|b001586|4,5,8,11,14|6|11|14|10|3|18|4|-10|10|20|16|36,44,20,2|16|10|48,44,14,0|40|18|0|-1,-1,0,-1,-1|4|0|4|0|1
006542|box_n5_H14|b001587|4,5,8,12,13|6|12|13|12|3|12|4|12|12|6|10|40,38,12,2|30|12|40,36,8,0|28|12|3|-1,3,2,3,-1|4|73|4|0|1
006543|box_n5_H14|b001588|4,5,8,12,14|6|12|14|14|3|12|4|4|14|0|10|40,42,18,2|30|14|40,38,10,0|26|12|2|-2,2,0,2,-2|7|33|8|1|1
006544|box_n5_H14|b001589|4,5,8,13,14|6|13|14|14|4|16|4|2|14|24|14|44,46,18,2|30|14|48,42,10,0|38|16|2|1,2,-2,2,1|4|0|4|0|1
006545|box_n5_H14|b001590|4,5,9,10,11|6|10|11|10|3|12|3|4|10|14|8|34,34,14,4|28|10|36,30,8,2|34|12|4|-2,3,4,3,-2|4|330|4|0|0
006546|box_n5_H14|b001591|4,5,9,10,12|6|10|12|10|3|12|3|16|10|4|10|40,40,14,4|28|10|40,38,12,2|30|12|6|-4,2,6,2,-4|5|28|6|1|1
006547|box_n5_H14|b001592|4,5,9,10,13|6|10|13|8|3|10|4|4|8|2|8|34,34,12,4|24|8|44,40,8,2|28|10|4|-3,4,2,4,-3|4|390|4|0|1
006548|box_n5_H14|b001593|4,5,9,10,14|6|10|14|6|3|12|4|4|4|8|10|34,34,8,2|16|6|50,46,10,2|32|12|2|1,0,2,0,1|8|210|10|2|1
006549|box_n5_H14|b001594|4,5,9,11,12|6|11|12|10|3|14|3|2|10|4|12|40,44,20,6|28|10|40,38,14,2|34|14|2|-2,0,2,0,-2|3|14|3|0|1
006550|box_n5_H14|b001595|4,5,9,11,13|6|11|13|8|3|10|4|0|6|0|8|37,39,14,4|22|8|45,43,10,2|26|10|4|1,-3,4,-3,1|4|429|4|0|1
006551|box_n5_H14|b001596|4,5,9,11,14|6|11|14|6|3|14|4|-6|4|8|12|36,40,14,4|16|6|48,42,10,2|38|14|1|1,1,-2,1,1|4|462|4|0|1
006552|box_n5_H14|b001597|4,5,9,12,13|6|12|13|10|3|10|4|0|8|-10|8|40,40,12,2|24|10|40,38,10,2|26|10|2|-2,2,2,2,-2|3|34|3|0|1
006553|box_n5_H14|b001598|4,5,9,12,14|6|12|14|6|3|10|4|-4|4|-12|8|40,42,10,2|14|6|40,36,8,2|28|10|2|-2,2,2,2,-2|4|33|8|4|1
006554|box_n5_H14|b001599|4,5,9,13,14|6|13|14|6|4|8|4|-6|4|8|4|44,44,8,2|16|6|48,42,2,0|22|8|2|2,1,0,1,2|4|546|4|0|1
006555|box_n5_H14|b001600|4,5,10,11,12|6|11|12|16|3|16|3|14|16|16|14|40,44,24,4|36|16|40,36,12,0|36|16|6|0,-3,6,-3,0|4|133|4|0|1
006556|box_n5_H14|b001601|4,5,10,11,13|6|11|13|16|3|18|4|10|16|18|16|37,40,23,4|37|16|45,40,13,0|41|18|2|1,-1,2,-1,1|4|143|4|0|1
006557|box_n5_H14|b001602|4,5,10,11,14|6|11|14|10|3|18|4|2|8|20|16|36,42,18,2|18|10|48,42,12,0|42|18|1|-1,1,0,1,-1|4|0|4|0|1
006558|box_n5_H14|b001603|4,5,10,12,13|6|12|13|14|3|14|4|8|14|6|12|40,40,16,2|32|14|40,36,10,0|32|14|4|-2,4,0,4,-2|4|63|4|0|1
006559|box_n5_H14|b001604|4,5,10,12,14|6|12|14|12|3|12|4|4|12|-4|10|40,42,16,2|26|12|40,38,10,0|26|12|4|-2,0,4,0,-2|8|249|8|0|1
006560|box_n5_H14|b001605|4,5,10,13,14|6|13|14|12|4|18|4|2|12|24|16|44,46,16,2|26|12|48,40,10,0|44|18|2|2,1,0,1,2|4|0|4|0|1
006561|box_n5_H14|b001606|4,5,11,12,13|6|12|13|14|3|14|4|8|14|2|12|40,40,16,2|32|14|40,38,12,0|30|14|4|-2,1,4,1,-2|4|63|4|0|1
006562|box_n5_H14|b001607|4,5,11,12,14|6|12|14|12|3|14|4|4|12|-4|12|40,42,16,2|26|12|40,38,12,0|30|14|2|-3,2,2,2,-3|7|249|8|1|1
006563|box_n5_H14|b001608|4,5,11,13,14|6|13|14|12|4|18|4|2|12|20|16|44,46,16,2|26|12|48,42,12,0|42|18|2|0,2,0,2,0|4|0|4|0|1
006564|box_n5_H14|b001609|4,5,12,13,14|6|13|14|10|4|12|4|-10|10|-8|10|44,50,18,2|18|10|48,50,14,0|22|12|0|-1,-3,0,-3,-1|3|9|3|0|1
006565|box_n5_H14|b001610|4,6,7,8,9|6|8|9|8|2|8|3|4|8|6|6|28,30,12,2|18|8|30,26,4,0|20|8|2|-2,2,2,2,-2|4|212|4|0|0
006566|box_n5_H14|b001611|4,6,7,8,10|6|8|10|8|2|6|3|4|8|-4|4|28,30,12,2|18|8|32,30,4,0|14|6|4|-5,4,2,4,-5|4|2|4|0|1
006567|box_n5_H14|b001612|4,6,7,8,11|6|8|11|8|2|8|3|8|8|2|6|28,28,10,2|20|8|36,32,4,0|20|8|4|-2,2,4,2,-2|3|193|3|0|1
006568|box_n5_H14|b001613|4,6,7,8,12|6|8|12|12|2|16|3|20|12|36|14|32,30,12,2|30|12|40,28,4,0|44|16|8|-1,4,8,4,-1|8|31|16|8|1
006569|box_n5_H14|b001614|4,6,7,8,13|6|8|13|8|2|12|4|8|8|6|10|28,28,10,2|20|8|44,38,6,0|30|12|3|-1,3,2,3,-1|3|25|3|0|1
006570|box_n5_H14|b001615|4,6,7,8,14|6|8|14|10|2|14|4|12|10|20|12|28,26,10,2|26|10|48,42,8,0|34|14|5|-1,5,0,5,-1|5|23|6|1|1
006571|box_n5_H14|b001616|4,6,7,9,10|6|9|10|6|3|10|3|-10|6|-4|8|30,34,12,2|12|6|32,30,8,0|22|10|1|-2,1,0,1,-2|3|25|4|1|1
006572|box_n5_H14|b001617|4,6,7,9,11|6|9|11|8|3|12|3|-2|8|6|10|31,32,11,2|19|8|37,32,7,0|29|12|4|1,-1,4,-1,1|2|3|2|0|1
006573|box_n5_H14|b001618|4,6,7,9,12|6|9|12|8|3|16|3|-6|8|20|14|30,32,12,2|18|8|36,28,8,0|40|16|6|-2,2,6,2,-2|6|18|6|0|1
006574|box_n5_H14|b001619|4,6,7,9,13|6|9|13|8|3|10|4|-2|8|-14|8|31,32,11,2|19|8|43,46,13,0|17|10|2|2,-2,-4,-2,2|3|28|3|0|1
006575|box_n5_H14|b001620|4,6,7,9,14|6|9|14|8|3|16|4|2|8|20|14|30,28,8,2|22|8|48,42,10,0|38|16|6|0,1,6,1,0|3|29|4|1|1
006576|box_n5_H14|b001621|4,6,7,10,11|6|10|11|8|3|8|3|-4|8|6|6|34,34,10,2|20|8|36,30,2,0|22|8|2|1,1,2,1,1|3|3|3|0|1
006577|box_n5_H14|b001622|4,6,7,10,12|6|10|12|10|3|12|3|4|10|24|10|40,42,14,2|22|10|40,34,6,0|30|12|6|-3,2,6,2,-3|8|177|8|0|1
006578|box_n5_H14|b001623|4,6,7,10,13|6|10|13|6|3|6|4|-12|6|-14|4|34,38,12,2|12|6|44,48,10,0|8|6|0|-3,-1,0,-1,-3|2|9|2|0|1
006579|box_n5_H14|b001624|4,6,7,10,14|6|10|14|8|3|14|4|-4|8|24|12|34,34,10,2|20|8|50,44,8,0|34|14|2|1,1,2,1,1|6|34|6|0|1
006580|box_n5_H14|b001625|4,6,7,11,12|6|11|12|12|3|14|3|6|12|32|12|40,38,12,2|30|12|40,30,4,0|38|14|6|0,3,6,3,0|4|136|4|0|1
006581|box_n5_H14|b001626|4,6,7,11,13|6|11|13|8|3|10|4|-6|8|-2|8|37,38,11,2|19|8|45,44,9,0|21|10|2|-1,0,2,0,-1|3|18|3|0|1
006582|box_n5_H14|b001627|4,6,7,11,14|6|11|14|10|3|16|4|2|10|24|14|36,32,8,2|28|10|48,40,8,0|40|16|6|1,2,6,2,1|3|2|3|0|1
006583|box_n5_H14|b001628|4,6,7,12,13|6|12|13|16|3|14|4|24|16|-6|12|40,34,12,2|42|16|40,36,10,0|32|14|4|-1,4,4,4,-1|4|68|4|0|1
006584|box_n5_H14|b001629|4,6,7,12,14|6|12|14|18|3|18|4|32|18|16|16|40,30,10,2|50|18|40,28,6,0|48|18|10|0,6,10,6,0|8|38|8|0|1
006585|box_n5_H14|b001630|4,6,7,13,14|6|13|14|12|4|16|4|-6|12|24|14|44,44,14,2|28|12|48,40,8,0|40|16|2|1,2,2,2,1|3|45|3|0|1
006586|box_n5_H14|b001631|4,6,8,9,10|6|9|10|6|3|8|3|-4|5|-4|6|30,36,16,4|14|6|32,32,10,2|20|8|2|-2,-2,2,-2,-2|4|25|4|0|1
006587|box_n5_H14|b001632|4,6,8,9,11|6|9|11|12|3|14|3|10|12|14|12|31,31,17,5|34|12|37,33,13,3|38|14|2|0,1,2,1,0|4|100|4|0|1
006588|box_n5_H14|b001633|4,6,8,9,12|6|9|12|6|3|14|3|4|5|24|12|30,32,12,4|18|6|36,28,8,2|40|14|6|-2,2,6,2,-2|6|38|12|6|1
006589|box_n5_H14|b001634|4,6,8,9,13|6|9|13|10|3|14|4|6|10|-2|12|31,33,17,5|28|10|43,49,23,3|28|14|2|2,-5,-2,-5,2|4|106|4|0|1
006590|box_n5_H14|b001635|4,6,8,9,14|6|9|14|6|3|14|4|-4|5|8|12|30,36,16,4|14|6|48,46,14,2|34|14|1|1,-3,0,-3,1|4|29|4|0|1
006591|box_n5_H14|b001636|4,6,8,10,11|6|10|11|8|3|10|3|-8|8|16|5|34,38,16,4|20|8|36,30,4,0|26|10|2|-2,2,2,2,-2|3|115|3|0|1
006592|box_n5_H14|b001637|4,6,8,10,13|6|10|13|6|3|10|4|-12|6|4|5|34,40,16,4|14|6|44,48,14,0|16|10|0|-4,-1,0,-1,-4|3|155|3|0|1
006593|box_n5_H14|b001638|4,6,8,11,12|6|11|12|10|3|16|3|16|9|36|14|40,38,12,4|30|10|40,30,8,2|46|16|8|0,2,8,2,0|4|63|4|0|1
006594|box_n5_H14|b001639|4,6,8,11,13|6|11|13|12|3|16|4|6|12|14|14|37,37,17,5|34|12|45,45,19,3|38|16|2|-1,0,2,0,-1|3|6|4|1|1
006595|box_n5_H14|b001640|4,6,8,11,14|6|11|14|8|3|12|4|-4|7|4|10|36,40,16,4|20|8|48,48,14,2|28|12|2|0,-3,2,-3,0|3|49|3|0|1
006596|box_n5_H14|b001641|4,6,8,12,13|6|12|13|18|3|16|4|32|18|16|11|40,32,14,4|52|18|40,34,10,0|38|16|5|0,5,4,5,0|4|69|4|0|1
006597|box_n5_H14|b001642|4,6,8,13,14|6|13|14|12|4|14|4|0|11|8|12|44,50,22,4|26|12|48,46,14,2|34|14|1|1,-1,-4,-1,1|3|45|3|0|1
006598|box_n5_H14|b001643|4,6,9,10,11|6|10|11|10|3|12|3|-8|10|14|10|34,38,16,2|20|10|36,32,8,0|28|12|2|-2,1,2,1,-2|3|115|3|0|1
006599|box_n5_H14|b001644|4,6,9,10,12|6|10|12|10|3|12|3|4|10|16|10|40,44,16,2|20|10|40,36,8,0|28|12|4|-6,4,4,4,-6|7|142|8|1|1
006600|box_n5_H14|b001645|4,6,9,10,13|6|10|13|8|3|8|4|-8|8|-14|6|34,38,14,2|16|8|44,48,12,0|12|8|0|-4,0,0,0,-4|3|66|3|0|1
006601|box_n5_H14|b001646|4,6,9,10,14|6|10|14|8|3|14|4|-8|8|8|12|34,38,14,2|16|8|50,50,14,0|28|14|2|2,-4,0,-4,2|8|105|8|0|1
006602|box_n5_H14|b001647|4,6,9,11,12|6|11|12|14|3|16|3|14|14|20|14|40,40,16,2|32|14|40,34,10,0|38|16|4|-3,4,4,4,-3|4|9|4|0|1
006603|box_n5_H14|b001648|4,6,9,11,13|6|11|13|12|3|12|4|6|12|-10|10|37,38,15,2|27|12|45,48,15,0|21|12|4|-2,-2,4,-2,-2|3|18|3|0|1
006604|box_n5_H14|b001649|4,6,9,11,14|6|11|14|12|3|18|4|6|12|8|16|36,36,14,2|28|12|48,46,16,0|38|18|2|2,-1,0,-1,2|3|33|3|0|1
006605|box_n5_H14|b001650|4,6,9,12,13|6|12|13|14|3|10|4|20|14|-6|8|40,34,10,2|38|14|40,36,6,0|24|10|4|-1,4,4,4,-1|4|74|4|0|1
006606|box_n5_H14|b001651|4,6,9,12,14|6|12|14|14|3|16|4|16|14|8|14|40,36,12,2|36|14|40,30,6,0|42|16|6|0,4,6,4,0|7|39|8|1|1
006607|box_n5_H14|b001652|4,6,9,13,14|6|13|14|10|4|14|4|-14|10|8|12|44,48,16,2|20|10|48,46,12,0|30|14|2|2,-2,-2,-2,2|3|39|3|0|1
006608|box_n5_H14|b001653|4,6,10,11,12|6|11|12|12|3|12|3|12|11|24|10|40,40,16,4|32|12|40,32,6,2|36|12|8|-1,1,8,1,-1|4|69|4|0|1
006609|box_n5_H14|b001654|4,6,10,11,13|6|11|13|12|3|10|4|2|12|-2|8|37,39,19,5|32|12|45,45,13,3|26|10|2|-2,0,2,0,-2|3|72|3|0|1
006610|box_n5_H14|b001655|4,6,10,11,14|6|11|14|6|3|12|4|0|5|8|10|36,38,12,4|18|6|48,46,12,2|30|12|2|0,-1,2,-1,0|3|2|3|0|1
006611|box_n5_H14|b001656|4,6,10,12,13|6|12|13|14|3|12|4|20|14|0|7|40,34,12,4|42|14|40,34,6,0|30|12|6|-1,6,2,6,-1|4|75|4|0|1
006612|box_n5_H14|b001657|4,6,10,13,14|6|13|14|8|4|14|4|-16|7|12|12|44,50,18,4|18|8|48,44,12,2|36|14|2|2,-2,-2,-2,2|3|329|3|0|1
006613|box_n5_H14|b001658|4,6,11,12,13|6|12|13|18|3|16|4|24|18|2|14|40,34,14,2|46|18|40,36,12,0|36|16|6|-1,3,6,3,-1|4|3|4|0|1
006614|box_n5_H14|b001659|4,6,11,12,14|6|12|14|14|3|18|4|20|14|4|16|40,36,12,2|36|14|40,32,10,0|44|18|6|-1,4,6,4,-1|8|74|8|0|1
006615|box_n5_H14|b001660|4,6,11,13,14|6|13|14|10|4|16|4|-10|10|8|14|44,50,18,2|18|10|48,46,14,0|34|16|0|0,-1,-2,-1,0|3|45|3|0|1
006616|box_n5_H14|b001661|4,6,12,13,14|6|13|14|14|4|16|4|-8|13|0|14|44,54,28,4|26|14|48,54,24,2|30|16|-1|-1,-6,-2,-6,-1|3|9|3|0|1
006617|box_n5_H14|b001662|4,7,8,9,10|6|9|10|8|3|10|3|-6|8|0|8|30,36,16,2|14|8|32,34,14,2|22|10|2|-3,-2,2,-2,-3|2|0|2|0|0
006618|box_n5_H14|b001663|4,7,8,9,11|6|9|11|10|3|10|3|6|10|-2|8|31,32,13,2|23|10|37,38,11,0|19|10|2|-1,-1,2,-1,-1|3|180|3|0|0
006619|box_n5_H14|b001664|4,7,8,9,12|6|9|12|10|3|12|3|6|10|8|10|30,30,12,2|24|10|36,34,12,2|30|12|2|0,0,2,0,0|6|13|6|0|1
006620|box_n5_H14|b001665|4,7,8,9,13|6|9|13|12|3|14|4|6|12|10|12|31,32,15,2|27|12|43,44,17,2|31|14|2|2,-2,-2,-2,2|3|72|3|0|1
006621|box_n5_H14|b001666|4,7,8,9,14|6|9|14|10|3|18|4|2|10|32|16|30,32,14,2|22|10|48,40,10,0|44|18|4|-2,3,4,3,-2|4|158|4|0|1
006622|box_n5_H14|b001667|4,7,8,10,11|6|10|11|10|3|14|3|4|8|10|12|34,36,14,2|22|10|36,30,8,0|34|14|2|0,1,2,1,0|4|0|4|0|0
006623|box_n5_H14|b001668|4,7,8,10,12|6|10|12|10|3|14|3|8|10|16|12|40,46,20,4|22|10|40,38,14,2|34|14|6|-1,-4,6,-4,-1|7|69|8|1|1
006624|box_n5_H14|b001669|4,7,8,10,13|6|10|13|10|3|14|4|-4|10|14|12|34,40,20,4|22|10|44,44,16,2|32|14|0|-2,-1,0,-1,-2|4|0|4|0|1
006625|box_n5_H14|b001670|4,7,8,10,14|6|10|14|12|3|18|4|4|12|36|16|34,36,18,4|30|12|50,42,10,0|44|18|2|1,1,2,1,1|8|35|8|0|1
006626|box_n5_H14|b001671|4,7,8,11,12|6|11|12|10|3|14|3|2|10|24|10|40,42,14,2|22|10|40,34,8,0|34|14|4|1,-1,4,-1,1|4|65|4|0|1
006627|box_n5_H14|b001672|4,7,8,11,13|6|11|13|12|3|16|4|-6|12|26|12|37,40,17,2|25|12|45,40,11,0|37|16|1|1,0,0,0,1|4|143|4|0|1
006628|box_n5_H14|b001673|4,7,8,11,14|6|11|14|10|3|18|4|-6|10|36|16|36,38,14,2|22|10|48,38,8,0|46|18|4|0,2,4,2,0|4|0|4|0|1
006629|box_n5_H14|b001674|4,7,8,12,13|6|12|13|16|3|12|4|12|16|10|10|40,40,20,4|40|16|40,38,12,2|30|12|1|0,1,0,1,0|4|83|4|0|1
006630|box_n5_H14|b001675|4,7,8,12,14|6|12|14|16|3|12|4|16|16|16|10|40,38,18,4|42|16|40,32,4,0|32|12|6|-2,6,2,6,-2|7|33|8|1|1
006631|box_n5_H14|b001676|4,7,8,13,14|6|13|14|18|4|22|4|18|18|40|20|44,42,20,4|46|18|48,36,10,0|56|22|6|1,6,0,6,1|4|0|4|0|1
006632|box_n5_H14|b001677|4,7,9,10,11|6|10|11|8|3|10|3|-4|8|2|8|34,36,12,2|18|8|36,32,6,0|24|10|2|0,0,2,0,0|4|330|4|0|0
006633|box_n5_H14|b001678|4,7,9,10,12|6|10|12|10|3|12|3|0|10|-4|10|40,46,18,2|18|10|40,42,14,0|22|12|2|-3,-2,2,-2,-3|7|177|8|1|1
006634|box_n5_H14|b001679|4,7,9,10,13|6|10|13|8|3|12|4|-8|8|-2|10|34,38,14,2|16|8|44,44,12,0|24|12|0|-2,0,0,0,-2|4|390|4|0|1
006635|box_n5_H14|b001680|4,7,9,10,14|6|10|14|10|3|14|4|0|10|24|12|34,34,12,2|24|10|50,44,8,0|34|14|2|1,1,2,1,1|8|210|10|2|1
006636|box_n5_H14|b001681|4,7,9,11,12|6|11|12|10|3|10|3|-6|10|4|8|40,44,16,2|20|10|40,38,8,0|22|10|1|-2,1,0,1,-2|4|136|4|0|1
006637|box_n5_H14|b001682|4,7,9,11,13|6|11|13|8|3|8|4|-12|8|4|6|37,41,14,2|16|8|45,43,6,0|18|8|2|0,-2,2,-2,0|4|429|4|0|1
006638|box_n5_H14|b001683|4,7,9,11,14|6|11|14|10|3|16|4|-2|10|32|14|36,34,10,2|26|10|48,36,4,0|44|16|4|2,4,2,4,2|4|462|4|0|1
006639|box_n5_H14|b001684|4,7,9,12,13|6|12|13|12|3|12|4|-4|12|-10|10|40,42,16,2|26|12|40,40,12,0|24|12|0|-1,0,0,0,-1|4|206|4|0|1
006640|box_n5_H14|b001685|4,7,9,12,14|6|12|14|14|3|16|4|4|14|12|14|40,38,14,2|34|14|40,30,6,0|42|16|6|-2,6,4,6,-2|7|33|8|1|1
006641|box_n5_H14|b001686|4,7,9,13,14|6|13|14|14|4|16|4|6|14|32|14|44,40,12,2|36|14|48,36,4,0|44|16|5|2,5,2,5,2|4|546|4|0|1
006642|box_n5_H14|b001687|4,7,10,11,12|6|11|12|10|3|10|3|2|10|8|8|40,44,18,4|24|10|40,36,6,0|24|10|4|0,-2,4,-2,0|4|155|4|0|1
006643|box_n5_H14|b001688|4,7,10,11,13|6|11|13|10|3|12|4|-6|10|10|10|37,42,19,4|23|10|45,40,7,0|29|12|0|0,0,0,0,0|4|143|4|0|1
006644|box_n5_H14|b001689|4,7,10,11,14|6|11|14|10|3|16|4|2|8|32|14|36,36,12,2|24|10|48,36,4,0|44|16|4|0,4,4,4,0|4|0|4|0|1
006645|box_n5_H14|b001690|4,7,10,12,13|6|12|13|10|3|8|4|-4|10|-6|6|40,42,14,2|22|10|40,38,6,0|18|8|2|-1,2,-2,2,-1|2|34|3|1|1
006646|box_n5_H14|b001691|4,7,10,12,14|6|12|14|12|3|12|4|4|12|8|10|40,38,12,2|30|12|40,32,4,0|32|12|6|-2,4,6,4,-2|8|249|8|0|1
006647|box_n5_H14|b001692|4,7,10,13,14|6|13|14|12|4|18|4|2|12|36|16|44,42,12,2|30|12|48,34,4,0|50|18|5|2,5,2,5,2|4|0|4|0|1
006648|box_n5_H14|b001693|4,7,11,12,13|6|12|13|12|3|10|4|4|12|-2|8|40,42,20,6|34|12|40,40,14,4|28|10|2|-1,-1,2,-1,-1|4|225|4|0|1
006649|box_n5_H14|b001694|4,7,11,12,14|6|12|14|12|3|16|4|12|10|16|14|40,38,14,4|34|12|40,32,10,2|44|16|6|-3,6,4,6,-3|7|178|8|1|1
006650|box_n5_H14|b001695|4,7,11,13,14|6|13|14|12|4|20|4|10|10|40|18|44,42,14,4|34|12|48,36,10,2|56|20|6|0,6,2,6,0|4|0|4|0|1
006651|box_n5_H14|b001696|4,7,12,13,14|6|13|14|12|4|14|4|-6|12|12|12|44,46,16,2|26|12|48,44,10,0|32|14|2|-1,1,2,1,-1|3|75|3|0|1
006652|box_n5_H14|b001697|4,8,9,10,11|6|10|11|10|3|12|3|-8|10|10|10|34,40,20,4|22|10|36,32,8,0|28|12|2|-3,1,2,1,-3|4|330|4|0|0
006653|box_n5_H14|b001698|4,8,9,10,12|6|10|12|8|3|10|3|0|8|4|8|40,48,20,4|16|8|40,40,12,2|24|10|4|-4,-2,4,-2,-4|4|139|8|4|1
006654|box_n5_H14|b001699|4,8,9,10,13|6|10|13|8|3|10|4|-8|6|2|8|34,40,16,2|14|8|44,44,10,0|20|10|0|-3,0,0,0,-3|4|390|4|0|1
006655|box_n5_H14|b001700|4,8,9,10,14|6|10|14|10|3|14|4|-8|10|20|12|34,40,20,4|22|10|50,48,14,2|34|14|2|2,-4,0,-4,2|8|70|8|0|1
006656|box_n5_H14|b001701|4,8,9,11,12|6|11|12|10|3|14|3|2|10|8|12|40,44,16,2|20|10|40,38,14,2|34|14|2|-2,0,2,0,-2|3|21|3|0|1
006657|box_n5_H14|b001702|4,8,9,11,13|6|11|13|12|3|14|4|-2|12|6|12|37,40,17,2|25|12|45,44,13,0|29|14|2|0,-2,2,-2,0|4|429|4|0|1
006658|box_n5_H14|b001703|4,8,9,11,14|6|11|14|10|3|18|4|-10|10|20|16|36,42,18,2|18|10|48,44,16,2|44|18|1|1,-1,-2,-1,1|4|462|4|0|1
006659|box_n5_H14|b001704|4,8,9,12,13|6|12|13|12|3|10|4|4|10|-2|8|40,40,14,2|28|12|40,38,8,0|22|10|1|0,1,0,1,0|3|31|3|0|1
006660|box_n5_H14|b001705|4,8,9,12,14|6|12|14|12|3|12|4|-4|12|8|8|40,44,20,4|28|12|40,34,6,0|30|12|4|-2,4,-2,4,-2|5|33|8|3|1
006661|box_n5_H14|b001706|4,8,9,13,14|6|13|14|14|4|16|4|-2|14|24|12|44,46,18,2|30|14|48,42,10,0|38|16|2|2,2,-4,2,2|4|546|4|0|1
006662|box_n5_H14|b001707|4,8,10,11,12|6|11|12|12|3|14|3|12|11|16|12|40,44,20,4|28|12|40,36,12,2|36|14|6|0,-3,6,-3,0|4|67|4|0|1
006663|box_n5_H14|b001708|4,8,10,11,13|6|11|13|14|3|16|4|6|14|18|14|37,41,23,5|34|14|45,41,15,3|42|16|0|0,0,0,0,0|4|66|4|0|1
006664|box_n5_H14|b001709|4,8,10,11,14|6|11|14|8|3|16|4|-4|7|20|14|36,44,20,4|16|8|48,44,14,2|40|16|0|-1,-1,0,-1,-1|4|0|4|0|1
006665|box_n5_H14|b001710|4,8,10,12,13|6|12|13|12|3|8|4|8|12|8|3|40,40,16,4|32|12|40,36,4,0|20|8|3|0,3,-2,3,0|4|61|4|0|1
006666|box_n5_H14|b001711|4,8,10,13,14|6|13|14|12|4|18|4|0|11|28|16|44,48,20,4|28|12|48,40,12,2|48|18|2|2,2,-4,2,2|4|0|4|0|1
006667|box_n5_H14|b001712|4,8,11,12,13|6|12|13|14|3|12|4|12|14|10|10|40,40,18,4|36|14|40,38,12,2|30|12|2|0,0,2,0,0|4|69|4|0|1
006668|box_n5_H14|b001713|4,8,11,12,14|6|12|14|10|3|10|4|4|10|4|6|40,44,18,4|24|10|40,36,6,0|24|10|4|-3,4,-2,4,-3|5|213|8|3|1
006669|box_n5_H14|b001714|4,8,11,13,14|6|13|14|12|4|18|4|6|12|24|16|44,48,20,4|28|12|48,42,14,2|46|18|3|0,3,-4,3,0|4|0|4|0|1
006670|box_n5_H14|b001715|4,8,12,13,14|6|13|14|10|4|10|4|-4|9|4|6|44,52,26,8|28|10|48,50,18,6|30|10|-1|-1,-2,-4,-2,-1|3|82|3|0|1
006671|box_n5_H14|b001716|4,9,10,11,12|6|11|12|10|3|10|3|-2|10|-4|8|40,46,20,4|22|10|40,40,10,0|20|10|2|-3,-1,2,-1,-3|3|58|3|0|1
006672|box_n5_H14|b001717|4,9,10,11,13|6|11|13|10|3|10|4|-6|10|-2|8|37,42,19,4|23|10|45,44,9,0|21|10|2|-1,-2,2,-2,-1|4|429|4|0|1
006673|box_n5_H14|b001718|4,9,10,11,14|6|11|14|6|3|14|4|-6|4|12|12|36,40,12,2|12|6|48,42,8,0|34|14|1|1,1,-2,1,1|4|462|4|0|1
006674|box_n5_H14|b001719|4,9,10,12,13|6|12|13|10|3|10|4|-8|10|-10|8|40,42,14,2|22|10|40,38,8,0|22|10|2|-1,2,-2,2,-1|3|34|3|0|1
006675|box_n5_H14|b001720|4,9,10,12,14|6|12|14|8|3|10|4|-12|8|-4|8|40,44,14,2|16|8|40,34,4,0|26|10|2|-2,2,2,2,-2|7|249|8|1|1
006676|box_n5_H14|b001721|4,9,10,13,14|6|13|14|8|4|14|4|-10|8|16|12|44,46,12,2|18|8|48,40,6,0|36|14|3|3,1,-2,1,3|4|546|4|0|1
006677|box_n5_H14|b001722|4,9,11,12,13|6|12|13|10|3|10|4|-4|10|-14|8|40,42,14,2|22|10|40,40,10,0|20|10|2|-1,-1,2,-1,-1|3|31|3|0|1
006678|box_n5_H14|b001723|4,9,11,12,14|6|12|14|10|3|16|4|-8|10|4|14|40,44,16,2|20|10|40,34,10,0|38|16|4|-3,4,0,4,-3|6|68|8|2|1
006679|box_n5_H14|b001724|4,9,11,13,14|6|13|14|8|4|14|4|-10|8|20|12|44,46,12,2|18|8|48,42,8,0|34|14|2|1,2,-2,2,1|4|546|4|0|1
006680|box_n5_H14|b001725|4,9,12,13,14|6|13|14|8|4|12|4|-18|8|0|8|44,50,16,2|14|8|48,50,14,0|22|12|0|0,-3,-2,-3,0|3|39|3|0|1
006681|box_n5_H14|b001726|4,10,11,12,13|6|12|13|12|3|10|4|-4|12|-2|8|40,42,16,2|26|12|40,38,8,0|22|10|1|-1,1,0,1,-1|4|135|4|0|1
006682|box_n5_H14|b001727|4,10,11,12,14|6|12|14|8|3|10|4|-8|8|-4|8|40,44,14,2|16|8|40,36,6,0|24|10|2|-3,2,2,2,-3|7|249|8|1|1
006683|box_n5_H14|b001728|4,10,11,13,14|6|13|14|10|4|18|4|-6|10|20|16|44,48,16,2|20|10|48,40,10,0|44|18|2|1,2,-2,2,1|4|0|4|0|1
006684|box_n5_H14|b001729|4,10,12,13,14|6|13|14|8|4|12|4|-16|7|-4|10|44,52,20,4|16|8|48,48,14,2|28|12|0|0,-3,-2,-3,0|2|3|3|1|1
006685|box_n5_H14|b001730|4,11,12,13,14|6|13|14|8|4|12|4|-18|8|0|10|44,52,18,2|12|8|48,50,16,2|26|12|-2|-2,-2,-2,-2,-2|3|177|3|0|1
006686|box_n5_H14|b001731|5,6,7,8,9|6|8|9|6|2|10|2|-8|6|6|8|28,32,12,2|12|6|30,28,8,0|22|10|2|-2,0,2,0,-2|4|212|4|0|1
006687|box_n5_H14|b001732|5,6,7,8,10|6|8|10|8|2|10|2|0|8|12|8|28,28,10,2|20|8|32,28,6,0|24|10|5|-4,5,2,5,-4|4|2|4|0|1
006688|box_n5_H14|b001733|5,6,7,8,11|6|8|11|4|2|8|3|-8|4|-2|6|28,32,10,2|8|4|36,34,6,0|18|8|2|-1,-1,2,-1,-1|2|17|3|1|1
006689|box_n5_H14|b001734|5,6,7,8,12|6|8|12|8|2|12|3|8|8|12|10|32,32,10,2|20|8|40,34,6,0|30|12|4|-3,4,4,4,-3|8|36|8|0|1
006690|box_n5_H14|b001735|5,6,7,8,13|6|8|13|6|2|10|3|-4|6|-6|8|28,30,10,2|14|6|44,44,10,0|20|10|1|1,-1,-2,-1,1|3|209|3|0|1
006691|box_n5_H14|b001736|5,6,7,8,14|6|8|14|8|2|14|3|0|8|16|12|28,28,10,2|20|8|48,44,10,0|32|14|3|-1,3,0,3,-1|4|2|4|0|1
006692|box_n5_H14|b001737|5,6,7,9,10|6|9|10|12|2|14|2|10|12|20|12|30,26,10,2|32|12|32,24,6,0|36|14|6|-2,6,4,6,-2|4|52|4|0|1
006693|box_n5_H14|b001738|5,6,7,9,11|6|9|11|8|2|12|3|0|8|8|10|31,33,12,2|18|8|37,31,6,0|30|12|2|1,0,2,0,1|4|208|4|0|1
006694|box_n5_H14|b001739|5,6,7,9,12|6|9|12|6|2|10|3|-2|6|4|8|30,32,10,2|14|6|36,30,4,0|26|10|4|-2,2,4,2,-2|5|74|12|7|1
006695|box_n5_H14|b001740|5,6,7,9,13|6|9|13|8|2|12|3|0|8|-8|10|31,33,12,2|18|8|43,43,12,0|24|12|0|0,-1,0,-1,0|4|223|4|0|1
006696|box_n5_H14|b001741|5,6,7,9,14|6|9|14|12|2|14|3|10|12|16|12|30,26,10,2|32|12|48,44,10,0|32|14|6|1,0,6,0,1|4|43|4|0|1
006697|box_n5_H14|b001742|5,6,7,10,11|6|10|11|12|2|12|3|16|12|10|10|34,30,10,2|32|12|36,28,4,0|32|12|4|1,3,4,3,1|3|57|3|0|1
006698|box_n5_H14|b001743|5,6,7,10,12|6|10|12|14|2|14|3|32|14|16|12|40,34,10,2|38|14|40,32,6,0|36|14|8|-3,8,4,8,-3|7|32|8|1|1
006699|box_n5_H14|b001744|5,6,7,10,13|6|10|13|10|2|10|3|12|10|-2|8|34,32,10,2|26|10|44,42,8,0|22|10|4|-2,2,4,2,-2|3|144|3|0|1
006700|box_n5_H14|b001745|5,6,7,10,14|6|10|14|14|2|20|3|20|14|36|18|34,28,10,2|38|14|50,38,8,0|52|20|8|-2,7,8,7,-2|6|50|6|0|1
006701|box_n5_H14|b001746|5,6,7,11,12|6|11|12|8|3|12|3|6|8|16|10|40,38,8,2|22|8|40,32,4,0|32|12|4|0,3,4,3,0|4|224|4|0|1
006702|box_n5_H14|b001747|5,6,7,11,13|6|11|13|8|3|12|3|-4|8|4|10|37,37,10,2|20|8|45,41,8,0|28|12|2|1,0,2,0,1|3|148|3|0|1
006703|box_n5_H14|b001748|5,6,7,11,14|6|11|14|10|3|14|3|2|10|24|12|36,32,8,2|28|10|48,40,6,0|36|14|6|0,3,6,3,0|3|49|3|0|1
006704|box_n5_H14|b001749|5,6,7,12,13|6|12|13|10|3|10|3|4|10|-6|8|40,38,10,2|26|10|40,36,6,0|24|10|4|-3,4,4,4,-3|4|356|4|0|1
006705|box_n5_H14|b001750|5,6,7,12,14|6|12|14|14|3|14|3|16|14|12|12|40,32,8,2|40|14|40,30,4,0|38|14|10|0,4,10,4,0|7|74|8|1|1
006706|box_n5_H14|b001751|5,6,7,13,14|6|13|14|14|3|16|3|-2|14|24|14|44,42,14,2|34|14|48,40,8,0|40|16|6|0,2,6,2,0|3|123|3|0|1
006707|box_n5_H14|b001752|5,6,8,9,10|6|9|10|10|2|12|2|6|10|12|10|30,28,10,2|26|10|32,26,6,0|30|12|6|-2,3,6,3,-2|4|52|4|0|1
006708|box_n5_H14|b001753|5,6,8,9,11|6|9|11|8|2|12|3|2|8|6|10|31,32,11,2|19|8|37,32,7,0|29|12|2|0,2,0,2,0|3|37|3|0|1
006709|box_n5_H14|b001754|5,6,8,9,12|6|9|12|10|2|14|3|-2|10|8|12|30,32,14,2|22|10|36,30,8,0|34|14|4|-2,2,4,2,-2|6|18|6|0|1
006710|box_n5_H14|b001755|5,6,8,9,13|6|9|13|8|2|12|3|-2|8|-10|10|31,34,13,2|17|8|43,46,15,0|21|12|2|0,-4,2,-4,0|2|3|2|0|1
006711|box_n5_H14|b001756|5,6,8,9,14|6|9|14|8|2|14|3|-6|8|0|12|30,34,14,2|16|8|48,48,14,0|28|14|2|2,-4,0,-4,2|4|71|4|0|1
006712|box_n5_H14|b001757|5,6,8,10,11|6|10|11|8|2|10|3|4|8|10|8|34,34,10,2|20|8|36,28,2,0|28|10|4|-2,4,4,4,-2|3|117|3|0|1
006713|box_n5_H14|b001758|5,6,8,10,12|6|10|12|14|2|14|3|24|14|24|12|40,36,12,2|36|14|40,30,4,0|38|14|8|-4,8,6,8,-4|8|112|8|0|1
006714|box_n5_H14|b001759|5,6,8,10,13|6|10|13|8|2|12|3|4|8|2|10|34,34,10,2|20|8|44,42,10,0|26|12|4|-3,2,4,2,-3|3|51|3|0|1
006715|box_n5_H14|b001760|5,6,8,10,14|6|10|14|10|2|16|3|4|10|20|14|34,34,12,2|24|10|50,42,8,0|40|16|6|-1,2,6,2,-1|6|29|6|0|1
006716|box_n5_H14|b001761|5,6,8,11,12|6|11|12|12|3|12|3|6|12|20|10|40,38,12,2|30|12|40,32,4,0|32|12|6|0,2,6,2,0|4|63|4|0|1
006717|box_n5_H14|b001762|5,6,8,11,13|6|11|13|8|3|10|3|-2|8|6|8|37,36,9,2|21|8|45,42,7,0|23|10|2|1,0,2,0,1|4|71|4|0|1
006718|box_n5_H14|b001763|5,6,8,11,14|6|11|14|6|3|8|3|-14|6|0|6|36,40,12,2|12|6|48,48,8,0|16|8|2|-1,-2,2,-2,-1|3|247|3|0|1
006719|box_n5_H14|b001764|5,6,8,12,13|6|12|13|12|3|16|3|12|12|2|14|40,36,10,2|32|12|40,34,10,0|38|16|5|-2,5,4,5,-2|4|8|4|0|1
006720|box_n5_H14|b001765|5,6,8,12,14|6|12|14|14|3|16|3|8|14|-4|14|40,38,14,2|34|14|40,34,10,0|38|16|4|0,2,4,2,0|7|32|8|1|1
006721|box_n5_H14|b001766|5,6,8,13,14|6|13|14|10|3|12|3|-10|10|4|10|44,48,16,2|20|10|48,46,10,0|26|12|0|0,-1,0,-1,0|3|33|3|0|1
006722|box_n5_H14|b001767|5,6,9,10,11|6|10|11|10|2|14|3|12|10|14|12|34,34,12,2|24|10|36,30,8,0|34|14|4|-2,3,4,3,-2|3|64|3|0|1
006723|box_n5_H14|b001768|5,6,9,10,12|6|10|12|16|2|16|3|32|16|16|14|40,36,14,2|40|16|40,34,10,0|38|16|10|-6,10,2,10,-6|8|103|8|0|1
006724|box_n5_H14|b001769|5,6,9,10,13|6|10|13|14|2|14|3|16|14|2|12|34,32,14,2|34|14|44,42,12,0|30|14|4|-3,3,4,3,-3|3|4|3|0|1
006725|box_n5_H14|b001770|5,6,9,10,14|6|10|14|12|2|18|3|16|12|16|16|34,32,12,2|30|12|50,44,12,0|42|18|6|-1,2,6,2,-1|6|85|8|2|1
006726|box_n5_H14|b001771|5,6,9,11,12|6|11|12|12|3|14|3|10|12|12|12|40,40,14,2|28|12|40,36,10,0|32|14|4|-3,4,2,4,-3|4|63|4|0|1
006727|box_n5_H14|b001772|5,6,9,11,13|6|11|13|10|3|12|3|4|10|0|10|37,37,12,2|24|10|45,45,12,0|24|12|4|0,-2,4,-2,0|4|71|4|0|1
006728|box_n5_H14|b001773|5,6,9,11,14|6|11|14|10|3|12|3|2|10|4|10|36,36,12,2|24|10|48,46,10,0|26|12|1|1,0,0,0,1|3|49|3|0|1
006729|box_n5_H14|b001774|5,6,9,12,13|6|12|13|14|3|12|3|8|14|-2|10|40,38,14,2|34|14|40,36,8,0|28|12|4|-3,4,4,4,-3|4|69|4|0|1
006730|box_n5_H14|b001775|5,6,9,12,14|6|12|14|10|3|14|3|8|10|0|12|40,38,10,2|26|10|40,32,6,0|36|14|6|0,2,6,2,0|7|74|8|1|1
006731|box_n5_H14|b001776|5,6,9,13,14|6|13|14|12|3|14|3|-6|12|4|12|44,46,16,2|26|12|48,46,12,0|30|14|2|1,-2,2,-2,1|3|123|3|0|1
006732|box_n5_H14|b001777|5,6,10,11,12|6|11|12|12|3|14|3|10|12|24|12|40,40,14,2|28|12|40,34,8,0|34|14|6|-1,1,6,1,-1|4|213|4|0|1
006733|box_n5_H14|b001778|5,6,10,11,13|6|11|13|12|3|14|3|2|12|14|10|37,38,15,2|27|12|45,42,11,0|31|14|2|0,0,2,0,0|4|391|4|0|1
006734|box_n5_H14|b001779|5,6,10,11,14|6|11|14|10|3|14|3|-2|10|20|10|36,38,14,2|22|10|48,46,12,0|30|14|2|-1,0,2,0,-1|3|49|3|0|1
006735|box_n5_H14|b001780|5,6,10,12,13|6|12|13|16|3|16|3|16|16|10|14|40,38,16,2|38|16|40,34,12,2|42|16|6|-3,6,2,6,-3|4|62|4|0|1
006736|box_n5_H14|b001781|5,6,10,12,14|6|12|14|16|3|18|3|16|16|12|16|40,38,16,2|38|16|40,34,14,2|46|18|8|0,0,8,0,0|8|74|8|0|1
006737|box_n5_H14|b001782|5,6,10,13,14|6|13|14|14|3|18|3|-2|14|24|16|44,48,22,4|32|14|48,44,16,2|44|18|2|1,-2,2,-2,1|3|33|3|0|1
006738|box_n5_H14|b001783|5,6,11,12,13|6|12|13|12|3|14|3|12|12|6|10|40,38,14,4|34|12|40,36,12,2|36|14|6|-3,3,6,3,-3|4|62|4|0|1
006739|box_n5_H14|b001784|5,6,11,12,14|6|12|14|14|3|14|3|12|14|0|10|40,38,16,4|38|14|40,34,10,2|38|14|6|-1,2,6,2,-1|8|249|8|0|1
006740|box_n5_H14|b001785|5,6,11,13,14|6|13|14|12|3|14|3|-2|12|8|12|44,48,22,6|32|12|48,46,16,4|38|14|2|-1,-1,2,-1,-1|3|137|3|0|1
006741|box_n5_H14|b001786|5,6,12,13,14|6|13|14|14|3|16|3|-6|14|-4|14|44,52,26,4|28|14|48,54,24,2|30|16|2|-2,-6,2,-6,-2|3|9|3|0|1
006742|box_n5_H14|b001787|5,7,8,9,10|6|9|10|12|2|12|2|10|12|12|10|30,28,12,2|30|12|32,28,8,0|28|12|6|-3,3,6,3,-3|4|52|4|0|0
006743|box_n5_H14|b001788|5,7,8,9,11|6|9|11|10|2|10|3|4|10|0|8|31,33,14,2|22|10|37,37,10,0|20|10|0|-1,0,0,0,-1|3|18|3|0|0
006744|box_n5_H14|b001789|5,7,8,9,12|6|9|12|10|2|8|3|6|10|-12|6|30,30,12,2|24|10|36,36,8,0|16|8|0|0,0,0,0,0|5|16|6|1|1
006745|box_n5_H14|b001790|5,7,8,9,13|6|9|13|10|2|12|3|4|10|4|10|31,33,14,2|22|10|43,41,10,0|26|12|2|0,-1,2,-1,0|3|18|3|0|1
006746|box_n5_H14|b001791|5,7,8,9,14|6|9|14|12|2|16|3|6|12|24|14|30,30,14,2|28|12|48,42,10,0|38|16|4|-1,2,4,2,-1|4|71|4|0|1
006747|box_n5_H14|b001792|5,7,8,10,11|6|10|11|12|2|16|3|12|12|14|14|34,32,12,2|30|12|36,28,8,0|40|16|4|0,3,4,3,0|4|0|4|0|0
006748|box_n5_H14|b001793|5,7,8,10,12|6|10|12|12|2|14|3|24|12|4|12|40,38,12,2|30|12|40,36,10,0|32|14|4|-1,2,4,2,-1|5|68|8|3|1
006749|box_n5_H14|b001794|5,7,8,10,13|6|10|13|10|2|16|3|8|10|14|14|34,34,12,2|24|10|44,38,10,0|38|16|4|-1,2,4,2,-1|4|0|4|0|1
006750|box_n5_H14|b001795|5,7,8,10,14|6|10|14|14|2|22|3|16|14|44|20|34,30,12,2|36|14|50,36,8,0|58|22|8|-2,7,8,7,-2|8|35|8|0|1
006751|box_n5_H14|b001796|5,7,8,11,12|6|11|12|10|3|12|3|2|10|4|10|40,42,14,2|22|10|40,36,8,0|28|12|2|1,-1,2,-1,1|4|155|4|0|1
006752|box_n5_H14|b001797|5,7,8,11,13|6|11|13|10|3|16|3|-4|10|20|14|37,39,14,2|22|10|45,37,8,0|40|16|3|3,0,0,0,3|4|0|5|1|1
006753|box_n5_H14|b001798|5,7,8,11,14|6|11|14|10|3|18|3|-6|10|32|16|36,38,14,2|22|10|48,38,8,0|46|18|4|-1,3,4,3,-1|4|0|4|0|1
006754|box_n5_H14|b001799|5,7,8,12,13|6|12|13|8|3|10|3|-12|8|-2|8|40,44,14,2|16|8|40,38,8,0|22|10|1|-2,1,0,1,-2|3|73|4|1|1
006755|box_n5_H14|b001800|5,7,8,12,14|6|12|14|12|3|14|3|-4|12|8|12|40,40,14,2|28|12|40,34,8,0|34|14|4|-2,4,2,4,-2|6|45|6|0|1
006756|box_n5_H14|b001801|5,7,8,13,14|6|13|14|16|3|18|3|10|16|36|16|44,40,14,2|40|16|48,36,6,0|48|18|6|0,6,4,6,0|4|0|4|0|1
006757|box_n5_H14|b001802|5,7,9,10,11|6|10|11|12|2|14|3|12|12|12|12|34,32,12,2|30|12|36,30,8,0|34|14|4|0,2,4,2,0|4|270|4|0|0
006758|box_n5_H14|b001803|5,7,9,10,12|6|10|12|12|2|10|3|24|12|-8|8|40,38,12,2|30|12|40,40,12,2|24|10|4|-3,4,0,4,-3|6|68|8|2|1
006759|box_n5_H14|b001804|5,7,9,10,13|6|10|13|12|2|16|3|12|12|16|14|34,32,12,2|30|12|44,38,10,0|38|16|4|-1,3,4,3,-1|4|390|4|0|1
006760|box_n5_H14|b001805|5,7,9,10,14|6|10|14|14|2|18|3|20|14|32|16|34,28,10,2|38|14|50,38,6,0|48|18|8|-2,7,8,7,-2|10|210|10|0|1
006761|box_n5_H14|b001806|5,7,9,11,12|6|11|12|8|3|10|3|0|8|-8|8|40,44,14,2|16|8|40,40,12,2|24|10|1|-2,1,-2,1,-2|2|26|3|1|1
006762|box_n5_H14|b001807|5,7,9,11,13|6|11|13|11|3|17|3|-4|11|16|15|37,40,16,2|23|11|45,40,12,0|39|17|2|2,-2,2,-2,2|4|143|4|0|1
006763|box_n5_H14|b001808|5,7,9,11,14|6|11|14|12|3|16|3|4|12|28|14|36,34,12,2|30|12|48,36,4,0|44|16|5|1,5,2,5,1|4|462|4|0|1
006764|box_n5_H14|b001809|5,7,9,12,13|6|12|13|8|3|10|3|-20|8|-4|8|40,46,18,4|18|8|40,40,10,0|20|10|0|-3,0,0,0,-3|3|76|4|1|1
006765|box_n5_H14|b001810|5,7,9,12,14|6|12|14|8|3|12|3|-8|6|4|10|40,40,10,2|20|8|40,32,4,0|32|12|4|-2,4,4,4,-2|5|207|6|1|1
006766|box_n5_H14|b001811|5,7,9,13,14|6|13|14|16|3|16|3|16|16|28|14|44,38,12,2|42|16|48,36,4,0|44|16|6|1,5,6,5,1|4|462|4|0|1
006767|box_n5_H14|b001812|5,7,10,11,12|6|11|12|10|3|14|3|10|8|4|12|40,44,16,2|20|10|40,38,12,0|30|14|2|0,-2,2,-2,0|4|155|4|0|1
006768|box_n5_H14|b001813|5,7,10,11,13|6|11|13|12|3|20|3|4|12|28|18|37,41,20,4|28|12|45,37,14,2|52|20|2|2,0,0,0,2|4|0|5|1|1
006769|box_n5_H14|b001814|5,7,10,11,14|6|11|14|14|3|22|3|10|14|44|20|36,36,18,4|36|14|48,36,10,0|56|22|5|-1,5,4,5,-1|4|0|4|0|1
006770|box_n5_H14|b001815|5,7,10,12,13|6|12|13|8|3|10|3|-12|8|6|6|40,46,16,2|14|8|40,38,8,0|22|10|2|-3,2,-2,2,-3|3|184|3|0|1
006771|box_n5_H14|b001816|5,7,10,12,14|6|12|14|12|3|14|3|0|12|16|12|40,40,14,2|28|12|40,34,8,0|34|14|6|-2,2,6,2,-2|6|31|8|2|1
006772|box_n5_H14|b001817|5,7,10,13,14|6|13|14|16|3|22|3|18|16|48|20|44,40,16,4|44|16|48,34,8,0|58|22|6|1,5,6,5,1|4|0|4|0|1
006773|box_n5_H14|b001818|5,7,11,12,13|6|12|13|10|3|10|3|-12|10|4|8|40,46,18,2|18|10|40,40,10,0|20|10|2|-3,-1,2,-1,-3|4|61|4|0|1
006774|box_n5_H14|b001819|5,7,11,12,14|6|12|14|14|3|14|3|0|14|12|12|40,40,16,2|32|14|40,34,8,0|34|14|4|-3,4,4,4,-3|6|68|8|2|1
006775|box_n5_H14|b001820|5,7,11,13,14|6|13|14|20|3|24|3|20|20|40|22|44,40,18,2|48|20|48,36,12,0|60|24|6|-1,6,6,6,-1|4|0|4|0|1
006776|box_n5_H14|b001821|5,7,12,13,14|6|13|14|10|3|12|3|-2|8|8|10|44,44,14,4|28|10|48,44,10,2|32|12|6|-2,1,6,1,-2|3|82|3|0|1
006777|box_n5_H14|b001822|5,8,9,10,11|6|10|11|10|2|12|3|0|10|10|10|34,36,14,2|22|10|36,30,6,0|30|12|4|-3,3,4,3,-3|4|330|4|0|0
006778|box_n5_H14|b001823|5,8,9,10,12|6|10|12|12|2|12|3|16|12|0|10|40,40,14,2|28|12|40,38,10,0|26|12|4|-4,4,2,4,-4|6|103|8|2|1
006779|box_n5_H14|b001824|5,8,9,10,13|6|10|13|8|2|12|3|4|8|6|10|34,34,10,2|20|8|44,38,6,0|30|12|4|-2,3,4,3,-2|4|300|4|0|1
006780|box_n5_H14|b001825|5,8,9,10,14|6|10|14|10|2|18|3|4|10|24|16|34,34,12,2|24|10|50,42,10,0|44|18|6|-1,2,6,2,-1|8|210|10|2|1
006781|box_n5_H14|b001826|5,8,9,11,12|6|11|12|12|3|14|3|-2|12|-4|12|40,44,18,2|24|12|40,40,14,0|28|14|0|-2,0,0,0,-2|4|63|4|0|1
006782|box_n5_H14|b001827|5,8,9,11,13|6|11|13|8|3|12|3|-4|8|4|10|37,39,12,2|18|8|45,41,8,0|28|12|2|2,-2,2,-2,2|4|71|4|0|1
006783|box_n5_H14|b001828|5,8,9,11,14|6|11|14|8|3|16|3|-14|8|12|14|36,42,16,2|14|8|48,44,12,0|36|16|0|0,0,-2,0,0|4|462|4|0|1
006784|box_n5_H14|b001829|5,8,9,12,13|6|12|13|8|3|12|3|-12|8|-10|10|40,44,14,2|16|8|40,38,10,0|26|12|1|-2,1,0,1,-2|4|69|4|0|1
006785|box_n5_H14|b001830|5,8,9,12,14|6|12|14|8|3|16|3|-16|8|-4|14|40,46,16,2|14|8|40,36,12,0|36|16|2|-2,2,-2,2,-2|6|74|8|2|1
006786|box_n5_H14|b001831|5,8,9,13,14|6|13|14|10|3|12|3|-6|10|16|10|44,44,12,2|24|10|48,42,6,0|30|12|2|1,2,0,2,1|4|546|4|0|1
006787|box_n5_H14|b001832|5,8,10,11,12|6|11|12|14|3|14|3|10|14|12|12|40,44,22,4|32|14|40,38,14,2|34|14|4|0,-3,4,-3,0|4|133|4|0|1
006788|box_n5_H14|b001833|5,8,10,11,13|6|11|13|12|3|18|3|6|10|22|16|37,40,17,2|25|12|45,38,11,0|43|18|2|2,0,0,0,2|4|143|4|0|1
006789|box_n5_H14|b001834|5,8,10,11,14|6|11|14|10|3|18|3|-6|10|28|16|36,44,22,4|20|10|48,44,16,2|44|18|0|-2,0,0,0,-2|4|0|4|0|1
006790|box_n5_H14|b001835|5,8,10,12,13|6|12|13|10|3|14|3|0|8|6|12|40,44,16,2|20|10|40,36,10,0|32|14|3|-2,3,-2,3,-2|4|68|4|0|1
006791|box_n5_H14|b001836|5,8,10,12,14|6|12|14|12|3|16|3|-4|12|8|14|40,46,22,4|26|12|40,38,16,2|38|16|0|-2,0,0,0,-2|7|74|8|1|1
006792|box_n5_H14|b001837|5,8,10,13,14|6|13|14|14|3|20|3|2|14|36|16|44,46,18,2|30|14|48,40,12,0|48|20|2|1,2,0,2,1|4|0|4|0|1
006793|box_n5_H14|b001838|5,8,11,12,13|6|12|13|8|3|12|3|-4|6|2|10|40,44,14,2|16|8|40,38,12,2|30|12|2|-2,0,2,0,-2|4|81|4|0|1
006794|box_n5_H14|b001839|5,8,11,12,14|6|12|14|10|3|12|3|-8|10|-4|10|40,46,20,4|22|10|40,38,12,2|30|12|2|-3,2,-2,2,-3|6|68|8|2|1
006795|box_n5_H14|b001840|5,8,11,13,14|6|13|14|12|3|16|3|2|12|20|14|44,46,18,4|30|12|48,42,12,2|42|16|3|-1,3,0,3,-1|4|0|4|0|1
006796|box_n5_H14|b001841|5,8,12,13,14|6|13|14|10|3|12|3|-14|10|-4|10|44,50,18,2|18|10|48,50,14,0|22|12|0|-2,-2,0,-2,-2|3|33|3|0|1
006797|box_n5_H14|b001842|5,9,10,11,12|6|11|12|10|3|12|3|2|10|0|10|40,46,20,4|22|10|40,42,16,2|26|12|0|-3,-1,0,-1,-3|4|350|4|0|1
006798|box_n5_H14|b001843|5,9,10,11,13|6|11|13|10|3|16|3|0|10|20|14|37,41,18,4|24|10|45,41,14,2|40|16|2|1,-2,2,-2,1|4|429|4|0|1
006799|box_n5_H14|b001844|5,9,10,11,14|6|11|14|10|3|16|3|-2|8|20|14|36,40,16,2|20|10|48,42,10,0|38|16|2|0,2,-2,2,0|4|462|4|0|1
006800|box_n5_H14|b001845|5,9,10,12,13|6|12|13|12|3|16|3|-8|12|6|14|40,46,22,4|26|12|40,38,16,2|38|16|2|-3,2,-2,2,-3|4|152|4|0|1
006801|box_n5_H14|b001846|5,9,10,12,14|6|12|14|8|3|14|3|-8|6|0|12|40,46,16,2|14|8|40,36,10,0|32|14|2|-2,0,2,0,-2|6|207|6|0|1
006802|box_n5_H14|b001847|5,9,10,13,14|6|13|14|14|3|18|3|10|12|24|16|44,44,16,2|32|14|48,40,10,0|44|18|2|2,1,2,1,2|4|546|4|0|1
006803|box_n5_H14|b001848|5,9,11,12,13|6|12|13|10|3|12|3|-12|10|-4|10|40,46,18,2|18|10|40,40,12,0|24|12|2|-3,-1,2,-1,-3|4|81|4|0|1
006804|box_n5_H14|b001849|5,9,11,12,14|6|12|14|10|3|14|3|-12|10|-4|12|40,46,18,2|18|10|40,36,10,0|32|14|2|-3,2,0,2,-3|6|68|8|2|1
006805|box_n5_H14|b001850|5,9,11,13,14|6|13|14|14|3|16|3|4|14|16|14|44,44,16,2|32|14|48,42,10,0|38|16|2|0,2,2,2,0|4|546|4|0|1
006806|box_n5_H14|b001851|5,9,12,13,14|6|13|14|8|3|12|3|-10|8|-8|10|44,48,14,2|16|8|48,50,14,0|22|12|2|-1,-3,2,-3,-1|3|171|3|0|1
006807|box_n5_H14|b001852|5,10,11,12,13|6|12|13|10|3|14|3|-4|10|14|12|40,46,20,4|22|10|40,38,14,2|34|14|1|-3,1,0,1,-3|4|135|4|0|1
006808|box_n5_H14|b001853|5,10,11,12,14|6|12|14|12|3|12|3|-4|12|4|10|40,46,22,4|26|12|40,38,12,2|30|12|2|-3,0,2,0,-3|8|249|8|0|1
006809|box_n5_H14|b001854|5,10,11,13,14|6|13|14|18|3|22|3|14|18|32|20|44,46,24,4|42|18|48,40,16,2|56|22|2|0,2,2,2,0|4|0|4|0|1
006810|box_n5_H14|b001855|5,10,12,13,14|6|13|14|12|3|16|3|-2|12|4|14|44,50,22,4|26|12|48,48,18,2|36|16|2|-1,-3,2,-3,-1|3|33|3|0|1
006811|box_n5_H14|b001856|5,11,12,13,14|6|13|14|10|3|14|3|-10|10|-4|12|44,50,20,4|22|10|48,50,18,2|30|14|2|-3,-2,2,-2,-3|3|82|3|0|1
006812|box_n5_H14|b001857|6,7,8,9,10|6|9|10|8|2|10|2|-6|8|-4|8|30,32,12,2|18|8|32,30,8,0|22|10|2|-2,1,2,1,-2|4|52|4|0|1
006813|box_n5_H14|b001858|6,7,8,9,11|6|9|11|8|2|12|2|-6|8|10|10|31,34,13,2|17|8|37,32,7,0|29|12|1|1,0,0,0,1|4|59|4|0|1
006814|box_n5_H14|b001859|6,7,8,9,12|6|9|12|8|2|14|2|-6|8|12|12|30,32,12,2|18|8|36,30,8,0|34|14|4|-2,2,4,2,-2|6|22|6|0|1
006815|box_n5_H14|b001860|6,7,8,9,13|6|9|13|8|2|10|3|-2|8|-6|8|31,32,11,2|19|8|43,44,13,2|23|10|0|0,-1,0,-1,0|3|154|4|1|1
006816|box_n5_H14|b001861|6,7,8,9,14|6|9|14|8|2|14|3|-2|8|16|12|30,30,10,2|20|8|48,40,6,0|36|14|6|-1,2,6,2,-1|4|71|4|0|1
006817|box_n5_H14|b001862|6,7,8,10,11|6|10|11|8|2|12|2|-8|8|10|10|34,36,12,2|18|8|36,30,6,0|30|12|2|0,1,2,1,0|3|57|3|0|1
006818|box_n5_H14|b001863|6,7,8,10,12|6|10|12|10|2|14|2|4|10|20|12|40,42,14,2|22|10|40,34,8,0|34|14|4|-3,4,2,4,-3|7|33|8|1|1
006819|box_n5_H14|b001864|6,7,8,10,13|6|10|13|6|2|8|3|-12|6|-6|6|34,38,12,2|12|6|44,46,12,2|18|8|2|-2,-2,2,-2,-2|3|51|3|0|1
006820|box_n5_H14|b001865|6,7,8,10,14|6|10|14|8|2|14|3|-4|8|24|12|34,34,10,2|20|8|50,40,4,0|38|14|6|-1,3,6,3,-1|5|29|6|1|1
006821|box_n5_H14|b001866|6,7,8,11,12|6|11|12|14|2|16|2|10|14|24|14|40,38,14,2|34|14|40,32,8,0|40|16|4|0,3,4,3,0|4|62|4|0|1
006822|box_n5_H14|b001867|6,7,8,11,13|6|11|13|10|2|12|3|-2|10|6|10|37,38,13,2|23|10|45,42,11,2|31|12|1|0,1,0,1,0|4|71|4|0|1
006823|box_n5_H14|b001868|6,7,8,11,14|6|11|14|10|2|12|3|2|10|12|10|36,34,10,2|26|10|48,42,6,0|30|12|6|0,1,6,1,0|3|71|3|0|1
006824|box_n5_H14|b001869|6,7,8,12,13|6|12|13|14|2|14|3|12|14|-2|12|40,38,14,2|34|14|40,36,12,2|36|14|3|-1,3,2,3,-1|4|69|4|0|1
006825|box_n5_H14|b001870|6,7,8,12,14|6|12|14|16|2|14|3|20|16|8|12|40,34,12,2|42|16|40,28,2,0|40|14|6|0,6,6,6,0|8|178|8|0|1
006826|box_n5_H14|b001871|6,7,8,13,14|6|13|14|10|3|12|3|-2|8|16|10|44,44,12,2|24|10|48,40,4,0|32|12|3|0,3,2,3,0|3|244|3|0|1
006827|box_n5_H14|b001872|6,7,9,10,11|6|10|11|10|2|16|2|0|10|14|14|34,36,14,2|22|10|36,32,12,0|36|16|2|0,0,2,0,0|3|27|3|0|1
006828|box_n5_H14|b001873|6,7,9,10,12|6|10|12|12|2|14|2|12|12|8|12|40,42,16,2|26|12|40,38,12,0|30|14|6|-5,6,-2,6,-5|8|68|8|0|1
006829|box_n5_H14|b001874|6,7,9,10,13|6|10|13|8|2|12|3|0|8|-10|10|34,36,12,2|18|8|44,46,14,0|22|12|2|-2,-1,2,-1,-2|3|144|3|0|1
006830|box_n5_H14|b001875|6,7,9,10,14|6|10|14|12|2|18|3|8|12|28|16|34,32,12,2|30|12|50,42,10,0|44|18|6|-1,3,6,3,-1|6|29|6|0|1
006831|box_n5_H14|b001876|6,7,9,11,12|6|11|12|14|2|14|2|14|14|12|12|40,40,16,2|32|14|40,36,10,0|32|14|5|-3,5,0,5,-3|4|136|4|0|1
006832|box_n5_H14|b001877|6,7,9,11,13|6|11|13|10|2|12|3|4|10|-4|10|37,39,14,2|22|10|45,45,12,0|24|12|2|-1,-1,2,-1,-1|3|84|3|0|1
006833|box_n5_H14|b001878|6,7,9,11,14|6|11|14|16|2|16|3|18|16|24|14|36,30,12,2|42|16|48,40,8,0|40|16|4|2,3,4,3,2|3|49|3|0|1
006834|box_n5_H14|b001879|6,7,9,12,13|6|12|13|12|2|10|3|4|12|-10|8|40,40,14,2|28|12|40,38,8,0|22|10|2|-2,2,2,2,-2|4|70|4|0|1
006835|box_n5_H14|b001880|6,7,9,12,14|6|12|14|16|2|16|3|16|16|20|14|40,34,12,2|42|16|40,26,2,0|46|16|8|0,6,8,6,0|8|32|8|0|1
006836|box_n5_H14|b001881|6,7,9,13,14|6|13|14|14|3|16|3|-2|14|24|14|44,42,14,2|34|14|48,40,8,0|40|16|4|1,2,4,2,1|3|6|3|0|1
006837|box_n5_H14|b001882|6,7,10,11,12|6|11|12|12|2|14|2|10|12|16|12|40,40,14,2|28|12|40,34,8,0|34|14|4|-1,2,4,2,-1|4|62|4|0|1
006838|box_n5_H14|b001883|6,7,10,11,13|6|11|13|8|2|12|3|-2|8|-2|10|37,40,13,2|17|8|45,42,9,0|27|12|1|-1,1,0,1,-1|3|60|3|0|1
006839|box_n5_H14|b001884|6,7,10,11,14|6|11|14|14|2|16|3|10|14|28|14|36,32,12,2|36|14|48,40,8,0|40|16|6|0,3,6,3,0|3|2|3|0|1
006840|box_n5_H14|b001885|6,7,10,12,13|6|12|13|8|2|10|3|4|8|-10|8|40,40,10,2|20|8|40,36,6,0|24|10|4|-2,4,0,4,-2|4|218|4|0|1
006841|box_n5_H14|b001886|6,7,10,12,14|6|12|14|14|2|18|3|16|14|20|16|40,34,10,2|38|14|40,28,6,0|48|18|10|0,4,10,4,0|8|38|8|0|1
006842|box_n5_H14|b001887|6,7,10,13,14|6|13|14|10|3|14|3|-10|10|32|12|44,44,12,2|24|10|48,38,4,0|38|14|4|1,2,4,2,1|3|75|3|0|1
006843|box_n5_H14|b001888|6,7,11,12,13|6|12|13|12|2|14|3|8|12|-6|12|40,40,14,2|28|12|40,38,12,0|30|14|4|-2,1,4,1,-2|4|69|4|0|1
006844|box_n5_H14|b001889|6,7,11,12,14|6|12|14|16|2|18|3|20|16|16|16|40,34,12,2|42|16|40,28,6,0|48|18|8|-1,6,8,6,-1|7|31|8|1|1
006845|box_n5_H14|b001890|6,7,11,13,14|6|13|14|12|3|16|3|-2|12|24|14|44,44,14,2|28|12|48,40,8,0|40|16|4|-1,3,4,3,-1|3|123|3|0|1
006846|box_n5_H14|b001891|6,7,12,13,14|6|13|14|12|3|14|3|-10|12|12|10|44,48,18,2|24|12|48,48,14,0|28|14|4|-2,-2,4,-2,-2|3|75|3|0|1
006847|box_n5_H14|b001892|6,8,9,10,11|6|10|11|8|2|12|2|-12|8|14|10|34,40,16,2|14|8|36,32,8,0|28|12|2|-3,1,2,1,-3|3|57|3|0|1
006848|box_n5_H14|b001893|6,8,9,10,12|6|10|12|10|2|12|2|4|10|12|10|40,44,16,2|20|10|40,36,8,0|28|12|6|-6,6,0,6,-6|7|142|8|1|1
006849|box_n5_H14|b001894|6,8,9,10,13|6|10|13|8|2|10|3|-8|8|-6|8|34,38,14,2|16|8|44,46,12,0|18|10|2|-3,-1,2,-1,-3|3|51|3|0|1
006850|box_n5_H14|b001895|6,8,9,10,14|6|10|14|10|2|14|3|-8|10|12|12|34,38,16,2|20|10|50,46,10,0|32|14|4|0,-2,4,-2,0|8|105|8|0|1
006851|box_n5_H14|b001896|6,8,9,11,12|6|11|12|14|2|16|2|14|14|12|14|40,40,16,2|32|14|40,36,12,0|36|16|4|-3,4,2,4,-3|4|62|4|0|1
006852|box_n5_H14|b001897|6,8,9,11,13|6|11|13|14|2|14|3|6|14|-2|12|37,38,17,2|31|14|45,46,15,0|27|14|2|-1,-1,2,-1,-1|4|71|4|0|1
006853|box_n5_H14|b001898|6,8,9,11,14|6|11|14|12|2|14|3|2|12|0|12|36,38,16,2|26|12|48,48,14,0|28|14|1|1,-2,0,-2,1|4|126|4|0|1
006854|box_n5_H14|b001899|6,8,9,12,13|6|12|13|14|2|12|3|8|14|-2|10|40,38,14,2|34|14|40,36,8,0|28|12|3|-1,3,2,3,-1|4|69|4|0|1
006855|box_n5_H14|b001900|6,8,9,12,14|6|12|14|14|2|14|3|4|14|4|12|40,40,16,2|32|14|40,30,4,0|38|14|4|0,4,2,4,0|8|74|8|0|1
006856|box_n5_H14|b001901|6,8,9,13,14|6|13|14|10|3|14|3|-10|10|4|12|44,48,16,2|20|10|48,46,12,0|30|14|1|1,-1,-2,-1,1|3|33|3|0|1
006857|box_n5_H14|b001902|6,8,10,11,12|6|11|12|12|2|14|2|12|11|20|12|40,40,16,4|32|12|40,34,10,2|38|14|6|-1,1,6,1,-1|4|62|4|0|1
006858|box_n5_H14|b001903|6,8,10,11,13|6|11|13|10|2|12|3|2|10|6|10|37,39,17,5|28|10|45,43,13,3|32|12|1|-1,1,0,1,-1|3|60|3|0|1
006859|box_n5_H14|b001904|6,8,10,11,14|6|11|14|8|2|10|3|-4|7|4|8|36,40,16,4|20|8|48,48,12,2|24|10|2|-1,-2,2,-2,-1|3|71|3|0|1
006860|box_n5_H14|b001905|6,8,10,12,13|6|12|13|12|2|14|3|12|12|4|9|40,38,14,4|34|12|40,34,8,0|34|14|5|-1,5,0,5,-1|4|68|4|0|1
006861|box_n5_H14|b001906|6,8,10,13,14|6|13|14|6|3|12|3|-12|5|12|10|44,50,16,4|14|6|48,44,10,2|32|12|1|1,-1,-2,-1,1|3|33|3|0|1
006862|box_n5_H14|b001907|6,8,11,12,13|6|12|13|14|2|16|3|12|14|6|14|40,38,14,2|34|14|40,36,14,2|40|16|4|-1,2,4,2,-1|4|69|4|0|1
006863|box_n5_H14|b001908|6,8,11,12,14|6|12|14|12|2|12|3|8|12|-8|10|40,40,14,2|28|12|40,32,4,0|32|12|4|-1,4,2,4,-1|7|74|8|1|1
006864|box_n5_H14|b001909|6,8,11,13,14|6|13|14|8|3|12|3|-6|6|-4|10|44,50,16,2|14|8|48,46,10,0|26|12|0|-1,0,-2,0,-1|2|11|2|0|1
006865|box_n5_H14|b001910|6,8,12,13,14|6|13|14|10|3|12|3|-8|9|-8|10|44,54,24,4|18|10|48,54,20,2|22|12|-2|-2,-5,-2,-5,-2|3|33|3|0|1
006866|box_n5_H14|b001911|6,9,10,11,12|6|11|12|12|2|12|2|10|12|8|10|40,42,16,2|26|12|40,38,10,0|26|12|3|-4,3,2,3,-4|4|134|4|0|1
006867|box_n5_H14|b001912|6,9,10,11,13|6|11|13|12|2|12|3|2|12|-2|10|37,40,17,2|25|12|45,46,13,0|23|12|2|-2,-1,2,-1,-2|4|391|4|0|1
006868|box_n5_H14|b001913|6,9,10,11,14|6|11|14|12|2|14|3|6|12|12|12|36,36,14,2|28|12|48,46,12,0|30|14|1|1,0,0,0,1|3|7|3|0|1
006869|box_n5_H14|b001914|6,9,10,12,13|6|12|13|14|2|12|3|4|14|-2|10|40,40,16,2|32|14|40,36,8,0|28|12|4|-2,4,0,4,-2|4|68|4|0|1
006870|box_n5_H14|b001915|6,9,10,12,14|6|12|14|12|2|16|3|4|12|12|14|40,40,14,2|28|12|40,30,6,0|42|16|6|0,2,6,2,0|8|249|8|0|1
006871|box_n5_H14|b001916|6,9,10,13,14|6|13|14|12|3|18|3|-10|12|16|16|44,48,18,2|24|12|48,44,14,0|40|18|2|2,-2,0,-2,2|3|3|3|0|1
006872|box_n5_H14|b001917|6,9,11,12,13|6|12|13|12|2|10|3|4|12|-6|8|40,40,14,2|28|12|40,38,8,0|22|10|4|-2,1,4,1,-2|4|81|4|0|1
006873|box_n5_H14|b001918|6,9,11,12,14|6|12|14|14|2|16|3|4|14|8|14|40,40,16,2|32|14|40,30,6,0|42|16|4|-1,4,4,4,-1|8|32|8|0|1
006874|box_n5_H14|b001919|6,9,11,13,14|6|13|14|12|3|16|3|-10|12|8|14|44,48,18,2|24|12|48,46,14,0|34|16|0|0,-1,0,-1,0|3|7|3|0|1
006875|box_n5_H14|b001920|6,9,12,13,14|6|13|14|10|3|14|3|-10|8|4|12|44,52,24,6|24|10|48,54,26,6|34|14|0|-1,-6,0,-6,-1|3|3|3|0|1
006876|box_n5_H14|b001921|6,10,11,12,13|6|12|13|12|2|12|3|4|12|2|10|40,40,14,2|28|12|40,36,10,2|32|12|3|-2,3,2,3,-2|4|134|4|0|1
006877|box_n5_H14|b001922|6,10,11,12,14|6|12|14|12|2|14|3|4|12|4|12|40,40,14,2|28|12|40,32,8,2|40|14|6|-1,2,6,2,-1|8|249|8|0|1
006878|box_n5_H14|b001923|6,10,11,13,14|6|13|14|10|3|14|3|-10|10|12|12|44,50,20,4|22|10|48,44,12,2|36|14|0|0,-1,0,-1,0|3|7|3|0|1
006879|box_n5_H14|b001924|6,10,12,13,14|6|13|14|12|3|16|3|-12|11|4|14|44,54,26,4|22|12|48,52,22,2|32|16|0|-1,-6,0,-6,-1|3|3|3|0|1
006880|box_n5_H14|b001925|6,11,12,13,14|6|13|14|10|3|14|3|-14|10|-4|12|44,54,24,4|18|10|48,54,22,2|26|14|0|-3,-5,0,-5,-3|3|177|3|0|1
006881|box_n5_H14|b001926|7,8,9,10,11|6|10|11|8|2|12|2|-8|8|6|10|34,38,14,2|16|8|36,32,10,2|32|12|2|-1,0,2,0,-1|4|330|4|0|0
006882|box_n5_H14|b001927|7,8,9,10,12|6|10|12|10|2|12|2|0|10|-4|10|40,46,18,2|18|10|40,42,16,2|26|12|0|-3,0,-2,0,-3|5|142|8|3|1
006883|box_n5_H14|b001928|7,8,9,10,13|6|10|13|8|2|14|2|-8|8|10|12|34,38,14,2|16|8|44,42,14,2|34|14|2|-1,-1,2,-1,-1|4|390|4|0|1
006884|box_n5_H14|b001929|7,8,9,10,14|6|10|14|12|2|18|2|0|12|36|16|34,34,14,2|28|12|50,40,8,0|46|18|6|-1,3,6,3,-1|8|210|10|2|1
006885|box_n5_H14|b001930|7,8,9,11,12|6|11|12|10|2|12|2|-2|10|0|10|40,44,18,4|24|10|40,40,14,2|28|12|1|-2,1,-2,1,-2|3|31|3|0|1
006886|box_n5_H14|b001931|7,8,9,11,13|6|11|13|10|2|14|2|-8|10|16|12|37,41,18,4|24|10|45,41,12,2|36|14|1|1,-1,0,-1,1|4|429|4|0|1
006887|box_n5_H14|b001932|7,8,9,11,14|6|11|14|10|2|18|2|-2|10|32|16|36,36,14,4|28|10|48,38,8,0|46|18|3|1,3,2,3,1|4|126|4|0|1
006888|box_n5_H14|b001933|7,8,9,12,13|6|12|13|12|2|14|2|-12|12|-2|12|40,46,22,4|26|12|40,40,16,2|32|14|-1|-1,-1,-2,-1,-1|4|154|4|0|1
006889|box_n5_H14|b001934|7,8,9,12,14|6|12|14|14|2|18|2|-4|14|16|16|40,42,20,4|34|14|40,30,8,0|46|18|6|-2,6,0,6,-2|8|178|8|0|1
006890|box_n5_H14|b001935|7,8,9,13,14|6|13|14|18|2|20|2|14|18|36|18|44,40,18,4|48|18|48,36,8,0|52|20|6|1,6,2,6,1|4|546|4|0|1
006891|box_n5_H14|b001936|7,8,10,11,12|6|11|12|14|2|16|2|6|14|8|14|40,44,20,2|28|14|40,38,14,0|34|16|2|0,-2,2,-2,0|4|62|4|0|1
006892|box_n5_H14|b001937|7,8,10,11,13|6|11|13|12|2|20|2|-2|12|22|18|37,42,19,2|23|12|45,38,13,0|47|20|1|1,1,-2,1,1|4|143|4|0|1
006893|box_n5_H14|b001938|7,8,10,11,14|6|11|14|14|2|20|2|2|14|36|18|36,38,18,2|30|14|48,38,10,0|50|20|4|-1,3,4,3,-1|4|0|4|0|1
006894|box_n5_H14|b001939|7,8,10,12,13|6|12|13|10|2|12|2|-8|10|2|10|40,46,18,2|18|10|40,38,10,0|26|12|1|-1,1,-4,1,-1|4|11|4|0|1
006895|box_n5_H14|b001940|7,8,10,12,14|6|12|14|14|2|16|2|0|14|16|14|40,42,18,2|30|14|40,32,8,0|40|16|4|-2,4,2,4,-2|7|177|8|1|1
006896|box_n5_H14|b001941|7,8,10,13,14|6|13|14|16|2|20|2|10|16|44|18|44,42,16,2|38|16|48,34,6,0|54|20|6|1,6,2,6,1|4|0|4|0|1
006897|box_n5_H14|b001942|7,8,11,12,13|6|12|13|12|2|16|2|-4|12|6|14|40,46,22,4|26|12|40,40,18,2|36|16|0|-1,-2,0,-2,-1|4|69|4|0|1
006898|box_n5_H14|b001943|7,8,11,12,14|6|12|14|12|2|16|2|4|12|12|14|40,42,18,4|30|12|40,32,8,0|40|16|6|-3,6,0,6,-3|6|68|8|2|1
006899|box_n5_H14|b001944|7,8,11,13,14|6|13|14|16|2|22|2|18|16|36|20|44,42,18,4|42|16|48,36,10,0|56|22|7|-1,7,2,7,-1|4|0|4|0|1
006900|box_n5_H14|b001945|7,8,12,13,14|6|13|14|14|2|14|2|-2|14|12|12|44,46,18,2|30|14|48,44,10,0|32|14|2|-2,2,2,2,-2|3|2|3|0|1
006901|box_n5_H14|b001946|7,9,10,11,12|6|11|12|10|2|10|2|-2|10|-8|8|40,46,18,2|18|10|40,42,12,0|18|10|0|-3,0,-2,0,-3|3|112|3|0|1
006902|box_n5_H14|b001947|7,9,10,11,13|6|11|13|10|2|16|2|-8|10|16|14|37,43,18,2|18|10|45,41,12,0|36|16|0|0,-1,0,-1,0|4|429|4|0|1
006903|box_n5_H14|b001948|7,9,10,11,14|6|11|14|14|2|16|2|6|14|36|14|36,34,14,2|34|14|48,36,4,0|44|16|5|1,5,2,5,1|4|462|4|0|1
006904|box_n5_H14|b001949|7,9,10,12,13|6|12|13|10|2|14|2|-20|10|-2|12|40,48,20,2|16|10|40,40,14,0|28|14|0|-2,0,-4,0,-2|4|11|4|0|1
006905|box_n5_H14|b001950|7,9,10,12,14|6|12|14|12|2|16|2|-8|12|16|14|40,42,16,2|26|12|40,30,6,0|42|16|4|-2,4,4,4,-2|8|249|8|0|1
006906|box_n5_H14|b001951|7,9,10,13,14|6|13|14|18|2|20|2|14|18|40|18|44,40,16,2|44|18|48,34,6,0|54|20|5|2,5,4,5,2|4|546|4|0|1
006907|box_n5_H14|b001952|7,9,11,12,13|6|12|13|10|2|12|2|-16|10|-4|10|40,48,22,4|20|10|40,42,16,2|26|12|0|-2,-3,0,-3,-2|3|31|3|0|1
006908|box_n5_H14|b001953|7,9,11,12,14|6|12|14|14|2|18|2|-4|14|20|16|40,42,20,4|34|14|40,30,10,2|50|18|6|-3,6,2,6,-3|7|248|8|1|1
006909|box_n5_H14|b001954|7,9,11,13,14|6|13|14|18|2|20|2|16|18|40|18|44,40,18,4|48|18|48,36,10,2|56|20|6|0,6,4,6,0|4|546|4|0|1
006910|box_n5_H14|b001955|7,9,12,13,14|6|13|14|14|2|16|2|-2|14|16|14|44,44,16,2|32|14|48,44,12,0|36|16|4|-1,1,4,1,-1|3|2|3|0|1
006911|box_n5_H14|b001956|7,10,11,12,13|6|12|13|8|2|12|2|-16|8|2|10|40,48,18,2|12|8|40,40,12,0|24|12|-1|-2,-1,-2,-1,-2|3|56|3|0|1
006912|box_n5_H14|b001957|7,10,11,12,14|6|12|14|12|2|16|2|-4|12|16|14|40,42,16,2|26|12|40,32,8,0|40|16|4|-3,4,4,4,-3|6|110|8|2|1
006913|box_n5_H14|b001958|7,10,11,13,14|6|13|14|18|2|22|2|14|18|44|20|44,42,18,2|42|18|48,34,8,0|58|22|6|0,6,4,6,0|4|0|4|0|1
006914|box_n5_H14|b001959|7,10,12,13,14|6|13|14|10|2|14|2|-6|10|16|12|44,46,16,4|26|10|48,42,8,0|34|14|4|-1,1,4,1,-1|3|75|3|0|1
006915|box_n5_H14|b001960|7,11,12,13,14|6|13|14|12|2|16|2|-6|12|16|14|44,46,16,2|26|12|48,44,12,0|36|16|4|-3,2,4,2,-3|3|82|3|0|1
006916|box_n5_H14|b001961|8,9,10,11,12|6|11|12|10|2|12|2|-2|10|-4|10|40,46,20,4|22|10|40,42,16,2|26|12|0|-3,-1,0,-1,-3|3|10|4|1|1
006917|box_n5_H14|b001962|8,9,10,11,13|6|11|13|10|2|14|2|-6|10|10|12|37,42,19,4|23|10|45,42,13,2|35|14|0|0,-1,0,-1,0|4|429|4|0|1
006918|box_n5_H14|b001963|8,9,10,11,14|6|11|14|8|2|16|2|-10|8|20|14|36,42,18,4|18|8|48,44,14,2|40|16|0|0,0,-2,0,0|4|462|4|0|1
006919|box_n5_H14|b001964|8,9,10,12,13|6|12|13|10|2|12|2|-12|10|-2|10|40,46,20,4|22|10|40,38,12,2|30|12|1|-1,1,-4,1,-1|4|152|4|0|1
006920|box_n5_H14|b001965|8,9,10,12,14|6|12|14|10|2|14|2|-16|10|8|12|40,48,22,4|20|10|40,34,10,2|38|14|2|-2,2,-2,2,-2|6|68|8|2|1
006921|box_n5_H14|b001966|8,9,10,13,14|6|13|14|12|2|18|2|-2|12|28|16|44,46,18,4|30|12|48,40,12,2|48|18|2|2,2,-2,2,2|4|546|4|0|1
006922|box_n5_H14|b001967|8,9,11,12,13|6|12|13|10|2|14|2|-12|10|-6|12|40,46,18,2|18|10|40,40,14,0|28|14|0|-1,-2,0,-2,-1|4|81|4|0|1
006923|box_n5_H14|b001968|8,9,11,12,14|6|12|14|12|2|16|2|-16|12|4|14|40,48,22,2|20|12|40,34,10,0|38|16|4|-3,4,-4,4,-3|8|68|8|0|1
006924|box_n5_H14|b001969|8,9,11,13,14|6|13|14|14|2|18|2|-2|14|20|16|44,46,18,2|30|14|48,42,12,0|42|18|3|0,3,-2,3,0|4|546|4|0|1
006925|box_n5_H14|b001970|8,9,12,13,14|6|13|14|12|2|16|2|-14|12|4|12|44,50,20,2|22|12|48,50,18,0|30|16|-1|-1,-2,-2,-2,-1|3|2|3|0|1
006926|box_n5_H14|b001971|8,10,11,12,13|6|12|13|10|2|14|2|-8|10|6|12|40,46,18,2|18|10|40,38,12,0|30|14|0|-1,0,-2,0,-1|3|31|3|0|1
006927|box_n5_H14|b001972|8,10,11,12,14|6|12|14|10|2|12|2|-12|10|0|10|40,48,20,2|16|10|40,36,8,0|28|12|2|-3,2,-2,2,-3|6|68|8|2|1
006928|box_n5_H14|b001973|8,10,11,13,14|6|13|14|14|2|20|2|2|14|24|18|44,48,20,2|28|14|48,40,12,0|48|20|3|0,3,-2,3,0|4|0|4|0|1
006929|box_n5_H14|b001974|8,10,12,13,14|6|13|14|10|2|14|2|-12|9|4|12|44,52,22,4|20|10|48,48,16,2|32|14|-1|-1,-2,-2,-2,-1|3|33|3|0|1
006930|box_n5_H14|b001975|8,11,12,13,14|6|13|14|10|2|12|2|-14|10|-4|10|44,52,20,2|16|10|48,50,16,2|26|12|-1|-3,-1,-2,-1,-3|3|166|3|0|1
006931|box_n5_H14|b001976|9,10,11,12,13|6|12|13|8|2|12|2|-20|8|-2|10|40,48,20,4|16|8|40,40,14,2|28|12|-1|-2,-1,-2,-1,-2|4|206|4|0|1
006932|box_n5_H14|b001977|9,10,11,12,14|6|12|14|8|2|14|2|-20|8|4|10|40,48,20,4|16|8|40,34,8,0|34|14|2|-3,2,0,2,-3|6|249|8|2|1
006933|box_n5_H14|b001978|9,10,11,13,14|6|13|14|14|2|18|2|2|14|24|16|44,46,20,4|34|14|48,40,12,2|48|18|2|1,2,0,2,1|4|546|4|0|1
006934|box_n5_H14|b001979|9,10,12,13,14|6|13|14|12|2|16|2|-10|12|4|14|44,50,20,2|22|12|48,48,18,2|36|16|0|0,-3,0,-3,0|3|3|3|0|1
006935|box_n5_H14|b001980|9,11,12,13,14|6|13|14|10|2|14|2|-18|10|4|12|44,50,18,2|18|10|48,50,18,2|30|14|0|-2,-2,0,-2,-2|3|166|3|0|1
006936|box_n5_H14|b001981|10,11,12,13,14|6|13|14|10|2|14|2|-14|10|0|12|44,52,22,4|20|10|48,48,16,2|32|14|0|-2,-2,0,-2,-2|3|166|3|0|1
006937|box_n6_H12|b000001|1,2,3,4,5,6|7|5|6|6|5|6|6|-2|4|18|-2|22,24,14,8|20|4|26,24,4,0|16|6|2|-2,0,2,2,0,-2|6|0|6|0|0
006938|box_n6_H12|b000002|1,2,3,4,5,7|7|5|7|2|6|2|8|-8|0|-22|-6|24,32,16,8|0|0|30,38,12,2|-8|2|-1|-1,-4,-3,-3,-4,-1|2|12|4|2|0
006939|box_n6_H12|b000003|1,2,3,4,5,8|7|5|8|8|5|8|8|2|6|20|0|22,22,14,8|28|6|36,36,10,2|20|8|1|-1,0,1,1,0,-1|6|0|6|0|0
006940|box_n6_H12|b000004|1,2,3,4,5,9|7|5|9|8|5|8|9|-2|6|10|-2|22,24,16,8|24|6|40,46,20,8|16|6|0|0,-3,-1,-1,-3,0|6|0|6|0|0
006941|box_n6_H12|b000005|1,2,3,4,5,10|7|5|10|8|5|10|10|22|6|18|0|30,32,16,8|24|6|50,56,24,10|24|8|-1|-1,-2,-1,-1,-2,-1|6|14|30|24|0
006942|box_n6_H12|b000006|1,2,3,4,5,11|7|5|11|6|5|10|11|-6|4|0|-6|22,26,16,8|16|4|48,52,16,2|16|10|0|-1,0,-3,-3,0,-1|6|0|6|0|0
006943|box_n6_H12|b000007|1,2,3,4,5,12|7|5|12|6|5|8|12|-6|4|2|-8|22,26,16,8|16|4|52,56,14,2|12|8|-1|-1,-1,-2,-2,-1,-1|6|0|6|0|0
006944|box_n6_H12|b000008|1,2,3,4,6,7|7|6|7|8|8|6|10|22|6|-10|-2|30,32,16,8|24|6|30,32,10,2|12|6|1|-2,-1,1,1,-1,-2|3|20|4|1|0
006945|box_n6_H12|b000009|1,2,3,4,6,8|7|6|8|12|6|14|8|24|10|36|6|28,26,16,8|40|10|36,28,8,2|48|14|3|0,2,3,3,2,0|12|84|12|0|0
006946|box_n6_H12|b000010|1,2,3,4,6,9|7|6|9|12|6|16|9|30|10|36|6|30,28,16,8|40|10|42,38,18,8|52|14|3|0,0,3,3,0,0|16|42|18|2|0
006947|box_n6_H12|b000011|1,2,3,4,6,10|7|6|10|10|6|12|10|20|8|8|2|28,28,16,8|32|8|44,46,22,10|36|10|1|1,-1,-1,-1,-1,1|12|105|12|0|0
006948|box_n6_H12|b000012|1,2,3,4,6,11|7|6|11|12|6|16|11|18|10|8|6|26,24,16,8|40|10|48,48,24,10|48|14|2|-2,1,2,2,1,-2|6|0|6|0|0
006949|box_n6_H12|b000013|1,2,3,4,6,12|7|6|12|14|6|18|12|52|12|38|8|36,32,16,8|48|12|60,58,24,10|56|16|3|0,0,3,3,0,0|18|14|36|18|0
006950|box_n6_H12|b000014|1,2,3,4,7,8|7|7|8|8|8|8|10|-18|6|2|0|30,36,22,10|20|6|30,30,10,2|20|8|1|-1,-3,1,1,-3,-1|4|92|5|1|0
006951|box_n6_H12|b000015|1,2,3,4,7,9|7|7|9|10|8|10|11|-18|8|2|0|30,36,24,10|24|8|36,40,20,8|24|8|0|0,-4,-1,-1,-4,0|4|40|4|0|0
006952|box_n6_H12|b000016|1,2,3,4,7,10|7|7|10|4|8|8|12|-26|2|-10|-2|30,40,22,10|4|2|42,50,24,10|16|6|0|0,-5,-4,-4,-5,0|3|115|4|1|0
006953|box_n6_H12|b000017|1,2,3,4,7,11|7|7|11|8|8|10|13|-22|6|-12|0|30,38,24,10|16|6|48,58,28,10|16|8|0|0,-5,-4,-4,-5,0|4|256|4|0|0
006954|box_n6_H12|b000018|1,2,3,4,7,12|7|7|12|6|9|14|15|-22|4|8|4|30,38,22,10|12|4|54,58,26,10|36|12|0|-2,-4,0,0,-4,-2|4|150|5|1|1
006955|box_n6_H12|b000019|1,2,3,4,8,9|7|8|9|16|8|18|9|24|14|34|8|36,34,22,10|52|14|40,34,18,8|60|16|4|0,0,4,4,0,0|6|0|6|0|0
006956|box_n6_H12|b000020|1,2,3,4,8,10|7|8|10|12|8|16|10|16|10|16|6|36,38,22,10|36|10|44,42,22,10|52|14|1|1,-1,0,0,-1,1|12|140|12|0|0
006957|box_n6_H12|b000021|1,2,3,4,8,11|7|8|11|16|8|18|11|24|14|8|8|36,34,22,10|52|14|48,48,26,10|52|16|1|0,0,1,1,0,0|6|0|6|0|0
006958|box_n6_H12|b000022|1,2,3,4,8,12|7|8|12|14|8|20|12|32|12|30|10|40,40,22,10|44|12|56,52,24,10|64|18|2|2,-2,2,2,-2,2|20|42|24|4|0
006959|box_n6_H12|b000023|1,2,3,4,9,10|7|9|10|12|9|16|10|10|8|12|6|40,46,30,16|36|8|44,44,24,10|48|14|1|1,-5,1,1,-5,1|6|0|6|0|0
006960|box_n6_H12|b000024|1,2,3,4,9,11|7|9|11|16|9|18|11|14|12|4|8|40,44,32,16|48|12|48,50,28,10|48|16|1|1,-4,0,0,-4,1|6|0|6|0|0
006961|box_n6_H12|b000025|1,2,3,4,9,12|7|9|12|14|9|20|12|20|10|20|10|42,46,30,16|44|10|54,52,26,10|60|18|2|2,-4,1,1,-4,2|16|84|18|2|0
006962|box_n6_H12|b000026|1,2,3,4,10,11|7|10|11|14|10|12|11|-4|10|-4|2|44,52,36,18|40|10|48,54,26,10|28|10|1|1,-6,-2,-2,-6,1|6|0|6|0|0
006963|box_n6_H12|b000027|1,2,3,4,10,12|7|10|12|12|10|14|12|-8|8|6|4|44,54,36,18|32|8|52,54,24,10|40|12|3|3,-7,-2,-2,-7,3|12|210|12|0|0
006964|box_n6_H12|b000028|1,2,3,4,11,12|7|11|12|14|11|18|12|-12|10|10|8|48,58,38,18|36|10|52,52,26,10|52|16|0|0,-5,0,0,-5,0|6|0|6|0|0
006965|box_n6_H12|b000029|1,2,3,5,6,7|7|6|7|4|10|4|12|8|2|-18|-4|30,34,14,8|12|2|30,32,8,2|8|4|1|-2,-2,1,1,-2,-2|2|13|4|2|0
006966|box_n6_H12|b000030|1,2,3,5,6,8|7|6|8|6|6|10|8|6|4|12|2|28,30,14,8|20|4|36,32,8,2|32|10|1|1,-1,1,1,-1,1|12|84|12|0|0
006967|box_n6_H12|b000031|1,2,3,5,6,9|7|6|9|10|6|12|9|20|8|16|4|30,28,14,8|36|8|42,38,10,2|36|12|3|0,0,3,3,0,0|12|24|15|3|0
006968|box_n6_H12|b000032|1,2,3,5,6,10|7|6|10|10|6|14|10|14|8|18|6|28,26,14,8|36|8|44,40,14,4|44|14|3|-1,1,3,3,1,-1|12|105|12|0|0
006969|box_n6_H12|b000033|1,2,3,5,6,11|7|6|11|8|6|12|11|4|6|-8|2|26,26,14,8|28|6|48,52,24,10|32|10|1|-1,-2,1,1,-2,-1|6|0|6|0|0
006970|box_n6_H12|b000034|1,2,3,5,6,12|7|6|12|10|6|12|12|38|8|10|2|36,34,14,8|36|8|60,62,22,10|36|10|1|1,-2,1,1,-2,1|14|26|30|16|0
006971|box_n6_H12|b000035|1,2,3,5,7,8|7|7|8|2|8|2|13|-34|0|-22|-6|30,40,20,10|0|0|30,34,8,2|0|2|-1|-1,-4,-2,-2,-4,-1|1|75|4|3|0
006972|box_n6_H12|b000036|1,2,3,5,7,9|7|7|9|6|8|4|15|-26|4|-18|-4|30,36,20,10|16|4|36,40,10,2|4|4|0|0,-2,-3,-3,-2,0|3|96|5|2|0
006973|box_n6_H12|b000037|1,2,3,5,7,10|7|7|10|6|8|8|12|-26|4|0|0|30,36,20,10|16|4|42,44,14,4|20|8|-1|-1,-1,-2,-2,-1,-1|4|94|5|1|0
006974|box_n6_H12|b000038|1,2,3,5,7,11|7|7|11|4|8|8|13|-30|2|-16|-2|30,38,20,10|8|2|48,56,24,10|16|6|-1|-1,-4,-3,-3,-4,-1|3|69|4|1|0
006975|box_n6_H12|b000039|1,2,3,5,7,12|7|7|12|2|13|4|20|-34|0|-24|-6|30,40,20,10|0|0|54,64,22,10|4|2|0|0,-6,-4,-4,-6,0|2|110|4|2|1
006976|box_n6_H12|b000040|1,2,3,5,8,9|7|8|9|10|8|10|9|0|8|6|2|36,38,20,10|32|8|40,38,10,2|28|10|1|0,-1,1,1,-1,0|6|0|6|0|0
006977|box_n6_H12|b000041|1,2,3,5,8,10|7|8|10|12|8|14|10|4|10|18|6|36,36,20,10|40|10|44,40,14,4|44|14|2|1,2,-1,-1,2,1|12|140|12|0|0
006978|box_n6_H12|b000042|1,2,3,5,8,11|7|8|11|10|8|10|11|0|8|-8|0|36,38,20,10|32|8|48,52,22,10|28|8|1|1,-2,-2,-2,-2,1|6|0|6|0|0
006979|box_n6_H12|b000043|1,2,3,5,8,12|7|8|12|10|8|10|12|12|8|-6|0|40,42,20,10|32|8|56,60,22,10|28|8|2|2,-3,-2,-2,-3,2|10|78|20|10|0
006980|box_n6_H12|b000044|1,2,3,5,9,10|7|9|10|14|9|16|10|2|12|22|8|40,40,22,10|44|12|44,38,14,4|52|16|2|0,1,2,2,1,0|6|0|6|0|0
006981|box_n6_H12|b000045|1,2,3,5,9,11|7|9|11|12|9|14|11|-2|10|-4|4|40,42,22,10|36|10|48,50,24,10|40|12|1|1,-1,-2,-2,-1,1|6|0|6|0|0
006982|box_n6_H12|b000046|1,2,3,5,9,12|7|9|12|10|9|14|12|0|8|-4|4|42,46,22,10|28|8|54,54,22,10|44|12|3|3,-3,-2,-2,-3,3|12|48|15|3|0
006983|box_n6_H12|b000047|1,2,3,5,10,11|7|10|11|14|10|16|11|6|12|0|6|44,46,26,12|44|12|48,48,24,10|48|14|0|0,-1,0,0,-1,0|6|0|6|0|0
006984|box_n6_H12|b000048|1,2,3,5,10,12|7|10|12|10|10|14|12|-2|8|-10|4|44,50,26,12|28|8|52,52,22,10|44|12|2|2,-1,-4,-4,-1,2|12|210|12|0|0
006985|box_n6_H12|b000049|1,2,3,5,11,12|7|11|12|8|11|10|12|-28|4|-18|0|48,62,36,18|16|4|52,56,22,10|28|8|0|0,-6,-3,-3,-6,0|6|0|6|0|0
006986|box_n6_H12|b000050|1,2,3,6,7,8|7|7|8|6|10|8|11|-22|4|-10|0|30,40,24,10|8|4|30,34,14,2|12|8|-1|-1,-5,-1,-1,-5,-1|3|52|5|2|0
006987|box_n6_H12|b000051|1,2,3,6,7,9|7|7|9|10|10|12|12|-10|8|4|4|30,34,22,10|28|8|36,38,16,2|24|12|0|-1,0,-2,-2,0,-1|4|40|4|0|0
006988|box_n6_H12|b000052|1,2,3,6,7,10|7|7|10|6|11|10|15|-22|4|-14|2|30,40,24,10|8|4|42,50,22,4|12|10|-2|-2,-4,-3,-3,-4,-2|3|29|4|1|1
006989|box_n6_H12|b000053|1,2,3,6,7,11|7|7|11|10|10|16|15|-18|8|-8|8|30,38,26,10|20|8|48,56,28,4|24|16|-1|-1,-3,-4,-4,-3,-1|4|127|4|0|1
006990|box_n6_H12|b000054|1,2,3,6,7,12|7|7|12|8|10|18|16|-14|6|20|10|30,36,22,10|20|6|54,54,22,4|44|18|0|-2,-1,0,0,-1,-2|4|90|4|0|1
006991|box_n6_H12|b000055|1,2,3,6,8,9|7|8|9|14|8|16|9|16|12|28|8|36,36,22,10|44|12|40,36,14,2|44|16|2|-1,1,2,2,1,-1|6|0|6|0|0
006992|box_n6_H12|b000056|1,2,3,6,8,10|7|8|10|12|8|14|10|4|10|4|6|36,42,26,10|28|10|44,46,20,4|32|14|1|1,-1,-4,-4,-1,1|12|140|12|0|0
006993|box_n6_H12|b000057|1,2,3,6,8,11|7|8|11|16|8|16|11|12|14|-4|8|36,38,26,10|44|14|48,54,26,4|28|16|0|0,-3,-1,-1,-3,0|6|0|6|0|0
006994|box_n6_H12|b000058|1,2,3,6,8,12|7|8|12|16|8|20|12|28|14|34|12|40,40,24,10|48|14|56,52,20,4|56|20|2|0,2,0,0,2,0|16|42|24|8|0
006995|box_n6_H12|b000059|1,2,3,6,9,10|7|9|10|14|9|16|10|12|12|12|8|40,44,26,10|36|12|44,42,18,4|44|16|1|-2,0,1,1,0,-2|6|0|6|0|0
006996|box_n6_H12|b000060|1,2,3,6,9,11|7|9|11|18|9|18|11|16|16|4|10|40,42,28,10|48|16|48,50,24,4|40|18|0|0,0,-2,-2,0,0|6|0|6|0|0
006997|box_n6_H12|b000061|1,2,3,6,9,12|7|9|12|18|9|22|12|26|16|36|14|42,42,26,10|52|16|54,46,18,4|68|22|2|1,1,2,2,1,1|18|84|18|0|0
006998|box_n6_H12|b000062|1,2,3,6,10,11|7|10|11|18|10|16|11|-4|16|0|8|44,50,34,12|44|16|48,52,24,4|32|16|0|0,-4,-1,-1,-4,0|6|0|6|0|0
006999|box_n6_H12|b000063|1,2,3,6,10,12|7|10|12|14|10|18|12|-4|12|18|10|44,50,30,12|36|12|52,50,20,4|48|18|1|-1,1,-2,-2,1,-1|12|210|12|0|0
007000|box_n6_H12|b000064|1,2,3,6,11,12|7|11|12|18|11|20|12|-4|16|18|12|48,54,34,12|44|16|52,50,22,4|52|20|1|-2,-1,1,1,-1,-2|6|0|6|0|0
007001|box_n6_H12|b000065|1,2,3,7,8,9|7|8|9|6|10|8|11|-22|4|-6|0|36,44,22,10|12|4|40,42,12,2|16|8|0|-1,-4,0,0,-4,-1|4|182|4|0|0
007002|box_n6_H12|b000066|1,2,3,7,8,10|7|8|10|6|10|8|12|-22|4|-14|0|36,44,22,10|12|4|44,48,16,4|16|8|0|0,-1,-5,-5,-1,0|4|20|10|6|0
007003|box_n6_H12|b000067|1,2,3,7,8,11|7|8|11|8|11|10|13|-18|6|-16|2|36,42,22,10|20|6|48,54,20,4|16|10|0|0,-4,-2,-2,-4,0|3|71|3|0|0
007004|box_n6_H12|b000068|1,2,3,7,8,12|7|8|12|10|10|14|15|-6|8|4|6|40,46,24,10|24|8|56,58,20,4|32|14|1|1,-2,-3,-3,-2,1|8|42|24|16|1
007005|box_n6_H12|b000069|1,2,3,7,9,10|7|9|10|8|11|10|12|-18|6|-10|2|40,48,24,10|16|6|44,46,16,4|24|10|-1|-1,-3,-1,-1,-3,-1|4|137|4|0|0
007006|box_n6_H12|b000070|1,2,3,7,9,11|7|9|11|10|13|12|13|-18|8|-12|4|40,48,26,10|20|8|48,52,20,4|24|12|1|1,-4,-3,-3,-4,1|3|18|4|1|0
007007|box_n6_H12|b000071|1,2,3,7,9,12|7|9|12|10|12|16|15|-12|8|2|8|42,50,26,10|20|8|54,54,20,4|40|16|2|2,-3,-3,-3,-3,2|10|72|15|5|1
007008|box_n6_H12|b000072|1,2,3,7,10,11|7|10|11|10|15|10|13|-22|8|-16|2|44,52,28,12|24|8|48,54,20,4|16|10|0|0,-4,-3,-3,-4,0|3|97|3|0|0
007009|box_n6_H12|b000073|1,2,3,7,10,12|7|10|12|8|13|12|15|-30|6|-12|4|44,56,30,12|12|6|52,56,20,4|24|12|3|3,-5,-6,-6,-5,3|4|30|10|6|1
007010|box_n6_H12|b000074|1,2,3,7,11,12|7|11|12|12|15|14|17|-28|10|-12|6|48,60,34,12|20|10|52,56,22,4|28|14|-1|-1,-4,-3,-3,-4,-1|4|224|4|0|1
007011|box_n6_H12|b000075|1,2,3,8,9,10|7|9|10|12|9|16|10|2|10|8|8|40,46,26,10|28|10|44,44,20,4|40|16|1|-1,-3,1,1,-3,-1|6|0|6|0|0
007012|box_n6_H12|b000076|1,2,3,8,9,11|7|9|11|14|9|16|11|6|12|-4|8|40,44,26,10|36|12|48,50,22,4|36|16|0|0,-1,-2,-2,-1,0|6|0|6|0|0
007013|box_n6_H12|b000077|1,2,3,8,9,12|7|9|12|14|9|20|12|12|12|16|12|42,46,26,10|36|12|54,52,22,4|52|20|1|1,0,-2,-2,0,1|12|60|15|3|0
007014|box_n6_H12|b000078|1,2,3,8,10,11|7|10|11|14|10|14|11|-8|12|-8|6|44,52,32,12|32|12|48,52,22,4|28|14|-1|-1,-3,-2,-2,-3,-1|6|0|6|0|0
007015|box_n6_H12|b000079|1,2,3,8,10,12|7|10|12|14|10|16|12|-12|12|2|8|44,54,34,12|28|12|52,54,22,4|36|16|1|1,-1,-6,-6,-1,1|12|210|12|0|0
007016|box_n6_H12|b000080|1,2,3,8,11,12|7|11|12|14|11|18|12|-20|12|6|10|48,58,34,12|28|12|52,52,22,4|44|18|0|0,-2,-3,-3,-2,0|6|0|6|0|0
007017|box_n6_H12|b000081|1,2,3,9,10,11|7|10|11|16|10|16|11|0|14|-4|8|44,50,32,12|40|14|48,52,24,4|32|16|1|1,-4,-2,-2,-4,1|6|0|6|0|0
007018|box_n6_H12|b000082|1,2,3,9,10,12|7|10|12|12|10|18|12|-8|10|0|10|44,54,32,12|24|10|52,56,26,4|36|18|2|2,-2,-7,-7,-2,2|12|210|12|0|0
007019|box_n6_H12|b000083|1,2,3,9,11,12|7|11|12|12|11|18|12|-20|10|0|10|48,60,34,12|20|10|52,56,26,4|36|18|-1|-1,-5,-2,-2,-5,-1|6|0|6|0|0
007020|box_n6_H12|b000084|1,2,3,10,11,12|7|11|12|10|11|16|12|-28|8|-10|8|48,62,34,12|12|8|52,56,24,4|32|16|-1|-1,-6,-2,-2,-6,-1|6|0|6|0|0
007021|box_n6_H12|b000085|1,2,4,5,6,7|7|6|7|4|13|4|15|2|2|-18|-4|30,36,16,8|8|2|30,34,8,0|0|4|-1|-1,-3,-1,-1,-3,-1|3|27|4|1|1
007022|box_n6_H12|b000086|1,2,4,5,6,8|7|6|8|10|6|10|8|8|8|24|2|28,28,16,8|32|8|36,30,4,0|32|10|2|1,0,2,2,0,1|12|84|12|0|0
007023|box_n6_H12|b000087|1,2,4,5,6,9|7|6|9|10|6|10|9|14|8|10|2|30,30,16,8|32|8|42,42,12,2|24|10|0|0,0,0,0,0,0|8|24|15|7|0
007024|box_n6_H12|b000088|1,2,4,5,6,10|7|6|10|8|6|10|10|4|6|10|2|28,30,16,8|24|6|44,44,12,2|24|10|1|-1,-1,1,1,-1,-1|12|105|12|0|0
007025|box_n6_H12|b000089|1,2,4,5,6,11|7|6|11|8|6|8|11|-2|6|-12|-2|26,28,16,8|24|6|48,56,22,8|12|6|-1|-2,-2,-1,-1,-2,-2|6|0|6|0|0
007026|box_n6_H12|b000090|1,2,4,5,6,12|7|6|12|10|6|14|12|32|8|20|4|36,36,16,8|32|8|60,62,22,8|36|12|2|0,-3,2,2,-3,0|14|28|36|22|0
007027|box_n6_H12|b000091|1,2,4,5,7,8|7|7|8|8|8|6|18|-22|6|-6|-2|30,36,20,8|16|6|30,30,6,0|12|6|-1|-1,-1,-1,-1,-1,-1|3|90|4|1|0
007028|box_n6_H12|b000092|1,2,4,5,7,9|7|7|9|6|8|6|20|-26|4|-20|-2|30,38,20,8|8|4|36,42,14,2|4|6|1|1,-4,-4,-4,-4,1|4|163|4|0|0
007029|box_n6_H12|b000093|1,2,4,5,7,10|7|7|10|8|8|12|12|-22|6|4|4|30,36,20,8|16|6|42,42,14,2|28|12|0|-2,-1,0,0,-1,-2|4|205|4|0|0
007030|box_n6_H12|b000094|1,2,4,5,7,11|7|7|11|8|8|10|13|-26|6|-16|0|30,38,22,8|12|6|48,58,26,8|12|8|0|0,-5,-4,-4,-5,0|4|102|5|1|0
007031|box_n6_H12|b000095|1,2,4,5,7,12|7|7|12|6|15|10|26|-26|4|-10|0|30,38,20,8|8|4|54,62,24,8|16|8|-1|-1,-6,-1,-1,-6,-1|4|239|5|1|1
007032|box_n6_H12|b000096|1,2,4,5,8,9|7|8|9|12|8|14|9|12|10|12|6|36,36,18,8|36|10|40,36,12,2|40|14|1|1,0,1,1,0,1|6|0|6|0|0
007033|box_n6_H12|b000097|1,2,4,5,8,10|7|8|10|14|8|18|10|16|12|26|10|36,34,18,8|44|12|44,36,12,2|56|18|3|0,2,3,3,2,0|12|140|12|0|0
007034|box_n6_H12|b000098|1,2,4,5,8,11|7|8|11|14|8|20|11|16|12|8|10|36,34,18,8|44|12|48,46,24,8|56|18|2|-1,1,2,2,1,-1|6|0|6|0|0
007035|box_n6_H12|b000099|1,2,4,5,8,12|7|8|12|12|8|18|12|24|10|16|8|40,40,18,8|36|10|56,54,22,8|52|16|2|2,-3,2,2,-3,2|16|42|24|8|0
007036|box_n6_H12|b000100|1,2,4,5,9,10|7|9|10|14|9|16|10|0|12|18|8|40,42,24,10|40|12|44,40,14,2|44|16|1|1,-1,1,1,-1,1|6|0|6|0|0
007037|box_n6_H12|b000101|1,2,4,5,9,11|7|9|11|14|9|16|11|-4|12|0|6|40,44,26,10|36|12|48,50,24,8|40|14|2|2,-3,-2,-2,-3,2|6|0|6|0|0
007038|box_n6_H12|b000102|1,2,4,5,9,12|7|9|12|14|9|16|12|6|12|6|6|42,44,24,10|40|12|54,54,22,8|44|14|1|1,-2,0,0,-2,1|8|48|15|7|0
007039|box_n6_H12|b000103|1,2,4,5,10,11|7|10|11|14|10|16|11|2|12|0|6|44,48,26,10|36|12|48,50,24,8|40|14|0|0,-3,0,0,-3,0|6|0|6|0|0
007040|box_n6_H12|b000104|1,2,4,5,10,12|7|10|12|12|10|16|12|-2|10|0|6|44,50,26,10|28|10|52,52,22,8|44|14|2|2,-5,0,0,-5,2|12|210|12|0|0
007041|box_n6_H12|b000105|1,2,4,5,11,12|7|11|12|12|11|16|12|-20|8|-4|6|48,60,36,16|24|8|52,54,24,8|40|14|1|1,-7,-1,-1,-7,1|6|0|6|0|0
007042|box_n6_H12|b000106|1,2,4,6,7,8|7|7|8|6|10|8|11|-18|2|2|0|30,36,18,8|12|4|30,30,10,2|20|8|0|-1,-2,0,0,-2,-1|4|76|4|0|0
007043|box_n6_H12|b000107|1,2,4,6,7,9|7|7|9|10|10|10|12|-18|8|-2|2|30,36,24,10|24|8|36,40,18,4|20|10|0|0,-2,-3,-3,-2,0|4|125|4|0|0
007044|box_n6_H12|b000108|1,2,4,6,7,10|7|7|10|2|18|8|15|-26|-2|-18|0|30,40,18,8|-4|0|42,48,18,4|12|8|-1|-3,-4,-1,-1,-4,-3|4|145|5|1|1
007045|box_n6_H12|b000109|1,2,4,6,7,11|7|7|11|8|10|10|15|-22|6|-16|2|30,38,24,10|16|6|48,58,26,6|12|10|0|0,-4,-5,-5,-4,0|3|170|4|1|1
007046|box_n6_H12|b000110|1,2,4,6,7,12|7|7|12|8|10|18|16|-14|4|26|10|30,34,18,8|20|6|54,52,20,4|48|18|3|-3,-1,3,3,-1,-3|4|13|4|0|1
007047|box_n6_H12|b000111|1,2,4,6,8,9|7|8|9|16|8|16|9|24|14|30|6|36,34,22,10|52|14|40,34,12,2|48|16|2|0,2,2,2,2,0|6|0|6|0|0
007048|box_n6_H12|b000112|1,2,4,6,8,10|7|8|10|10|8|12|10|12|8|4|2|36,40,22,10|28|8|44,42,12,2|32|12|0|0,-1,0,0,-1,0|12|140|12|0|0
007049|box_n6_H12|b000113|1,2,4,6,8,11|7|8|11|16|8|16|11|24|14|4|6|36,34,22,10|52|14|48,48,20,4|40|16|3|-2,0,3,3,0,-2|6|0|6|0|0
007050|box_n6_H12|b000114|1,2,4,6,8,12|7|8|12|16|8|22|12|36|14|48|12|40,38,22,10|52|14|56,46,14,2|68|22|4|0,2,4,4,2,0|20|42|24|4|0
007051|box_n6_H12|b000115|1,2,4,6,9,10|7|9|10|10|9|14|10|6|6|0|6|40,46,24,10|24|8|44,44,18,4|36|14|0|-1,-2,0,0,-2,-1|6|0|6|0|0
007052|box_n6_H12|b000116|1,2,4,6,9,11|7|9|11|16|9|18|11|10|14|0|10|40,44,30,12|44|14|48,50,26,6|44|18|1|1,-2,-2,-2,-2,1|6|0|6|0|0
007053|box_n6_H12|b000117|1,2,4,6,9,12|7|9|12|18|9|24|12|28|14|38|16|42,40,24,10|56|16|54,46,20,4|72|24|4|-1,2,4,4,2,-1|16|84|18|2|0
007054|box_n6_H12|b000118|1,2,4,6,10,11|7|10|11|12|10|10|11|-16|10|-8|0|44,52,30,12|28|10|48,54,20,4|16|10|0|0,-6,-1,-1,-6,0|6|0|6|0|0
007055|box_n6_H12|b000119|1,2,4,6,10,12|7|10|12|14|10|14|12|-12|12|20|4|44,50,30,12|36|12|52,50,14,2|36|14|2|-1,-3,2,2,-3,-1|12|210|12|0|0
007056|box_n6_H12|b000120|1,2,4,6,11,12|7|11|12|18|11|20|12|-4|14|24|12|48,52,32,12|48|16|52,48,20,4|56|20|3|-1,-2,3,3,-2,-1|6|0|6|0|0
007057|box_n6_H12|b000121|1,2,4,7,8,9|7|8|9|8|10|12|11|-10|6|0|4|36,42,20,8|16|6|40,40,14,2|28|12|0|0,-3,0,0,-3,0|4|182|4|0|0
007058|box_n6_H12|b000122|1,2,4,7,8,10|7|8|10|10|10|14|12|-10|8|-2|6|36,42,22,8|20|8|44,44,16,2|32|14|-1|-1,-1,-1,-1,-1,-1|8|20|10|2|0
007059|box_n6_H12|b000123|1,2,4,7,8,11|7|8|11|10|11|16|13|-2|8|-4|8|36,38,18,8|28|8|48,48,18,2|36|16|2|-2,-1,2,2,-1,-2|4|105|4|0|0
007060|box_n6_H12|b000124|1,2,4,7,8,12|7|8|12|12|10|20|15|6|10|22|12|40,44,22,8|28|10|56,52,18,2|52|20|1|1,-2,1,1,-2,1|16|42|24|8|1
007061|box_n6_H12|b000125|1,2,4,7,9,10|7|9|10|10|11|12|12|-20|8|-10|4|40,50,28,10|16|8|44,48,18,2|20|12|0|0,-5,-2,-2,-5,0|3|83|3|0|0
007062|box_n6_H12|b000126|1,2,4,7,9,11|7|9|11|10|13|14|13|-20|8|-12|6|40,50,28,10|16|8|48,52,20,2|24|14|2|2,-6,-3,-3,-6,2|4|238|4|0|0
007063|box_n6_H12|b000127|1,2,4,7,9,12|7|9|12|14|12|18|15|-6|12|8|10|42,48,28,10|32|12|54,54,20,2|40|18|0|0,-2,-1,-1,-2,0|8|94|9|1|1
007064|box_n6_H12|b000128|1,2,4,7,10,11|7|10|11|10|15|10|13|-22|8|-20|2|44,54,28,10|16|8|48,56,20,2|8|10|0|0,-6,-3,-3,-6,0|4|293|4|0|0
007065|box_n6_H12|b000129|1,2,4,7,10,12|7|10|12|12|13|14|15|-26|10|-6|6|44,56,32,10|16|10|52,56,20,2|24|14|3|3,-9,-2,-2,-9,3|8|30|10|2|1
007066|box_n6_H12|b000130|1,2,4,7,11,12|7|11|12|14|15|16|17|-24|12|-2|8|48,58,32,10|24|12|52,54,20,2|32|16|0|0,-5,-1,-1,-5,0|3|125|3|0|1
007067|box_n6_H12|b000131|1,2,4,8,9,10|7|9|10|14|9|18|10|8|10|12|10|40,48,30,10|28|12|44,46,24,4|40|18|0|0,-5,0,0,-5,0|6|0|6|0|0
007068|box_n6_H12|b000132|1,2,4,8,9,11|7|9|11|20|9|22|11|12|18|12|14|40,46,36,12|48|18|48,50,28,4|48|22|1|1,-3,-2,-2,-3,1|6|0|6|0|0
007069|box_n6_H12|b000133|1,2,4,8,9,12|7|9|12|18|9|24|12|26|14|30|16|42,44,28,10|48|16|54,52,26,4|60|24|1|-1,1,0,0,1,-1|10|84|18|8|0
007070|box_n6_H12|b000134|1,2,4,8,10,11|7|10|11|18|10|18|11|-4|16|4|8|44,54,38,12|36|16|48,54,26,2|28|18|-1|-1,-5,-2,-2,-5,-1|6|0|6|0|0
007071|box_n6_H12|b000135|1,2,4,8,10,12|7|10|12|14|10|18|12|-4|12|16|8|44,54,34,12|28|12|52,54,22,2|36|18|1|1,-5,-2,-2,-5,1|12|210|12|0|0
007072|box_n6_H12|b000136|1,2,4,8,11,12|7|11|12|18|11|24|12|0|14|24|16|48,56,34,10|36|16|52,50,26,4|60|24|1|1,-3,-1,-1,-3,1|6|0|6|0|0
007073|box_n6_H12|b000137|1,2,4,9,10,11|7|10|11|14|10|16|11|-8|12|-4|8|44,52,30,10|28|12|48,54,24,2|24|16|1|1,-6,-2,-2,-6,1|6|0|6|0|0
007074|box_n6_H12|b000138|1,2,4,9,10,12|7|10|12|16|10|16|12|-12|14|2|8|44,54,34,10|28|14|52,56,22,2|28|16|2|2,-6,-3,-3,-6,2|12|210|12|0|0
007075|box_n6_H12|b000139|1,2,4,9,11,12|7|11|12|20|11|20|12|-12|18|6|12|48,58,38,10|36|18|52,54,24,2|40|20|0|0,-6,0,0,-6,0|6|0|6|0|0
007076|box_n6_H12|b000140|1,2,4,10,11,12|7|11|12|10|11|16|12|-24|6|-4|8|48,60,30,10|12|8|52,54,22,4|36|16|0|0,-7,0,0,-7,0|6|0|6|0|0
007077|box_n6_H12|b000141|1,2,5,6,7,8|7|7|8|2|15|4|13|-34|0|-22|-4|30,40,18,8|-4|0|30,34,8,0|0|4|-1|-1,-3,-3,-3,-3,-1|2|83|4|2|1
007078|box_n6_H12|b000142|1,2,5,6,7,9|7|7|9|8|12|6|15|-26|6|-18|-2|30,36,20,8|16|6|36,40,10,0|4|6|0|0,0,-5,-5,0,0|3|40|4|1|1
007079|box_n6_H12|b000143|1,2,5,6,7,10|7|7|10|6|12|10|16|-26|4|-4|2|30,36,18,8|12|4|42,42,10,0|20|10|1|-4,0,1,1,0,-4|3|102|5|2|1
007080|box_n6_H12|b000144|1,2,5,6,7,11|7|7|11|4|12|6|18|-30|2|-32|-2|30,38,18,8|4|2|48,56,16,2|0|6|-1|-1,-3,-4,-4,-3,-1|2|76|4|2|1
007081|box_n6_H12|b000145|1,2,5,6,7,12|7|7|12|6|13|10|20|-26|4|-6|2|30,36,18,8|12|4|54,58,16,2|16|10|-1|-1,-3,-1,-1,-3,-1|4|110|4|0|1
007082|box_n6_H12|b000146|1,2,5,6,8,9|7|8|9|12|8|10|9|0|10|6|2|36,38,20,8|32|10|40,38,8,0|24|10|1|0,1,-1,-1,1,0|6|0|6|0|0
007083|box_n6_H12|b000147|1,2,5,6,8,10|7|8|10|12|8|12|10|0|10|10|4|36,38,20,8|32|10|44,40,8,0|32|12|2|0,2,-1,-1,2,0|12|140|12|0|0
007084|box_n6_H12|b000148|1,2,5,6,8,11|7|8|11|10|8|8|11|0|8|-24|0|36,38,18,8|28|8|48,52,14,2|12|8|0|-1,-2,0,0,-2,-1|6|0|6|0|0
007085|box_n6_H12|b000149|1,2,5,6,8,12|7|8|12|14|8|14|12|16|12|12|6|40,40,20,8|40|12|56,54,14,2|36|14|1|0,1,0,0,1,0|14|54|20|6|0
007086|box_n6_H12|b000150|1,2,5,6,9,10|7|9|10|14|9|16|10|2|12|14|8|40,40,20,8|40|12|44,38,10,0|44|16|4|-2,4,1,1,4,-2|6|0|6|0|0
007087|box_n6_H12|b000151|1,2,5,6,9,11|7|9|11|12|9|12|11|-2|10|-20|4|40,42,20,8|32|10|48,50,16,2|24|12|1|1,1,-4,-4,1,1|6|0|6|0|0
007088|box_n6_H12|b000152|1,2,5,6,9,12|7|9|12|14|9|20|12|12|12|14|12|42,40,18,8|44|12|54,48,16,2|56|20|3|0,3,1,1,3,0|12|48|15|3|0
007089|box_n6_H12|b000153|1,2,5,6,10,11|7|10|11|12|10|12|11|-2|10|-16|4|44,46,20,8|32|10|48,48,14,2|28|12|1|-1,-1,1,1,-1,-1|6|0|6|0|0
007090|box_n6_H12|b000154|1,2,5,6,10,12|7|10|12|14|10|16|12|-2|12|4|8|44,46,22,8|36|12|52,48,14,2|44|16|3|-2,3,0,0,3,-2|12|210|12|0|0
007091|box_n6_H12|b000155|1,2,5,6,11,12|7|11|12|10|11|12|12|-32|8|-4|4|48,56,26,10|20|8|52,52,14,2|28|12|0|-1,-3,0,0,-3,-1|6|0|6|0|0
007092|box_n6_H12|b000156|1,2,5,7,8,9|7|8|9|2|20|4|20|-34|0|-24|-4|36,46,18,8|-4|0|40,44,8,0|0|4|0|0,-4,-3,-3,-4,0|2|28|2|0|0
007093|box_n6_H12|b000157|1,2,5,7,8,10|7|8|10|8|13|12|12|-22|6|4|4|36,40,18,8|20|6|44,42,10,0|28|12|2|-1,2,-2,-2,2,-1|4|20|10|6|0
007094|box_n6_H12|b000158|1,2,5,7,8,11|7|8|11|6|13|10|13|-26|4|-20|2|36,42,18,8|12|4|48,52,16,2|16|10|-1|-1,-3,-1,-1,-3,-1|4|225|4|0|0
007095|box_n6_H12|b000159|1,2,5,7,8,12|7|8|12|6|13|8|26|-14|4|-18|0|40,46,18,8|12|4|56,60,14,2|12|8|1|1,-3,-3,-3,-3,1|7|48|20|13|1
007096|box_n6_H12|b000160|1,2,5,7,9,10|7|9|10|10|15|12|12|-24|8|4|4|40,44,20,8|24|8|44,42,10,0|28|12|1|-1,1,-1,-1,1,-1|4|132|4|0|0
007097|box_n6_H12|b000161|1,2,5,7,9,11|7|9|11|8|15|10|13|-32|6|-20|2|40,48,22,8|12|6|48,52,16,2|16|10|2|2,-3,-5,-5,-3,2|4|147|4|0|0
007098|box_n6_H12|b000162|1,2,5,7,9,12|7|9|12|8|15|10|20|-22|6|-20|2|42,48,20,8|16|6|54,56,14,2|20|10|1|1,-1,-4,-4,-1,1|6|86|9|3|1
007099|box_n6_H12|b000163|1,2,5,7,10,11|7|10|11|12|16|14|13|-8|10|-16|6|44,48,22,8|28|10|48,50,18,2|28|14|-1|-1,-1,-1,-1,-1,-1|4|136|4|0|0
007100|box_n6_H12|b000164|1,2,5,7,10,12|7|10|12|8|16|12|20|-16|6|-26|4|44,52,22,8|12|6|52,54,16,2|24|12|2|2,-3,-4,-4,-3,2|4|30|10|6|1
007101|box_n6_H12|b000165|1,2,5,7,11,12|7|11|12|6|18|8|20|-40|4|-34|0|48,62,28,10|0|4|52,58,16,2|8|8|0|0,-6,-4,-4,-6,0|2|28|2|0|1
007102|box_n6_H12|b000166|1,2,5,8,9,10|7|9|10|14|9|16|10|-4|12|18|8|40,42,22,8|36|12|44,40,12,0|40|16|1|-1,1,1,1,1,-1|6|0|6|0|0
007103|box_n6_H12|b000167|1,2,5,8,9,11|7|9|11|14|9|16|11|-8|12|-8|8|40,44,24,8|32|12|48,50,20,2|32|16|1|1,0,-4,-4,0,1|6|0|6|0|0
007104|box_n6_H12|b000168|1,2,5,8,9,12|7|9|12|14|9|16|12|2|12|-2|8|42,44,22,8|36|12|54,54,18,2|36|16|2|0,2,-3,-3,2,0|8|12|15|7|0
007105|box_n6_H12|b000169|1,2,5,8,10,11|7|10|11|16|10|16|11|2|14|-4|8|44,48,26,8|36|14|48,48,18,2|36|16|0|-2,0,0,0,0,-2|6|0|6|0|0
007106|box_n6_H12|b000170|1,2,5,8,10,12|7|10|12|14|10|16|12|-2|12|-8|8|44,50,26,8|28|12|52,52,18,2|36|16|1|0,1,-4,-4,1,0|12|210|12|0|0
007107|box_n6_H12|b000171|1,2,5,8,11,12|7|11|12|12|11|16|12|-28|10|-12|8|48,60,32,10|16|10|52,54,20,2|32|16|1|1,-4,-4,-4,-4,1|6|0|6|0|0
007108|box_n6_H12|b000172|1,2,5,9,10,11|7|10|11|14|10|16|11|6|12|-4|8|44,46,22,8|36|12|48,48,18,2|36|16|0|0,-1,0,0,-1,0|6|0|6|0|0
007109|box_n6_H12|b000173|1,2,5,9,10,12|7|10|12|14|10|18|12|-2|12|-10|10|44,50,26,8|28|12|52,54,22,2|36|18|1|1,0,-5,-5,0,1|12|210|12|0|0
007110|box_n6_H12|b000174|1,2,5,9,11,12|7|11|12|12|11|14|12|-32|10|-18|6|48,62,34,10|12|10|52,58,22,2|20|14|0|0,-7,-3,-3,-7,0|6|0|6|0|0
007111|box_n6_H12|b000175|1,2,5,10,11,12|7|11|12|10|11|14|12|-32|8|-20|6|48,64,34,10|4|8|52,58,22,2|20|14|0|0,-8,-3,-3,-8,0|6|0|6|0|0
007112|box_n6_H12|b000176|1,2,6,7,8,9|7|8|9|6|11|6|12|-26|4|-10|-2|36,44,20,8|8|4|40,42,8,0|8|6|-1|-1,-2,-2,-2,-2,-1|3|164|3|0|0
007113|box_n6_H12|b000177|1,2,6,7,8,10|7|8|10|6|12|6|15|-30|4|-22|-2|36,46,22,8|4|4|44,48,10,0|4|6|-1|-1,-1,-5,-5,-1,-1|8|20|10|2|1
007114|box_n6_H12|b000178|1,2,6,7,8,11|7|8|11|8|11|8|15|-22|6|-24|0|36,42,20,8|16|6|48,54,14,0|4|8|0|-2,-4,0,0,-4,-2|3|95|3|0|1
007115|box_n6_H12|b000179|1,2,6,7,8,12|7|8|12|10|11|16|16|-6|8|22|8|40,44,20,8|24|8|56,52,12,0|40|16|2|-1,2,-1,-1,2,-1|10|54|20|10|1
007116|box_n6_H12|b000180|1,2,6,7,9,10|7|9|10|8|15|10|17|-22|6|-18|2|40,48,22,8|12|6|44,46,12,0|16|10|0|-3,0,-2,-2,0,-3|3|43|4|1|1
007117|box_n6_H12|b000181|1,2,6,7,9,11|7|9|11|10|13|12|15|-22|8|-20|4|40,48,24,8|16|8|48,52,16,0|16|12|1|1,-2,-5,-5,-2,1|3|59|3|0|1
007118|box_n6_H12|b000182|1,2,6,7,9,12|7|9|12|12|12|20|16|-4|10|20|12|42,44,20,8|32|10|54,48,14,0|52|20|3|-1,3,0,0,3,-1|10|54|12|2|1
007119|box_n6_H12|b000183|1,2,6,7,10,11|7|10|11|10|15|10|17|-30|8|-24|2|44,52,24,8|16|8|48,54,16,0|8|10|-1|-1,-4,-2,-2,-4,-1|3|125|3|0|1
007120|box_n6_H12|b000184|1,2,6,7,10,12|7|10|12|10|15|14|18|-30|8|2|6|44,52,24,8|16|8|52,52,14,0|28|14|-1|-1,-1,-2,-2,-1,-1|8|30|10|2|1
007121|box_n6_H12|b000185|1,2,6,7,11,12|7|11|12|14|15|16|17|-24|12|2|8|48,54,26,8|28|12|52,52,16,0|32|16|0|-2,-1,0,0,-1,-2|4|224|4|0|1
007122|box_n6_H12|b000186|1,2,6,8,9,10|7|9|10|8|9|12|10|-2|4|-4|4|40,46,20,8|16|6|44,44,14,2|28|12|0|-3,0,0,0,0,-3|6|0|6|0|0
007123|box_n6_H12|b000187|1,2,6,8,9,11|7|9|11|14|9|14|11|2|12|-12|6|40,44,26,10|36|12|48,50,18,2|28|14|1|0,1,-4,-4,1,0|6|0|6|0|0
007124|box_n6_H12|b000188|1,2,6,8,9,12|7|9|12|16|9|22|12|20|12|34|14|42,40,20,8|48|14|54,46,16,2|64|22|6|-2,6,1,1,6,-2|12|60|15|3|0
007125|box_n6_H12|b000189|1,2,6,8,10,11|7|10|11|12|10|10|11|-20|10|-16|0|44,52,28,10|24|10|48,52,14,0|12|10|-1|-2,-3,-1,-1,-3,-2|6|0|6|0|0
007126|box_n6_H12|b000190|1,2,6,8,10,12|7|10|12|14|10|14|12|-16|12|16|4|44,50,28,10|32|12|52,50,12,0|32|14|3|-3,3,-2,-2,3,-3|12|210|12|0|0
007127|box_n6_H12|b000191|1,2,6,8,11,12|7|11|12|16|11|20|12|-16|12|20|12|48,52,26,8|36|14|52,48,18,2|52|20|1|-1,1,0,0,1,-1|6|0|6|0|0
007128|box_n6_H12|b000192|1,2,6,9,10,11|7|10|11|14|10|14|11|-12|12|-12|6|44,50,26,8|28|12|48,52,18,0|20|14|0|0,-4,-1,-1,-4,0|6|0|6|0|0
007129|box_n6_H12|b000193|1,2,6,9,10,12|7|10|12|14|10|18|12|-12|12|14|10|44,50,26,8|28|12|52,52,18,0|36|18|2|-2,2,-3,-3,2,-2|12|210|12|0|0
007130|box_n6_H12|b000194|1,2,6,9,11,12|7|11|12|16|11|20|12|-16|14|14|12|48,54,28,8|32|14|52,52,20,0|40|20|1|-2,-2,1,1,-2,-2|6|0|6|0|0
007131|box_n6_H12|b000195|1,2,6,10,11,12|7|11|12|12|11|14|12|-24|8|0|6|48,56,26,8|20|10|52,52,16,2|32|14|1|-2,-3,1,1,-3,-2|6|0|6|0|0
007132|box_n6_H12|b000196|1,2,7,8,9,10|7|9|10|6|11|8|12|-28|4|-14|0|40,50,24,10|8|4|44,48,14,2|12|8|-2|-2,-3,-2,-2,-3,-2|3|43|4|1|0
007133|box_n6_H12|b000197|1,2,7,8,9,11|7|9|11|8|13|10|13|-28|6|-16|2|40,50,26,10|12|6|48,52,16,2|16|10|1|1,-3,-5,-5,-3,1|4|238|4|0|0
007134|box_n6_H12|b000198|1,2,7,8,9,12|7|9|12|10|12|14|15|-14|8|4|6|42,48,24,10|24|8|54,54,16,2|32|14|2|-1,2,-4,-4,2,-1|7|94|9|2|1
007135|box_n6_H12|b000199|1,2,7,8,10,11|7|10|11|10|15|10|13|-26|8|-20|2|44,54,28,10|16|8|48,54,18,2|12|10|-2|-2,-3,-3,-3,-3,-2|3|126|3|0|0
007136|box_n6_H12|b000200|1,2,7,8,10,12|7|10|12|10|13|12|15|-30|8|-10|4|44,56,30,10|12|8|52,56,18,2|20|12|1|1,-3,-6,-6,-3,1|8|30|10|2|1
007137|box_n6_H12|b000201|1,2,7,8,11,12|7|11|12|12|15|16|17|-28|10|-6|8|48,58,30,10|20|10|52,54,20,2|32|16|0|0,-2,-4,-4,-2,0|3|60|3|0|1
007138|box_n6_H12|b000202|1,2,7,9,10,11|7|10|11|8|17|10|13|-22|4|-20|2|44,52,22,8|12|6|48,54,18,2|12|10|0|0,-4,-3,-3,-4,0|3|97|3|0|0
007139|box_n6_H12|b000203|1,2,7,9,10,12|7|10|12|10|13|12|15|-30|8|-16|4|44,56,30,10|12|8|52,58,20,2|16|12|2|2,-4,-7,-7,-4,2|6|112|6|0|1
007140|box_n6_H12|b000204|1,2,7,9,11,12|7|11|12|12|15|12|17|-32|10|-16|4|48,60,32,10|16|10|52,58,20,2|16|12|-1|-1,-5,-3,-3,-5,-1|3|29|4|1|1
007141|box_n6_H12|b000205|1,2,7,10,11,12|7|11|12|8|17|12|18|-40|6|-26|4|48,62,28,8|0|6|52,58,18,0|12|12|-1|-1,-6,-3,-3,-6,-1|4|160|4|0|1
007142|box_n6_H12|b000206|1,2,8,9,10,11|7|10|11|12|10|14|11|-12|10|-8|6|44,52,28,10|24|10|48,52,20,2|24|14|-1|-1,-3,-2,-2,-3,-1|6|0|6|0|0
007143|box_n6_H12|b000207|1,2,8,9,10,12|7|10|12|14|10|14|12|-16|12|-2|6|44,54,32,10|24|12|52,56,20,2|24|14|0|0,0,-7,-7,0,0|12|210|12|0|0
007144|box_n6_H12|b000208|1,2,8,9,11,12|7|11|12|16|11|18|12|-20|14|2|10|48,58,34,10|28|14|52,54,22,2|36|18|0|0,-3,-3,-3,-3,0|6|0|6|0|0
007145|box_n6_H12|b000209|1,2,8,10,11,12|7|11|12|10|11|16|12|-28|6|-8|8|48,60,28,8|8|8|52,54,20,2|32|16|0|0,-4,-3,-3,-4,0|6|0|6|0|0
007146|box_n6_H12|b000210|1,2,9,10,11,12|7|11|12|10|11|12|12|-32|8|-18|4|48,62,32,10|8|8|52,58,20,2|16|12|-1|-1,-7,-2,-2,-7,-1|6|0|6|0|0
007147|box_n6_H12|b000211|1,3,4,5,6,7|7|6|7|2|19|2|22|4|0|-26|-6|30,34,12,8|8|0|30,32,4,0|0|2|0|-2,0,-1,-1,0,-2|2|13|4|2|1
007148|box_n6_H12|b000212|1,3,4,5,6,8|7|6|8|8|6|10|8|10|6|20|2|28,26,12,8|32|6|36,28,2,0|36|10|3|-1,3,3,3,3,-1|12|84|12|0|0
007149|box_n6_H12|b000213|1,3,4,5,6,9|7|6|9|6|6|8|9|12|4|8|0|30,30,12,8|24|4|42,38,6,2|28|8|2|0,0,2,2,0,0|12|42|18|6|0
007150|box_n6_H12|b000214|1,3,4,5,6,10|7|6|10|8|6|10|10|10|6|6|2|28,26,12,8|32|6|44,40,8,2|32|10|3|-1,1,3,3,1,-1|12|105|12|0|0
007151|box_n6_H12|b000215|1,3,4,5,6,11|7|6|11|6|6|8|11|0|4|-20|-2|26,26,12,8|24|4|48,52,18,8|20|6|0|-1,-1,0,0,-1,-1|6|0|6|0|0
007152|box_n6_H12|b000216|1,3,4,5,6,12|7|6|12|8|6|12|12|34|6|18|2|36,34,12,8|32|6|60,58,16,8|40|10|3|-1,0,3,3,0,-1|14|40|30|16|0
007153|box_n6_H12|b000217|1,3,4,5,7,8|7|7|8|4|8|2|26|-34|2|-14|-6|30,36,16,8|8|2|30,30,2,0|4|2|-1|-1,-1,-1,-1,-1,-1|3|90|4|1|0
007154|box_n6_H12|b000218|1,3,4,5,7,9|7|7|9|2|8|2|29|-34|0|-22|-6|30,36,14,8|4|0|36,38,6,2|4|2|0|-1,-3,0,0,-3,-1|2|58|4|2|0
007155|box_n6_H12|b000219|1,3,4,5,7,10|7|7|10|4|8|4|12|-34|2|-12|-4|30,36,16,8|8|2|42,44,8,2|8|4|-1|-1,-2,-1,-1,-2,-1|4|94|5|1|0
007156|box_n6_H12|b000220|1,3,4,5,7,11|7|7|11|2|8|2|13|-38|0|-32|-8|30,38,16,8|0|0|48,58,18,8|-4|0|-2|-2,-4,-3,-3,-4,-2|2|102|5|3|0
007157|box_n6_H12|b000221|1,3,4,5,7,12|7|7|12|2|22|4|38|-38|0|-16|-6|30,38,16,8|0|0|54,60,16,8|8|2|0|-2,-5,0,0,-5,-2|2|110|4|2|1
007158|box_n6_H12|b000222|1,3,4,5,8,9|7|8|9|10|8|10|9|8|8|6|2|36,34,14,8|36|8|40,34,6,2|36|10|3|0,1,3,3,1,0|6|0|6|0|0
007159|box_n6_H12|b000223|1,3,4,5,8,10|7|8|10|12|8|14|10|12|10|14|6|36,32,14,8|44|10|44,36,8,2|48|14|5|-1,2,5,5,2,-1|12|140|12|0|0
007160|box_n6_H12|b000224|1,3,4,5,8,11|7|8|11|8|8|12|11|4|6|-8|2|36,36,14,8|28|6|48,46,16,8|40|10|1|1,0,0,0,0,1|6|0|6|0|0
007161|box_n6_H12|b000225|1,3,4,5,8,12|7|8|12|10|8|14|12|20|8|10|4|40,38,14,8|36|8|56,52,16,8|48|12|4|0,-1,4,4,-1,0|16|84|24|8|0
007162|box_n6_H12|b000226|1,3,4,5,9,10|7|9|10|10|9|10|10|-6|8|6|2|40,40,18,10|36|8|44,40,8,2|32|10|3|0,-1,3,3,-1,0|6|0|6|0|0
007163|box_n6_H12|b000227|1,3,4,5,9,11|7|9|11|8|9|10|11|-10|6|-12|0|40,42,18,10|28|6|48,48,16,8|32|8|2|-1,-2,2,2,-2,-1|6|0|6|0|0
007164|box_n6_H12|b000228|1,3,4,5,9,12|7|9|12|8|9|10|12|-4|6|0|0|42,44,18,10|28|6|54,52,14,8|36|8|2|1,-3,2,2,-3,1|12|84|18|6|0
007165|box_n6_H12|b000229|1,3,4,5,10,11|7|10|11|8|10|12|11|-10|6|-12|2|44,48,20,10|24|6|48,48,18,8|36|10|0|0,-2,0,0,-2,0|6|0|6|0|0
007166|box_n6_H12|b000230|1,3,4,5,10,12|7|10|12|10|10|14|12|-6|8|-2|4|44,46,20,10|32|8|52,48,16,8|48|12|4|0,-3,4,4,-3,0|12|210|12|0|0
007167|box_n6_H12|b000231|1,3,4,5,11,12|7|11|12|8|11|10|12|-32|4|-10|0|48,58,30,16|20|4|52,52,16,8|32|8|0|0,-4,-1,-1,-4,0|6|0|6|0|0
007168|box_n6_H12|b000232|1,3,4,6,7,8|7|7|8|6|10|8|11|-26|4|-2|0|30,36,18,8|12|4|30,30,8,0|16|8|0|-1,-2,0,0,-2,-1|4|90|4|0|0
007169|box_n6_H12|b000233|1,3,4,6,7,9|7|7|9|6|10|10|12|-22|4|0|2|30,34,16,8|16|4|36,36,12,2|24|10|1|-2,-1,1,1,-1,-2|3|48|5|2|0
007170|box_n6_H12|b000234|1,3,4,6,7,10|7|7|10|2|22|6|15|-34|0|-26|-2|30,40,18,8|-4|0|42,50,16,2|0|6|-2|-2,-5,-2,-2,-5,-2|2|65|4|2|1
007171|box_n6_H12|b000235|1,3,4,6,7,11|7|7|11|6|10|8|15|-30|4|-28|0|30,38,20,8|8|4|48,58,20,2|0|8|-2|-2,-3,-4,-4,-3,-2|2|30|4|2|1
007172|box_n6_H12|b000236|1,3,4,6,7,12|7|7|12|6|10|16|16|-22|4|24|8|30,34,16,8|16|4|54,50,14,2|44|16|4|-4,0,4,4,0,-4|3|20|4|1|1
007173|box_n6_H12|b000237|1,3,4,6,8,9|7|8|9|14|8|16|9|24|12|28|8|36,32,16,8|48|12|40,32,10,2|52|16|4|-1,3,4,4,3,-1|6|0|6|0|0
007174|box_n6_H12|b000238|1,3,4,6,8,10|7|8|10|12|8|14|10|12|10|0|6|36,38,20,8|32|10|44,42,14,2|36|14|2|-1,-1,2,2,-1,-1|12|140|12|0|0
007175|box_n6_H12|b000239|1,3,4,6,8,11|7|8|11|14|8|16|11|16|12|-8|8|36,36,20,8|40|12|48,48,18,2|36|16|1|0,-1,1,1,-1,0|6|0|6|0|0
007176|box_n6_H12|b000240|1,3,4,6,8,12|7|8|12|16|8|22|12|36|14|46|14|40,36,18,8|52|14|56,44,12,2|72|22|6|-2,4,6,6,4,-2|16|30|20|4|0
007177|box_n6_H12|b000241|1,3,4,6,9,10|7|9|10|10|9|10|10|4|8|-4|2|40,44,22,10|28|8|44,44,12,2|24|10|2|-2,-2,2,2,-2,-2|6|0|6|0|0
007178|box_n6_H12|b000242|1,3,4,6,9,11|7|9|11|14|9|14|11|8|12|-8|6|40,42,24,10|40|12|48,48,16,2|32|14|2|-2,-1,2,2,-1,-2|6|0|6|0|0
007179|box_n6_H12|b000243|1,3,4,6,9,12|7|9|12|16|9|18|12|22|14|36|10|42,40,22,10|52|14|54,44,10,2|60|18|6|-1,1,6,6,1,-1|16|84|18|2|0
007180|box_n6_H12|b000244|1,3,4,6,10,11|7|10|11|12|10|10|11|-20|10|-16|2|44,52,28,10|24|10|48,52,16,2|16|10|0|0,-5,-1,-1,-5,0|6|0|6|0|0
007181|box_n6_H12|b000245|1,3,4,6,10,12|7|10|12|14|10|16|12|-8|12|22|8|44,46,24,10|40|12|52,46,12,2|48|16|6|-3,-1,6,6,-1,-3|12|210|12|0|0
007182|box_n6_H12|b000246|1,3,4,6,11,12|7|11|12|16|11|18|12|-12|14|22|10|48,50,26,10|44|14|52,46,14,2|52|18|3|-2,1,3,3,1,-2|6|0|6|0|0
007183|box_n6_H12|b000247|1,3,4,7,8,9|7|8|9|8|10|10|11|-14|6|-2|2|36,40,18,8|20|6|40,38,10,2|28|10|2|-1,-2,2,2,-2,-1|4|182|4|0|0
007184|box_n6_H12|b000248|1,3,4,7,8,10|7|8|10|6|10|8|12|-14|4|-18|0|36,40,16,8|16|4|44,44,10,2|20|8|1|-2,-1,1,1,-1,-2|6|38|6|0|0
007185|box_n6_H12|b000249|1,3,4,7,8,11|7|8|11|6|11|8|13|-14|4|-24|0|36,40,16,8|16|4|48,48,10,2|20|8|0|0,-2,0,0,-2,0|3|71|3|0|0
007186|box_n6_H12|b000250|1,3,4,7,8,12|7|8|12|10|10|16|15|2|8|16|8|40,42,18,8|28|8|56,50,12,2|48|16|3|-1,0,3,3,0,-1|16|84|24|8|1
007187|box_n6_H12|b000251|1,3,4,7,9,10|7|9|10|6|11|6|12|-22|4|-26|-2|40,48,22,10|12|4|44,48,12,2|8|6|0|-1,-5,0,0,-5,-1|4|43|4|0|0
007188|box_n6_H12|b000252|1,3,4,7,9,11|7|9|11|6|13|8|13|-22|4|-28|0|40,48,22,10|12|4|48,50,12,2|16|8|1|-1,-5,1,1,-5,-1|3|59|3|0|0
007189|box_n6_H12|b000253|1,3,4,7,9,12|7|9|12|10|12|14|15|-12|8|2|6|42,48,24,10|24|8|54,52,14,2|36|14|1|0,-3,1,1,-3,0|8|24|15|7|1
007190|box_n6_H12|b000254|1,3,4,7,10,11|7|10|11|4|15|2|13|-38|2|-36|-6|44,54,22,10|4|2|48,54,10,2|-4|2|0|0,-5,-3,-3,-5,0|2|55|3|1|0
007191|box_n6_H12|b000255|1,3,4,7,10,12|7|10|12|8|13|10|15|-34|6|-8|2|44,52,24,10|16|6|52,52,12,2|24|10|2|1,-7,2,2,-7,1|4|30|10|6|1
007192|box_n6_H12|b000256|1,3,4,7,11,12|7|11|12|8|15|10|17|-40|6|-8|2|48,56,24,10|16|6|52,52,12,2|24|10|-1|-1,-2,-1,-1,-2,-1|3|246|3|0|1
007193|box_n6_H12|b000257|1,3,4,8,9,10|7|9|10|12|9|14|10|2|10|0|6|40,46,26,10|28|10|44,46,18,2|28|14|2|-1,-5,2,2,-5,-1|6|0|6|0|0
007194|box_n6_H12|b000258|1,3,4,8,9,11|7|9|11|14|9|16|11|6|12|-4|8|40,44,26,10|36|12|48,48,18,2|36|16|2|-2,-2,2,2,-2,-2|6|0|6|0|0
007195|box_n6_H12|b000259|1,3,4,8,9,12|7|9|12|14|9|20|12|16|12|24|12|42,44,24,10|40|12|54,50,18,2|52|20|2|-1,0,2,2,0,-1|12|12|15|3|0
007196|box_n6_H12|b000260|1,3,4,8,10,11|7|10|11|12|10|14|11|-16|10|-12|6|44,54,30,10|20|10|48,52,20,2|24|14|-1|-1,-4,-2,-2,-4,-1|6|0|6|0|0
007197|box_n6_H12|b000261|1,3,4,8,10,12|7|10|12|14|10|18|12|-8|12|14|10|44,50,28,10|32|12|52,50,18,2|44|18|2|-1,-3,2,2,-3,-1|12|210|12|0|0
007198|box_n6_H12|b000262|1,3,4,8,11,12|7|11|12|14|11|18|12|-16|12|18|10|48,54,28,10|32|12|52,48,16,2|48|18|0|0,0,-1,-1,0,0|6|0|6|0|0
007199|box_n6_H12|b000263|1,3,4,9,10,11|7|10|11|12|10|12|11|-20|10|-16|4|44,52,28,10|24|10|48,52,18,2|20|12|1|1,-5,-2,-2,-5,1|6|0|6|0|0
007200|box_n6_H12|b000264|1,3,4,9,10,12|7|10|12|10|10|14|12|-16|8|0|6|44,50,24,10|24|8|52,52,16,2|32|14|1|0,-4,1,1,-4,0|12|210|12|0|0
007201|box_n6_H12|b000265|1,3,4,9,11,12|7|11|12|12|11|16|12|-24|10|0|8|48,56,28,10|24|10|52,52,18,2|36|16|0|-1,-3,0,0,-3,-1|6|0|6|0|0
007202|box_n6_H12|b000266|1,3,4,10,11,12|7|11|12|8|11|14|12|-36|6|-6|6|48,58,26,10|12|6|52,52,16,2|32|14|0|-1,-4,0,0,-4,-1|6|0|6|0|0
007203|box_n6_H12|b000267|1,3,5,6,7,8|7|7|8|4|22|4|13|-34|2|-22|-4|30,40,20,8|0|2|30,34,8,0|0|4|-1|-1,-3,-3,-3,-3,-1|2|83|4|2|1
007204|box_n6_H12|b000268|1,3,5,6,7,9|7|7|9|6|12|8|15|-22|4|-8|0|30,34,16,8|16|4|36,36,8,0|16|8|1|-2,1,-1,-1,1,-2|3|96|5|2|1
007205|box_n6_H12|b000269|1,3,5,6,7,10|7|7|10|8|12|10|16|-26|6|-4|2|30,36,20,8|16|6|42,44,12,0|16|10|0|-3,-1,0,0,-1,-3|4|106|4|0|1
007206|box_n6_H12|b000270|1,3,5,6,7,11|7|7|11|4|12|8|18|-30|2|-28|0|30,38,18,8|4|2|48,56,18,2|4|8|-2|-3,-2,-3,-3,-2,-3|4|76|4|0|1
007207|box_n6_H12|b000271|1,3,5,6,7,12|7|7|12|6|13|10|20|-26|4|0|2|30,36,18,8|12|4|54,56,14,2|20|10|0|-2,-2,0,0,-2,-2|4|142|5|1|1
007208|box_n6_H12|b000272|1,3,5,6,8,9|7|8|9|10|8|12|9|4|8|12|4|36,36,16,8|32|8|40,36,8,0|32|12|2|-1,2,1,1,2,-1|6|0|6|0|0
007209|box_n6_H12|b000273|1,3,5,6,8,10|7|8|10|14|8|16|10|4|12|14|8|36,36,20,8|40|12|44,40,12,0|40|16|2|-1,2,1,1,2,-1|12|140|12|0|0
007210|box_n6_H12|b000274|1,3,5,6,8,11|7|8|11|8|8|10|11|-4|6|-20|2|36,40,18,8|20|6|48,52,16,2|16|10|1|1,-3,-2,-2,-3,1|6|0|6|0|0
007211|box_n6_H12|b000275|1,3,5,6,8,12|7|8|12|14|8|16|12|20|12|18|8|40,38,18,8|44|12|56,52,14,2|44|16|3|-2,3,2,2,3,-2|8|30|20|12|0
007212|box_n6_H12|b000276|1,3,5,6,9,10|7|9|10|16|9|14|10|8|14|18|6|40,38,20,8|48|14|44,38,8,0|40|14|4|-3,4,3,3,4,-3|6|0|6|0|0
007213|box_n6_H12|b000277|1,3,5,6,9,11|7|9|11|12|9|12|11|4|10|-12|4|40,40,18,8|36|10|48,48,14,2|28|12|2|-2,2,0,0,2,-2|6|0|6|0|0
007214|box_n6_H12|b000278|1,3,5,6,9,12|7|9|12|14|9|16|12|14|12|20|8|42,40,18,8|44|12|54,46,10,2|52|16|3|0,2,3,3,2,0|16|84|18|2|0
007215|box_n6_H12|b000279|1,3,5,6,10,11|7|10|11|14|10|16|11|2|12|-8|8|44,46,22,8|36|12|48,46,16,2|40|16|1|-1,0,1,1,0,-1|6|0|6|0|0
007216|box_n6_H12|b000280|1,3,5,6,10,12|7|10|12|16|10|20|12|10|14|14|12|44,42,20,8|48|14|52,44,14,2|60|20|5|-4,5,4,4,5,-4|12|210|12|0|0
007217|box_n6_H12|b000281|1,3,5,6,11,12|7|11|12|12|11|12|12|-24|10|2|4|48,54,26,10|28|10|52,50,12,2|32|12|0|-2,0,0,0,0,-2|6|0|6|0|0
007218|box_n6_H12|b000282|1,3,5,7,8,9|7|8|9|4|26|4|29|-34|2|-18|-4|36,44,18,8|4|2|40,42,6,0|4|4|-1|-1,-3,-1,-1,-3,-1|2|165|2|0|0
007219|box_n6_H12|b000283|1,3,5,7,8,10|7|8|10|6|13|8|12|-22|4|-4|0|36,38,14,8|20|4|44,42,6,0|20|8|2|-2,2,0,0,2,-2|5|138|8|3|0
007220|box_n6_H12|b000284|1,3,5,7,8,11|7|8|11|4|13|6|13|-34|2|-24|-2|36,44,18,8|4|2|48,52,12,2|8|6|1|1,-4,-3,-3,-4,1|3|111|3|0|0
007221|box_n6_H12|b000285|1,3,5,7,8,12|7|8|12|6|13|6|38|-14|4|-16|-2|40,44,16,8|16|4|56,58,10,2|12|6|-1|-1,-1,-1,-1,-1,-1|4|84|24|20|1
007222|box_n6_H12|b000286|1,3,5,7,9,10|7|9|10|8|15|10|12|-18|6|-4|2|40,42,16,8|24|6|44,42,8,0|24|10|1|-2,1,1,1,1,-2|4|132|4|0|0
007223|box_n6_H12|b000287|1,3,5,7,9,11|7|9|11|8|15|12|13|-26|6|-20|4|40,46,20,8|16|6|48,50,16,2|24|12|-1|-1,-2,-1,-1,-2,-1|4|147|4|0|0
007224|box_n6_H12|b000288|1,3,5,7,9,12|7|9|12|6|15|10|20|-20|4|-18|2|42,48,18,8|12|4|54,54,12,2|24|10|1|1,-2,-2,-2,-2,1|8|84|18|10|1
007225|box_n6_H12|b000289|1,3,5,7,10,11|7|10|11|10|16|12|13|-16|8|-16|4|44,48,20,8|24|8|48,48,14,2|28|12|0|-1,0,-1,-1,0,-1|4|136|4|0|0
007226|box_n6_H12|b000290|1,3,5,7,10,12|7|10|12|8|16|10|20|-16|6|-20|2|44,48,18,8|20|6|52,50,10,2|28|10|0|0,-1,0,0,-1,0|4|76|4|0|1
007227|box_n6_H12|b000291|1,3,5,7,11,12|7|11|12|6|18|6|20|-40|4|-32|-2|48,60,26,10|4|4|52,56,12,2|8|6|-1|-1,-3,-4,-4,-3,-1|3|260|3|0|1
007228|box_n6_H12|b000292|1,3,5,8,9,10|7|9|10|14|9|14|10|-2|12|14|6|40,40,20,8|40|12|44,40,10,0|36|14|3|-2,1,3,3,1,-2|6|0|6|0|0
007229|box_n6_H12|b000293|1,3,5,8,9,11|7|9|11|10|9|14|11|-6|8|-8|6|40,42,18,8|28|8|48,48,18,4|36|14|1|-2,1,0,0,1,-2|6|0|6|0|0
007230|box_n6_H12|b000294|1,3,5,8,9,12|7|9|12|12|9|14|12|0|10|0|6|42,44,20,8|32|10|54,52,14,2|36|14|1|0,1,-1,-1,1,0|12|24|15|3|0
007231|box_n6_H12|b000295|1,3,5,8,10,11|7|10|11|12|10|16|11|-2|10|-4|8|44,48,22,8|28|10|48,46,18,4|44|16|1|-2,1,0,0,1,-2|6|0|6|0|0
007232|box_n6_H12|b000296|1,3,5,8,10,12|7|10|12|16|10|18|12|2|14|-2|10|44,46,24,8|40|14|52,48,16,2|48|18|3|-2,3,0,0,3,-2|12|210|12|0|0
007233|box_n6_H12|b000297|1,3,5,8,11,12|7|11|12|12|11|12|12|-28|10|-10|4|48,58,32,12|24|10|52,52,14,2|28|12|0|0,-1,-4,-4,-1,0|6|0|6|0|0
007234|box_n6_H12|b000298|1,3,5,9,10,11|7|10|11|16|10|18|11|2|14|0|10|44,46,24,8|40|14|48,46,18,2|44|18|0|0,0,0,0,0,0|6|0|6|0|0
007235|box_n6_H12|b000299|1,3,5,9,10,12|7|10|12|12|10|18|12|2|10|-4|10|44,46,20,8|32|10|52,50,18,2|44|18|2|-1,2,-1,-1,2,-1|12|210|12|0|0
007236|box_n6_H12|b000300|1,3,5,9,11,12|7|11|12|10|11|14|12|-28|8|-16|6|48,60,30,10|12|8|52,56,20,2|24|14|-1|-1,-4,-3,-3,-4,-1|6|0|6|0|0
007237|box_n6_H12|b000301|1,3,5,10,11,12|7|11|12|14|11|14|12|-28|12|-14|6|48,62,36,10|16|12|52,56,20,2|24|14|-1|-1,-5,-3,-3,-5,-1|6|0|6|0|0
007238|box_n6_H12|b000302|1,3,6,7,8,9|7|8|9|6|11|10|12|-22|4|0|2|36,42,18,8|12|4|40,40,10,0|20|10|0|-2,-1,0,0,-1,-2|4|182|4|0|0
007239|box_n6_H12|b000303|1,3,6,7,8,10|7|8|10|6|12|8|15|-26|4|-22|0|36,44,20,8|8|4|44,48,12,0|8|8|-1|-2,-1,-3,-3,-1,-2|4|20|10|6|1
007240|box_n6_H12|b000304|1,3,6,7,8,11|7|8|11|8|11|10|15|-26|6|-24|2|36,44,22,8|12|6|48,54,16,0|8|10|0|0,-5,-2,-2,-5,0|3|73|4|1|1
007241|box_n6_H12|b000305|1,3,6,7,8,12|7|8|12|10|11|18|16|-2|8|28|10|40,42,18,8|28|8|56,50,12,0|48|18|4|-3,4,1,1,4,-3|9|72|20|11|1
007242|box_n6_H12|b000306|1,3,6,7,9,10|7|9|10|10|15|8|17|-12|8|-18|0|40,46,22,8|20|8|44,46,10,0|12|8|0|-4,0,0,0,0,-4|4|43|4|0|1
007243|box_n6_H12|b000307|1,3,6,7,9,11|7|9|11|12|13|12|15|-12|10|-16|4|40,46,24,8|24|10|48,50,14,0|20|12|-1|-2,-1,-1,-1,-1,-2|4|147|4|0|1
007244|box_n6_H12|b000308|1,3,6,7,9,12|7|9|12|14|12|18|16|2|12|26|10|42,44,22,8|36|12|54,46,10,0|52|18|2|-1,2,2,2,2,-1|14|84|18|4|1
007245|box_n6_H12|b000309|1,3,6,7,10,11|7|10|11|12|15|10|17|-30|10|-20|2|44,52,26,8|20|10|48,52,14,0|12|10|-1|-1,-3,-2,-2,-3,-1|4|157|4|0|1
007246|box_n6_H12|b000310|1,3,6,7,10,12|7|10|12|10|15|16|18|-22|8|12|8|44,48,20,8|24|8|52,48,12,0|40|16|2|-3,1,2,2,1,-3|6|80|8|2|1
007247|box_n6_H12|b000311|1,3,6,7,11,12|7|11|12|14|15|16|17|-20|12|8|8|48,52,24,8|32|12|52,50,14,0|36|16|2|-3,2,0,0,2,-3|4|160|4|0|1
007248|box_n6_H12|b000312|1,3,6,8,9,10|7|9|10|12|9|12|10|4|10|0|4|40,44,22,8|28|10|44,44,12,0|24|12|2|-4,0,2,2,0,-4|6|0|6|0|0
007249|box_n6_H12|b000313|1,3,6,8,9,11|7|9|11|14|9|14|11|8|12|-8|6|40,42,22,8|36|12|48,48,14,0|28|14|2|-3,2,0,0,2,-3|6|0|6|0|0
007250|box_n6_H12|b000314|1,3,6,8,9,12|7|9|12|18|9|20|12|22|16|40|12|42,40,22,8|52|16|54,44,10,0|60|20|5|-2,5,3,3,5,-2|14|24|15|1|0
007251|box_n6_H12|b000315|1,3,6,8,10,11|7|10|11|14|10|14|11|-16|12|-12|6|44,52,28,8|24|12|48,50,16,0|24|14|-1|-2,-2,-1,-1,-2,-2|6|0|6|0|0
007252|box_n6_H12|b000316|1,3,6,8,10,12|7|10|12|18|10|20|12|-4|16|26|12|44,46,26,8|44|16|52,46,14,0|52|20|5|-5,5,2,2,5,-5|12|210|12|0|0
007253|box_n6_H12|b000317|1,3,6,8,11,12|7|11|12|18|11|20|12|-12|16|26|12|48,50,26,8|44|16|52,46,14,0|52|20|4|-2,4,0,0,4,-2|6|0|6|0|0
007254|box_n6_H12|b000318|1,3,6,9,10,11|7|10|11|16|10|14|11|-8|14|-4|6|44,50,32,12|40|14|48,50,20,4|32|14|0|0,-3,-1,-1,-3,0|6|0|6|0|0
007255|box_n6_H12|b000319|1,3,6,9,10,12|7|10|12|12|10|18|12|0|6|24|10|44,46,20,8|32|10|52,48,18,4|52|18|4|-4,4,1,1,4,-4|12|210|12|0|0
007256|box_n6_H12|b000320|1,3,6,9,11,12|7|11|12|14|11|18|12|-8|8|20|10|48,52,24,8|32|12|52,50,20,4|48|18|1|-3,1,1,1,1,-3|6|0|6|0|0
007257|box_n6_H12|b000321|1,3,6,10,11,12|7|11|12|14|11|18|12|-16|12|10|10|48,54,28,10|32|12|52,50,16,0|40|18|1|-3,0,1,1,0,-3|6|0|6|0|0
007258|box_n6_H12|b000322|1,3,7,8,9,10|7|9|10|6|11|6|12|-22|4|-22|-2|40,48,22,10|12|4|44,48,12,2|8|6|0|-3,-3,0,0,-3,-3|4|137|4|0|0
007259|box_n6_H12|b000323|1,3,7,8,9,11|7|9|11|6|13|10|13|-22|4|-20|2|40,48,22,10|12|4|48,50,14,2|20|10|-1|-2,-2,-1,-1,-2,-2|3|59|3|0|0
007260|box_n6_H12|b000324|1,3,7,8,9,12|7|9|12|10|12|14|15|-12|8|6|6|42,48,24,10|24|8|54,52,14,2|36|14|1|-1,1,-2,-2,1,-1|8|24|15|7|1
007261|box_n6_H12|b000325|1,3,7,8,10,11|7|10|11|6|15|8|13|-34|4|-24|0|44,54,24,10|8|4|48,52,14,2|12|8|-2|-2,-2,-3,-3,-2,-2|3|355|3|0|0
007262|box_n6_H12|b000326|1,3,7,8,10,12|7|10|12|10|13|12|15|-30|8|-4|4|44,52,26,10|20|8|52,52,14,2|28|12|-1|-1,-1,-2,-2,-1,-1|6|207|6|0|1
007263|box_n6_H12|b000327|1,3,7,8,11,12|7|11|12|12|15|12|17|-32|10|-4|4|48,56,28,10|24|10|52,52,14,2|28|12|1|-1,1,-4,-4,1,-1|3|7|4|1|1
007264|box_n6_H12|b000328|1,3,7,9,10,11|7|10|11|10|17|10|13|-30|8|-20|2|44,52,24,8|16|8|48,52,14,0|12|10|0|0,-3,-3,-3,-3,0|4|157|4|0|0
007265|box_n6_H12|b000329|1,3,7,9,10,12|7|10|12|8|13|12|15|-30|6|-10|4|44,52,22,8|12|6|52,54,14,0|20|12|0|0,-2,-3,-3,-2,0|5|112|6|1|1
007266|box_n6_H12|b000330|1,3,7,9,11,12|7|11|12|10|15|14|17|-32|8|-14|6|48,58,26,8|12|8|52,56,18,0|20|14|-2|-2,-2,-3,-3,-2,-2|4|224|4|0|1
007267|box_n6_H12|b000331|1,3,7,10,11,12|7|11|12|8|17|10|18|-40|6|-20|2|48,60,28,10|8|6|52,56,16,2|16|10|-2|-2,-3,-3,-3,-3,-2|4|160|4|0|1
007268|box_n6_H12|b000332|1,3,8,9,10,11|7|10|11|12|10|16|11|-16|10|-8|8|44,52,28,10|24|10|48,50,20,2|32|16|-1|-1,-2,-2,-2,-2,-1|6|0|6|0|0
007269|box_n6_H12|b000333|1,3,8,9,10,12|7|10|12|12|10|16|12|-12|10|4|8|44,50,26,10|28|10|52,52,18,2|36|16|2|-2,2,-3,-3,2,-2|12|210|12|0|0
007270|box_n6_H12|b000334|1,3,8,9,11,12|7|11|12|14|11|16|12|-20|12|4|8|48,56,30,10|28|12|52,52,18,2|36|16|0|-1,0,-3,-3,0,-1|6|0|6|0|0
007271|box_n6_H12|b000335|1,3,8,10,11,12|7|11|12|14|11|16|12|-28|12|-2|8|48,58,30,8|20|12|52,52,16,0|32|16|-1|-1,-1,-3,-3,-1,-1|6|0|6|0|0
007272|box_n6_H12|b000336|1,3,9,10,11,12|7|11|12|10|11|14|12|-28|8|-12|6|48,60,30,10|12|8|52,56,20,2|24|14|-2|-2,-4,-2,-2,-4,-2|6|0|6|0|0
007273|box_n6_H12|b000337|1,4,5,6,7,8|7|7|8|4|15|4|20|-30|2|-10|-4|30,36,16,8|8|2|30,30,4,0|8|4|0|-1,0,-2,-2,0,-1|3|132|4|1|1
007274|box_n6_H12|b000338|1,4,5,6,7,9|7|7|9|4|15|4|23|-30|2|-22|-4|30,36,16,8|8|2|36,38,6,0|4|4|-1|-1,-1,-2,-2,-1,-1|2|55|5|3|1
007275|box_n6_H12|b000339|1,4,5,6,7,10|7|7|10|4|18|6|25|-30|2|-12|-2|30,36,16,8|8|2|42,42,6,0|12|6|2|-4,-1,2,2,-1,-4|3|185|4|1|1
007276|box_n6_H12|b000340|1,4,5,6,7,11|7|7|11|2|15|0|-1|-34|0|-44|-8|30,38,16,8|0|0|48,58,12,2|-16|0|-2|-2,-3,-4,-4,-3,-2|1|38|4|3|1
007277|box_n6_H12|b000341|1,4,5,6,7,12|7|7|12|6|15|10|26|-26|4|6|2|30,34,16,8|16|4|54,54,12,2|24|10|3|-3,-2,3,3,-2,-3|4|110|4|0|1
007278|box_n6_H12|b000342|1,4,5,6,8,9|7|8|9|12|8|10|9|12|10|6|2|36,34,16,8|40|10|40,34,4,0|32|10|3|0,3,1,1,3,0|6|0|6|0|0
007279|box_n6_H12|b000343|1,4,5,6,8,10|7|8|10|12|8|12|10|12|10|10|4|36,34,16,8|40|10|44,36,4,0|40|12|5|-2,2,5,5,2,-2|12|140|12|0|0
007280|box_n6_H12|b000344|1,4,5,6,8,11|7|8|11|8|8|10|11|8|6|-20|2|36,36,14,8|28|6|48,46,10,2|28|10|2|-1,0,2,2,0,-1|6|0|6|0|0
007281|box_n6_H12|b000345|1,4,5,6,8,12|7|8|12|14|8|18|12|28|12|32|10|40,36,16,8|48|12|56,46,10,2|60|18|6|-2,3,6,6,3,-2|16|42|24|8|0
007282|box_n6_H12|b000346|1,4,5,6,9,10|7|9|10|10|9|10|10|-6|8|2|2|40,40,16,8|32|8|44,40,6,0|28|10|2|-2,2,2,2,2,-2|6|0|6|0|0
007283|box_n6_H12|b000347|1,4,5,6,9,11|7|9|11|8|9|8|11|-10|6|-24|0|40,42,16,8|24|6|48,48,10,2|20|8|0|-1,0,0,0,0,-1|6|0|6|0|0
007284|box_n6_H12|b000348|1,4,5,6,9,12|7|9|12|12|9|16|12|8|10|22|8|42,38,14,8|44|10|54,46,10,2|52|16|5|-2,3,5,5,3,-2|12|84|18|6|0
007285|box_n6_H12|b000349|1,4,5,6,10,11|7|10|11|6|10|8|11|-14|4|-24|0|44,48,16,8|16|4|48,48,10,2|20|8|1|-1,-2,1,1,-2,-1|6|0|6|0|0
007286|box_n6_H12|b000350|1,4,5,6,10,12|7|10|12|14|10|16|12|-2|12|16|8|44,42,18,8|44|12|52,44,10,2|52|16|8|-4,1,8,8,1,-4|12|210|12|0|0
007287|box_n6_H12|b000351|1,4,5,6,11,12|7|11|12|10|11|12|12|-32|8|8|4|48,52,22,10|28|8|52,48,10,2|36|12|2|-1,-1,2,2,-1,-1|6|0|6|0|0
007288|box_n6_H12|b000352|1,4,5,7,8,9|7|8|9|4|20|6|20|-22|2|-20|-2|36,42,16,8|8|2|40,40,6,0|12|6|0|0,-2,-1,-1,-2,0|3|196|3|0|0
007289|box_n6_H12|b000353|1,4,5,7,8,10|7|8|10|8|18|12|12|-10|6|4|4|36,36,14,8|28|6|44,38,6,0|36|12|4|-3,2,4,4,2,-3|7|138|8|1|0
007290|box_n6_H12|b000354|1,4,5,7,8,11|7|8|11|4|18|10|13|-18|2|-20|2|36,40,14,8|12|2|48,46,10,2|28|10|1|-1,-1,1,1,-1,-1|3|170|3|0|0
007291|box_n6_H12|b000355|1,4,5,7,8,12|7|8|12|6|18|12|26|-2|4|2|4|40,42,14,8|20|4|56,52,10,2|36|12|3|-1,-1,3,3,-1,-1|12|42|24|12|1
007292|box_n6_H12|b000356|1,4,5,7,9,10|7|9|10|8|20|8|12|-28|6|-8|0|40,44,18,8|20|6|44,44,8,0|16|8|0|-1,-1,0,0,-1,-1|4|245|4|0|0
007293|box_n6_H12|b000357|1,4,5,7,9,11|7|9|11|4|20|6|13|-36|2|-28|-2|40,48,18,8|4|2|48,50,10,2|12|6|0|0,-4,-1,-1,-4,0|3|59|3|0|0
007294|box_n6_H12|b000358|1,4,5,7,9,12|7|9|12|8|20|8|26|-22|6|-12|0|42,46,18,8|20|6|54,54,10,2|20|8|0|-1,-1,0,0,-1,-1|5|86|9|4|1
007295|box_n6_H12|b000359|1,4,5,7,10,11|7|10|11|6|22|8|13|-20|4|-28|0|44,50,18,8|12|4|48,50,12,2|16|8|-1|-1,-2,-1,-1,-2,-1|2|37|3|1|0
007296|box_n6_H12|b000360|1,4,5,7,10,12|7|10|12|8|22|12|27|-16|6|-14|4|44,48,18,8|20|6|52,50,12,2|32|12|4|0,-5,4,4,-5,0|5|165|8|3|1
007297|box_n6_H12|b000361|1,4,5,7,11,12|7|11|12|4|24|6|26|-44|2|-22|-2|48,58,22,10|4|2|52,54,10,2|12|6|0|0,-4,-2,-2,-4,0|2|115|3|1|1
007298|box_n6_H12|b000362|1,4,5,8,9,10|7|9|10|14|9|14|10|-4|12|14|6|40,42,22,8|36|12|44,42,12,0|32|14|2|-1,-1,2,2,-1,-1|6|0|6|0|0
007299|box_n6_H12|b000363|1,4,5,8,9,11|7|9|11|14|9|16|11|-8|12|0|8|40,44,24,8|32|12|48,48,18,2|36|16|0|-1,-1,0,0,-1,-1|6|0|6|0|0
007300|box_n6_H12|b000364|1,4,5,8,9,12|7|9|12|14|9|16|12|6|12|14|8|42,42,20,8|40|12|54,52,16,2|40|16|2|-2,2,1,1,2,-2|8|12|15|7|0
007301|box_n6_H12|b000365|1,4,5,8,10,11|7|10|11|14|10|18|11|-2|12|0|10|44,50,26,8|28|12|48,48,20,2|40|18|0|-2,-1,0,0,-1,-2|6|0|6|0|0
007302|box_n6_H12|b000366|1,4,5,8,10,12|7|10|12|14|10|20|12|6|12|12|12|44,46,22,8|36|12|52,48,18,2|52|20|4|-2,-1,4,4,-1,-2|12|210|12|0|0
007303|box_n6_H12|b000367|1,4,5,8,11,12|7|11|12|14|11|18|12|-16|12|8|10|48,56,30,10|28|12|52,50,18,2|44|18|1|1,-2,-2,-2,-2,1|6|0|6|0|0
007304|box_n6_H12|b000368|1,4,5,9,10,11|7|10|11|10|10|12|11|-10|8|-8|4|44,48,20,8|24|8|48,48,16,4|32|12|0|0,-2,0,0,-2,0|6|0|6|0|0
007305|box_n6_H12|b000369|1,4,5,9,10,12|7|10|12|12|10|14|12|-6|10|-2|6|44,46,20,8|32|10|52,50,16,4|40|14|3|-1,-2,3,3,-2,-1|12|210|12|0|0
007306|box_n6_H12|b000370|1,4,5,9,11,12|7|11|12|12|11|12|12|-28|10|-10|4|48,58,32,12|24|10|52,54,18,4|28|12|0|0,-5,-1,-1,-5,0|6|0|6|0|0
007307|box_n6_H12|b000371|1,4,5,10,11,12|7|11|12|10|11|14|12|-32|8|-8|6|48,60,30,10|12|8|52,54,18,2|28|14|0|0,-6,-1,-1,-6,0|6|0|6|0|0
007308|box_n6_H12|b000372|1,4,6,7,8,9|7|8|9|8|11|8|12|-14|6|-6|0|36,40,18,8|20|6|40,38,6,0|20|8|0|-1,0,0,0,0,-1|4|182|4|0|0
007309|box_n6_H12|b000373|1,4,6,7,8,10|7|8|10|6|12|6|15|-18|4|-22|-2|36,42,18,8|12|4|44,44,6,0|12|6|1|-3,-1,1,1,-1,-3|8|20|10|2|1
007310|box_n6_H12|b000374|1,4,6,7,8,11|7|8|11|6|11|6|15|-14|4|-28|-2|36,40,16,8|16|4|48,48,6,0|12|6|2|-2,-2,2,2,-2,-2|3|84|4|1|1
007311|box_n6_H12|b000375|1,4,6,7,8,12|7|8|12|10|11|18|16|6|8|38|10|40,40,16,8|32|8|56,44,6,0|60|18|5|-3,4,5,5,4,-3|16|84|24|8|1
007312|box_n6_H12|b000376|1,4,6,7,9,10|7|9|10|6|23|6|25|-26|4|-30|-2|40,48,20,8|8|4|44,48,10,0|4|6|-1|-3,-2,-1,-1,-2,-3|3|185|3|0|1
007313|box_n6_H12|b000377|1,4,6,7,9,11|7|9|11|6|13|8|15|-26|4|-32|0|40,48,20,8|8|4|48,50,10,0|12|8|-1|-1,-3,-1,-1,-3,-1|3|85|3|0|1
007314|box_n6_H12|b000378|1,4,6,7,9,12|7|9|12|12|12|18|16|-4|10|24|10|42,42,18,8|36|10|54,46,10,0|52|18|4|-3,3,4,4,3,-3|8|24|15|7|1
007315|box_n6_H12|b000379|1,4,6,7,10,11|7|10|11|4|15|2|29|-42|2|-40|-6|44,54,20,8|0|2|48,54,8,0|-8|2|-1|-1,-5,-2,-2,-5,-1|2|55|3|1|1
007316|box_n6_H12|b000380|1,4,6,7,10,12|7|10|12|10|15|12|18|-30|8|10|4|44,48,20,8|24|8|52,48,8,0|32|12|6|-3,-3,6,6,-3,-3|8|30|10|2|1
007317|box_n6_H12|b000381|1,4,6,7,11,12|7|11|12|10|15|12|17|-32|8|10|4|48,50,18,8|28|8|52,48,8,0|32|12|2|-2,1,2,2,1,-2|3|136|3|0|1
007318|box_n6_H12|b000382|1,4,6,8,9,10|7|9|10|8|9|10|10|-2|4|-8|2|40,46,20,8|16|6|44,46,14,2|20|10|1|-3,-2,1,1,-2,-3|6|0|6|0|0
007319|box_n6_H12|b000383|1,4,6,8,9,11|7|9|11|14|9|14|11|2|12|-8|6|40,44,26,10|36|12|48,48,16,2|32|14|0|-2,0,0,0,0,-2|6|0|6|0|0
007320|box_n6_H12|b000384|1,4,6,8,9,12|7|9|12|16|9|22|12|24|12|46|14|42,38,18,8|52|14|54,44,14,2|68|22|6|-4,6,5,5,6,-4|12|12|15|3|0
007321|box_n6_H12|b000385|1,4,6,8,10,11|7|10|11|10|10|10|11|-24|8|-16|0|44,54,28,10|16|8|48,52,14,0|12|10|-1|-2,-4,-1,-1,-4,-2|6|0|6|0|0
007322|box_n6_H12|b000386|1,4,6,8,10,12|7|10|12|14|10|16|12|-8|12|32|6|44,46,24,10|40|12|52,46,10,0|44|16|6|-5,1,6,6,1,-5|12|210|12|0|0
007323|box_n6_H12|b000387|1,4,6,8,11,12|7|11|12|16|11|20|12|-8|12|36|12|48,48,22,8|44|14|52,44,14,2|60|20|3|-1,3,2,2,3,-1|6|0|6|0|0
007324|box_n6_H12|b000388|1,4,6,9,10,11|7|10|11|10|10|10|11|-28|8|-20|2|44,52,24,8|16|8|48,52,14,0|12|10|0|0,-5,-1,-1,-5,0|6|0|6|0|0
007325|box_n6_H12|b000389|1,4,6,9,10,12|7|10|12|12|10|14|12|-16|10|18|6|44,46,20,8|32|10|52,48,10,0|36|14|5|-4,0,5,5,0,-4|12|210|12|0|0
007326|box_n6_H12|b000390|1,4,6,9,11,12|7|11|12|16|11|18|12|-16|14|18|10|48,50,24,8|40|14|52,48,14,0|44|18|3|-2,0,3,3,0,-2|6|0|6|0|0
007327|box_n6_H12|b000391|1,4,6,10,11,12|7|11|12|10|11|12|12|-28|6|8|4|48,52,20,8|24|8|52,48,10,2|36|12|3|-2,-1,3,3,-1,-2|6|0|6|0|0
007328|box_n6_H12|b000392|1,4,7,8,9,10|7|9|10|8|11|8|12|-24|6|-18|0|40,50,26,10|12|6|44,50,16,2|8|8|-1|-2,-5,-1,-1,-5,-2|4|43|4|0|0
007329|box_n6_H12|b000393|1,4,7,8,9,11|7|9|11|8|13|10|13|-24|6|-16|2|40,50,26,10|12|6|48,50,14,2|20|10|-1|-1,-4,-1,-1,-4,-1|4|238|4|0|0
007330|box_n6_H12|b000394|1,4,7,8,9,12|7|9|12|12|12|16|15|-6|10|16|8|42,46,24,10|32|10|54,52,16,2|40|16|2|-3,2,0,0,2,-3|6|94|9|3|1
007331|box_n6_H12|b000395|1,4,7,8,10,11|7|10|11|8|15|8|13|-30|6|-24|0|44,56,28,10|8|6|48,54,16,2|8|8|-2|-2,-4,-3,-3,-4,-2|3|195|3|0|0
007332|box_n6_H12|b000396|1,4,7,8,10,12|7|10|12|10|13|14|15|-22|8|6|6|44,52,26,10|20|8|52,52,16,2|32|14|2|-1,-5,2,2,-5,-1|8|30|10|2|1
007333|box_n6_H12|b000397|1,4,7,8,11,12|7|11|12|10|15|14|17|-24|8|10|6|48,54,24,10|24|8|52,50,14,2|36|14|0|0,0,-2,-2,0,0|3|81|4|1|1
007334|box_n6_H12|b000398|1,4,7,9,10,11|7|10|11|4|22|6|13|-38|2|-32|-2|44,54,20,8|0|2|48,54,12,0|0|6|0|0,-5,-3,-3,-5,0|2|37|3|1|0
007335|box_n6_H12|b000399|1,4,7,9,10,12|7|10|12|10|13|10|15|-34|8|-12|2|44,52,24,8|16|8|52,54,12,0|16|10|1|0,-6,1,1,-6,0|5|135|6|1|1
007336|box_n6_H12|b000400|1,4,7,9,11,12|7|11|12|12|15|10|17|-36|10|-12|2|48,56,26,8|20|10|52,54,12,0|16|10|-1|-1,-3,-1,-1,-3,-1|3|29|4|1|1
007337|box_n6_H12|b000401|1,4,7,10,11,12|7|11|12|4|27|8|18|-48|2|-18|0|48,58,20,8|0|2|52,54,10,0|12|8|-1|-1,-4,-1,-1,-4,-1|2|6|3|1|1
007338|box_n6_H12|b000402|1,4,8,9,10,11|7|10|11|12|10|14|11|-20|10|-4|6|44,54,30,10|20|10|48,52,22,4|28|14|-1|-1,-4,-2,-2,-4,-1|6|0|6|0|0
007339|box_n6_H12|b000403|1,4,8,9,10,12|7|10|12|12|10|14|12|-12|10|10|6|44,50,26,10|28|10|52,52,16,2|32|14|1|-2,-2,1,1,-2,-2|12|210|12|0|0
007340|box_n6_H12|b000404|1,4,8,9,11,12|7|11|12|16|11|18|12|-8|14|14|10|48,54,32,12|40|14|52,50,18,2|44|18|0|0,-1,-1,-1,-1,0|6|0|6|0|0
007341|box_n6_H12|b000405|1,4,8,10,11,12|7|11|12|10|11|16|12|-20|6|8|8|48,56,24,8|16|8|52,50,16,2|40|16|0|0,-2,-1,-1,-2,0|6|0|6|0|0
007342|box_n6_H12|b000406|1,4,9,10,11,12|7|11|12|10|11|10|12|-32|8|-14|2|48,58,28,10|16|8|52,54,14,2|20|10|0|-1,-5,0,0,-5,-1|6|0|6|0|0
007343|box_n6_H12|b000407|1,5,6,7,8,9|7|8|9|4|20|4|29|-34|2|-18|-4|36,44,18,8|4|2|40,42,6,0|4|4|-1|-1,-1,-3,-3,-1,-1|3|228|3|0|1
007344|box_n6_H12|b000408|1,5,6,7,8,10|7|8|10|6|13|8|16|-26|4|-4|0|36,40,16,8|16|4|44,42,6,0|20|8|2|-3,2,0,0,2,-3|4|20|10|6|1
007345|box_n6_H12|b000409|1,5,6,7,8,11|7|8|11|2|13|2|36|-34|0|-40|-6|36,44,16,8|0|0|48,52,6,0|-4|2|-1|-1,-4,-1,-1,-4,-1|2|79|3|1|1
007346|box_n6_H12|b000410|1,5,6,7,8,12|7|8|12|6|13|10|26|-10|4|6|2|40,42,14,8|20|4|56,52,6,0|28|10|3|-3,3,1,1,3,-3|6|30|20|14|1
007347|box_n6_H12|b000411|1,5,6,7,9,10|7|9|10|10|15|10|17|-18|8|-4|2|40,42,18,8|28|8|44,42,8,0|24|10|4|-4,4,0,0,4,-4|3|43|4|1|1
007348|box_n6_H12|b000412|1,5,6,7,9,11|7|9|11|6|15|6|19|-26|4|-36|-2|40,46,18,8|12|4|48,50,8,0|8|6|0|-1,0,-3,-3,0,-1|3|147|4|1|1
007349|box_n6_H12|b000413|1,5,6,7,9,12|7|9|12|8|15|14|20|-8|6|4|6|42,42,14,8|28|6|54,48,8,0|40|14|4|-2,4,1,1,4,-2|8|84|18|10|1
007350|box_n6_H12|b000414|1,5,6,7,10,11|7|10|11|8|16|8|18|-16|6|-32|0|44,48,18,8|20|6|48,48,8,0|16|8|0|-2,0,0,0,0,-2|4|157|4|0|1
007351|box_n6_H12|b000415|1,5,6,7,10,12|7|10|12|10|16|14|20|-8|8|-2|6|44,44,16,8|32|8|52,46,8,0|40|14|4|-4,3,4,4,3,-4|5|140|8|3|1
007352|box_n6_H12|b000416|1,5,6,7,11,12|7|11|12|4|18|6|20|-44|2|-14|-2|48,54,16,8|8|2|52,52,6,0|12|6|0|-2,0,-1,-1,0,-2|3|260|3|0|1
007353|box_n6_H12|b000417|1,5,6,8,9,10|7|9|10|12|9|12|10|-2|10|10|4|40,40,18,8|36|10|44,40,8,0|32|12|4|-4,4,2,2,4,-4|6|0|6|0|0
007354|box_n6_H12|b000418|1,5,6,8,9,11|7|9|11|10|9|10|11|-6|8|-24|2|40,42,18,8|28|8|48,48,10,0|20|10|3|-2,3,-2,-2,3,-2|6|0|6|0|0
007355|box_n6_H12|b000419|1,5,6,8,9,12|7|9|12|14|9|18|12|12|12|22|10|42,38,16,8|48|12|54,46,10,0|52|18|7|-3,7,2,2,7,-3|12|24|15|3|0
007356|box_n6_H12|b000420|1,5,6,8,10,11|7|10|11|10|10|10|11|-6|8|-20|2|44,48,20,8|24|8|48,46,8,0|24|10|1|-3,1,1,1,1,-3|6|0|6|0|0
007357|box_n6_H12|b000421|1,5,6,8,10,12|7|10|12|18|10|18|12|6|16|16|10|44,42,22,8|52|16|52,44,10,0|52|18|7|-6,7,4,4,7,-6|12|210|12|0|0
007358|box_n6_H12|b000422|1,5,6,8,11,12|7|11|12|12|11|14|12|-32|10|8|6|48,52,22,8|28|10|52,48,10,0|36|14|2|-1,2,-1,-1,2,-1|6|0|6|0|0
007359|box_n6_H12|b000423|1,5,6,9,10,11|7|10|11|12|10|12|11|-2|10|-16|4|44,46,20,8|32|10|48,46,10,0|28|12|1|-1,0,1,1,0,-1|6|0|6|0|0
007360|box_n6_H12|b000424|1,5,6,9,10,12|7|10|12|14|10|20|12|6|12|14|12|44,42,18,8|44|12|52,46,14,0|52|20|6|-5,6,3,3,6,-5|12|210|12|0|0
007361|box_n6_H12|b000425|1,5,6,9,11,12|7|11|12|10|11|14|12|-32|8|2|6|48,54,22,8|20|8|52,52,14,0|28|14|0|-2,-1,0,0,-1,-2|6|0|6|0|0
007362|box_n6_H12|b000426|1,5,6,10,11,12|7|11|12|12|11|12|12|-32|10|0|4|48,56,26,8|20|10|52,52,12,0|24|12|0|-2,-2,0,0,-2,-2|6|0|6|0|0
007363|box_n6_H12|b000427|1,5,7,8,9,10|7|9|10|8|20|8|12|-24|6|0|0|40,44,20,10|24|6|44,44,10,2|20|8|1|-3,1,0,0,1,-3|4|245|4|0|0
007364|box_n6_H12|b000428|1,5,7,8,9,11|7|9|11|6|20|10|13|-32|4|-20|2|40,48,22,10|12|4|48,50,14,2|20|10|-1|-1,-1,-3,-3,-1,-1|3|59|3|0|0
007365|box_n6_H12|b000429|1,5,7,8,9,12|7|9|12|8|20|8|26|-18|6|-12|0|42,46,20,10|24|6|54,54,10,2|20|8|3|-2,3,-3,-3,3,-2|6|126|12|6|1
007366|box_n6_H12|b000430|1,5,7,8,10,11|7|10|11|10|16|12|13|-12|8|-16|4|44,50,24,10|24|8|48,48,14,2|28|12|1|-3,1,-1,-1,1,-3|4|73|5|1|0
007367|box_n6_H12|b000431|1,5,7,8,10,12|7|10|12|10|16|12|27|-8|8|-14|4|44,48,22,10|28|8|52,50,12,2|32|12|1|-2,1,0,0,1,-2|6|207|6|0|1
007368|box_n6_H12|b000432|1,5,7,8,11,12|7|11|12|8|24|8|26|-36|6|-22|0|48,58,26,10|12|6|52,54,12,2|16|8|0|0,-1,-5,-5,-1,0|2|29|4|2|1
007369|box_n6_H12|b000433|1,5,7,9,10,11|7|10|11|10|17|12|13|-12|8|-16|4|44,48,20,8|24|8|48,48,12,0|24|12|0|-1,0,-1,-1,0,-1|4|157|4|0|0
007370|box_n6_H12|b000434|1,5,7,9,10,12|7|10|12|10|22|12|20|-12|8|-20|4|44,48,20,8|24|8|52,52,12,0|24|12|0|-1,0,-1,-1,0,-1|4|122|4|0|1
007371|box_n6_H12|b000435|1,5,7,9,11,12|7|11|12|8|24|8|20|-40|6|-32|0|48,60,26,8|4|6|52,58,14,0|4|8|-1|-1,-4,-4,-4,-4,-1|3|280|3|0|1
007372|box_n6_H12|b000436|1,5,7,10,11,12|7|11|12|8|18|8|20|-40|6|-30|0|48,62,28,8|0|6|52,58,14,0|4|8|-1|-1,-5,-4,-4,-5,-1|3|117|3|0|1
007373|box_n6_H12|b000437|1,5,8,9,10,11|7|10|11|12|10|16|11|-2|10|0|8|44,48,24,10|32|10|48,46,16,2|40|16|1|-2,1,0,0,1,-2|6|0|6|0|0
007374|box_n6_H12|b000438|1,5,8,9,10,12|7|10|12|14|10|16|12|2|12|-2|8|44,46,24,10|40|12|52,50,16,2|40|16|4|-3,4,-1,-1,4,-3|12|210|12|0|0
007375|box_n6_H12|b000439|1,5,8,9,11,12|7|11|12|16|11|14|12|-24|14|-10|6|48,58,34,10|28|14|52,54,18,2|28|14|0|0,-2,-4,-4,-2,0|6|0|6|0|0
007376|box_n6_H12|b000440|1,5,8,10,11,12|7|11|12|14|11|16|12|-24|12|-8|8|48,60,34,10|20|12|52,54,18,0|28|16|0|0,-3,-4,-4,-3,0|6|0|6|0|0
007377|box_n6_H12|b000441|1,5,9,10,11,12|7|11|12|12|11|12|12|-28|10|-18|4|48,62,36,12|16|10|52,58,20,2|16|12|-1|-1,-6,-3,-3,-6,-1|6|0|6|0|0
007378|box_n6_H12|b000442|1,6,7,8,9,10|7|9|10|4|29|4|25|-26|2|-26|-4|40,48,20,10|8|2|44,48,10,2|4|4|0|-5,0,-1,-1,0,-5|3|245|4|1|1
007379|box_n6_H12|b000443|1,6,7,8,9,11|7|9|11|6|13|6|15|-26|4|-28|-2|40,48,22,10|12|4|48,50,10,2|12|6|0|-2,0,-3,-3,0,-2|2|28|3|1|1
007380|box_n6_H12|b000444|1,6,7,8,9,12|7|9|12|10|12|16|16|-4|8|28|8|42,42,18,10|36|8|54,46,10,2|52|16|7|-4,7,1,1,7,-4|9|114|12|3|1
007381|box_n6_H12|b000445|1,6,7,8,10,11|7|10|11|6|15|4|17|-38|4|-32|-4|44,54,24,10|8|4|48,52,10,2|4|4|-2|-3,-2,-2,-2,-2,-3|3|355|3|0|1
007382|box_n6_H12|b000446|1,6,7,8,10,12|7|10|12|10|15|12|18|-26|8|14|4|44,48,22,10|28|8|52,48,10,2|36|12|3|-5,3,2,2,3,-5|8|30|10|2|1
007383|box_n6_H12|b000447|1,6,7,8,11,12|7|11|12|10|15|14|17|-28|8|14|6|48,50,20,10|32|8|52,48,12,2|40|14|4|-2,4,-1,-1,4,-2|3|70|4|1|1
007384|box_n6_H12|b000448|1,6,7,9,10,11|7|10|11|8|17|8|19|-34|6|-28|0|44,52,22,8|12|6|48,52,12,0|8|8|-1|-1,-3,-2,-2,-3,-1|4|157|4|0|1
007385|box_n6_H12|b000449|1,6,7,9,10,12|7|10|12|8|25|14|20|-26|6|8|6|44,48,18,8|20|6|52,50,12,0|32|14|2|-4,2,1,1,2,-4|5|106|6|1|1
007386|box_n6_H12|b000450|1,6,7,9,11,12|7|11|12|10|15|14|17|-28|8|4|6|48,52,20,8|24|8|52,52,14,0|28|14|1|-3,1,0,0,1,-3|4|224|4|0|1
007387|box_n6_H12|b000451|1,6,7,10,11,12|7|11|12|8|17|10|18|-36|6|-6|2|48,54,20,8|16|6|52,52,10,0|20|10|0|-3,0,0,0,0,-3|4|160|4|0|1
007388|box_n6_H12|b000452|1,6,8,9,10,11|7|10|11|10|10|10|11|-24|8|-16|2|44,52,26,10|20|8|48,50,14,2|20|10|-1|-2,-2,-1,-1,-2,-2|6|0|6|0|0
007389|box_n6_H12|b000453|1,6,8,9,10,12|7|10|12|12|10|14|12|-12|10|22|6|44,46,22,10|36|10|52,48,12,2|40|14|6|-6,6,1,1,6,-6|12|210|12|0|0
007390|box_n6_H12|b000454|1,6,8,9,11,12|7|11|12|14|11|18|12|-16|12|22|10|48,50,24,10|40|12|52,48,16,2|48|18|3|-2,3,0,0,3,-2|6|0|6|0|0
007391|box_n6_H12|b000455|1,6,8,10,11,12|7|11|12|12|11|14|12|-24|8|12|6|48,52,22,8|28|10|52,48,12,2|40|14|2|-2,2,0,0,2,-2|6|0|6|0|0
007392|box_n6_H12|b000456|1,6,9,10,11,12|7|11|12|10|11|12|12|-24|8|2|4|48,54,24,10|24|8|52,52,14,2|28|12|1|-3,-1,1,1,-1,-3|6|0|6|0|0
007393|box_n6_H12|b000457|1,7,8,9,10,11|7|10|11|4|22|8|13|-34|2|-20|0|44,54,24,12|8|2|48,52,16,4|16|8|-2|-2,-2,-3,-3,-2,-2|2|42|3|1|0
007394|box_n6_H12|b000458|1,7,8,9,10,12|7|10|12|8|13|8|15|-30|6|-8|0|44,52,26,12|20|6|52,54,14,4|20|8|0|-2,0,-3,-3,0,-2|5|135|6|1|1
007395|box_n6_H12|b000459|1,7,8,9,11,12|7|11|12|12|15|10|17|-28|10|-8|2|48,56,30,12|28|10|52,54,16,4|24|10|0|-1,0,-4,-4,0,-1|3|29|4|1|1
007396|box_n6_H12|b000460|1,7,8,10,11,12|7|11|12|8|17|10|18|-36|6|-14|2|48,58,26,10|12|6|52,54,14,2|20|10|-1|-1,-1,-4,-4,-1,-1|3|29|4|1|1
007397|box_n6_H12|b000461|1,7,9,10,11,12|7|11|12|8|27|6|20|-40|6|-28|-2|48,60,28,10|8|6|52,58,14,2|4|6|-2|-2,-4,-3,-3,-4,-2|3|4|4|1|1
007398|box_n6_H12|b000462|1,8,9,10,11,12|7|11|12|12|11|10|12|-24|10|-10|2|48,58,32,12|24|10|52,54,16,4|24|10|-1|-1,-2,-3,-3,-2,-1|6|0|6|0|0
007399|box_n6_H12|b000463|2,3,4,5,6,7|7|6|7|6|3|6|4|18|4|-14|-2|30,32,14,8|20|4|30,30,6,0|12|6|2|-3,0,2,2,0,-3|3|87|4|1|1
007400|box_n6_H12|b000464|2,3,4,5,6,8|7|6|8|10|3|12|4|20|8|28|4|28,26,14,8|36|8|36,26,2,0|44|12|5|-1,2,5,5,2,-1|12|84|12|0|0
007401|box_n6_H12|b000465|2,3,4,5,6,9|7|6|9|10|3|12|5|26|8|20|4|30,28,14,8|36|8|42,36,8,2|40|12|4|0,0,4,4,0,0|12|42|18|6|0
007402|box_n6_H12|b000466|2,3,4,5,6,10|7|6|10|10|3|14|5|20|8|18|6|28,26,14,8|36|8|44,38,10,2|44|14|2|0,2,2,2,2,0|12|105|12|0|0
007403|box_n6_H12|b000467|2,3,4,5,6,11|7|6|11|10|3|14|6|14|8|0|4|26,24,14,8|36|8|48,48,20,8|40|12|2|-2,1,2,2,1,-2|6|0|6|0|0
007404|box_n6_H12|b000468|2,3,4,5,6,12|7|6|12|12|3|16|6|48|10|30|6|36,32,14,8|44|10|60,56,18,8|52|14|5|0,-1,5,5,-1,0|18|26|30|12|0
007405|box_n6_H12|b000469|2,3,4,5,7,8|7|7|8|6|4|6|4|-26|4|-6|-2|30,36,18,8|12|4|30,28,4,0|16|6|1|-2,-1,1,1,-1,-2|3|108|4|1|0
007406|box_n6_H12|b000470|2,3,4,5,7,9|7|7|9|4|4|4|5|-30|2|-18|-4|30,38,18,8|4|2|36,40,10,2|4|4|-1|-1,-4,-1,-1,-4,-1|2|33|4|2|0
007407|box_n6_H12|b000471|2,3,4,5,7,10|7|7|10|6|4|8|5|-26|4|-4|0|30,36,18,8|12|4|42,44,12,2|16|8|0|0,-3,-1,-1,-3,0|4|46|5|1|0
007408|box_n6_H12|b000472|2,3,4,5,7,11|7|7|11|4|6|8|6|-34|2|-20|-2|30,40,20,8|0|2|48,58,24,8|8|6|0|0,-5,-5,-5,-5,0|4|74|4|0|0
007409|box_n6_H12|b000473|2,3,4,5,7,12|7|7|12|4|5|8|6|-30|2|-8|-2|30,38,18,8|4|2|54,60,20,8|16|6|-1|-1,-5,-1,-1,-5,-1|3|270|4|1|1
007410|box_n6_H12|b000474|2,3,4,5,8,9|7|8|9|12|4|12|5|12|10|14|4|36,34,16,8|40|10|40,34,8,2|40|12|4|-1,1,4,4,1,-1|6|0|6|0|0
007411|box_n6_H12|b000475|2,3,4,5,8,10|7|8|10|10|4|14|5|8|8|18|6|36,36,16,8|32|8|44,38,10,2|44|14|3|-1,1,3,3,1,-1|12|140|12|0|0
007412|box_n6_H12|b000476|2,3,4,5,8,11|7|8|11|12|4|14|6|12|10|0|4|36,34,16,8|40|10|48,48,20,8|40|12|1|1,-1,1,1,-1,1|6|0|6|0|0
007413|box_n6_H12|b000477|2,3,4,5,8,12|7|8|12|10|4|14|6|20|8|14|4|40,40,16,8|32|8|56,54,18,8|44|12|2|2,-3,2,2,-3,2|16|18|20|4|0
007414|box_n6_H12|b000478|2,3,4,5,9,10|7|9|10|12|5|16|5|2|10|18|8|40,40,20,10|40|10|44,38,12,2|48|16|3|0,0,3,3,0,0|6|0|6|0|0
007415|box_n6_H12|b000479|2,3,4,5,9,11|7|9|11|10|8|14|6|-6|8|-4|4|40,44,22,10|28|8|48,50,22,8|36|12|1|0,-4,1,1,-4,0|6|0|6|0|0
007416|box_n6_H12|b000480|2,3,4,5,9,12|7|9|12|10|6|14|6|4|8|8|4|42,44,20,10|32|8|54,52,18,8|44|12|3|3,-5,2,2,-5,3|12|84|18|6|0
007417|box_n6_H12|b000481|2,3,4,5,10,11|7|10|11|14|5|16|6|2|12|0|6|44,46,24,10|40|12|48,48,22,8|44|14|1|-1,-1,1,1,-1,-1|6|0|6|0|0
007418|box_n6_H12|b000482|2,3,4,5,10,12|7|10|12|12|5|14|6|-2|10|2|4|44,48,24,10|32|10|52,50,18,8|44|12|2|1,-4,2,2,-4,1|12|210|12|0|0
007419|box_n6_H12|b000483|2,3,4,5,11,12|7|11|12|12|8|16|6|-20|8|2|6|48,58,34,16|28|8|52,50,20,8|48|14|2|-1,-5,2,2,-5,-1|6|0|6|0|0
007420|box_n6_H12|b000484|2,3,4,6,7,8|7|7|8|8|4|12|4|-14|4|10|4|30,36,20,8|16|6|30,28,12,2|32|12|2|-2,-2,2,2,-2,-2|5|92|5|0|0
007421|box_n6_H12|b000485|2,3,4,6,7,9|7|7|9|8|4|12|5|-14|6|8|4|30,36,22,10|20|6|36,38,18,4|28|12|0|-2,-2,0,0,-2,-2|4|51|5|1|0
007422|box_n6_H12|b000486|2,3,4,6,7,10|7|7|10|4|4|10|5|-22|0|-14|2|30,40,20,8|0|2|42,50,22,4|12|10|-1|-1,-6,-2,-2,-6,-1|4|25|4|0|1
007423|box_n6_H12|b000487|2,3,4,6,7,11|7|7|11|8|6|14|6|-22|6|-8|6|30,40,26,10|12|6|48,58,30,6|20|14|0|0,-4,-6,-6,-4,0|4|45|5|1|1
007424|box_n6_H12|b000488|2,3,4,6,7,12|7|7|12|8|5|20|6|-10|4|36|12|30,34,18,8|20|6|54,50,20,4|56|20|3|-3,0,3,3,0,-3|5|150|5|0|1
007425|box_n6_H12|b000489|2,3,4,6,8,9|7|8|9|16|4|18|5|32|14|40|8|36,32,20,10|56|14|40,32,12,2|56|18|5|-2,3,5,5,3,-2|6|0|6|0|0
007426|box_n6_H12|b000490|2,3,4,6,8,10|7|8|10|10|4|14|5|12|8|8|4|36,42,24,10|24|8|44,44,16,2|32|14|0|-1,-2,0,0,-2,-1|12|140|12|0|0
007427|box_n6_H12|b000491|2,3,4,6,8,11|7|8|11|18|4|18|6|28|16|8|8|36,34,24,10|56|16|48,50,24,4|40|18|2|0,-2,2,2,-2,0|6|0|6|0|0
007428|box_n6_H12|b000492|2,3,4,6,8,12|7|8|12|16|4|22|6|40|14|54|12|40,38,22,10|52|14|56,46,14,2|68|22|4|0,2,4,4,2,0|24|42|24|0|0
007429|box_n6_H12|b000493|2,3,4,6,9,10|7|9|10|12|5|16|5|16|8|12|8|40,44,24,10|32|10|44,42,18,4|44|16|2|-2,-1,2,2,-1,-2|6|0|6|0|0
007430|box_n6_H12|b000494|2,3,4,6,9,11|7|9|11|16|8|18|6|16|14|8|10|40,44,30,12|44|14|48,50,26,6|44|18|1|-1,-3,1,1,-3,-1|6|0|6|0|0
007431|box_n6_H12|b000495|2,3,4,6,9,12|7|9|12|18|6|22|6|34|14|48|14|42,40,24,10|56|16|54,44,16,4|72|22|6|1,-1,6,6,-1,1|18|84|18|0|0
007432|box_n6_H12|b000496|2,3,4,6,10,11|7|10|11|18|5|14|6|-4|16|4|4|44,50,34,12|44|16|48,52,22,4|28|14|0|-1,-4,0,0,-4,-1|6|0|6|0|0
007433|box_n6_H12|b000497|2,3,4,6,10,12|7|10|12|16|5|16|6|0|14|30|6|44,48,30,12|44|14|52,48,14,2|44|16|4|-2,-2,4,4,-2,-2|12|210|12|0|0
007434|box_n6_H12|b000498|2,3,4,6,11,12|7|11|12|20|8|24|6|8|16|38|16|48,50,32,12|56|18|52,44,20,4|72|24|6|-3,0,6,6,0,-3|6|0|6|0|0
007435|box_n6_H12|b000499|2,3,4,7,8,9|7|8|9|10|4|12|5|-6|8|2|4|36,40,20,8|24|8|40,38,12,2|32|12|3|-2,-2,3,3,-2,-2|4|61|4|0|0
007436|box_n6_H12|b000500|2,3,4,7,8,10|7|8|10|6|4|10|5|-14|4|-14|2|36,44,20,8|8|4|44,46,14,2|20|10|-1|-2,-2,-1,-1,-2,-2|8|100|10|2|0
007437|box_n6_H12|b000501|2,3,4,7,8,11|7|8|11|10|4|12|6|-2|8|-16|4|36,38,18,8|28|8|48,50,16,2|24|12|1|0,-3,1,1,-3,0|4|4|4|0|0
007438|box_n6_H12|b000502|2,3,4,7,8,12|7|8|12|12|4|18|6|6|10|20|10|40,44,22,8|28|10|56,52,16,2|48|18|1|1,-2,1,1,-2,1|16|42|24|8|1
007439|box_n6_H12|b000503|2,3,4,7,9,10|7|9|10|6|5|10|5|-18|4|-14|2|40,48,22,10|12|4|44,46,14,2|20|10|0|-1,-4,0,0,-4,-1|3|83|3|0|0
007440|box_n6_H12|b000504|2,3,4,7,9,11|7|9|11|6|13|10|6|-22|4|-20|2|40,50,24,10|8|4|48,52,16,2|16|10|0|0,-7,0,0,-7,0|3|59|3|0|0
007441|box_n6_H12|b000505|2,3,4,7,9,12|7|9|12|10|6|16|6|-8|8|10|8|42,48,24,10|24|8|54,52,16,2|40|16|2|2,-5,1,1,-5,2|10|36|15|5|1
007442|box_n6_H12|b000506|2,3,4,7,10,11|7|10|11|8|5|6|6|-26|6|-24|-2|44,52,24,10|16|6|48,54,14,2|4|6|-1|-1,-4,-2,-2,-4,-1|4|35|4|0|0
007443|box_n6_H12|b000507|2,3,4,7,10,12|7|10|12|10|5|10|6|-30|8|-4|2|44,54,28,10|16|8|52,54,14,2|20|10|2|2,-8,0,0,-8,2|8|150|10|2|1
007444|box_n6_H12|b000508|2,3,4,7,11,12|7|11|12|12|8|16|6|-28|10|4|8|48,56,28,10|24|10|52,50,16,2|40|16|2|-2,-3,2,2,-3,-2|4|75|4|0|1
007445|box_n6_H12|b000509|2,3,4,8,9,10|7|9|10|12|5|18|5|10|8|8|10|40,46,26,10|28|10|44,44,22,4|44|18|2|-1,-4,2,2,-4,-1|6|0|6|0|0
007446|box_n6_H12|b000510|2,3,4,8,9,11|7|9|11|14|9|18|6|10|12|0|10|40,46,30,12|36|12|48,50,24,4|40|18|1|-1,-4,1,1,-4,-1|6|0|6|0|0
007447|box_n6_H12|b000511|2,3,4,8,9,12|7|9|12|14|6|22|6|24|10|28|14|42,44,24,10|40|12|54,50,22,4|60|22|2|1,-2,2,2,-2,1|16|84|18|2|0
007448|box_n6_H12|b000512|2,3,4,8,10,11|7|10|11|14|5|14|6|-8|12|-4|4|44,52,32,12|32|12|48,52,20,2|24|14|-1|-2,-3,-1,-1,-3,-2|6|0|6|0|0
007449|box_n6_H12|b000513|2,3,4,8,10,12|7|10|12|12|5|14|6|-8|10|14|4|44,52,30,12|28|10|52,52,16,2|32|14|0|0,-4,0,0,-4,0|12|210|12|0|0
007450|box_n6_H12|b000514|2,3,4,8,11,12|7|11|12|14|8|20|6|-8|10|26|12|48,54,28,10|32|12|52,46,18,4|60|20|2|-1,-1,2,2,-1,-1|6|0|6|0|0
007451|box_n6_H12|b000515|2,3,4,9,10,11|7|10|11|16|5|16|6|-4|14|-8|8|44,50,30,10|36|14|48,52,22,2|28|16|0|0,-4,-1,-1,-4,0|6|0|6|0|0
007452|box_n6_H12|b000516|2,3,4,9,10,12|7|10|12|14|5|16|6|-8|12|4|8|44,52,30,10|28|12|52,54,20,2|32|16|1|1,-5,-1,-1,-5,1|12|210|12|0|0
007453|box_n6_H12|b000517|2,3,4,9,11,12|7|11|12|14|10|20|6|-16|12|12|12|48,56,30,10|28|12|52,50,20,2|48|20|3|-2,-4,3,3,-4,-2|6|0|6|0|0
007454|box_n6_H12|b000518|2,3,4,10,11,12|7|11|12|10|9|18|6|-24|6|2|10|48,58,28,10|16|8|52,50,20,4|48|18|3|-2,-5,3,3,-5,-2|6|0|6|0|0
007455|box_n6_H12|b000519|2,3,5,6,7,8|7|7|8|4|4|8|4|-30|2|-14|0|30,40,20,8|0|2|30,32,10,0|12|8|-1|-2,-3,-1,-1,-3,-2|3|11|4|1|1
007456|box_n6_H12|b000520|2,3,5,6,7,9|7|7|9|6|4|8|5|-22|4|-8|0|30,36,18,8|12|4|36,38,10,0|12|8|0|-2,0,-2,-2,0,-2|3|24|4|1|1
007457|box_n6_H12|b000521|2,3,5,6,7,10|7|7|10|8|4|12|5|-22|6|0|4|30,36,20,8|16|6|42,44,14,0|20|12|0|-2,-2,0,0,-2,-2|4|45|5|1|1
007458|box_n6_H12|b000522|2,3,5,6,7,11|7|7|11|4|6|12|6|-30|2|-20|4|30,40,20,8|0|2|48,56,22,2|12|12|-1|-1,-3,-5,-5,-3,-1|3|120|4|1|1
007459|box_n6_H12|b000523|2,3,5,6,7,12|7|7|12|6|5|12|6|-22|4|4|4|30,36,18,8|12|4|54,56,16,2|24|12|-1|-1,-2,-1,-1,-2,-1|4|110|4|0|1
007460|box_n6_H12|b000524|2,3,5,6,8,9|7|8|9|12|4|12|5|8|10|16|4|36,36,18,8|36|10|40,36,8,0|32|12|2|-2,2,2,2,2,-2|6|0|6|0|0
007461|box_n6_H12|b000525|2,3,5,6,8,10|7|8|10|12|4|14|5|0|10|14|6|36,40,22,8|28|10|44,42,12,0|32|14|1|-1,1,-1,-1,1,-1|12|140|12|0|0
007462|box_n6_H12|b000526|2,3,5,6,8,11|7|8|11|12|4|10|6|4|10|-16|2|36,38,20,8|32|10|48,54,18,2|12|10|1|1,-4,-1,-1,-4,1|6|0|6|0|0
007463|box_n6_H12|b000527|2,3,5,6,8,12|7|8|12|14|4|14|6|20|12|18|6|40,40,20,8|40|12|56,54,14,2|36|14|1|0,1,0,0,1,0|16|42|24|8|0
007464|box_n6_H12|b000528|2,3,5,6,9,10|7|9|10|16|5|18|5|12|14|26|10|40,38,20,8|48|14|44,36,10,0|52|18|5|-3,5,3,3,5,-3|6|0|6|0|0
007465|box_n6_H12|b000529|2,3,5,6,9,11|7|9|11|12|8|14|6|4|10|-8|6|40,42,20,8|32|10|48,50,18,2|28|14|0|-1,0,-1,-1,0,-1|6|0|6|0|0
007466|box_n6_H12|b000530|2,3,5,6,9,12|7|9|12|14|6|18|6|18|12|24|10|42,40,18,8|44|12|54,46,12,2|56|18|3|2,0,3,3,0,2|14|12|15|1|0
007467|box_n6_H12|b000531|2,3,5,6,10,11|7|10|11|18|5|18|6|10|16|0|10|44,44,24,8|48|16|48,46,18,2|44|18|2|-2,1,2,2,1,-2|6|0|6|0|0
007468|box_n6_H12|b000532|2,3,5,6,10,12|7|10|12|16|5|18|6|10|14|14|10|44,44,22,8|44|14|52,46,14,2|52|18|4|-3,4,2,2,4,-3|12|210|12|0|0
007469|box_n6_H12|b000533|2,3,5,6,11,12|7|11|12|14|8|16|6|-16|12|10|8|48,54,28,10|32|12|52,48,14,2|44|16|3|-3,-1,3,3,-1,-3|6|0|6|0|0
007470|box_n6_H12|b000534|2,3,5,7,8,9|7|8|9|4|4|4|5|-30|2|-22|-4|36,44,18,8|4|2|40,42,6,0|4|4|0|-2,-3,0,0,-3,-2|3|140|3|0|0
007471|box_n6_H12|b000535|2,3,5,7,8,10|7|8|10|4|4|8|5|-26|2|-8|0|36,42,16,8|8|2|44,44,8,0|16|8|1|-2,1,-2,-2,1,-2|4|60|10|6|0
007472|box_n6_H12|b000536|2,3,5,7,8,11|7|8|11|6|4|6|6|-26|4|-28|-2|36,42,18,8|12|4|48,54,14,2|4|6|1|1,-5,-2,-2,-5,1|3|84|4|1|0
007473|box_n6_H12|b000537|2,3,5,7,8,12|7|8|12|6|4|6|6|-14|4|-20|-2|40,46,18,8|12|4|56,60,12,2|8|6|1|1,-3,-3,-3,-3,1|6|6|20|14|1
007474|box_n6_H12|b000538|2,3,5,7,9,10|7|9|10|6|5|10|5|-22|4|0|2|40,42,14,8|20|4|44,40,6,0|28|10|2|-2,2,1,1,2,-2|3|65|4|1|0
007475|box_n6_H12|b000539|2,3,5,7,9,11|7|9|11|4|15|8|6|-34|2|-24|0|40,48,18,8|4|2|48,52,14,2|12|8|0|0,-4,-2,-2,-4,0|3|147|4|1|0
007476|box_n6_H12|b000540|2,3,5,7,9,12|7|9|12|4|6|8|6|-24|2|-18|0|42,48,16,8|8|2|54,54,10,2|20|8|3|3,-4,-2,-2,-4,3|8|12|15|7|1
007477|box_n6_H12|b000541|2,3,5,7,10,11|7|10|11|10|5|12|6|-12|8|-16|4|44,46,18,8|28|8|48,48,14,2|28|12|1|-2,1,0,0,1,-2|4|35|4|0|0
007478|box_n6_H12|b000542|2,3,5,7,10,12|7|10|12|6|5|8|6|-20|4|-24|0|44,50,18,8|12|4|52,52,10,2|20|8|1|1,-2,-2,-2,-2,1|4|10|6|2|1
007479|box_n6_H12|b000543|2,3,5,7,11,12|7|11|12|6|8|8|6|-40|4|-28|0|48,60,26,10|4|4|52,54,12,2|16|8|-1|-2,-4,-1,-1,-4,-2|3|414|3|0|1
007480|box_n6_H12|b000544|2,3,5,8,9,10|7|9|10|12|5|16|5|-2|10|14|8|40,40,18,8|36|10|44,38,10,0|44|16|3|-2,2,3,3,2,-2|6|0|6|0|0
007481|box_n6_H12|b000545|2,3,5,8,9,11|7|9|11|8|9|12|6|-10|6|-16|4|40,44,18,8|20|6|48,50,18,4|28|12|-1|-1,-1,-1,-1,-1,-1|6|0|6|0|0
007482|box_n6_H12|b000546|2,3,5,8,9,12|7|9|12|10|6|14|6|0|8|-4|6|42,44,18,8|28|8|54,52,14,2|36|14|2|2,-1,-1,-1,-1,2|12|12|15|3|0
007483|box_n6_H12|b000547|2,3,5,8,10,11|7|10|11|12|5|12|6|-2|10|-8|4|44,46,20,8|32|10|48,46,14,4|36|12|2|-3,2,1,1,2,-3|6|0|6|0|0
007484|box_n6_H12|b000548|2,3,5,8,10,12|7|10|12|12|5|12|6|-6|10|-10|4|44,48,22,8|28|10|52,50,12,2|32|12|2|-1,2,-2,-2,2,-1|12|210|12|0|0
007485|box_n6_H12|b000549|2,3,5,8,11,12|7|11|12|8|8|12|6|-32|6|-10|4|48,58,28,12|16|6|52,50,12,2|32|12|-1|-1,-2,-1,-1,-2,-1|6|0|6|0|0
007486|box_n6_H12|b000550|2,3,5,9,10,11|7|10|11|16|5|18|6|10|14|-4|10|44,44,22,8|44|14|48,46,18,2|44|18|1|-1,1,1,1,1,-1|6|0|6|0|0
007487|box_n6_H12|b000551|2,3,5,9,10,12|7|10|12|12|5|18|6|2|10|-8|10|44,48,22,8|28|10|52,52,20,2|40|18|1|0,1,-3,-3,1,0|12|210|12|0|0
007488|box_n6_H12|b000552|2,3,5,9,11,12|7|11|12|8|10|14|6|-32|6|-12|6|48,60,28,10|8|6|52,54,18,2|28|14|0|-2,-5,0,0,-5,-2|6|0|6|0|0
007489|box_n6_H12|b000553|2,3,5,10,11,12|7|11|12|12|9|16|6|-28|10|-14|8|48,62,34,10|12|10|52,54,20,2|32|16|0|-2,-6,0,0,-6,-2|6|0|6|0|0
007490|box_n6_H12|b000554|2,3,6,7,8,9|7|8|9|8|4|10|5|-14|6|0|2|36,42,20,8|16|6|40,40,10,0|20|10|1|-3,-1,1,1,-1,-3|3|61|4|1|0
007491|box_n6_H12|b000555|2,3,6,7,8,10|7|8|10|6|4|8|5|-26|4|-22|0|36,48,24,8|0|4|44,50,14,0|4|8|-2|-2,-2,-5,-5,-2,-2|8|100|10|2|1
007492|box_n6_H12|b000556|2,3,6,7,8,11|7|8|11|12|4|12|6|-14|10|-20|4|36,42,24,8|24|10|48,56,20,0|8|12|0|0,-6,-1,-1,-6,0|4|4|4|0|1
007493|box_n6_H12|b000557|2,3,6,7,8,12|7|8|12|12|4|18|6|2|10|28|10|40,44,22,8|28|10|56,52,14,0|44|18|2|-1,2,-1,-1,2,-1|12|42|24|12|1
007494|box_n6_H12|b000558|2,3,6,7,9,10|7|9|10|8|5|10|5|-12|6|-10|2|40,46,20,8|16|6|44,44,10,0|20|10|1|-4,1,0,0,1,-4|3|43|4|1|1
007495|box_n6_H12|b000559|2,3,6,7,9,11|7|9|11|10|13|12|6|-16|8|-12|4|40,48,24,8|16|8|48,52,16,0|16|12|-1|-1,-3,-2,-2,-3,-1|3|59|3|0|1
007496|box_n6_H12|b000560|2,3,6,7,9,12|7|9|12|12|6|18|6|2|10|30|10|42,44,20,8|32|10|54,46,10,0|52|18|2|1,0,2,2,0,1|14|84|18|4|1
007497|box_n6_H12|b000561|2,3,6,7,10,11|7|10|11|14|5|12|6|-22|12|-12|4|44,50,26,8|28|12|48,52,16,0|16|12|-1|-2,-2,-1,-1,-2,-2|4|35|4|0|1
007498|box_n6_H12|b000562|2,3,6,7,10,12|7|10|12|10|5|14|6|-22|8|12|6|44,50,22,8|20|8|52,50,12,0|32|14|0|-2,0,0,0,0,-2|8|150|10|2|1
007499|box_n6_H12|b000563|2,3,6,7,11,12|7|11|12|16|8|20|6|-12|14|16|12|48,52,26,8|36|14|52,48,16,0|48|20|3|-4,1,3,3,1,-4|4|75|4|0|1
007500|box_n6_H12|b000564|2,3,6,8,9,10|7|9|10|10|5|14|5|8|6|4|6|40,44,20,8|24|8|44,42,14,2|36|14|2|-4,1,2,2,1,-4|6|0|6|0|0
007501|box_n6_H12|b000565|2,3,6,8,9,11|7|9|11|12|9|14|6|8|10|-8|6|40,44,24,10|32|10|48,50,18,2|28|14|0|-2,0,-1,-1,0,-2|6|0|6|0|0
007502|box_n6_H12|b000566|2,3,6,8,9,12|7|9|12|16|6|20|6|26|12|40|12|42,40,20,8|48|14|54,44,12,2|64|20|3|0,3,3,3,3,0|16|84|18|2|0
007503|box_n6_H12|b000567|2,3,6,8,10,11|7|10|11|14|5|12|6|-12|12|-8|2|44,50,28,10|32|12|48,50,14,0|20|12|0|-3,-1,0,0,-1,-3|6|0|6|0|0
007504|box_n6_H12|b000568|2,3,6,8,10,12|7|10|12|14|5|14|6|-8|12|22|4|44,48,26,10|36|12|52,48,10,0|36|14|4|-4,4,0,0,4,-4|12|210|12|0|0
007505|box_n6_H12|b000569|2,3,6,8,11,12|7|11|12|16|8|20|6|-8|12|30|12|48,50,24,8|40|14|52,44,14,2|60|20|3|-3,3,3,3,3,-3|6|0|6|0|0
007506|box_n6_H12|b000570|2,3,6,9,10,11|7|10|11|18|5|16|6|4|16|0|8|44,48,32,12|48|16|48,50,22,4|36|16|0|-1,-2,0,0,-2,-1|6|0|6|0|0
007507|box_n6_H12|b000571|2,3,6,9,10,12|7|10|12|14|5|18|6|4|8|24|10|44,48,24,8|32|12|52,50,20,4|48|18|3|-3,3,-1,-1,3,-3|12|210|12|0|0
007508|box_n6_H12|b000572|2,3,6,9,11,12|7|11|12|14|10|20|6|-4|8|28|12|48,52,24,8|32|12|52,48,20,4|56|20|4|-4,0,4,4,0,-4|6|0|6|0|0
007509|box_n6_H12|b000573|2,3,6,10,11,12|7|11|12|14|9|20|6|-8|10|14|12|48,54,28,10|32|12|52,48,18,2|52|20|4|-4,-1,4,4,-1,-4|6|0|6|0|0
007510|box_n6_H12|b000574|2,3,7,8,9,10|7|9|10|4|5|8|5|-26|2|-22|0|40,48,18,8|4|2|44,46,10,0|12|8|0|-3,-2,0,0,-2,-3|2|35|2|0|0
007511|box_n6_H12|b000575|2,3,7,8,9,11|7|9|11|4|13|8|6|-30|2|-28|0|40,50,20,8|0|2|48,52,12,0|8|8|-1|-1,-4,-2,-2,-4,-1|3|59|3|0|0
007512|box_n6_H12|b000576|2,3,7,8,9,12|7|9|12|8|6|14|6|-16|6|2|6|42,48,20,8|16|6|54,52,12,0|32|14|1|1,-1,-2,-2,-1,1|8|12|15|7|1
007513|box_n6_H12|b000577|2,3,7,8,10,11|7|10|11|6|5|6|6|-34|4|-28|-2|44,52,20,8|8|4|48,52,10,0|4|6|-1|-3,-1,-2,-2,-1,-3|4|35|4|0|0
007514|box_n6_H12|b000578|2,3,7,8,10,12|7|10|12|8|5|8|6|-38|6|-12|0|44,54,24,8|8|6|52,54,10,0|12|8|0|0,-2,-4,-4,-2,0|8|150|10|2|1
007515|box_n6_H12|b000579|2,3,7,8,11,12|7|11|12|10|8|14|6|-36|8|-4|6|48,56,24,8|16|8|52,50,12,0|32|14|0|-2,0,-1,-1,0,-2|4|330|4|0|1
007516|box_n6_H12|b000580|2,3,7,9,10,11|7|10|11|8|5|8|6|-22|4|-24|0|44,50,20,8|16|6|48,52,14,2|12|8|-1|-1,-2,-2,-2,-2,-1|4|35|4|0|0
007517|box_n6_H12|b000581|2,3,7,9,10,12|7|10|12|6|5|10|6|-30|4|-14|2|44,54,24,10|8|4|52,56,16,2|16|10|1|1,-3,-5,-5,-3,1|5|20|6|1|1
007518|box_n6_H12|b000582|2,3,7,9,11,12|7|11|12|6|15|12|6|-36|4|-10|4|48,58,24,10|8|4|52,54,16,2|24|12|0|-3,-3,0,0,-3,-3|3|224|4|1|1
007519|box_n6_H12|b000583|2,3,7,10,11,12|7|11|12|6|9|12|6|-40|4|-20|4|48,60,26,10|4|4|52,54,16,2|24|12|0|-3,-4,0,0,-4,-3|4|330|4|0|1
007520|box_n6_H12|b000584|2,3,8,9,10,11|7|10|11|12|5|14|6|-12|10|-16|6|44,50,24,8|24|10|48,50,16,0|24|14|-1|-2,-1,-1,-1,-1,-2|6|0|6|0|0
007521|box_n6_H12|b000585|2,3,8,9,10,12|7|10|12|12|5|14|6|-16|10|-4|6|44,52,26,8|20|10|52,54,16,0|24|14|1|-1,1,-5,-5,1,-1|12|210|12|0|0
007522|box_n6_H12|b000586|2,3,8,9,11,12|7|11|12|10|11|16|6|-28|8|4|8|48,56,24,8|16|8|52,50,14,0|36|16|0|-2,-1,0,0,-1,-2|6|0|6|0|0
007523|box_n6_H12|b000587|2,3,8,10,11,12|7|11|12|8|11|14|6|-32|4|-6|6|48,58,24,8|8|6|52,50,14,2|36|14|0|-2,-2,0,0,-2,-2|6|0|6|0|0
007524|box_n6_H12|b000588|2,3,9,10,11,12|7|11|12|8|10|16|6|-32|6|-12|8|48,60,26,8|4|6|52,54,18,0|28|16|1|-3,-5,1,1,-5,-3|6|0|6|0|0
007525|box_n6_H12|b000589|2,4,5,6,7,8|7|7|8|6|4|8|4|-18|2|2|0|30,36,18,8|12|4|30,28,8,2|24|8|0|-2,0,0,0,0,-2|4|36|4|0|1
007526|box_n6_H12|b000590|2,4,5,6,7,9|7|7|9|6|4|6|5|-22|4|-14|-2|30,38,22,10|12|4|36,40,12,2|8|6|-1|-1,-2,-3,-3,-2,-1|4|55|5|1|1
007527|box_n6_H12|b000591|2,4,5,6,7,10|7|7|10|6|4|10|5|-18|2|0|2|30,36,18,8|12|4|42,42,12,2|24|10|2|-3,-2,2,2,-2,-3|5|45|5|0|1
007528|box_n6_H12|b000592|2,4,5,6,7,11|7|7|11|4|6|6|6|-26|2|-24|-2|30,40,22,10|4|2|48,58,22,6|4|6|0|0,-4,-6,-6,-4,0|3|45|5|2|1
007529|box_n6_H12|b000593|2,4,5,6,7,12|7|7|12|8|5|14|6|-14|4|18|6|30,34,18,8|20|6|54,54,18,4|36|14|2|-2,-2,2,2,-2,-2|5|54|5|0|1
007530|box_n6_H12|b000594|2,4,5,6,8,9|7|8|9|14|4|12|5|20|12|18|2|36,34,20,10|48|12|40,34,6,0|36|12|3|-1,3,2,2,3,-1|6|0|6|0|0
007531|box_n6_H12|b000595|2,4,5,6,8,10|7|8|10|10|4|12|5|12|8|18|2|36,38,20,10|32|8|44,38,6,0|36|12|3|-2,1,3,3,1,-2|12|140|12|0|0
007532|box_n6_H12|b000596|2,4,5,6,8,11|7|8|11|12|4|12|6|20|10|-4|2|36,34,18,10|44|10|48,48,16,4|32|12|3|-1,-1,3,3,-1,-1|6|0|6|0|0
007533|box_n6_H12|b000597|2,4,5,6,8,12|7|8|12|14|4|18|6|32|12|40|8|40,38,20,10|48|12|56,48,12,2|56|18|4|0,1,4,4,1,0|20|42|24|4|0
007534|box_n6_H12|b000598|2,4,5,6,9,10|7|9|10|12|5|16|5|6|8|18|8|40,40,18,8|36|10|44,38,12,2|48|16|3|-2,3,2,2,3,-2|6|0|6|0|0
007535|box_n6_H12|b000599|2,4,5,6,9,11|7|9|11|10|8|12|6|-2|8|-8|4|40,44,22,10|28|8|48,50,20,6|32|12|0|0,-2,-1,-1,-2,0|6|0|6|0|0
007536|box_n6_H12|b000600|2,4,5,6,9,12|7|9|12|14|6|20|6|20|10|34|12|42,38,16,8|48|12|54,46,16,4|64|20|5|0,1,5,5,1,0|12|84|18|6|0
007537|box_n6_H12|b000601|2,4,5,6,10,11|7|10|11|12|5|12|6|2|10|-4|2|44,46,22,10|36|10|48,48,16,4|32|12|2|-2,-1,2,2,-1,-2|6|0|6|0|0
007538|box_n6_H12|b000602|2,4,5,6,10,12|7|10|12|16|5|16|6|6|14|24|6|44,44,24,10|48|14|52,46,12,2|48|16|6|-3,0,6,6,0,-3|12|210|12|0|0
007539|box_n6_H12|b000603|2,4,5,6,11,12|7|11|12|14|8|18|6|-12|10|24|10|48,52,28,12|40|12|52,46,16,4|56|18|5|-2,-2,5,5,-2,-2|6|0|6|0|0
007540|box_n6_H12|b000604|2,4,5,7,8,9|7|8|9|6|4|8|5|-14|4|-16|0|36,42,18,8|12|4|40,40,8,0|16|8|0|-1,-2,0,0,-2,-1|4|108|4|0|0
007541|box_n6_H12|b000605|2,4,5,7,8,10|7|8|10|8|4|14|5|-10|6|8|6|36,40,18,8|20|6|44,40,10,0|36|14|2|-3,1,2,2,1,-3|8|60|10|2|0
007542|box_n6_H12|b000606|2,4,5,7,8,11|7|8|11|8|4|14|6|-6|6|-12|6|36,38,16,8|24|6|48,48,16,2|32|14|2|-1,-2,2,2,-2,-1|4|84|4|0|0
007543|box_n6_H12|b000607|2,4,5,7,8,12|7|8|12|8|4|14|6|2|6|6|6|40,44,18,8|20|6|56,54,14,2|36|14|1|1,-3,1,1,-3,1|16|84|24|8|1
007544|box_n6_H12|b000608|2,4,5,7,9,10|7|9|10|8|5|12|5|-24|6|4|4|40,44,18,8|20|6|44,42,10,0|28|12|0|-1,0,0,0,0,-1|4|5|4|0|0
007545|box_n6_H12|b000609|2,4,5,7,9,11|7|9|11|4|20|8|6|-36|2|-20|0|40,50,20,8|0|2|48,52,14,2|12|8|1|1,-6,-2,-2,-6,1|3|59|3|0|0
007546|box_n6_H12|b000610|2,4,5,7,9,12|7|9|12|8|6|10|6|-18|6|-4|2|42,46,18,8|20|6|54,54,12,2|24|10|1|1,-3,0,0,-3,1|7|86|9|2|1
007547|box_n6_H12|b000611|2,4,5,7,10,11|7|10|11|10|5|12|6|-8|8|-16|4|44,48,20,8|24|8|48,50,16,2|24|12|0|-2,-1,0,0,-1,-2|3|35|4|1|0
007548|box_n6_H12|b000612|2,4,5,7,10,12|7|10|12|10|5|12|6|-12|8|-10|4|44,50,22,8|20|8|52,52,14,2|28|12|2|1,-6,2,2,-6,1|8|90|10|2|1
007549|box_n6_H12|b000613|2,4,5,7,11,12|7|11|12|8|8|12|6|-32|6|-10|4|48,58,26,10|12|6|52,52,14,2|28|12|1|-1,-5,1,1,-5,-1|4|75|4|0|1
007550|box_n6_H12|b000614|2,4,5,8,9,10|7|9|10|14|5|18|5|4|10|22|10|40,42,22,8|36|12|44,40,16,2|48|18|2|-1,0,2,2,0,-1|6|0|6|0|0
007551|box_n6_H12|b000615|2,4,5,8,9,11|7|9|11|14|9|18|6|-4|12|4|10|40,46,28,10|32|12|48,50,24,4|40|18|0|0,-3,-1,-1,-3,0|6|0|6|0|0
007552|box_n6_H12|b000616|2,4,5,8,9,12|7|9|12|14|6|18|6|14|10|18|10|42,42,20,8|40|12|54,52,20,4|48|18|1|0,0,1,1,0,0|10|84|18|8|0
007553|box_n6_H12|b000617|2,4,5,8,10,11|7|10|11|16|5|18|6|6|14|8|8|44,48,28,10|40|14|48,48,20,2|40|18|1|-3,0,1,1,0,-3|6|0|6|0|0
007554|box_n6_H12|b000618|2,4,5,8,10,12|7|10|12|12|5|16|6|6|10|12|6|44,48,24,10|32|10|52,50,16,2|40|16|2|-1,-2,2,2,-2,-1|12|210|12|0|0
007555|box_n6_H12|b000619|2,4,5,8,11,12|7|11|12|14|8|20|6|-8|10|16|12|48,56,30,10|28|12|52,48,20,4|56|20|1|0,-3,1,1,-3,0|6|0|6|0|0
007556|box_n6_H12|b000620|2,4,5,9,10,11|7|10|11|14|5|16|6|6|12|0|8|44,46,22,8|36|12|48,48,20,4|40|16|1|-1,-1,1,1,-1,-1|6|0|6|0|0
007557|box_n6_H12|b000621|2,4,5,9,10,12|7|10|12|16|5|16|6|2|14|2|8|44,48,26,8|36|14|52,52,20,4|40|16|1|0,-3,1,1,-3,0|12|210|12|0|0
007558|box_n6_H12|b000622|2,4,5,9,11,12|7|11|12|14|10|16|6|-20|12|2|8|48,58,34,12|28|12|52,52,20,4|40|16|2|-1,-6,2,2,-6,-1|6|0|6|0|0
007559|box_n6_H12|b000623|2,4,5,10,11,12|7|11|12|12|9|18|6|-20|8|0|10|48,60,32,10|16|10|52,52,22,4|44|18|2|-1,-7,2,2,-7,-1|6|0|6|0|0
007560|box_n6_H12|b000624|2,4,6,7,8,9|7|8|9|10|4|10|5|-2|8|2|0|36,40,22,10|28|8|40,38,8,0|24|10|1|-2,0,1,1,0,-2|4|108|4|0|0
007561|box_n6_H12|b000625|2,4,6,7,8,10|7|8|10|6|4|8|5|-14|4|-14|-2|36,46,24,10|8|4|44,46,10,0|12|8|-1|-3,-2,-1,-1,-2,-3|12|140|12|0|1
007562|box_n6_H12|b000626|2,4,6,7,8,11|7|8|11|10|4|10|6|2|8|-12|0|36,38,20,10|32|8|48,50,14,2|20|10|3|-2,-3,3,3,-3,-2|4|4|4|0|1
007563|box_n6_H12|b000627|2,4,6,7,8,12|7|8|12|12|4|20|6|14|10|46|10|40,42,22,10|36|10|56,46,10,0|60|20|3|-1,2,3,3,2,-1|18|12|20|2|1
007564|box_n6_H12|b000628|2,4,6,7,9,10|7|9|10|6|5|10|5|-18|2|-14|2|40,48,20,8|8|4|44,46,14,2|20|10|-1|-3,-1,-1,-1,-1,-3|4|5|4|0|1
007565|box_n6_H12|b000629|2,4,6,7,9,11|7|9|11|6|13|10|6|-22|4|-16|2|40,50,24,10|8|4|48,52,18,4|20|10|0|0,-5,-2,-2,-5,0|3|85|3|0|1
007566|box_n6_H12|b000630|2,4,6,7,9,12|7|9|12|12|6|20|6|4|8|36|12|42,42,18,8|36|10|54,46,14,2|60|20|4|-1,1,4,4,1,-1|10|36|15|5|1
007567|box_n6_H12|b000631|2,4,6,7,10,11|7|10|11|8|5|6|6|-26|6|-20|-4|44,52,24,10|16|6|48,54,14,2|4|6|-1|-2,-4,-1,-1,-4,-2|4|35|4|0|1
007568|box_n6_H12|b000632|2,4,6,7,10,12|7|10|12|12|5|12|6|-22|10|18|2|44,50,26,10|28|10|52,50,10,0|28|12|4|-2,-4,4,4,-4,-2|12|210|12|0|1
007569|box_n6_H12|b000633|2,4,6,7,11,12|7|11|12|14|8|18|6|-12|10|26|10|48,50,24,10|40|12|52,46,14,2|52|18|5|-3,0,5,5,0,-3|4|75|4|0|1
007570|box_n6_H12|b000634|2,4,6,8,9,10|7|9|10|8|5|14|5|10|-2|4|4|40,46,20,8|16|6|44,44,20,8|40|12|1|-3,-1,1,1,-1,-3|6|0|6|0|0
007571|box_n6_H12|b000635|2,4,6,8,9,11|7|9|11|14|9|16|6|10|10|4|6|40,46,32,16|40|10|48,50,26,10|44|14|-1|-1,-2,-1,-1,-2,-1|6|0|6|0|0
007572|box_n6_H12|b000636|2,4,6,8,9,12|7|9|12|16|6|24|6|36|6|54|14|42,38,18,8|52|14|54,44,20,8|80|22|5|-2,4,5,5,4,-2|16|84|18|2|0
007573|box_n6_H12|b000637|2,4,6,8,10,11|7|10|11|12|5|10|6|-12|8|0|-6|44,52,32,16|32|8|48,52,16,2|16|10|0|-3,-3,0,0,-3,-3|6|0|6|0|0
007574|box_n6_H12|b000638|2,4,6,8,11,12|7|11|12|16|8|22|6|8|6|48|12|48,48,24,10|48|14|52,42,18,8|76|20|5|-2,2,5,5,2,-2|6|0|6|0|0
007575|box_n6_H12|b000639|2,4,6,9,10,11|7|10|11|14|5|14|6|-8|12|-4|4|44,50,28,10|32|12|48,52,20,2|24|14|0|-1,-4,0,0,-4,-1|6|0|6|0|0
007576|box_n6_H12|b000640|2,4,6,9,10,12|7|10|12|16|5|16|6|-4|14|26|6|44,48,28,10|40|14|52,50,14,0|36|16|3|-3,-1,3,3,-1,-3|12|210|12|0|0
007577|box_n6_H12|b000641|2,4,6,9,11,12|7|11|12|18|10|22|6|0|14|34|14|48,50,28,10|48|16|52,46,18,2|60|22|6|-3,-1,6,6,-1,-3|6|0|6|0|0
007578|box_n6_H12|b000642|2,4,6,10,11,12|7|11|12|12|9|16|6|-8|2|20|6|48,52,24,10|32|10|52,46,16,8|56|14|6|-3,-2,6,6,-2,-3|6|0|6|0|0
007579|box_n6_H12|b000643|2,4,7,8,9,10|7|9|10|8|5|12|5|-20|4|-10|4|40,50,24,8|8|6|44,48,18,2|20|12|-1|-2,-4,-1,-1,-4,-2|4|5|4|0|0
007580|box_n6_H12|b000644|2,4,7,8,9,11|7|9|11|8|13|12|6|-24|6|-12|4|40,52,28,10|8|6|48,52,18,2|20|12|0|0,-6,-2,-2,-6,0|4|238|4|0|0
007581|box_n6_H12|b000645|2,4,7,8,9,12|7|9|12|12|6|18|6|-2|8|20|10|42,46,22,8|28|10|54,52,18,2|44|18|0|-1,0,0,0,0,-1|8|42|12|4|1
007582|box_n6_H12|b000646|2,4,7,8,10,11|7|10|11|10|5|10|6|-22|8|-16|0|44,54,28,10|16|8|48,54,16,0|8|10|-2|-3,-3,-2,-2,-3,-3|4|35|4|0|0
007583|box_n6_H12|b000647|2,4,7,8,10,12|7|10|12|10|5|12|6|-22|8|6|2|44,54,28,10|16|8|52,54,14,0|20|12|0|0,-6,0,0,-6,0|12|210|12|0|1
007584|box_n6_H12|b000648|2,4,7,8,11,12|7|11|12|12|8|18|6|-16|8|18|10|48,54,24,8|24|10|52,48,16,2|48|18|1|-1,-1,1,1,-1,-1|4|147|4|0|1
007585|box_n6_H12|b000649|2,4,7,9,10,11|7|10|11|6|5|8|6|-22|2|-24|0|44,52,20,8|8|4|48,54,16,2|8|8|-1|-1,-4,-2,-2,-4,-1|3|35|4|1|0
007586|box_n6_H12|b000650|2,4,7,9,10,12|7|10|12|12|5|10|6|-26|10|-8|2|44,54,30,10|20|10|52,56,16,2|16|10|1|1,-7,-1,-1,-7,1|8|90|10|2|1
007587|box_n6_H12|b000651|2,4,7,9,11,12|7|11|12|12|15|12|6|-28|10|0|4|48,56,28,10|24|10|52,52,14,2|28|12|2|-2,-4,2,2,-4,-2|3|126|3|0|1
007588|box_n6_H12|b000652|2,4,7,10,11,12|7|11|12|6|9|12|6|-36|2|-10|4|48,58,22,8|4|4|52,52,14,2|28|12|2|-2,-5,2,2,-5,-2|4|330|4|0|1
007589|box_n6_H12|b000653|2,4,8,9,10,11|7|10|11|14|5|16|6|-8|12|0|6|44,52,30,10|28|12|48,52,22,2|28|16|-1|-2,-3,-1,-1,-3,-2|6|0|6|0|0
007590|box_n6_H12|b000654|2,4,8,9,10,12|7|10|12|14|5|14|6|-8|12|10|4|44,52,30,10|28|12|52,54,16,0|24|14|-1|-1,-3,-1,-1,-3,-1|12|210|12|0|0
007591|box_n6_H12|b000655|2,4,8,9,11,12|7|11|12|16|11|20|6|-4|12|22|12|48,54,30,10|36|14|52,48,18,2|52|20|2|-1,-2,2,2,-2,-1|6|0|6|0|0
007592|box_n6_H12|b000656|2,4,8,10,11,12|7|11|12|8|11|16|6|-12|-2|12|6|48,56,22,8|12|6|52,48,18,8|52|14|2|-1,-3,2,2,-3,-1|6|0|6|0|0
007593|box_n6_H12|b000657|2,4,9,10,11,12|7|11|12|12|10|14|6|-24|8|-6|6|48,58,28,8|16|10|52,52,16,2|32|14|3|-2,-6,3,3,-6,-2|6|0|6|0|0
007594|box_n6_H12|b000658|2,5,6,7,8,9|7|8|9|6|4|4|5|-26|4|-18|-4|36,44,20,8|8|4|40,42,6,0|4|4|-1|-2,-1,-2,-2,-1,-2|4|108|4|0|1
007595|box_n6_H12|b000659|2,5,6,7,8,10|7|8|10|6|4|8|5|-26|4|-4|0|36,44,20,8|8|4|44,44,8,0|16|8|1|-3,1,-2,-2,1,-3|8|60|10|2|1
007596|box_n6_H12|b000660|2,5,6,7,8,11|7|8|11|6|4|4|6|-22|4|-36|-4|36,42,18,8|12|4|48,54,10,0|-4|4|0|-1,-5,0,0,-5,-1|3|84|4|1|1
007597|box_n6_H12|b000661|2,5,6,7,8,12|7|8|12|8|4|10|6|-6|6|6|2|40,44,18,8|20|6|56,54,8,0|24|10|1|-1,1,-1,-1,1,-1|10|12|20|10|1
007598|box_n6_H12|b000662|2,5,6,7,9,10|7|9|10|8|5|12|5|-18|6|4|4|40,42,16,8|24|6|44,40,8,0|32|12|5|-4,5,0,0,5,-4|4|5|4|0|1
007599|box_n6_H12|b000663|2,5,6,7,9,11|7|9|11|4|15|6|6|-30|2|-32|-2|40,48,18,8|4|2|48,52,10,0|4|6|0|0,-2,-4,-4,-2,0|2|138|2|0|1
007600|box_n6_H12|b000664|2,5,6,7,9,12|7|9|12|6|6|14|6|-8|4|8|6|42,42,12,8|24|4|54,48,8,0|40|14|2|0,2,1,1,2,0|8|12|15|7|1
007601|box_n6_H12|b000665|2,5,6,7,10,11|7|10|11|10|5|10|6|-8|8|-24|2|44,46,18,8|28|8|48,48,10,0|20|10|1|-3,1,1,1,1,-3|3|35|4|1|1
007602|box_n6_H12|b000666|2,5,6,7,10,12|7|10|12|10|5|12|6|-8|8|-2|4|44,46,18,8|28|8|52,48,8,0|32|12|2|-3,2,2,2,2,-3|8|90|10|2|1
007603|box_n6_H12|b000667|2,5,6,7,11,12|7|11|12|6|8|10|6|-36|4|-6|2|48,54,18,8|12|4|52,50,8,0|24|10|2|-3,-1,2,2,-1,-3|3|74|3|0|1
007604|box_n6_H12|b000668|2,5,6,8,9,10|7|9|10|10|5|14|5|2|6|14|6|40,40,16,8|32|8|44,38,10,2|44|14|5|-4,5,2,2,5,-4|6|0|6|0|0
007605|box_n6_H12|b000669|2,5,6,8,9,11|7|9|11|8|9|10|6|-6|6|-24|2|40,44,20,10|24|6|48,50,14,2|20|10|1|-1,1,-3,-3,1,-1|6|0|6|0|0
007606|box_n6_H12|b000670|2,5,6,8,9,12|7|9|12|12|6|18|6|16|8|22|10|42,38,14,8|44|10|54,46,12,2|56|18|5|-1,5,2,2,5,-1|12|12|15|3|0
007607|box_n6_H12|b000671|2,5,6,8,10,11|7|10|11|10|5|8|6|-2|8|-16|-2|44,46,20,10|32|8|48,46,6,0|20|8|2|-4,2,2,2,2,-4|6|0|6|0|0
007608|box_n6_H12|b000672|2,5,6,8,10,12|7|10|12|14|5|12|6|2|12|12|2|44,44,22,10|44|12|52,46,6,0|36|12|6|-5,6,2,2,6,-5|12|210|12|0|0
007609|box_n6_H12|b000673|2,5,6,8,11,12|7|11|12|10|8|14|6|-28|6|12|6|48,52,20,8|24|8|52,46,10,2|44|14|2|-2,1,2,2,1,-2|6|0|6|0|0
007610|box_n6_H12|b000674|2,5,6,9,10,11|7|10|11|14|5|14|6|10|12|-12|6|44,44,20,8|40|12|48,46,12,0|32|14|2|-2,1,2,2,1,-2|6|0|6|0|0
007611|box_n6_H12|b000675|2,5,6,9,10,12|7|10|12|16|5|20|6|10|14|14|12|44,44,22,8|44|14|52,48,16,0|48|20|5|-4,5,1,1,5,-4|12|210|12|0|0
007612|box_n6_H12|b000676|2,5,6,9,11,12|7|11|12|10|10|16|6|-28|8|10|8|48,54,22,8|20|8|52,50,14,0|36|16|3|-3,-2,3,3,-2,-3|6|0|6|0|0
007613|box_n6_H12|b000677|2,5,6,10,11,12|7|11|12|12|9|14|6|-24|8|4|6|48,56,26,8|20|10|52,50,14,2|36|14|3|-3,-3,3,3,-3,-3|6|0|6|0|0
007614|box_n6_H12|b000678|2,5,7,8,9,10|7|9|10|6|5|10|5|-28|4|0|2|40,44,16,8|16|4|44,42,8,0|24|10|2|-3,2,0,0,2,-3|4|5|4|0|0
007615|box_n6_H12|b000679|2,5,7,8,9,11|7|9|11|4|20|8|6|-40|2|-28|0|40,50,20,8|0|2|48,52,12,0|8|8|0|0,-3,-4,-4,-3,0|3|59|3|0|0
007616|box_n6_H12|b000680|2,5,7,8,9,12|7|9|12|6|6|8|6|-22|4|-16|0|42,46,16,8|16|4|54,54,8,0|16|8|1|0,1,-3,-3,1,0|6|126|12|6|1
007617|box_n6_H12|b000681|2,5,7,8,10,11|7|10|11|10|5|10|6|-12|8|-20|2|44,48,20,8|24|8|48,48,10,0|20|10|2|-4,2,0,0,2,-4|3|35|4|1|0
007618|box_n6_H12|b000682|2,5,7,8,10,12|7|10|12|8|5|8|6|-16|6|-22|0|44,50,20,8|16|6|52,52,8,0|16|8|0|-1,0,-2,-2,0,-1|8|90|10|2|1
007619|box_n6_H12|b000683|2,5,7,8,11,12|7|11|12|6|8|10|6|-40|4|-22|2|48,58,22,8|4|4|52,52,10,0|20|10|-1|-1,-2,-2,-2,-2,-1|3|63|3|0|1
007620|box_n6_H12|b000684|2,5,7,9,10,11|7|10|11|8|5|10|6|-4|4|-20|2|44,46,16,8|24|6|48,48,12,2|24|10|1|-2,1,0,0,1,-2|4|35|4|0|0
007621|box_n6_H12|b000685|2,5,7,9,10,12|7|10|12|8|5|10|6|-12|6|-24|2|44,50,22,10|20|6|52,54,14,2|20|10|0|0,-1,-3,-3,-1,0|6|90|10|4|1
007622|box_n6_H12|b000686|2,5,7,9,11,12|7|11|12|4|24|6|6|-44|2|-28|-2|48,60,24,10|0|2|52,56,12,2|8|6|-1|-2,-5,-1,-1,-5,-2|3|126|3|0|1
007623|box_n6_H12|b000687|2,5,7,10,11,12|7|11|12|6|9|10|6|-40|4|-30|2|48,62,26,8|-4|4|52,56,14,0|12|10|-1|-2,-6,-1,-1,-6,-2|3|126|3|0|1
007624|box_n6_H12|b000688|2,5,8,9,10,11|7|10|11|12|5|14|6|2|10|-8|6|44,46,20,8|32|10|48,46,12,0|32|14|2|-3,2,1,1,2,-3|6|0|6|0|0
007625|box_n6_H12|b000689|2,5,8,9,10,12|7|10|12|14|5|14|6|-2|12|-10|6|44,48,24,8|32|12|52,52,14,0|28|14|3|-2,3,-3,-3,3,-2|12|210|12|0|0
007626|box_n6_H12|b000690|2,5,8,9,11,12|7|11|12|12|11|14|6|-32|10|-10|6|48,58,28,8|16|10|52,52,14,0|28|14|-1|-1,-3,-1,-1,-3,-1|6|0|6|0|0
007627|box_n6_H12|b000691|2,5,8,10,11,12|7|11|12|8|11|14|6|-28|4|-12|6|48,60,28,10|8|6|52,52,16,2|32|14|-1|-1,-4,-1,-1,-4,-1|6|0|6|0|0
007628|box_n6_H12|b000692|2,5,9,10,11,12|7|11|12|10|10|14|6|-32|8|-18|6|48,62,32,10|8|8|52,56,18,0|20|14|0|-2,-7,0,0,-7,-2|6|0|6|0|0
007629|box_n6_H12|b000693|2,6,7,8,9,10|7|9|10|2|5|6|5|-26|-2|-22|-2|40,48,16,8|0|0|44,46,10,2|12|6|1|-5,1,-1,-1,1,-5|4|5|4|0|1
007630|box_n6_H12|b000694|2,6,7,8,9,11|7|9|11|4|13|6|6|-30|2|-28|-2|40,50,22,10|4|2|48,52,12,2|8|6|-1|-1,-2,-4,-4,-2,-1|2|32|2|0|1
007631|box_n6_H12|b000695|2,6,7,8,9,12|7|9|12|8|6|16|6|-4|4|28|8|42,42,14,8|28|6|54,46,10,2|52|16|5|-2,5,1,1,5,-2|10|42|12|2|1
007632|box_n6_H12|b000696|2,6,7,8,10,11|7|10|11|6|5|4|6|-34|4|-28|-6|44,52,22,10|12|4|48,52,8,0|0|4|-1|-4,-1,-1,-1,-1,-4|4|35|4|0|1
007633|box_n6_H12|b000697|2,6,7,8,10,12|7|10|12|8|5|8|6|-30|6|10|-2|44,50,22,10|20|6|52,50,6,0|20|8|2|-4,2,0,0,2,-4|12|210|12|0|1
007634|box_n6_H12|b000698|2,6,7,8,11,12|7|11|12|10|8|16|6|-24|6|18|8|48,50,18,8|28|8|52,46,12,2|48|16|3|-3,3,2,2,3,-3|4|330|4|0|1
007635|box_n6_H12|b000699|2,6,7,9,10,11|7|10|11|8|5|8|6|-22|4|-24|0|44,50,20,8|16|6|48,52,14,2|12|8|-1|-2,-2,-1,-1,-2,-2|3|35|4|1|1
007636|box_n6_H12|b000700|2,6,7,9,10,12|7|10|12|8|5|12|6|-22|6|8|4|44,50,22,10|20|6|52,52,14,2|28|12|1|-3,1,-1,-1,1,-3|8|90|10|2|1
007637|box_n6_H12|b000701|2,6,7,9,11,12|7|11|12|8|15|14|6|-24|6|12|6|48,52,20,10|24|6|52,50,14,2|36|14|3|-4,0,3,3,0,-4|3|70|4|1|1
007638|box_n6_H12|b000702|2,6,7,10,11,12|7|11|12|8|9|12|6|-28|4|-2|4|48,54,20,8|16|6|52,50,12,2|32|12|3|-4,-1,3,3,-1,-4|4|330|4|0|1
007639|box_n6_H12|b000703|2,6,8,9,10,11|7|10|11|10|5|10|6|-16|8|-16|0|44,50,24,10|24|8|48,50,12,0|16|10|0|-3,-1,0,0,-1,-3|6|0|6|0|0
007640|box_n6_H12|b000704|2,6,8,9,10,12|7|10|12|12|5|12|6|-12|10|18|2|44,48,24,10|32|10|52,50,10,0|28|12|5|-5,5,-1,-1,5,-5|12|210|12|0|0
007641|box_n6_H12|b000705|2,6,8,9,11,12|7|11|12|12|11|18|6|-16|8|26|10|48,50,20,8|32|10|52,46,14,2|52|18|3|-3,2,3,3,2,-3|6|0|6|0|0
007642|box_n6_H12|b000706|2,6,8,10,11,12|7|11|12|8|11|12|6|-20|-2|12|2|48,52,18,8|20|6|52,46,12,8|48|10|3|-3,1,3,3,1,-3|6|0|6|0|0
007643|box_n6_H12|b000707|2,6,9,10,11,12|7|11|12|10|10|14|6|-20|6|6|6|48,54,22,8|20|8|52,50,14,2|36|14|4|-4,-2,4,4,-2,-4|6|0|6|0|0
007644|box_n6_H12|b000708|2,7,8,9,10,11|7|10|11|4|5|6|6|-30|0|-28|-2|44,52,18,8|4|2|48,52,12,2|8|6|-1|-3,-1,-2,-2,-1,-3|3|35|4|1|0
007645|box_n6_H12|b000709|2,7,8,9,10,12|7|10|12|8|5|6|6|-34|6|-16|-2|44,54,26,10|12|6|52,56,12,2|8|6|-1|-1,-1,-5,-5,-1,-1|8|90|10|2|1
007646|box_n6_H12|b000710|2,7,8,9,11,12|7|11|12|8|15|10|6|-36|6|-8|2|48,56,24,10|16|6|52,52,12,2|24|10|-1|-2,-1,-1,-1,-1,-2|3|70|4|1|1
007647|box_n6_H12|b000711|2,7,8,10,11,12|7|11|12|4|17|10|6|-40|0|-18|2|48,58,20,8|0|2|52,52,12,2|24|10|-1|-2,-2,-1,-1,-2,-2|4|330|4|0|1
007648|box_n6_H12|b000712|2,7,9,10,11,12|7|11|12|4|27|6|6|-44|2|-28|-2|48,60,24,10|0|2|52,56,12,2|8|6|0|-3,-5,0,0,-5,-3|3|126|3|0|1
007649|box_n6_H12|b000713|2,8,9,10,11,12|7|11|12|8|11|10|6|-32|4|-14|2|48,58,24,8|8|6|52,52,12,2|24|10|0|-2,-3,0,0,-3,-2|6|0|6|0|0
007650|box_n6_H12|b000714|3,4,5,6,7,8|7|7|8|8|3|10|3|-22|6|2|2|30,36,20,8|16|6|30,28,8,0|24|10|0|-2,0,0,0,0,-2|4|94|5|1|1
007651|box_n6_H12|b000715|3,4,5,6,7,9|7|7|9|4|3|10|3|-22|2|-4|2|30,36,16,8|8|2|36,36,10,0|20|10|1|-3,-1,1,1,-1,-3|4|190|5|1|1
007652|box_n6_H12|b000716|3,4,5,6,7,10|7|7|10|8|3|10|4|-22|6|-4|2|30,36,20,8|16|6|42,44,12,0|16|10|1|-2,-3,1,1,-3,-2|4|45|5|1|1
007653|box_n6_H12|b000717|3,4,5,6,7,11|7|7|11|4|3|10|4|-30|2|-24|2|30,40,20,8|0|2|48,58,22,2|4|10|-2|-2,-3,-5,-5,-3,-2|3|222|4|1|1
007654|box_n6_H12|b000718|3,4,5,6,7,12|7|7|12|8|3|16|4|-18|6|24|8|30,34,18,8|20|6|54,52,16,2|40|16|3|-3,-1,3,3,-1,-3|4|86|4|0|1
007655|box_n6_H12|b000719|3,4,5,6,8,9|7|8|9|14|3|16|3|24|12|24|8|36,32,16,8|48|12|40,32,8,0|48|16|4|-2,4,4,4,4,-2|6|0|6|0|0
007656|box_n6_H12|b000720|3,4,5,6,8,10|7|8|10|14|3|16|4|16|12|18|8|36,36,20,8|40|12|44,38,10,0|44|16|5|-3,1,5,5,1,-3|12|140|12|0|0
007657|box_n6_H12|b000721|3,4,5,6,8,11|7|8|11|12|3|16|4|16|10|-4|8|36,36,18,8|36|10|48,48,18,2|36|16|1|1,-2,1,1,-2,1|6|0|6|0|0
007658|box_n6_H12|b000722|3,4,5,6,8,12|7|8|12|16|3|22|4|36|14|46|14|40,36,18,8|52|14|56,46,14,2|68|22|6|-2,3,6,6,3,-2|20|42|24|4|0
007659|box_n6_H12|b000723|3,4,5,6,9,10|7|9|10|16|3|14|4|12|14|18|6|40,38,20,8|48|14|44,38,8,0|40|14|4|-3,3,4,4,3,-3|6|0|6|0|0
007660|box_n6_H12|b000724|3,4,5,6,9,11|7|9|11|12|3|14|4|4|10|-4|6|40,42,20,8|32|10|48,48,16,2|32|14|3|-3,-1,3,3,-1,-3|6|0|6|0|0
007661|box_n6_H12|b000725|3,4,5,6,9,12|7|9|12|16|3|18|4|22|14|40|10|42,38,18,8|52|14|54,44,10,2|60|18|7|0,0,7,7,0,0|16|84|18|2|0
007662|box_n6_H12|b000726|3,4,5,6,10,11|7|10|11|14|4|18|4|2|12|0|10|44,46,22,8|36|12|48,46,18,2|44|18|2|-2,0,2,2,0,-2|6|0|6|0|0
007663|box_n6_H12|b000727|3,4,5,6,10,12|7|10|12|18|4|22|4|14|16|34|14|44,40,20,8|56|16|52,42,14,2|68|22|10|-5,2,10,10,2,-5|12|210|12|0|0
007664|box_n6_H12|b000728|3,4,5,6,11,12|7|11|12|18|4|20|4|-8|16|30|12|48,50,28,10|48|16|52,44,14,2|60|20|5|-3,1,5,5,1,-3|6|0|6|0|0
007665|box_n6_H12|b000729|3,4,5,7,8,9|7|8|9|8|3|10|3|-14|6|-10|2|36,40,18,8|20|6|40,38,8,0|24|10|2|-2,-1,2,2,-1,-2|3|51|3|0|0
007666|box_n6_H12|b000730|3,4,5,7,8,10|7|8|10|6|3|10|4|-10|4|-4|2|36,38,14,8|20|4|44,40,6,0|28|10|4|-4,1,4,4,1,-4|4|30|8|4|0
007667|box_n6_H12|b000731|3,4,5,7,8,11|7|8|11|6|3|10|4|-14|4|-20|2|36,40,16,8|16|4|48,48,12,2|24|10|1|1,-3,0,0,-3,1|3|84|4|1|0
007668|box_n6_H12|b000732|3,4,5,7,8,12|7|8|12|8|3|14|4|2|6|8|6|40,42,16,8|24|6|56,52,12,2|40|14|3|-1,-1,3,3,-1,-1|12|42|24|12|1
007669|box_n6_H12|b000733|3,4,5,7,9,10|7|9|10|8|3|8|4|-18|6|-8|0|40,42,16,8|24|6|44,42,6,0|20|8|2|-2,0,2,2,0,-2|3|56|3|0|0
007670|box_n6_H12|b000734|3,4,5,7,9,11|7|9|11|4|3|8|4|-30|2|-24|0|40,48,18,8|4|2|48,50,12,2|16|8|2|-2,-5,2,2,-5,-2|3|210|3|0|0
007671|box_n6_H12|b000735|3,4,5,7,9,12|7|9|12|8|3|10|4|-16|6|-2|2|42,46,18,8|20|6|54,52,10,2|28|10|2|1,-4,2,2,-4,1|8|84|18|10|1
007672|box_n6_H12|b000736|3,4,5,7,10,11|7|10|11|6|4|10|4|-20|4|-20|2|44,48,16,8|16|4|48,48,12,2|24|10|0|-2,0,0,0,0,-2|3|35|4|1|0
007673|box_n6_H12|b000737|3,4,5,7,10,12|7|10|12|8|4|12|4|-16|6|-4|4|44,46,16,8|24|6|52,48,10,2|36|12|6|-1,-4,6,6,-4,-1|4|32|6|2|1
007674|box_n6_H12|b000738|3,4,5,7,11,12|7|11|12|8|4|10|4|-36|6|-8|2|48,56,24,10|16|6|52,50,10,2|28|10|1|-2,-2,1,1,-2,-2|3|258|3|0|1
007675|box_n6_H12|b000739|3,4,5,8,9,10|7|9|10|16|3|16|4|6|14|14|8|40,40,22,8|44|14|44,40,12,0|40|16|4|-2,0,4,4,0,-2|6|0|6|0|0
007676|box_n6_H12|b000740|3,4,5,8,9,11|7|9|11|12|3|16|4|-2|10|0|8|40,44,22,8|28|10|48,48,20,4|40|16|3|-3,-2,3,3,-2,-3|6|0|6|0|0
007677|box_n6_H12|b000741|3,4,5,8,9,12|7|9|12|14|3|18|4|12|12|20|10|42,42,20,8|40|12|54,50,16,2|48|18|3|0,-1,3,3,-1,0|16|84|18|2|0
007678|box_n6_H12|b000742|3,4,5,8,10,11|7|10|11|12|4|18|4|-2|10|4|10|44,48,22,8|28|10|48,46,20,4|48|18|1|-3,1,1,1,1,-3|6|0|6|0|0
007679|box_n6_H12|b000743|3,4,5,8,10,12|7|10|12|14|4|20|4|6|12|18|12|44,44,20,8|40|12|52,46,16,2|56|20|6|-3,0,6,6,0,-3|12|210|12|0|0
007680|box_n6_H12|b000744|3,4,5,8,11,12|7|11|12|14|4|18|4|-12|12|18|10|48,54,30,12|36|12|52,46,14,2|52|18|1|-1,0,1,1,0,-1|6|0|6|0|0
007681|box_n6_H12|b000745|3,4,5,9,10,11|7|10|11|14|4|18|4|-2|12|0|10|44,46,22,8|36|12|48,46,20,4|48|18|1|-1,0,1,1,0,-1|6|0|6|0|0
007682|box_n6_H12|b000746|3,4,5,9,10,12|7|10|12|12|4|18|4|2|10|8|10|44,44,18,8|36|10|52,48,18,4|52|18|5|-2,-1,5,5,-1,-2|12|210|12|0|0
007683|box_n6_H12|b000747|3,4,5,9,11,12|7|11|12|12|4|16|4|-20|10|4|8|48,56,30,12|28|10|52,50,18,4|44|16|2|-2,-3,2,2,-3,-2|6|0|6|0|0
007684|box_n6_H12|b000748|3,4,5,10,11,12|7|11|12|16|4|20|4|-20|14|6|12|48,58,34,10|28|14|52,50,20,2|48|20|2|-2,-4,2,2,-4,-2|6|0|6|0|0
007685|box_n6_H12|b000749|3,4,6,7,8,9|7|8|9|12|3|16|3|2|10|12|8|36,38,20,8|32|10|40,36,12,0|40|16|3|-3,1,3,3,1,-3|4|61|4|0|0
007686|box_n6_H12|b000750|3,4,6,7,8,10|7|8|10|8|3|10|4|-10|6|-18|2|36,44,22,8|12|6|44,46,12,0|16|10|1|-4,-2,1,1,-2,-4|8|100|10|2|1
007687|box_n6_H12|b000751|3,4,6,7,8,11|7|8|11|12|3|14|4|-2|10|-16|6|36,40,22,8|28|10|48,50,16,0|24|14|1|0,-4,1,1,-4,0|4|4|4|0|1
007688|box_n6_H12|b000752|3,4,6,7,8,12|7|8|12|14|3|24|4|18|12|52|16|40,40,20,8|40|12|56,44,12,0|72|24|5|-3,4,5,5,4,-3|16|42|24|8|1
007689|box_n6_H12|b000753|3,4,6,7,9,10|7|9|10|10|3|8|4|-8|8|-18|0|40,46,22,8|20|8|44,46,10,0|12|8|1|-4,-1,1,1,-1,-4|3|56|3|0|1
007690|box_n6_H12|b000754|3,4,6,7,9,11|7|9|11|10|3|12|4|-12|8|-16|4|40,48,24,8|16|8|48,50,14,0|20|12|2|-3,-4,2,2,-4,-3|3|60|3|0|1
007691|box_n6_H12|b000755|3,4,6,7,9,12|7|9|12|16|3|20|4|10|14|42|12|42,42,22,8|44|14|54,44,10,0|60|20|6|-1,0,6,6,0,-1|14|84|18|4|1
007692|box_n6_H12|b000756|3,4,6,7,10,11|7|10|11|10|4|8|4|-30|8|-20|0|44,52,24,8|16|8|48,52,12,0|8|8|-1|-2,-3,-1,-1,-3,-2|4|35|4|0|1
007693|box_n6_H12|b000757|3,4,6,7,10,12|7|10|12|12|4|16|4|-18|10|28|8|44,46,20,8|32|10|52,46,10,0|44|16|8|-4,-2,8,8,-2,-4|8|150|10|2|1
007694|box_n6_H12|b000758|3,4,6,7,11,12|7|11|12|16|4|20|4|-12|14|32|12|48,48,22,8|44|14|52,44,12,0|56|20|5|-4,3,5,5,3,-4|4|75|4|0|1
007695|box_n6_H12|b000759|3,4,6,8,9,10|7|9|10|14|3|14|4|16|10|4|6|40,44,24,8|32|12|44,44,16,2|32|14|3|-4,-1,3,3,-1,-4|6|0|6|0|0
007696|box_n6_H12|b000760|3,4,6,8,9,11|7|9|11|16|3|18|4|16|14|4|10|40,44,28,10|40|14|48,48,20,2|40|18|3|-4,-1,3,3,-1,-4|6|0|6|0|0
007697|box_n6_H12|b000761|3,4,6,8,9,12|7|9|12|20|3|24|4|38|16|60|16|42,38,22,8|60|18|54,42,14,2|76|24|7|-2,3,7,7,3,-2|18|84|18|0|0
007698|box_n6_H12|b000762|3,4,6,8,10,11|7|10|11|14|4|16|4|-12|12|0|6|44,52,30,10|28|12|48,50,18,0|28|16|0|-3,-2,0,0,-2,-3|6|0|6|0|0
007699|box_n6_H12|b000763|3,4,6,8,10,12|7|10|12|16|4|20|4|4|14|46|10|44,44,24,10|48|14|52,44,12,0|56|20|8|-6,2,8,8,2,-6|12|210|12|0|0
007700|box_n6_H12|b000764|3,4,6,8,11,12|7|11|12|20|4|24|4|8|16|54|16|48,46,24,8|56|18|52,40,14,2|76|24|5|-3,5,5,5,5,-3|6|0|6|0|0
007701|box_n6_H12|b000765|3,4,6,9,10,11|7|10|11|16|4|16|4|-8|14|0|8|44,50,32,12|40|14|48,50,22,4|36|16|0|-1,-3,0,0,-3,-1|6|0|6|0|0
007702|box_n6_H12|b000766|3,4,6,9,10,12|7|10|12|14|4|18|4|4|8|36|10|44,44,20,8|40|12|52,46,16,4|56|18|7|-5,1,7,7,1,-5|12|210|12|0|0
007703|box_n6_H12|b000767|3,4,6,9,11,12|7|11|12|18|4|22|4|4|12|40|14|48,48,24,8|48|16|52,44,18,4|68|22|6|-4,2,6,6,2,-4|6|0|6|0|0
007704|box_n6_H12|b000768|3,4,6,10,11,12|7|11|12|16|4|22|4|-4|12|30|14|48,50,26,10|44|14|52,44,16,2|64|22|6|-4,1,6,6,1,-4|6|0|6|0|0
007705|box_n6_H12|b000769|3,4,7,8,9,10|7|9|10|10|3|10|4|-14|8|-22|2|40,48,24,8|16|8|44,48,14,0|12|10|1|-3,-4,1,1,-4,-3|3|43|4|1|0
007706|box_n6_H12|b000770|3,4,7,8,9,11|7|9|11|8|3|12|4|-18|6|-20|4|40,50,24,8|8|6|48,50,14,0|20|12|2|-3,-5,2,2,-5,-3|3|59|3|0|0
007707|box_n6_H12|b000771|3,4,7,8,9,12|7|9|12|14|3|20|4|0|12|22|12|42,46,24,8|32|12|54,50,16,0|48|20|2|-1,-1,2,2,-1,-1|10|84|18|8|1
007708|box_n6_H12|b000772|3,4,7,8,10,11|7|10|11|6|4|8|4|-34|4|-24|0|44,54,22,8|4|4|48,52,12,0|8|8|-2|-3,-2,-2,-2,-2,-3|4|35|4|0|0
007709|box_n6_H12|b000773|3,4,7,8,10,12|7|10|12|10|4|14|4|-26|8|12|6|44,50,22,8|20|8|52,50,12,0|32|14|4|-2,-4,4,4,-4,-2|8|150|10|2|1
007710|box_n6_H12|b000774|3,4,7,8,11,12|7|11|12|12|4|16|4|-24|10|20|8|48,52,22,8|28|10|52,46,10,0|44|16|2|-2,2,1,1,2,-2|4|330|4|0|1
007711|box_n6_H12|b000775|3,4,7,9,10,11|7|10|11|6|4|8|4|-34|4|-28|0|44,52,20,8|8|4|48,52,12,0|8|8|-1|-1,-3,-2,-2,-3,-1|3|35|4|1|0
007712|box_n6_H12|b000776|3,4,7,9,10,12|7|10|12|8|4|12|4|-30|6|-2|4|44,50,20,8|16|6|52,52,12,0|24|12|3|-1,-5,3,3,-5,-1|4|18|6|2|1
007713|box_n6_H12|b000777|3,4,7,9,11,12|7|11|12|10|4|14|4|-32|8|2|6|48,54,22,8|20|8|52,50,12,0|32|14|2|-3,-1,2,2,-1,-3|3|80|3|0|1
007714|box_n6_H12|b000778|3,4,7,10,11,12|7|11|12|6|4|12|4|-40|4|-4|4|48,56,22,10|12|4|52,50,12,2|32|12|2|-3,-2,2,2,-2,-3|4|330|4|0|1
007715|box_n6_H12|b000779|3,4,8,9,10,11|7|10|11|14|4|18|4|-16|12|-4|10|44,52,28,8|24|12|48,50,22,2|36|18|-1|-2,-2,-1,-1,-2,-2|6|0|6|0|0
007716|box_n6_H12|b000780|3,4,8,9,10,12|7|10|12|12|4|18|4|-8|10|16|10|44,48,22,8|28|10|52,50,16,0|40|18|3|-3,-1,3,3,-1,-3|12|210|12|0|0
007717|box_n6_H12|b000781|3,4,8,9,11,12|7|11|12|14|4|20|4|-8|12|24|12|48,52,26,10|36|12|52,46,14,0|52|20|2|-2,1,2,2,1,-2|6|0|6|0|0
007718|box_n6_H12|b000782|3,4,8,10,11,12|7|11|12|12|4|18|4|-16|8|18|10|48,54,24,8|24|10|52,46,14,2|52|18|2|-2,0,2,2,0,-2|6|0|6|0|0
007719|box_n6_H12|b000783|3,4,9,10,11,12|7|11|12|12|4|18|4|-24|10|0|10|48,56,26,8|20|10|52,50,16,0|40|18|3|-3,-3,3,3,-3,-3|6|0|6|0|0
007720|box_n6_H12|b000784|3,5,6,7,8,9|7|8|9|8|3|12|3|-18|6|0|4|36,42,20,8|16|6|40,40,12,0|24|12|0|-3,0,0,0,0,-3|3|3|4|1|1
007721|box_n6_H12|b000785|3,5,6,7,8,10|7|8|10|8|3|12|4|-18|6|0|4|36,42,20,8|16|6|44,44,12,0|24|12|1|-4,1,0,0,1,-4|5|96|6|1|1
007722|box_n6_H12|b000786|3,5,6,7,8,11|7|8|11|8|3|10|4|-22|6|-24|2|36,44,22,8|12|6|48,54,16,0|8|10|1|1,-6,-2,-2,-6,1|3|57|3|0|1
007723|box_n6_H12|b000787|3,5,6,7,8,12|7|8|12|10|3|16|4|2|8|20|8|40,42,18,8|28|8|56,52,12,0|40|16|3|-3,3,1,1,3,-3|8|42|24|16|1
007724|box_n6_H12|b000788|3,5,6,7,9,10|7|9|10|14|3|12|4|0|12|8|4|40,40,20,8|40|12|44,40,8,0|32|12|5|-5,5,2,2,5,-5|4|65|4|0|1
007725|box_n6_H12|b000789|3,5,6,7,9,11|7|9|11|10|3|12|4|-12|8|-16|4|40,46,22,8|20|8|48,50,14,0|20|12|0|-3,-1,0,0,-1,-3|3|6|4|1|1
007726|box_n6_H12|b000790|3,5,6,7,9,12|7|9|12|12|3|16|4|6|10|22|8|42,42,18,8|36|10|54,46,8,0|48|16|3|0,1,3,3,1,0|14|84|18|4|1
007727|box_n6_H12|b000791|3,5,6,7,10,11|7|10|11|14|4|16|4|-4|12|-8|8|44,46,22,8|36|12|48,46,14,0|36|16|2|-3,2,1,1,2,-3|4|73|5|1|1
007728|box_n6_H12|b000792|3,5,6,7,10,12|7|10|12|12|4|18|4|4|10|16|10|44,42,16,8|40|10|52,44,10,0|52|18|6|-5,4,6,6,4,-5|7|40|8|1|1
007729|box_n6_H12|b000793|3,5,6,7,11,12|7|11|12|12|4|14|4|-20|10|8|6|48,52,22,8|28|10|52,48,10,0|36|14|2|-4,2,2,2,2,-4|3|68|3|0|1
007730|box_n6_H12|b000794|3,5,6,8,9,10|7|9|10|18|3|16|4|16|16|22|8|40,38,22,8|52|16|44,38,10,0|44|16|5|-5,5,4,4,5,-5|6|0|6|0|0
007731|box_n6_H12|b000795|3,5,6,8,9,11|7|9|11|12|3|14|4|8|10|-8|6|40,42,20,8|32|10|48,48,16,2|32|14|2|-4,2,1,1,2,-4|6|0|6|0|0
007732|box_n6_H12|b000796|3,5,6,8,9,12|7|9|12|18|3|20|4|26|16|36|12|42,38,20,8|56|16|54,44,10,0|60|20|4|-1,4,4,4,4,-1|18|84|18|0|0
007733|box_n6_H12|b000797|3,5,6,8,10,11|7|10|11|14|4|16|4|6|12|0|8|44,46,22,8|36|12|48,44,14,2|44|16|3|-4,3,2,2,3,-4|6|0|6|0|0
007734|box_n6_H12|b000798|3,5,6,8,10,12|7|10|12|20|4|22|4|18|18|30|14|44,40,22,8|60|18|52,42,12,0|64|22|8|-7,8,6,6,8,-7|12|210|12|0|0
007735|box_n6_H12|b000799|3,5,6,8,11,12|7|11|12|16|4|18|4|-12|14|26|10|48,50,26,10|44|14|52,44,10,0|52|18|4|-3,4,2,2,4,-3|6|0|6|0|0
007736|box_n6_H12|b000800|3,5,6,9,10,11|7|10|11|18|4|20|4|18|16|8|12|44,44,28,12|56|16|48,44,20,4|56|20|2|-2,2,2,2,2,-2|6|0|6|0|0
007737|box_n6_H12|b000801|3,5,6,9,10,12|7|10|12|16|4|24|4|26|10|32|16|44,40,18,8|52|14|52,44,20,4|72|24|7|-6,7,5,5,7,-6|12|210|12|0|0
007738|box_n6_H12|b000802|3,5,6,9,11,12|7|11|12|14|4|18|4|-8|8|24|10|48,52,24,8|32|12|52,48,18,4|52|18|3|-4,1,3,3,1,-4|6|0|6|0|0
007739|box_n6_H12|b000803|3,5,6,10,11,12|7|11|12|20|4|22|4|-4|18|22|14|48,54,34,10|44|18|52,48,18,0|52|22|3|-4,0,3,3,0,-4|6|0|6|0|0
007740|box_n6_H12|b000804|3,5,7,8,9,10|7|9|10|10|3|10|4|-14|8|-4|2|40,42,18,8|28|8|44,42,8,0|24|10|2|-4,2,2,2,2,-4|3|56|3|0|0
007741|box_n6_H12|b000805|3,5,7,8,9,11|7|9|11|6|3|12|4|-26|4|-20|4|40,48,20,8|8|4|48,50,16,2|24|12|0|-3,-2,0,0,-2,-3|3|60|3|0|0
007742|box_n6_H12|b000806|3,5,7,8,9,12|7|9|12|10|3|12|4|-12|8|-6|4|42,46,20,8|24|8|54,52,10,0|28|12|0|0,0,-1,-1,0,0|10|72|15|5|1
007743|box_n6_H12|b000807|3,5,7,8,10,11|7|10|11|8|4|12|4|-16|6|-12|4|44,48,18,8|20|6|48,46,12,2|32|12|3|-4,3,0,0,3,-4|3|4|4|1|0
007744|box_n6_H12|b000808|3,5,7,8,10,12|7|10|12|10|4|12|4|-12|8|-8|4|44,46,18,8|28|8|52,48,8,0|32|12|2|-3,2,2,2,2,-3|5|14|6|1|1
007745|box_n6_H12|b000809|3,5,7,8,11,12|7|11|12|10|4|10|4|-32|8|-12|2|48,56,26,10|20|8|52,50,8,0|24|10|1|-2,1,-2,-2,1,-2|3|80|3|0|1
007746|box_n6_H12|b000810|3,5,7,9,10,11|7|10|11|12|4|16|4|-8|10|-8|8|44,46,20,8|32|10|48,46,14,0|36|16|2|-2,2,0,0,2,-2|4|35|4|0|0
007747|box_n6_H12|b000811|3,5,7,9,10,12|7|10|12|8|4|14|4|-8|6|-10|6|44,46,16,8|24|6|52,50,12,0|32|14|1|-2,1,1,1,1,-2|6|14|6|0|1
007748|box_n6_H12|b000812|3,5,7,9,11,12|7|11|12|8|4|12|4|-32|6|-18|4|48,58,24,8|8|6|52,54,14,0|20|12|-1|-3,-2,-1,-1,-2,-3|4|235|4|0|1
007749|box_n6_H12|b000813|3,5,7,10,11,12|7|11|12|12|4|12|4|-28|10|-16|4|48,60,32,10|16|10|52,54,16,2|24|12|-1|-3,-3,-1,-1,-3,-3|4|70|4|0|1
007750|box_n6_H12|b000814|3,5,8,9,10,11|7|10|11|14|4|20|4|2|12|4|12|44,46,22,8|36|12|48,44,18,2|52|20|3|-3,3,1,1,3,-3|6|0|6|0|0
007751|box_n6_H12|b000815|3,5,8,9,10,12|7|10|12|14|4|20|4|6|12|4|12|44,44,20,8|40|12|52,48,16,0|48|20|5|-4,5,1,1,5,-4|12|210|12|0|0
007752|box_n6_H12|b000816|3,5,8,9,11,12|7|11|12|14|4|16|4|-20|12|0|8|48,56,30,10|28|12|52,50,14,0|36|16|0|-2,0,-1,-1,0,-2|6|0|6|0|0
007753|box_n6_H12|b000817|3,5,8,10,11,12|7|11|12|16|4|18|4|-16|14|2|10|48,58,36,12|32|14|52,50,16,0|40|18|-1|-2,-1,-1,-1,-1,-2|6|0|6|0|0
007754|box_n6_H12|b000818|3,5,9,10,11,12|7|11|12|16|4|20|4|-16|14|-4|12|48,60,36,10|24|14|52,54,22,0|36|20|0|-3,-4,0,0,-4,-3|6|0|6|0|0
007755|box_n6_H12|b000819|3,6,7,8,9,10|7|9|10|10|3|8|4|-8|8|-18|0|40,46,22,8|20|8|44,46,10,0|12|8|1|-6,1,1,1,1,-6|3|56|3|0|1
007756|box_n6_H12|b000820|3,6,7,8,9,11|7|9|11|10|3|12|4|-12|8|-16|4|40,48,24,8|16|8|48,50,14,0|20|12|0|-4,-1,0,0,-1,-4|3|60|3|0|1
007757|box_n6_H12|b000821|3,6,7,8,9,12|7|9|12|16|3|20|4|10|14|42|12|42,42,22,8|44|14|54,44,10,0|60|20|4|-2,4,3,3,4,-2|14|84|18|4|1
007758|box_n6_H12|b000822|3,6,7,8,10,11|7|10|11|10|4|10|4|-30|8|-16|2|44,52,24,8|16|8|48,50,12,0|16|10|0|-4,0,-1,-1,0,-4|4|35|4|0|1
007759|box_n6_H12|b000823|3,6,7,8,10,12|7|10|12|12|4|16|4|-18|10|28|8|44,46,20,8|32|10|52,46,10,0|44|16|4|-6,4,4,4,4,-6|8|150|10|2|1
007760|box_n6_H12|b000824|3,6,7,8,11,12|7|11|12|16|4|20|4|-12|14|32|12|48,48,22,8|44|14|52,44,12,0|56|20|6|-4,6,2,2,6,-4|4|79|4|0|1
007761|box_n6_H12|b000825|3,6,7,9,10,11|7|10|11|12|4|12|4|-18|10|-8|4|44,50,28,12|32|10|48,50,18,4|28|12|-1|-2,-1,-1,-1,-1,-2|4|157|4|0|1
007762|box_n6_H12|b000826|3,6,7,9,10,12|7|10|12|8|4|16|4|-10|2|26|8|44,46,16,8|24|6|52,48,16,4|48|16|3|-5,3,3,3,3,-5|6|20|6|0|1
007763|box_n6_H12|b000827|3,6,7,9,11,12|7|11|12|12|4|18|4|-8|6|26|10|48,50,20,8|32|10|52,48,18,4|52|18|3|-5,3,3,3,3,-5|4|4|4|0|1
007764|box_n6_H12|b000828|3,6,7,10,11,12|7|11|12|12|4|18|4|-12|10|16|10|48,52,26,12|36|10|52,48,16,2|48|18|3|-5,2,3,3,2,-5|4|4|4|0|1
007765|box_n6_H12|b000829|3,6,8,9,10,11|7|10|11|14|4|16|4|-8|12|0|8|44,50,30,12|36|12|48,48,20,4|40|16|0|-3,0,0,0,0,-3|6|0|6|0|0
007766|box_n6_H12|b000830|3,6,8,9,10,12|7|10|12|14|4|18|4|4|8|36|10|44,44,20,8|40|12|52,46,16,4|56|18|7|-7,7,3,3,7,-7|12|210|12|0|0
007767|box_n6_H12|b000831|3,6,8,9,11,12|7|11|12|16|4|20|4|0|10|40|12|48,48,22,8|44|14|52,44,16,4|64|20|5|-4,5,3,3,5,-4|6|0|6|0|0
007768|box_n6_H12|b000832|3,6,8,10,11,12|7|11|12|16|4|20|4|-4|12|30|12|48,50,26,10|44|14|52,44,14,2|60|20|4|-4,4,3,3,4,-4|6|0|6|0|0
007769|box_n6_H12|b000833|3,6,9,10,11,12|7|11|12|14|4|20|4|0|8|24|12|48,52,26,10|36|12|52,48,20,4|56|20|4|-5,1,4,4,1,-5|6|0|6|0|0
007770|box_n6_H12|b000834|3,7,8,9,10,11|7|10|11|6|4|12|4|-34|4|-20|4|44,52,20,8|8|4|48,50,14,0|20|12|0|-3,0,-2,-2,0,-3|3|35|4|1|0
007771|box_n6_H12|b000835|3,7,8,9,10,12|7|10|12|8|4|12|4|-30|6|-2|4|44,50,20,8|16|6|52,52,12,0|24|12|1|-3,1,-1,-1,1,-3|5|207|6|1|1
007772|box_n6_H12|b000836|3,7,8,9,11,12|7|11|12|12|4|14|4|-28|10|2|6|48,54,24,8|24|10|52,50,12,0|32|14|2|-3,2,-1,-1,2,-3|4|147|4|0|1
007773|box_n6_H12|b000837|3,7,8,10,11,12|7|11|12|10|4|12|4|-32|8|-4|4|48,56,26,10|20|8|52,50,12,2|32|12|1|-3,1,-1,-1,1,-3|4|330|4|0|1
007774|box_n6_H12|b000838|3,7,9,10,11,12|7|11|12|8|4|12|4|-32|6|-14|4|48,58,26,10|12|6|52,54,16,2|24|12|0|-4,-2,0,0,-2,-4|4|4|4|0|1
007775|box_n6_H12|b000839|3,8,9,10,11,12|7|11|12|14|4|16|4|-20|12|0|8|48,56,28,8|24|12|52,50,14,0|36|16|0|-3,0,0,0,0,-3|6|0|6|0|0
007776|box_n6_H12|b000840|4,5,6,7,8,9|7|8|9|12|2|10|3|-6|10|-6|2|36,40,22,8|28|10|40,38,8,0|24|10|1|-2,1,0,0,1,-2|4|108|4|0|1
007777|box_n6_H12|b000841|4,5,6,7,8,10|7|8|10|10|2|12|3|-6|8|4|4|36,40,20,8|24|8|44,40,8,0|32|12|4|-5,1,4,4,1,-5|8|60|10|2|1
007778|box_n6_H12|b000842|4,5,6,7,8,11|7|8|11|8|2|10|3|-6|6|-24|2|36,40,18,8|20|6|48,48,10,0|20|10|2|-1,-3,2,2,-3,-1|3|84|4|1|1
007779|box_n6_H12|b000843|4,5,6,7,8,12|7|8|12|12|2|20|3|14|10|38|12|40,40,18,8|36|10|56,46,10,0|60|20|5|-3,3,5,5,3,-3|16|42|24|8|1
007780|box_n6_H12|b000844|4,5,6,7,9,10|7|9|10|10|3|12|3|-14|8|0|4|40,42,18,8|28|8|44,42,10,0|28|12|3|-4,3,1,1,3,-4|4|5|4|0|1
007781|box_n6_H12|b000845|4,5,6,7,9,11|7|9|11|4|3|8|3|-26|2|-28|0|40,48,18,8|4|2|48,50,10,0|12|8|0|-2,-3,0,0,-3,-2|3|210|3|0|1
007782|box_n6_H12|b000846|4,5,6,7,9,12|7|9|12|10|3|18|3|0|8|28|10|42,40,14,8|36|8|54,46,10,0|52|18|5|-2,2,5,5,2,-2|8|84|18|10|1
007783|box_n6_H12|b000847|4,5,6,7,10,11|7|10|11|8|3|10|3|-12|6|-24|2|44,48,18,8|20|6|48,48,10,0|20|10|1|-3,0,1,1,0,-3|3|75|3|0|1
007784|box_n6_H12|b000848|4,5,6,7,10,12|7|10|12|14|3|18|3|0|12|22|10|44,42,18,8|44|12|52,44,10,0|52|18|10|-5,0,10,10,0,-5|8|90|10|2|1
007785|box_n6_H12|b000849|4,5,6,7,11,12|7|11|12|10|3|14|3|-28|8|18|6|48,50,18,8|28|8|52,46,8,0|40|14|4|-3,1,4,4,1,-3|3|74|3|0|1
007786|box_n6_H12|b000850|4,5,6,8,9,10|7|9|10|14|3|16|3|10|10|18|8|40,40,20,8|40|12|44,40,14,2|44|16|3|-4,3,3,3,3,-4|6|0|6|0|0
007787|box_n6_H12|b000851|4,5,6,8,9,11|7|9|11|12|3|16|3|2|10|-4|8|40,44,24,10|32|10|48,48,18,2|36|16|1|-3,0,1,1,0,-3|6|0|6|0|0
007788|box_n6_H12|b000852|4,5,6,8,9,12|7|9|12|16|3|24|3|28|12|50|16|42,36,16,8|56|14|54,44,16,2|72|24|6|-3,5,6,6,5,-3|16|84|18|2|0
007789|box_n6_H12|b000853|4,5,6,8,10,11|7|10|11|12|3|16|3|2|10|0|6|44,48,24,10|32|10|48,46,14,0|36|16|2|-4,1,2,2,1,-4|6|0|6|0|0
007790|box_n6_H12|b000854|4,5,6,8,10,12|7|10|12|18|3|22|3|18|16|44|12|44,40,22,10|60|16|52,42,12,0|64|22|10|-7,4,10,10,4,-7|12|210|12|0|0
007791|box_n6_H12|b000855|4,5,6,8,11,12|7|11|12|18|3|22|3|-4|14|44|14|48,48,24,8|48|16|52,42,14,2|68|22|4|-2,3,4,4,3,-2|6|0|6|0|0
007792|box_n6_H12|b000856|4,5,6,9,10,11|7|10|11|14|3|16|3|2|12|-4|8|44,46,22,8|36|12|48,46,16,2|40|16|2|-2,0,2,2,0,-2|6|0|6|0|0
007793|box_n6_H12|b000857|4,5,6,9,10,12|7|10|12|18|3|22|3|14|16|34|14|44,40,20,8|56|16|52,44,16,2|64|22|9|-6,3,9,9,3,-6|12|210|12|0|0
007794|box_n6_H12|b000858|4,5,6,9,11,12|7|11|12|16|3|20|3|-12|14|30|12|48,50,26,10|44|14|52,46,16,2|56|20|5|-3,0,5,5,0,-3|6|0|6|0|0
007795|box_n6_H12|b000859|4,5,6,10,11,12|7|11|12|18|3|20|3|-12|14|28|12|48,52,28,8|40|16|52,46,16,2|56|20|5|-3,-1,5,5,-1,-3|6|0|6|0|0
007796|box_n6_H12|b000860|4,5,7,8,9,10|7|9|10|12|3|14|3|-16|10|4|6|40,44,22,8|28|10|44,44,14,0|28|14|1|-3,0,1,1,0,-3|4|5|4|0|0
007797|box_n6_H12|b000861|4,5,7,8,9,11|7|9|11|8|3|14|3|-28|6|-12|6|40,50,24,8|8|6|48,50,16,0|24|14|0|-2,-4,0,0,-4,-2|3|26|3|0|0
007798|box_n6_H12|b000862|4,5,7,8,9,12|7|9|12|12|3|16|3|-6|10|12|8|42,44,20,8|32|10|54,52,14,0|36|16|1|-2,1,1,1,1,-2|6|18|9|3|1
007799|box_n6_H12|b000863|4,5,7,8,10,11|7|10|11|12|3|16|3|-8|10|-8|8|44,50,24,8|24|10|48,48,16,0|32|16|1|-4,1,0,0,1,-4|4|136|4|0|0
007800|box_n6_H12|b000864|4,5,7,8,10,12|7|10|12|12|3|18|3|0|10|10|10|44,46,20,8|32|10|52,48,14,0|44|18|6|-3,-2,6,6,-2,-3|8|90|10|2|1
007801|box_n6_H12|b000865|4,5,7,8,11,12|7|11|12|12|3|16|3|-20|10|10|8|48,54,24,8|24|10|52,48,12,0|40|16|0|-1,0,0,0,0,-1|4|75|4|0|1
007802|box_n6_H12|b000866|4,5,7,9,10,11|7|10|11|8|3|12|3|-12|6|-16|4|44,48,18,8|20|6|48,48,14,2|28|12|0|-2,0,0,0,0,-2|3|72|3|0|0
007803|box_n6_H12|b000867|4,5,7,9,10,12|7|10|12|12|3|14|3|-8|10|-4|6|44,46,20,8|32|10|52,50,14,2|36|14|5|-2,-3,5,5,-3,-2|6|90|10|4|1
007804|box_n6_H12|b000868|4,5,7,9,11,12|7|11|12|10|3|10|3|-32|8|-8|2|48,56,26,10|20|8|52,52,12,2|24|10|1|-2,-3,1,1,-3,-2|3|126|3|0|1
007805|box_n6_H12|b000869|4,5,7,10,11,12|7|11|12|10|3|14|3|-32|8|-6|6|48,58,26,8|12|8|52,52,14,0|28|14|1|-2,-4,1,1,-4,-2|3|63|3|0|1
007806|box_n6_H12|b000870|4,5,8,9,10,11|7|10|11|16|3|20|3|2|14|12|12|44,48,26,8|36|14|48,46,22,4|52|20|1|-3,1,1,1,1,-3|6|0|6|0|0
007807|box_n6_H12|b000871|4,5,8,9,10,12|7|10|12|16|3|20|3|10|14|18|12|44,44,22,8|44|14|52,48,18,2|52|20|5|-4,1,5,5,1,-4|12|210|12|0|0
007808|box_n6_H12|b000872|4,5,8,9,11,12|7|11|12|18|3|20|3|-4|16|18|12|48,54,34,12|44|16|52,48,18,2|52|20|1|-1,-1,1,1,-1,-1|6|0|6|0|0
007809|box_n6_H12|b000873|4,5,8,10,11,12|7|11|12|16|3|22|3|-4|12|20|14|48,56,32,10|32|14|52,48,20,2|56|22|1|-1,-2,1,1,-2,-1|6|0|6|0|0
007810|box_n6_H12|b000874|4,5,9,10,11,12|7|11|12|16|3|18|3|-16|14|2|10|48,58,36,12|32|14|52,52,20,2|40|18|2|-2,-5,2,2,-5,-2|6|0|6|0|0
007811|box_n6_H12|b000875|4,6,7,8,9,10|7|9|10|8|3|10|3|-14|4|-18|2|40,48,22,8|12|6|44,48,16,2|16|10|0|-5,-1,0,0,-1,-5|4|5|4|0|1
007812|box_n6_H12|b000876|4,6,7,8,9,11|7|9|11|8|3|12|3|-18|6|-16|4|40,50,26,10|12|6|48,50,16,2|24|12|0|-3,-3,0,0,-3,-3|3|73|3|0|1
007813|box_n6_H12|b000877|4,6,7,8,9,12|7|9|12|14|3|24|3|12|10|52|16|42,40,18,8|44|12|54,44,16,2|72|24|5|-4,5,5,5,5,-4|10|84|18|8|1
007814|box_n6_H12|b000878|4,6,7,8,10,11|7|10|11|8|3|8|3|-30|6|-20|-2|44,54,26,10|12|6|48,52,12,0|8|8|-1|-4,-2,-1,-1,-2,-4|4|35|4|0|1
007815|box_n6_H12|b000879|4,6,7,8,10,12|7|10|12|12|3|16|3|-14|10|38|6|44,46,22,10|36|10|52,46,10,0|44|16|8|-6,0,8,8,0,-6|12|210|12|0|1
007816|box_n6_H12|b000880|4,6,7,8,11,12|7|11|12|14|3|20|3|-8|10|46|12|48,46,18,8|44|12|52,42,12,2|64|20|5|-3,5,4,4,5,-3|4|70|4|0|1
007817|box_n6_H12|b000881|4,6,7,9,10,11|7|10|11|8|3|10|3|-30|6|-24|2|44,52,22,8|12|6|48,52,14,0|12|10|-1|-2,-3,-1,-1,-3,-2|4|293|4|0|1
007818|box_n6_H12|b000882|4,6,7,9,10,12|7|10|12|12|3|16|3|-18|10|24|8|44,46,20,8|32|10|52,48,12,0|40|16|7|-5,-1,7,7,-1,-5|8|90|10|2|1
007819|box_n6_H12|b000883|4,6,7,9,11,12|7|11|12|14|3|18|3|-16|12|28|10|48,48,20,8|40|12|52,46,12,0|48|18|5|-4,2,5,5,2,-4|4|70|4|0|1
007820|box_n6_H12|b000884|4,6,7,10,11,12|7|11|12|10|3|14|3|-24|6|18|6|48,50,18,8|28|8|52,46,10,2|44|14|5|-4,1,5,5,1,-4|4|330|4|0|1
007821|box_n6_H12|b000885|4,6,8,9,10,11|7|10|11|14|3|16|3|-16|12|0|6|44,52,30,10|28|12|48,50,20,2|32|16|0|-3,-2,0,0,-2,-3|6|0|6|0|0
007822|box_n6_H12|b000886|4,6,8,9,10,12|7|10|12|14|3|18|3|0|12|42|8|44,44,22,10|44|12|52,46,12,0|48|18|7|-7,3,7,7,3,-7|12|210|12|0|0
007823|box_n6_H12|b000887|4,6,8,9,11,12|7|11|12|18|3|24|3|8|14|50|16|48,46,24,10|56|16|52,42,16,2|72|24|5|-3,4,5,5,4,-3|6|0|6|0|0
007824|box_n6_H12|b000888|4,6,8,10,11,12|7|11|12|14|3|18|3|0|4|40|8|48,48,20,8|40|12|52,42,14,8|68|16|5|-3,3,5,5,3,-3|6|0|6|0|0
007825|box_n6_H12|b000889|4,6,9,10,11,12|7|11|12|16|3|18|3|-8|12|22|10|48,50,24,8|40|14|52,46,14,2|52|18|6|-4,0,6,6,0,-4|6|0|6|0|0
007826|box_n6_H12|b000890|4,7,8,9,10,11|7|10|11|8|3|12|3|-30|6|-16|4|44,54,24,8|8|6|48,52,18,2|20|12|-2|-3,-2,-2,-2,-2,-3|3|72|3|0|0
007827|box_n6_H12|b000891|4,7,8,9,10,12|7|10|12|12|3|14|3|-22|10|8|6|44,50,24,8|24|10|52,52,14,0|28|14|3|-3,-3,3,3,-3,-3|8|90|10|2|1
007828|box_n6_H12|b000892|4,7,8,9,11,12|7|11|12|14|3|16|3|-16|12|16|8|48,52,26,10|36|12|52,48,12,0|40|16|1|-2,1,1,1,1,-2|4|70|4|0|1
007829|box_n6_H12|b000893|4,7,8,10,11,12|7|11|12|8|3|14|3|-24|4|10|6|48,54,20,8|16|6|52,48,12,2|40|14|1|-2,0,1,1,0,-2|4|330|4|0|1
007830|box_n6_H12|b000894|4,7,9,10,11,12|7|11|12|10|3|10|3|-36|8|-12|2|48,56,24,8|16|8|52,52,10,0|20|10|2|-3,-3,2,2,-3,-3|4|160|4|0|1
007831|box_n6_H12|b000895|4,8,9,10,11,12|7|11|12|14|3|16|3|-8|10|10|8|48,54,28,10|32|12|52,48,14,2|44|16|2|-2,-1,2,2,-1,-2|6|0|6|0|0
007832|box_n6_H12|b000896|5,6,7,8,9,10|7|9|10|12|2|14|2|-10|10|4|6|40,42,20,8|32|10|44,42,12,0|32|14|5|-6,5,1,1,5,-6|4|5|4|0|1
007833|box_n6_H12|b000897|5,6,7,8,9,11|7|9|11|8|2|10|3|-22|6|-28|2|40,48,22,8|12|6|48,50,12,0|16|10|0|-3,0,-2,-2,0,-3|3|60|3|0|1
007834|box_n6_H12|b000898|5,6,7,8,9,12|7|9|12|12|2|18|3|4|10|24|10|42,40,16,8|40|10|54,46,10,0|52|18|6|-3,6,2,2,6,-3|10|72|15|5|1
007835|box_n6_H12|b000899|5,6,7,8,10,11|7|10|11|12|2|10|3|-8|10|-20|2|44,48,22,8|28|10|48,46,8,0|24|10|3|-5,3,1,1,3,-5|4|157|4|0|1
007836|box_n6_H12|b000900|5,6,7,8,10,12|7|10|12|16|2|16|3|4|14|18|8|44,42,20,8|48|14|52,44,8,0|48|16|6|-7,6,6,6,6,-7|8|90|10|2|1
007837|box_n6_H12|b000901|5,6,7,8,11,12|7|11|12|10|3|14|3|-28|8|14|6|48,50,18,8|28|8|52,46,8,0|40|14|4|-3,4,1,1,4,-3|3|74|3|0|1
007838|box_n6_H12|b000902|5,6,7,9,10,11|7|10|11|14|2|14|3|0|12|-16|6|44,46,22,8|36|12|48,46,12,0|32|14|2|-3,2,1,1,2,-3|4|63|4|0|1
007839|box_n6_H12|b000903|5,6,7,9,10,12|7|10|12|14|2|20|3|8|12|16|12|44,42,18,8|44|12|52,46,14,0|52|20|5|-6,5,5,5,5,-6|6|63|6|0|1
007840|box_n6_H12|b000904|5,6,7,9,11,12|7|11|12|8|3|14|3|-28|6|8|6|48,52,18,8|20|6|52,50,12,0|32|14|2|-4,1,2,2,1,-4|3|4|4|1|1
007841|box_n6_H12|b000905|5,6,7,10,11,12|7|11|12|12|3|14|3|-24|10|6|6|48,54,24,8|24|10|52,50,12,0|32|14|2|-4,0,2,2,0,-4|3|4|4|1|1
007842|box_n6_H12|b000906|5,6,8,9,10,11|7|10|11|16|2|16|3|6|14|-4|8|44,46,24,8|40|14|48,44,12,0|40|16|3|-4,3,2,2,3,-4|6|0|6|0|0
007843|box_n6_H12|b000907|5,6,8,9,10,12|7|10|12|20|2|22|3|18|18|30|14|44,40,22,8|60|18|52,44,14,0|60|22|9|-8,9,5,5,9,-8|12|210|12|0|0
007844|box_n6_H12|b000908|5,6,8,9,11,12|7|11|12|16|3|20|3|-16|14|26|12|48,50,24,8|40|14|52,46,14,0|52|20|3|-3,3,2,2,3,-3|6|0|6|0|0
007845|box_n6_H12|b000909|5,6,8,10,11,12|7|11|12|16|3|18|3|-12|12|24|10|48,52,28,10|40|14|52,46,14,2|52|18|2|-3,2,2,2,2,-3|6|0|6|0|0
007846|box_n6_H12|b000910|5,6,9,10,11,12|7|11|12|16|3|20|3|-12|14|18|12|48,54,30,10|36|14|52,50,18,0|44|20|3|-4,-1,3,3,-1,-4|6|0|6|0|0
007847|box_n6_H12|b000911|5,7,8,9,10,11|7|10|11|12|2|16|3|-8|10|-8|8|44,48,22,8|28|10|48,46,14,0|36|16|3|-4,3,0,0,3,-4|4|147|4|0|0
007848|box_n6_H12|b000912|5,7,8,9,10,12|7|10|12|14|2|14|3|-4|12|-8|6|44,46,22,8|36|12|52,50,12,0|32|14|3|-4,3,1,1,3,-4|6|63|6|0|1
007849|box_n6_H12|b000913|5,7,8,9,11,12|7|11|12|14|3|12|3|-28|12|-12|4|48,56,28,8|24|12|52,52,12,0|24|12|0|-2,0,-2,-2,0,-2|3|68|3|0|1
007850|box_n6_H12|b000914|5,7,8,10,11,12|7|11|12|12|3|14|3|-24|10|-10|6|48,58,30,10|20|10|52,52,14,0|28|14|-1|-2,-1,-2,-2,-1,-2|3|41|3|0|1
007851|box_n6_H12|b000915|5,7,9,10,11,12|7|11|12|12|3|12|3|-28|10|-20|4|48,60,32,10|16|10|52,56,16,0|16|12|-1|-3,-4,-1,-1,-4,-3|3|4|4|1|1
007852|box_n6_H12|b000916|5,8,9,10,11,12|7|11|12|18|3|18|3|-12|16|-2|10|48,58,38,12|36|16|52,52,18,0|36|18|-1|-2,-2,-1,-1,-2,-2|6|0|6|0|0
007853|box_n6_H12|b000917|6,7,8,9,10,11|7|10|11|10|2|12|2|-30|8|-20|4|44,52,24,8|16|8|48,50,14,0|20|12|0|-4,0,-1,-1,0,-4|4|157|4|0|1
007854|box_n6_H12|b000918|6,7,8,9,10,12|7|10|12|12|2|16|2|-18|10|24|8|44,46,20,8|32|10|52,48,12,0|40|16|5|-7,5,3,3,5,-7|8|90|10|2|1
007855|box_n6_H12|b000919|6,7,8,9,11,12|7|11|12|14|2|20|2|-16|12|28|12|48,48,20,8|40|12|52,46,14,0|52|20|5|-4,5,2,2,5,-4|4|70|4|0|1
007856|box_n6_H12|b000920|6,7,8,10,11,12|7|11|12|12|2|16|2|-20|8|18|8|48,50,20,8|32|10|52,46,12,2|48|16|4|-4,4,2,2,4,-4|4|330|4|0|1
007857|box_n6_H12|b000921|6,7,9,10,11,12|7|11|12|12|2|16|2|-20|10|8|8|48,52,22,8|28|10|52,50,14,0|36|16|3|-5,1,3,3,1,-5|4|4|4|0|1
007858|box_n6_H12|b000922|6,8,9,10,11,12|7|11|12|16|2|18|2|-8|12|22|10|48,50,24,8|40|14|52,46,14,2|52|18|3|-4,3,3,3,3,-4|6|0|6|0|0
007859|box_n6_H12|b000923|7,8,9,10,11,12|7|11|12|14|2|12|2|-28|12|-12|4|48,56,28,8|24|12|52,52,12,0|24|12|0|-3,0,-1,-1,0,-3|3|80|3|0|1
007860|consecutive|n02|1,2|3|1|2|2|1|2|2|2|2|2|2|2,0,0,0|2|2|2,0,0,0|2|2|2|2,2|2|0|2|0|0
007861|consecutive|n03|1,2,3|4|2|3|2|2|2|3|4|2|4|2|4,2,0,0|2|2|4,2,0,0|2|2|2|1,2,1|2|0|2|0|0
007862|consecutive|n04|1,2,3,4|5|3|4|4|3|4|4|8|4|12|4|8,6,2,0|8|4|10,6,0,0|8|4|2|1,2,2,1|4|0|4|0|0
007863|consecutive|n05|1,2,3,4,5|6|4|5|2|4|2|5|0|2|-2|0|14,16,6,2|6|2|16,16,2,0|4|2|0|-1,0,0,0,-1|4|60|4|0|0
007864|consecutive|n06|1,2,3,4,5,6|7|5|6|6|5|6|6|-2|4|18|-2|22,24,14,8|20|4|26,24,4,0|16|6|2|-2,0,2,2,0,-2|6|0|6|0|0
007865|consecutive|n07|1,2,3,4,5,6,7|8|6|7|4|6|4|7|-16|-4|-38|-16|32,40,24,20|8|-4|36,38,8,2|6|4|0|-4,-1,0,0,0,-1,-4|4|0|6|2|0
007866|consecutive|n08|1,2,3,4,5,6,7,8|9|7|8|6|7|6|8|-92|-16|-60|-34|44,62,46,42|-16|-14|50,62,22,4|-28|6|-1|-5,-4,-5,-1,-1,-5,-4,-5|7|56|7|0|0
007867|consecutive|n09|1,2,3,4,5,6,7,8,9|10|8|9|4|8|4|9|-96|-36|-136|-71|58,76,56,74|-14|-36|64,78,24,8|-50|2|0|-9,-4,-2,-1,0,-1,-2,-4,-9|8|360|8|0|0
007868|consecutive|n10|1,2,3,4,5,6,7,8,9,10|11|9|10|10|9|10|10|-182|-70|-154|-106|74,102,86,120|-52|-62|82,100,42,18|-60|6|-1|-10,-7,-2,-1,-3,-3,-1,-2,-7,-10|10|0|10|0|0
007869|consecutive|n11|1,2,3,4,5,6,7,8,9,10,11|12|10|11|4|10|4|11|-368|-112|-380|-184|92,146,134,192|-218|-112|100,134,58,28|-190|-4|-2|-10,-9,-9,-9,-6,-2,-6,-9,-9,-9,-10|8|330|8|0|0
007870|consecutive|n12|1,2,3,4,5,6,7,8,9,10,11,12|13|11|12|12|11|12|12|-520|-188|-312|-244|112,162,150,264|-200|-164|122,158,78,46|-204|-4|-2|-17,-11,-6,-2,-4,-3,-3,-4,-2,-6,-11,-17|12|0|12|0|0
007871|consecutive|n13|1,2,3,4,5,6,7,8,9,10,11,12,13|14|12|13|6|12|6|13|-508|-250|-822|-380|134,198,190,376|-324|-250|144,200,94,54|-428|-16|0|-19,-14,-9,-5,-7,-6,0,-6,-7,-5,-9,-14,-19|12|1092|12|0|0
007872|consecutive|n14|1,2,3,4,5,6,7,8,9,10,11,12,13,14|15|13|14|8|13|8|14|-1110|-392|-984|-480|158,264,280,526|-712|-352|170,262,172,120|-760|-40|-10|-14,-15,-16,-13,-14,-17,-10,-10,-17,-14,-13,-16,-15,-14|5|70|11|6|0
007873|consecutive|n15|1,2,3,4,5,6,7,8,9,10,11,12,13,14,15|16|14|15|8|14|8|15|-1124|-490|-1242|-670|184,276,290,672|-616|-474|196,282,152,104|-814|-38|-4|-26,-16,-10,-11,-8,-4,-11,-6,-11,-4,-8,-11,-10,-16,-26|12|210|12|0|0
007874|consecutive|n16|1,2,3,4,5,6,7,8,9,10,11,12,13,14,15,16|17|15|16|16|15|16|16|-1360|-678|-1448|-816|212,318,334,832|-816|-604|226,318,194,174|-900|-72|-5|-31,-20,-10,-7,-8,-5,-10,-8,-8,-10,-5,-8,-7,-10,-20,-31|16|0|16|0|0
007875|consecutive|n17|1,2,3,4,5,6,7,8,9,10,11,12,13,14,15,16,17|18|16|17|6|16|6|17|-1920|-834|-2232|-1119|242,402,474,1148|-1452|-834|256,392,254,218|-1532|-100|0|-23,-21,-21,-14,-19,-18,-21,-11,0,-11,-21,-18,-19,-14,-21,-21,-23|6|272|14|8|0
007876|consecutive|n18|1,2,3,4,5,6,7,8,9,10,11,12,13,14,15,16,17,18|19|17|18|18|17|18|18|-2702|-1138|-2146|-1274|274,448,508,1320|-1768|-986|290,438,320,326|-1728|-154|-10|-30,-24,-20,-17,-17,-10,-11,-18,-14,-14,-18,-11,-10,-17,-17,-20,-24,-30|18|0|18|0|0
007877|consecutive|n19|1,2,3,4,5,6,7,8,9,10,11,12,13,14,15,16,17,18,19|20|18|19|8|18|8|19|-3048|-1286|-3336|-1704|308,526,630,1698|-2446|-1286|324,494,310,276|-2270|-136|-6|-32,-26,-23,-22,-21,-12,-15,-21,-19,-6,-19,-21,-15,-12,-21,-22,-23,-26,-32|16|1710|16|0|0
007878|consecutive|n20|1,2,3,4,5,6,7,8,9,10,11,12,13,14,15,16,17,18,19,20|21|19|20|12|19|12|20|-4136|-1754|-3542|-1932|344,578,698,2026|-2816|-1562|362,580,470,552|-2984|-300|-14|-37,-29,-25,-18,-14,-26,-21,-22,-19,-15,-15,-19,-22,-21,-26,-14,-18,-25,-29,-37|3|280|17|14|0
007879|consecutive|n21|1,2,3,4,5,6,7,8,9,10,11,12,13,14,15,16,17,18,19,20,21|22|20|21|10|20|10|21|-3828|-1956|-4470|-2450|382,598,714,2374|-2676|-1876|400,604,396,428|-3084|-236|-8|-55,-32,-22,-14,-11,-13,-15,-13,-12,-19,-8,-19,-12,-13,-15,-13,-11,-14,-22,-32,-55|20|4620|20|0|0
007880|consecutive|n22|1,2,3,4,5,6,7,8,9,10,11,12,13,14,15,16,17,18,19,20,21,22|23|21|22|22|21|22|22|-4878|-2442|-5274|-2766|422,700,884,2808|-3792|-2202|442,696,566,718|-3948|-406|-17|-42,-32,-23,-22,-24,-22,-17,-18,-21,-23,-22,-22,-23,-21,-18,-17,-22,-24,-22,-23,-32,-42|22|0|22|0|0
007881|consecutive|n23|1,2,3,4,5,6,7,8,9,10,11,12,13,14,15,16,17,18,19,20,21,22,23|24|22|23|8|22|8|23|-6212|-2818|-6530|-3462|464,816,1126,3592|-5140|-2818|484,792,648,782|-5172|-442|-8|-28,-33,-33,-30,-31,-26,-31,-27,-33,-30,-24,-8,-24,-30,-33,-27,-31,-26,-31,-30,-33,-33,-28|-3|1507|19|22|0
007882|consecutive|n24|1,2,3,4,5,6,7,8,9,10,11,12,13,14,15,16,17,18,19,20,21,22,23,24|25|23|24|20|23|20|24|-7756|-3510|-6538|-3706|508,850,1040,3694|-5444|-2996|530,854,730,1032|-5668|-626|-13|-57,-40,-30,-29,-26,-25,-19,-20,-21,-27,-26,-13,-13,-26,-27,-21,-20,-19,-25,-26,-29,-30,-40,-57|23|552|23|0|0
007883|consecutive|n25|1,2,3,4,5,6,7,8,9,10,11,12,13,14,15,16,17,18,19,20,21,22,23,24,25|26|24|25|12|24|12|25|-7004|-3734|-8860|-4689|554,896,1170,4530|-5526|-3702|576,908,642,778|-6352|-468|-4|-71,-43,-31,-25,-21,-17,-21,-20,-20,-21,-24,-21,-4,-21,-24,-21,-20,-20,-21,-17,-21,-25,-31,-43,-71|24|7800|24|0|0
007884|consecutive|n26|1,2,3,4,5,6,7,8,9,10,11,12,13,14,15,16,17,18,19,20,21,22,23,24,25,26|27|25|26|18|25|18|26|-9684|-4728|-9948|-5110|602,1056,1460,5294|-7976|-4288|626,1054,1018,1620|-8236|-1030|-27|-44,-41,-37,-34,-27,-34,-34,-35,-30,-30,-27,-38,-30,-30,-38,-27,-30,-30,-35,-34,-34,-27,-34,-37,-41,-44|25|650|25|0|0
007885|consecutive|n27|1,2,3,4,5,6,7,8,9,10,11,12,13,14,15,16,17,18,19,20,21,22,23,24,25,26,27|28|26|27|12|26|12|27|-11044|-5168|-11624|-6054|652,1130,1576,6042|-8798|-4944|676,1144,986,1312|-9728|-794|-16|-54,-43,-36,-39,-35,-33,-33,-37,-24,-24,-35,-37,-35,-16,-35,-37,-35,-24,-24,-37,-33,-33,-35,-39,-36,-43,-54|24|4914|24|0|0
007886|consecutive|n28|1,2,3,4,5,6,7,8,9,10,11,12,13,14,15,16,17,18,19,20,21,22,23,24,25,26,27,28|29|27|28|28|27|28|28|-12116|-6044|-11664|-6546|704,1182,1568,6470|-9292|-5380|730,1174,1038,1716|-9468|-1122|-22|-77,-50,-36,-28,-29,-31,-26,-22,-24,-24,-30,-26,-29,-29,-29,-29,-26,-30,-24,-24,-22,-26,-31,-29,-28,-36,-50,-77|28|0|28|0|0
007887|consecutive|n29|1,2,3,4,5,6,7,8,9,10,11,12,13,14,15,16,17,18,19,20,21,22,23,24,25,26,27,28,29|30|28|29|8|28|8|29|-14144|-6670|-14702|-7968|758,1366,2012,8074|-12392|-6670|784,1296,1138,1794|-11548|-1168|-8|-59,-50,-44,-35,-35,-41,-33,-28,-46,-36,-48,-36,-36,-29,-8,-29,-36,-36,-48,-36,-46,-28,-33,-41,-35,-35,-44,-50,-59|-6|12138|23|29|0
007888|consecutive|n30|1,2,3,4,5,6,7,8,9,10,11,12,13,14,15,16,17,18,19,20,21,22,23,24,25,26,27,28,29,30|31|29|30|30|29|30|30|-16898|-7996|-13870|-8232|814,1404,1882,8128|-12756|-6836|842,1380,1352,2494|-12360|-1680|-24|-80,-56,-43,-39,-32,-26,-34,-37,-36,-28,-24,-29,-33,-35,-32,-32,-35,-33,-29,-24,-28,-36,-37,-34,-26,-32,-39,-43,-56,-80|30|0|30|0|0
007889|structured_crt|RF_pN_i1|2,7,9,10,12,13,15,16,19|10|16|19|10|28|12|34|-356|-32|-416|-61|116,164,96,78|-144|-30|136,184,70,10|-196|12|-8|-13,-8,-11,-12,-8,-12,-11,-8,-13|4|616|4|0|1
007890|structured_crt|RF_pN_i2|2,3,9,10,12,15,16,17,19|10|17|19|18|24|20|14|-376|-29|-384|-57|123,180,128,100|-143|-29|137,186,94,32|-155|13|-7|-7,-12,-12,-15,-14,-15,-12,-12,-7|4|181|7|3|1
007891|structured_crt|RF_pN_i4|2,3,7,9,12,15,16,19,20|10|19|20|12|14|16|15|-416|-35|-404|-60|144,208,132,102|-184|-34|144,194,94,34|-162|10|-4|-13,-13,-15,-14,-4,-14,-15,-13,-13|2|225|7|5|1
007892|structured_crt|RF_pN_i5|2,3,7,9,10,15,16,19,22|10|19|22|22|14|24|17|-416|-21|-468|-54|136,194,126,88|-154|-20|160,224,116,36|-216|16|-9|-9,-18,-14,-13,-14,-13,-14,-18,-9|5|827|6|1|1
007893|structured_crt|RF_mN_i6|2,3,5,7,9,10,12,16,19|10|16|19|10|11|8|14|-348|-34|-400|-73|116,166,104,86|-142|-32|136,186,80,30|-190|0|-10|-12,-11,-11,-10,-12,-10,-11,-11,-12|3|113|6|3|1
007894|structured_crt|RF_pN_i6|2,3,7,9,10,12,16,19,25|10|19|25|10|14|12|18|-420|-39|-560|-81|139,194,116,96|-153|-35|181,254,130,68|-251|-11|-10|-10,-18,-14,-15,-14,-15,-14,-18,-10|2|442|3|1|1
007895|structured_crt|GCD_CLOCK_1_pN_i0|15,18,35,40,48,56,63,75,78|10|75|78|82|5|84|6|-1732|0|-1852|-30|540,750,402,160|-666|32|552,748,354,80|-664|78|-28|-46,-40,-51,-52,-28,-52,-51,-40,-46|10|6500|12|2|1
007896|structured_crt|GCD_CLOCK_1_mN_i1|5,8,35,40,48,56,63,75,78|10|75|78|78|25|76|26|-1776|-6|-1832|-48|540,756,424,194|-664|14|552,756,376,118|-676|54|-36|-53,-42,-47,-50,-36,-50,-47,-42,-53|10|1402|18|8|1
007897|structured_crt|GCD_CLOCK_1_pN_i1|8,25,35,40,48,56,63,75,78|10|75|78|94|25|96|26|-1576|8|-1756|-36|540,732,414,194|-516|28|552,738,382,124|-538|72|-26|-59,-48,-33,-36,-26,-36,-33,-48,-59|10|1402|18|8|1
007898|structured_crt|GCD_CLOCK_1_mN_i2|8,15,25,40,48,56,63,75,78|10|75|78|98|21|100|22|-1516|8|-1808|-34|540,724,404,186|-480|34|552,730,376,130|-494|68|-18|-59,-46,-33,-34,-18,-34,-33,-46,-59|11|8877|12|1|1
007899|structured_crt|GCD_CLOCK_1_pN_i2|8,15,40,45,48,56,63,75,78|10|75|78|90|21|88|22|-1596|-4|-1852|-68|540,740,434,216|-532|18|552,748,384,136|-604|52|-20|-53,-40,-47,-48,-20,-48,-47,-40,-53|11|8877|12|1|1
007900|structured_crt|GCD_CLOCK_1_mN_i3|8,15,30,35,48,56,63,75,78|10|75|78|96|18|90|18|-1580|-26|-1864|-34|540,748,438,188|-580|42|552,752,378,98|-644|80|-24|-49,-46,-43,-54,-24,-54,-43,-46,-49|14|1319|24|10|1
007901|structured_crt|GCD_CLOCK_1_pN_i3|8,15,35,48,50,56,63,75,78|10|75|78|96|18|92|18|-1616|12|-1916|-14|540,740,406,156|-588|50|552,748,378,100|-616|82|-28|-61,-28,-35,-56,-36,-56,-35,-28,-61|13|5817|24|11|1
007902|structured_crt|GCD_CLOCK_1_mN_i4|8,15,35,38,40,56,63,75,78|10|75|78|82|15|86|16|-1716|8|-1864|-24|540,736,376,142|-620|38|552,758,380,98|-682|76|-28|-50,-46,-46,-45,-28,-45,-46,-46,-50|8|1959|24|16|1
007903|structured_crt|GCD_CLOCK_1_pN_i4|8,15,35,40,56,58,63,75,78|10|75|78|98|15|96|16|-1696|24|-1868|-10|540,738,396,146|-594|52|552,758,384,90|-674|88|-32|-49,-46,-46,-45,-32,-45,-46,-46,-49|7|2090|9|2|1
007904|structured_crt|GCD_CLOCK_1_mN_i5|8,15,35,40,46,48,63,75,78|10|75|78|80|14|86|14|-1732|4|-1860|-34|540,760,414,160|-712|34|552,754,374,98|-666|74|-32|-53,-43,-47,-52,-32,-52,-47,-43,-53|8|6500|12|4|1
007905|structured_crt|GCD_CLOCK_1_pN_i5|8,15,35,40,48,63,66,75,78|10|75|78|80|14|94|14|-1728|10|-1812|-30|540,768,430,170|-736|32|552,746,372,96|-614|82|-30|-56,-45,-45,-50,-30,-50,-45,-45,-56|10|6500|12|2|1
007906|structured_crt|GCD_CLOCK_1_mN_i6|8,15,35,40,48,53,56,75,78|10|75|78|96|11|90|12|-1708|14|-1880|-40|540,742,416,180|-582|34|552,760,394,120|-668|66|-32|-50,-45,-42,-52,-32,-52,-42,-45,-50|7|8617|12|5|1
007907|structured_crt|GCD_CLOCK_1_pN_i6|8,15,35,40,48,56,73,75,78|10|75|78|86|12|86|12|-1724|4|-1864|-44|540,748,416,184|-624|24|552,758,390,122|-662|62|-30|-53,-41,-47,-51,-30,-51,-47,-41,-53|7|2591|24|17|1
007908|structured_crt|GCD_CLOCK_2_pN_i0|8,15,16,21,28,35,40,48,75|10|48|75|42|8|86|11|-1180|-36|-1584|-66|336,490,292,146|-494|-8|540,730,368,116|-594|62|-22|-47,-40,-46,-28,-22,-28,-46,-40,-47|7|1206|9|2|1
007909|structured_crt|GCD_CLOCK_2_pN_i1|6,15,18,21,28,35,40,48,75|10|48|75|42|8|82|13|-1316|-28|-1680|-50|336,510,324,160|-570|-10|540,768,416,136|-764|52|-30|-46,-46,-59,-35,-30,-35,-59,-46,-46|10|4000|12|2|1
007910|structured_crt|GCD_CLOCK_2_mN_i2|5,6,8,21,28,35,40,48,75|10|48|75|46|29|74|24|-1252|-18|-1780|-42|336,486,280,128|-490|2|540,768,392,112|-812|52|-38|-39,-38,-53,-39,-40,-39,-53,-38,-39|10|4066|18|8|1
007911|structured_crt|GCD_CLOCK_2_pN_i2|6,8,21,25,28,35,40,48,75|10|48|75|66|8|94|13|-1192|-4|-1580|-24|336,476,290,130|-400|20|540,744,380,104|-668|72|-27|-45,-46,-39,-27,-30,-27,-39,-46,-45|12|66|18|6|1
007912|structured_crt|GCD_CLOCK_2_mN_i3|6,8,11,15,28,35,40,48,75|10|48|75|48|8|88|13|-1328|-18|-1712|-30|336,502,302,136|-558|0|540,752,382,110|-720|60|-35|-46,-36,-51,-35,-42,-35,-51,-36,-46|7|1600|9|2|1
007913|structured_crt|GCD_CLOCK_2_pN_i3|6,8,15,28,31,35,40,48,75|10|48|75|52|8|88|13|-1320|-10|-1724|-28|336,500,300,130|-548|6|540,754,380,102|-738|64|-35|-44,-37,-53,-35,-40,-35,-53,-37,-44|9|3644|18|9|1
007914|structured_crt|GCD_CLOCK_2_mN_i4|6,8,15,18,21,35,40,48,75|10|48|75|46|8|80|13|-1324|-28|-1692|-56|336,510,320,158|-578|-12|540,774,418,142|-802|42|-34|-47,-46,-57,-37,-34,-37,-57,-46,-47|10|4000|12|2|1
007915|structured_crt|GCD_CLOCK_2_pN_i4|6,8,15,21,35,38,40,48,75|10|48|75|54|8|98|13|-1328|-8|-1732|0|336,508,316,136|-572|8|540,758,390,84|-746|88|-34|-44,-39,-56,-39,-34,-39,-56,-39,-44|9|1600|9|0|1
007916|structured_crt|GCD_CLOCK_2_mN_i5|6,8,15,21,25,28,40,48,75|10|48|75|58|8|96|13|-1284|-2|-1520|-24|336,488,300,136|-464|12|540,736,368,100|-636|72|-25|-49,-44,-43,-25,-26,-25,-43,-44,-49|10|3494|12|2|1
007917|structured_crt|GCD_CLOCK_2_pN_i5|6,8,15,21,28,40,45,48,75|10|48|75|52|8|92|13|-1336|-12|-1600|-32|336,518,344,162|-586|0|540,752,390,102|-704|76|-32|-47,-36,-61,-37,-32,-37,-61,-36,-47|10|392|18|8|1
007918|structured_crt|GCD_CLOCK_2_mN_i6|6,8,15,21,28,30,35,48,75|10|48|75|66|8|108|13|-1116|6|-1584|-46|336,490,320,150|-438|16|540,760,448,170|-644|58|-34|-43,-34,-57,-35,-36,-35,-57,-34,-43|14|1608|18|4|1
007919|structured_crt|GCD_CLOCK_2_pN_i6|6,8,15,21,28,35,48,50,75|10|50|75|78|9|98|13|-956|16|-1620|-16|400,558,322,134|-462|30|550,758,400,124|-656|68|-26|-40,-50,-40,-40,-26,-40,-40,-50,-40|-67|458|125|192|1
007920|structured_crt|HARD_A_pN_i0|2,5,7,9,10,11,12,13|9|12|13|10|6|12|7|-164|-12|-170|-28|76,102,56,40|-44|-10|80,102,36,2|-60|12|-5|-6,-7,-6,-5,-5,-6,-7,-6|5|362|6|1|0
007921|structured_crt|HARD_A_pN_i2|1,2,7,9,11,12,13,14|9|13|14|14|23|16|16|-182|-6|-142|-24|82,110,66,44|-36|-6|88,110,42,4|-48|16|-4|-7,-4,-7,-7,-7,-7,-4,-7|5|502|5|0|0
007922|structured_crt|HARD_A_pN_i3|1,2,5,9,11,12,13,16|9|13|16|14|16|16|19|-182|-6|-212|-26|82,116,74,46|-56|-6|100,130,54,8|-72|16|-5|-5,-8,-11,-8,-8,-11,-8,-5|4|266|4|0|1
007923|structured_crt|HARD_A_pN_i4|1,2,5,7,11,12,13,18|9|13|18|10|14|14|19|-182|-10|-232|-28|80,108,64,46|-40|-10|112,148,64,16|-88|12|-5|-9,-6,-5,-12,-12,-5,-6,-9|6|530|6|0|1
007924|structured_crt|HARD_A_pN_i5|1,2,5,7,9,12,13,20|9|13|20|12|28|16|32|-182|-8|-244|-32|82,108,62,44|-32|-8|126,160,66,24|-72|8|-5|-5,-11,-8,-6,-6,-8,-11,-5|4|584|4|0|1
007925|structured_crt|HARD_B_pN_i0|5,7,8,9,10,11,13,15|9|13|15|18|3|24|3|-166|-2|-124|-16|80,102,60,40|-12|-2|94,106,36,0|0|24|-1|-7,-5,-1,-4,-4,-1,-5,-7|4|38|4|0|1
007926|structured_crt|HARD_B_pN_i1|1,7,8,9,11,13,14,15|9|14|15|12|21|16|22|-158|-8|-188|-24|88,114,58,40|-40|-8|94,112,36,2|-36|16|-4|-8,-4,-6,-4,-4,-6,-4,-8|4|142|5|1|1
007927|structured_crt|HARD_B_pN_i2|1,5,8,9,11,13,15,16|9|15|16|20|19|20|24|-166|0|-158|-20|94,116,66,44|0|0|98,114,40,4|-16|20|-2|-9,-6,-2,-2,-2,-2,-6,-9|5|898|6|1|1
007928|structured_crt|HARD_B_pN_i3|1,5,7,9,11,13,15,17|9|15|17|18|17|24|19|-178|-2|-216|-16|94,124,72,44|-36|-2|106,132,54,4|-48|24|-6|-6,-10,-6,-6,-6,-6,-10,-6|5|319|6|1|1
007929|structured_crt|HARD_B_pN_i4|1,5,7,8,11,13,15,18|9|15|18|12|43|10|52|-174|-10|-278|-32|96,126,66,44|-48|-8|114,148,52,10|-100|8|-6|-6,-10,-7,-9,-9,-7,-10,-6|0|33|3|3|1
007930|structured_crt|HARD_B_mN_i5|1,2,5,7,8,9,13,15|9|13|15|10|19|12|22|-198|-10|-170|-30|80,108,60,42|-48|-10|94,114,38,8|-44|10|-4|-4,-8,-5,-7,-7,-5,-8,-4|4|196|4|0|1
007931|structured_crt|HARD_B_pN_i5|1,5,7,8,9,13,15,20|9|15|20|14|22|16|30|-156|-6|-288|-32|100,126,64,44|-28|-6|120,152,62,22|-68|8|-2|-8,-13,-6,-2,-2,-6,-13,-8|4|12|15|11|1
007932|structured_crt|SMALL_pN_i0|2,3,5,6|5|5|6|4|3|6|3|4|4|14|6|12,10,2,0|8|4|12,6,0,0|12|6|3|1,3,3,1|3|26|3|0|0
007933|structured_crt|SMALL_pN_i1|1,3,5,7|5|5|7|4|6|6|9|4|4|12|6|12,10,2,0|8|4|16,12,2,0|12|6|2|2,1,1,2|2|11|2|0|0
007934|structured_crt|STRESS_C_pN_i0|15,18,35,40,48,56,68,75,78|10|75|78|94|5|96|6|-1754|12|-1824|-22|540,752,410,158|-664|40|552,752,378,100|-644|78|-28|-44,-42,-49,-57,-28,-57,-49,-42,-44|8|6500|12|4|1
007935|structured_crt|STRESS_C_mN_i1|5,8,35,40,48,56,68,75,78|10|75|78|70|24|68|25|-1810|-28|-1872|-76|540,758,418,204|-690|-4|552,760,376,138|-704|30|-36|-51,-44,-45,-55,-36,-55,-45,-44,-51|10|1402|18|8|1
007936|structured_crt|STRESS_C_pN_i1|8,25,35,40,48,56,68,75,78|10|75|78|80|24|82|25|-1610|-18|-1792|-70|540,734,410,212|-538|4|552,742,384,156|-562|38|-26|-57,-50,-31,-41,-26,-41,-31,-50,-57|10|1402|18|8|1
007937|structured_crt|STRESS_C_mN_i2|8,15,25,40,48,56,68,75,78|10|75|78|86|24|84|25|-1550|-12|-1824|-64|540,726,408,212|-486|10|552,734,386,168|-502|36|-18|-57,-48,-31,-39,-18,-39,-31,-48,-57|10|8877|12|2|1
007938|structured_crt|STRESS_C_pN_i2|8,15,40,45,48,56,68,75,78|10|75|78|82|24|80|25|-1630|-22|-1864|-96|540,742,436,236|-542|-2|552,752,394,166|-612|28|-20|-51,-42,-45,-53,-20,-53,-45,-42,-51|10|1287|24|14|1
007939|structured_crt|STRESS_C_mN_i3|8,15,30,35,48,56,68,75,78|10|75|78|104|18|102|18|-1610|-8|-1868|-34|540,750,444,188|-582|46|552,756,392,104|-644|84|-24|-47,-48,-41,-59,-24,-59,-41,-48,-47|15|168|18|3|1
007940|structured_crt|STRESS_C_pN_i3|8,15,35,48,50,56,68,75,78|10|75|78|104|18|106|18|-1650|24|-1928|-4|540,742,412,160|-590|50|552,752,390,100|-620|90|-30|-59,-30,-33,-61,-36,-61,-33,-30,-59|15|168|18|3|1
007941|structured_crt|STRESS_C_mN_i4|8,15,35,38,40,56,68,75,78|10|75|78|80|15|80|16|-1730|-2|-1896|-52|540,738,388,164|-610|26|552,762,386,114|-698|62|-28|-48,-48,-44,-50,-28,-50,-44,-48,-48|6|1301|12|6|1
007942|structured_crt|STRESS_C_pN_i4|8,15,35,40,56,58,68,75,78|10|75|78|102|15|96|16|-1714|22|-1904|-22|540,740,402,152|-596|50|552,762,388,98|-694|80|-32|-47,-48,-44,-50,-32,-50,-44,-48,-47|8|9291|24|16|1
007943|structured_crt|STRESS_C_mN_i5|8,15,35,40,46,48,68,75,78|10|75|78|86|13|90|13|-1750|4|-1860|-34|540,762,428,176|-698|30|552,758,392,114|-658|72|-32|-51,-45,-45,-57,-32,-57,-45,-45,-51|7|7827|12|5|1
007944|structured_crt|STRESS_C_pN_i5|8,15,35,40,48,66,68,75,78|10|75|78|86|13|96|13|-1746|12|-1804|-26|540,770,442,178|-726|34|552,750,390,112|-606|80|-30|-54,-47,-43,-55,-30,-55,-43,-47,-54|10|4168|18|8|1
007945|structured_crt|STRESS_C_mN_i6|8,15,35,40,48,56,58,75,78|10|75|78|88|11|84|12|-1710|-4|-1884|-42|540,744,410,180|-608|26|552,758,382,114|-678|62|-32|-49,-43,-43,-54,-32,-54,-43,-43,-49|6|4666|18|12|1
007946|structured_crt|STRESS_D_pN_i0|20,37,45,51,54,56,61,71,91|10|71|91|82|4|96|5|-1762|8|-2210|-36|513,747,433,175|-772|24|657,949,499,127|-1046|80|-34|-34,-58,-62,-76,-66,-76,-62,-58,-34|7|5580|7|0|1
007947|structured_crt|STRESS_D_mN_i1|10,27,45,51,54,56,61,71,91|10|71|91|88|9|102|11|-1694|8|-2058|-76|513,739,461,209|-660|26|657,937,535,185|-890|70|-40|-40,-47,-60,-75,-62,-75,-60,-47,-40|7|17550|7|0|1
007948|structured_crt|STRESS_D_pN_i1|10,45,47,51,54,56,61,71,91|10|71|91|84|9|100|11|-1750|24|-2166|-28|513,741,443,183|-710|32|657,937,509,147|-942|82|-40|-40,-46,-58,-78,-64,-78,-58,-46,-40|6|9386|6|0|1
007949|structured_crt|STRESS_D_mN_i2|10,35,37,51,54,56,61,71,91|10|71|91|76|9|94|11|-1766|4|-2170|-46|513,739,407,153|-768|28|657,929,451,95|-1002|84|-30|-30,-51,-60,-77,-62,-77,-60,-51,-30|6|476|6|0|1
007950|structured_crt|STRESS_D_pN_i2|10,37,51,54,55,56,61,71,91|10|71|91|76|9|90|11|-1742|-4|-2178|-62|513,739,429,183|-724|20|657,939,491,141|-992|68|-33|-33,-49,-62,-76,-68,-76,-62,-49,-33|5|2309|5|0|1
007951|structured_crt|STRESS_D_mN_i3|10,37,41,45,54,56,61,71,91|10|71|91|90|9|108|11|-1754|18|-2182|-22|513,735,417,151|-720|44|657,935,487,111|-972|98|-40|-40,-45,-59,-68,-76,-68,-59,-45,-40|6|1379|6|0|1
007952|structured_crt|STRESS_D_mN_i4|10,37,44,45,51,56,61,71,91|10|71|91|86|9|104|11|-1722|10|-2158|-46|513,731,435,193|-656|24|657,937,503,141|-954|82|-38|-38,-54,-59,-70,-56,-70,-59,-54,-38|5|560|5|0|1
007953|structured_crt|STRESS_D_pN_i4|10,37,45,51,56,61,64,71,91|10|71|91|90|9|110|11|-1718|14|-2150|-38|513,737,447,195|-674|28|657,927,487,129|-916|88|-37|-37,-54,-58,-69,-58,-69,-58,-54,-37|6|22504|6|0|1
007954|structured_crt|STRESS_D_mN_i5|10,37,45,46,51,54,61,71,91|10|71|91|68|9|94|11|-1754|-18|-2230|-36|513,741,401,151|-794|22|657,937,471,101|-1018|90|-30|-30,-52,-65,-75,-64,-75,-65,-52,-30|5|1122|5|0|1
007955|structured_crt|STRESS_D_pN_i5|10,37,45,51,54,61,66,71,91|10|71|91|74|9|92|11|-1794|-2|-2206|-60|513,751,425,167|-816|20|657,937,467,107|-1026|80|-33|-33,-51,-69,-72,-68,-72,-69,-51,-33|5|4486|5|0|1
007956|structured_crt|STRESS_E_pN_i0|15,28,35,40,68,88,108,148,165|10|148|165|154|11|156|13|-3492|-12|-3646|-212|1066,1468,800,364|-1214|34|1188,1648,836,290|-1548|86|-90|-99,-96,-90,-100,-92,-100,-90,-96,-99|8|1622|8|0|1
007957|structured_crt|STRESS_E_mN_i1|5,18,35,40,68,88,108,148,165|10|148|165|168|31|184|35|-3524|32|-3790|-96|1066,1504,852,350|-1362|64|1188,1666,890,282|-1566|130|-95|-109,-102,-95,-104,-96,-104,-95,-102,-109|8|3097|8|0|1
007958|structured_crt|STRESS_E_pN_i1|5,35,38,40,68,88,108,148,165|10|148|165|178|31|196|35|-3492|20|-3806|-84|1066,1506,854,350|-1372|64|1188,1666,880,256|-1586|146|-94|-109,-106,-94,-102,-96,-102,-94,-106,-109|8|423|8|0|1
007959|structured_crt|STRESS_E_mN_i2|5,25,28,40,68,88,108,148,165|10|148|165|156|31|162|35|-3568|-6|-3746|-202|1066,1506,840,366|-1400|34|1188,1664,860,298|-1612|86|-92|-109,-106,-92,-102,-98,-102,-92,-106,-109|8|1622|8|0|1
007960|structured_crt|STRESS_E_pN_i2|5,28,40,45,68,88,108,148,165|10|148|165|146|46|150|51|-3572|-14|-3706|-192|1066,1496,808,340|-1394|38|1188,1648,814,262|-1592|92|-90|-107,-102,-90,-98,-96,-98,-90,-102,-107|8|6169|8|0|1
007961|structured_crt|STRESS_E_mN_i3|5,28,30,35,68,88,108,148,165|10|148|165|194|31|204|35|-3488|44|-3726|-70|1066,1502,872,352|-1308|84|1188,1656,866,238|-1544|160|-92|-101,-106,-92,-102,-102,-102,-92,-106,-101|8|74|8|0|1
007962|structured_crt|STRESS_E_pN_i3|5,28,35,50,68,88,108,148,165|10|148|165|222|37|230|41|-3464|104|-3886|-20|1066,1502,880,304|-1292|140|1188,1680,912,218|-1620|202|-94|-105,-110,-96,-106,-94,-106,-96,-110,-105|8|74|8|0|1
007963|structured_crt|STRESS_E_mN_i4|5,28,35,40,58,88,108,148,165|10|148|165|184|31|208|35|-3540|60|-3754|-68|1066,1504,848,322|-1370|88|1188,1654,866,234|-1530|166|-96|-104,-105,-97,-98,-96,-98,-97,-105,-104|8|76|8|0|1
007964|structured_crt|STRESS_E_pN_i4|5,28,35,40,78,88,108,148,165|10|148|165|178|31|194|35|-3556|62|-3798|-80|1066,1504,844,322|-1378|84|1188,1664,868,244|-1596|148|-98|-104,-107,-99,-98,-98,-98,-99,-107,-104|8|237|8|0|1
007965|structured_crt|STRESS_E_mN_i5|5,28,35,40,68,78,108,148,165|10|148|165|160|31|170|35|-3556|30|-3770|-162|1066,1502,832,342|-1388|54|1188,1666,862,284|-1622|100|-92|-109,-104,-92,-103,-98,-103,-92,-104,-109|8|1421|8|0|1
007966|structured_crt|STRESS_E_pN_i5|5,28,35,40,68,98,108,148,165|10|148|165|150|32|170|36|-3552|4|-3802|-152|1066,1502,828,354|-1396|38|1188,1662,860,276|-1598|110|-90|-109,-103,-90,-103,-100,-103,-90,-103,-109|8|693|8|0|1
007967|structured_crt|STRESS_E_mN_i6|5,28,35,40,68,88,98,148,165|10|148|165|174|47|188|53|-3524|36|-3806|-82|1066,1504,850,340|-1366|72|1188,1654,868,264|-1526|138|-97|-104,-102,-97,-100,-98,-100,-97,-102,-104|8|533|8|0|1
007968|structured_crt|STRESS_E_pN_i6|5,28,35,40,68,88,118,148,165|10|148|165|194|31|208|35|-3500|74|-3766|-62|1066,1504,862,320|-1342|104|1188,1652,866,236|-1516|166|-94|-103,-101,-99,-101,-94,-101,-99,-101,-103|8|533|8|0|1
007969|structured_crt|CHAIN3_pN_i0|15,18,35,40,48,56,75,132,147|10|132|147|146|11|156|13|-3028|-16|-3464|-84|954,1334,744,308|-1172|56|1056,1466,764,254|-1342|100|-63|-63,-93,-94,-92,-106,-92,-94,-93,-63|14|6499|18|4|1
007970|structured_crt|CHAIN3_mN_i1|5,8,35,40,48,56,75,132,147|10|132|147|140|42|154|47|-3076|-78|-3524|-66|954,1330,756,344|-1120|36|1056,1470,816,338|-1266|64|-75|-75,-80,-84,-100,-112,-100,-84,-80,-75|13|29467|18|5|1
007971|structured_crt|CHAIN3_pN_i1|8,25,35,40,48,56,75,132,147|10|132|147|154|21|174|47|-2972|-80|-3376|-60|954,1326,784,370|-1036|42|1056,1466,866,382|-1138|74|-82|-82,-88,-82,-88,-102,-88,-82,-88,-82|13|13653|18|5|1
007972|structured_crt|CHAIN3_mN_i2|8,15,25,40,48,56,75,132,147|10|132|147|160|21|170|42|-2984|-22|-3348|-40|954,1342,808,368|-1100|52|1056,1472,844,342|-1224|86|-67|-67,-95,-91,-92,-114,-92,-91,-95,-67|14|13653|18|4|1
007973|structured_crt|CHAIN3_pN_i2|8,15,40,45,48,56,75,132,147|10|132|147|148|21|162|42|-2960|-42|-3308|-62|954,1338,798,390|-1092|24|1056,1470,848,366|-1202|68|-68|-68,-104,-82,-84,-122,-84,-82,-104,-68|12|2673|18|6|1
007974|structured_crt|CHAIN3_mN_i3|8,15,30,35,48,56,75,132,147|10|132|147|184|21|206|35|-2860|14|-3288|18|954,1342,820,344|-1076|88|1056,1480,882,324|-1204|134|-58|-58,-110,-99,-97,-84,-97,-99,-110,-58|16|18887|18|2|1
007975|structured_crt|CHAIN3_pN_i3|8,15,35,48,50,56,75,132,147|10|132|147|184|21|206|35|-2960|38|-3464|46|954,1334,766,278|-1128|108|1056,1484,842,254|-1312|160|-64|-64,-96,-93,-97,-108,-97,-93,-96,-64|16|18887|18|2|1
007976|structured_crt|CHAIN3_mN_i4|8,15,35,38,40,56,75,132,147|10|132|147|150|21|160|29|-3056|-30|-3492|-28|954,1342,784,344|-1148|52|1056,1478,820,304|-1314|94|-64|-64,-96,-93,-98,-108,-98,-93,-96,-64|13|673|15|2|1
007977|structured_crt|CHAIN3_pN_i4|8,15,35,40,56,58,75,132,147|10|132|147|160|26|176|29|-3032|-6|-3492|2|954,1336,782,332|-1110|68|1056,1486,840,294|-1330|116|-64|-64,-96,-93,-97,-112,-97,-93,-96,-64|13|25155|18|5|1
007978|structured_crt|CHAIN3_mN_i5|8,15,35,40,46,48,75,132,147|10|132|147|152|21|168|24|-3044|0|-3488|-24|954,1342,782,328|-1152|66|1056,1486,852,324|-1306|98|-69|-69,-96,-89,-102,-106,-102,-89,-96,-69|14|6633|18|4|1
007979|structured_crt|CHAIN3_pN_i5|8,15,35,40,48,66,75,132,147|10|132|147|176|22|198|25|-2496|32|-3356|-30|954,1260,670,260|-802|104|1056,1410,754,258|-970|142|-61|-93,-68,-61,-72,-72,-72,-61,-68,-93|15|4985|18|3|1
007980|structured_crt|CHAIN3_mN_i6|8,15,35,40,48,56,65,132,147|10|132|147|134|17|154|19|-3072|-82|-3532|-76|954,1352,790,396|-1206|-4|1056,1492,862,388|-1328|38|-68|-68,-101,-93,-101,-108,-101,-93,-101,-68|12|21431|18|6|1
007981|structured_crt|CHAIN3_pN_i6|8,15,35,40,48,56,85,132,147|10|132|147|138|19|156|21|-3112|-52|-3568|-54|954,1350,770,348|-1232|26|1056,1488,830,330|-1364|68|-66|-66,-98,-95,-101,-108,-101,-95,-98,-66|12|29467|18|6|1
007982|affine_fiber|c0_p1N|14,63,70,77,98,187|7|98|187|80|13|144|24|-316|42|-576|60|420,480,200,70|160|70|804,924,372,120|264|132|-30|-30,-30,-30,-30,-30,-30|5|15|5|0|1
007983|affine_fiber|c0_p2N|21,63,70,77,98,187|7|98|187|100|5|192|9|-316|70|-528|108|420,480,200,50|160|90|804,924,372,72|264|180|-30|-30,-30,-30,-30,-30,-30|5|20|5|0|1
007984|affine_fiber|c1_m2N|7,49,70,77,98,187|7|98|187|120|16|228|31|-62|86|-456|144|420,430,180,60|320|110|804,852,348,84|504|216|2|-33,2,2,2,2,-33|5|2|5|0|1
007985|affine_fiber|c1_m1N|7,56,70,77,98,187|7|98|187|110|16|180|29|-232|72|-528|96|420,480,230,70|220|100|804,924,384,96|288|168|-30|-30,-30,-30,-30,-30,-30|5|2|5|0|1
007986|affine_fiber|c2_m2N|7,56,63,77,98,187|7|98|187|110|16|204|29|-232|72|-504|120|420,480,230,70|220|100|804,924,420,108|360|192|-30|-30,-30,-30,-30,-30,-30|5|15|5|0|1
007987|affine_fiber|c2_p2N|7,63,77,84,98,187|7|98|187|100|20|180|37|-260|62|-600|84|420,480,220,70|200|90|804,924,384,96|288|168|-30|-30,-30,-30,-30,-30,-30|5|15|5|0|1
007988|affine_fiber|c3_p1N|7,63,70,84,98,187|7|98|187|90|27|156|34|-288|52|-540|72|420,480,210,70|180|80|804,912,360,108|288|144|-28|-28,-28,-28,-28,-28,-28|5|15|5|0|1
007989|affine_fiber|c3_p2N|7,63,70,91,98,187|7|98|187|90|17|168|31|-316|56|-564|84|420,480,200,60|160|80|804,924,372,96|264|156|-30|-30,-30,-30,-30,-30,-30|5|20|5|0|1
007990|large_gap|N5_k0|1,2,7,16|5|7|16|8|7|20|16|18|8|40|20|18,14,4,0|16|8|40,28,8,0|40|20|5|3,5,5,3|4|0|4|0|1
007991|large_gap|N5_k1|1,2,7,17|5|7|17|10|7|22|17|22|10|42|22|18,12,4,0|20|10|42,30,10,0|44|22|5|5,4,4,5|4|0|4|0|1
007992|large_gap|N5_k2|1,2,7,18|5|7|18|10|7|22|18|22|10|40|22|18,12,4,0|20|10|44,32,10,0|44|22|6|6,3,3,6|4|0|4|0|0
007993|large_gap|N5_k3|1,2,7,27|5|7|27|8|7|34|27|14|8|62|34|18,16,6,0|16|8|66,48,16,0|68|34|5|5,5,5,5|4|0|4|0|0
007994|large_gap|N5_k4|1,2,7,28|5|7|28|14|7|34|28|36|14|62|34|28,20,6,0|28|14|70,52,16,0|68|34|8|8,5,5,8|24|40|28|4|0
007995|large_gap|N5_k5|1,2,7,29|5|7|29|10|7|36|29|22|10|66|36|18,12,4,0|20|10|70,50,16,0|72|36|7|7,6,6,7|4|0|4|0|0
007996|large_gap|N6_k0|1,2,3,8,23|6|8|23|12|8|22|23|24|10|6|18|28,22,8,2|34|12|76,78,32,8|58|22|3|0,3,-2,3,0|4|552|4|0|1
007997|large_gap|N6_k1|1,2,3,8,24|6|8|24|8|9|26|25|8|6|36|22|24,22,8,2|22|8|88,86,32,8|70|26|2|0,1,2,1,0|14|36|24|10|1
007998|large_gap|N6_k2|1,2,3,8,25|6|8|25|12|8|24|25|24|10|22|18|28,22,8,2|34|12|84,82,30,8|66|24|3|0,3,2,3,0|4|600|4|0|0
007999|large_gap|N6_k3|1,2,3,8,39|6|8|39|10|8|38|39|12|10|30|30|28,28,14,4|28|10|130,128,48,12|102|38|2|-1,1,2,1,-1|3|239|4|1|0
008000|large_gap|N6_k4|1,2,3,8,40|6|8|40|14|8|38|40|44|14|28|30|40,36,14,4|40|14|136,136,52,14|104|38|2|0,2,0,2,0|20|60|40|20|0
008001|large_gap|N6_k5|1,2,3,8,41|6|8|41|10|8|38|41|20|8|22|28|28,24,8,2|28|10|136,134,48,12|102|38|2|2,1,0,1,2|4|984|4|0|0
008002|large_gap|N7_k0|1,2,3,4,9,30|7|9|30|18|9|46|30|40|8|22|16|42,36,18,8|60|16|132,132,68,28|136|40|4|-2,1,4,4,1,-2|16|210|18|2|1
008003|large_gap|N7_k1|1,2,3,4,9,31|7|9|31|16|9|44|31|30|6|-14|14|40,36,18,8|52|14|134,142,76,30|120|38|0|-1,0,-1,-1,0,-1|6|0|6|0|1
008004|large_gap|N7_k2|1,2,3,4,9,32|7|9|32|16|9|48|32|30|6|6|18|40,36,18,8|52|14|138,140,74,30|140|42|3|-3,1,3,3,1,-3|6|0|6|0|0
008005|large_gap|N7_k3|1,2,3,4,9,53|7|9|53|12|9|76|53|10|8|-28|22|40,46,30,16|36|8|228,244,140,62|216|62|1|-7,-5,1,1,-5,-7|6|0|6|0|0
008006|large_gap|N7_k4|1,2,3,4,9,54|7|9|54|20|9|76|54|64|16|-28|22|54,54,32,16|64|16|234,252,142,62|212|62|-1|-4,-4,-1,-1,-4,-4|17|48|45|28|0
008007|large_gap|N7_k5|1,2,3,4,9,55|7|9|55|18|9|76|55|34|8|-36|16|40,34,18,8|60|16|236,252,136,56|208|64|0|0,-3,-2,-2,-3,0|6|0|6|0|0
008008|large_gap|N8_k0|1,2,3,4,5,10,39|8|10|39|16|10|38|39|4|0|-206|-56|54,52,28,22|66|8|204,242,136,94|82|4|-2|-7,-2,-5,-8,-5,-2,-7|5|280|6|1|1
008009|large_gap|N8_k1|1,2,3,4,5,10,40|8|10|40|8|11|42|41|-68|-8|-148|-52|40,46,28,22|26|0|220,254,138,96|106|8|-3|-11,-3,-3,-6,-3,-3,-11|6|57|30|24|1
008010|large_gap|N8_k2|1,2,3,4,5,10,41|8|10|41|16|10|44|41|4|0|-182|-64|54,52,28,22|66|8|216,246,128,82|106|16|0|-8,-2,-4,0,-4,-2,-8|5|300|5|0|0
008011|large_gap|N8_k3|1,2,3,4,5,10,69|8|10|69|16|10|68|69|-16|6|-370|-106|54,62,44,30|48|6|362,428,234,154|138|14|-8|-15,-9,-8,-10,-8,-9,-15|5|520|6|1|0
008012|large_gap|N8_k4|1,2,3,4,5,10,70|8|10|70|18|10|72|70|52|8|-332|-102|70,76,44,30|58|8|370,430,234,156|168|18|-4|-15,-4,-9,-10,-9,-4,-15|16|63|60|44|0
008013|large_gap|N8_k5|1,2,3,4,5,10,71|8|10|71|16|10|70|71|0|-6|-354|-122|54,54,24,10|48|14|372,430,224,148|158|18|-8|-8,-8,-8,-10,-8,-8,-8|5|500|5|0|0
008014|large_gap|N9_k0|1,2,3,4,5,6,11,48|9|11|48|18|11|62|48|-54|-22|-412|-170|70,82,56,46|40|-2|300,380,248,178|16|-10|-9|-9,-12,-11,-14,-14,-11,-12,-9|6|0|6|0|1
008015|large_gap|N9_k1|1,2,3,4,5,6,11,49|9|11|49|18|11|64|49|-58|-22|-454|-182|70,84,58,46|32|-2|306,396,274,206|8|-22|-11|-11,-11,-17,-13,-13,-17,-11,-11|7|196|7|0|1
008016|large_gap|N9_k2|1,2,3,4,5,6,11,50|9|11|50|18|11|68|50|-58|-22|-432|-178|70,84,58,46|32|-2|312,400,278,208|28|-18|-9|-12,-9,-16,-14,-14,-16,-9,-12|7|200|7|0|0
008017|large_gap|N9_k3|1,2,3,4,5,6,11,87|9|11|87|20|11|114|87|-62|-10|-786|-316|70,86,72,64|48|-8|542,698,480,360|24|-36|-19|-26,-20,-19,-21,-21,-19,-20,-26|6|0|6|0|0
008018|large_gap|N9_k4|1,2,3,4,5,6,11,88|9|11|88|22|11|110|88|20|-6|-832|-320|88,108,80,66|40|-6|550,712,486,364|0|-40|-21|-24,-23,-23,-21,-21,-23,-23,-24|0|96|77|77|0
008019|large_gap|N9_k5|1,2,3,4,5,6,11,89|9|11|89|20|11|112|89|-46|-30|-850|-340|70,78,44,24|40|12|554,710,466,330|-4|-20|-18|-18,-24,-21,-19,-19,-21,-24,-18|7|979|7|0|0
008020|large_gap|N10_k0|1,2,3,4,5,6,7,12,59|10|12|59|18|12|58|59|-84|-44|-984|-425|88,94,56,72|70|-22|424,546,368,382|-118|-136|-9|-22,-14,-12,-9,-14,-9,-12,-14,-22|8|3540|8|0|1
008021|large_gap|N10_k1|1,2,3,4,5,6,7,12,60|10|12|60|8|13|64|61|-276|-52|-868|-418|60,78,60,74|-6|-32|444,564,374,384|-92|-130|-12|-25,-12,-12,-12,-16,-12,-12,-12,-25|-4|57|48|52|1
008022|large_gap|N10_k2|1,2,3,4,5,6,7,12,61|10|12|61|18|12|64|61|-84|-44|-944|-457|88,94,56,72|70|-22|440,550,344,332|-82|-98|-6|-21,-14,-12,-8,-6,-8,-12,-14,-21|8|3660|8|0|0
008023|large_gap|N10_k3|1,2,3,4,5,6,7,12,107|10|12|107|16|12|106|107|-116|-32|-1776|-783|88,110,84,94|14|-32|770,986,640,632|-232|-208|-21|-38,-26,-23,-21,-22,-21,-23,-26,-38|8|6420|8|0|0
008024|large_gap|N10_k4|1,2,3,4,5,6,7,12,108|10|12|108|18|12|108|108|8|-30|-1716|-782|108,128,84,94|28|-30|780,988,634,632|-188|-206|-19|-36,-19,-23,-22,-28,-22,-23,-19,-36|11|101|72|61|0
008025|large_gap|N10_k5|1,2,3,4,5,6,7,12,109|10|12|109|14|12|108|109|-96|-64|-1768|-827|88,100,42,24|0|6|784,990,616,590|-210|-180|-20|-28,-27,-22,-22,-20,-22,-22,-27,-28|8|6540|8|0|0
008026|large_gap|N11_k0|1,2,3,4,5,6,7,8,13,70|11|13|70|20|13|72|70|-232|-98|-1644|-798|108,136,108,136|-8|-56|574,798,582,596|-628|-238|-23|-27,-25,-27,-24,-23,-23,-24,-27,-25,-27|10|0|10|0|1
008027|large_gap|N11_k1|1,2,3,4,5,6,7,8,13,71|11|13|71|18|13|68|71|-244|-100|-1770|-828|108,142,112,136|-48|-58|582,824,614,640|-708|-268|-22|-29,-22,-30,-27,-30,-30,-27,-30,-22,-29|10|0|10|0|1
008028|large_gap|N11_k2|1,2,3,4,5,6,7,8,13,72|11|13|72|18|13|72|72|-244|-100|-1682|-824|108,142,112,136|-48|-58|590,820,604,638|-632|-264|-19|-24,-19,-31,-27,-31,-31,-27,-31,-19,-24|10|0|10|0|0
008029|large_gap|N11_k3|1,2,3,4,5,6,7,8,13,129|11|13|129|22|13|122|129|-256|-80|-3280|-1514|108,148,138,170|-44|-72|1056,1502,1134,1194|-1300|-506|-41|-56,-50,-48,-48,-41,-41,-48,-48,-50,-56|10|0|10|0|0
008030|large_gap|N11_k4|1,2,3,4,5,6,7,8,13,130|11|13|130|22|13|120|130|-114|-74|-3284|-1516|130,176,150,178|-68|-74|1066,1518,1142,1198|-1332|-508|-47|-53,-51,-50,-48,-47,-47,-48,-50,-51,-53|-42|145|91|133|0
008031|large_gap|N11_k5|1,2,3,4,5,6,7,8,13,131|11|13|131|22|13|120|131|-212|-122|-3352|-1564|108,126,74,58|4|-2|1072,1520,1102,1098|-1380|-444|-40|-40,-47,-47,-50,-49,-49,-50,-47,-47,-40|10|0|10|0|0
008032|large_gap|N12_k0|1,2,3,4,5,6,7,8,9,14,83|12|14|83|18|14|72|83|-360|-146|-2920|-1430|130,164,122,184|-62|-96|760,1094,858,1070|-1290|-546|-29|-38,-29,-32,-31,-34,-40,-34,-31,-32,-29,-38|8|3486|8|0|1
008033|large_gap|N12_k1|1,2,3,4,5,6,7,8,9,14,84|12|14|84|10|15|76|85|-728|-152|-2784|-1424|84,118,116,188|-74|-106|784,1120,870,1078|-1284|-544|-27|-41,-27,-35,-33,-32,-34,-32,-33,-35,-27,-41|-37|299|70|107|1
008034|large_gap|N12_k2|1,2,3,4,5,6,7,8,9,14,85|12|14|85|18|14|78|85|-360|-146|-2956|-1494|130,164,122,184|-62|-96|780,1112,822,932|-1344|-442|-26|-38,-31,-36,-35,-30,-26,-30,-35,-36,-31,-38|8|3570|8|0|0
008035|large_gap|N12_k3|1,2,3,4,5,6,7,8,9,14,153|12|14|153|20|14|134|153|-396|-118|-5384|-2602|130,182,168,232|-132|-116|1402,2012,1514,1750|-2462|-846|-54|-76,-59,-55,-58,-54,-58,-54,-58,-55,-59,-76|6|4284|6|0|0
008036|large_gap|N12_k4|1,2,3,4,5,6,7,8,9,14,154|12|14|154|20|14|130|154|-212|-116|-5468|-2652|154,210,174,234|-156|-116|1414,2034,1538,1810|-2504|-892|-52|-71,-52,-62,-62,-60,-62,-60,-62,-62,-52,-71|-56|143|140|196|0
008037|large_gap|N12_k5|1,2,3,4,5,6,7,8,9,14,155|12|14|155|16|14|136|155|-380|-176|-5416|-2724|130,174,102,66|-192|-8|1420,2018,1472,1666|-2438|-792|-56|-57,-59,-59,-56,-58,-64,-58,-56,-59,-59,-57|8|6510|8|0|0
008038|saturated|N4_k0|1,2,3|4|2|3|2|2|2|3|4|2|4|2|4,2,0,0|2|2|4,2,0,0|2|2|2|1,2,1|2|0|2|0|0
008039|saturated|N4_k1|1,2,4|4|2|4|2|3|4|5|4|2|8|4|4,2,0,0|2|2|8,4,0,0|4|4|2|2,2,2|4|8|4|0|0
008040|saturated|N4_k2|1,2,7|4|2|7|4|2|6|7|8|4|12|6|4,0,0,0|4|4|10,4,0,0|6|6|4|3,4,3|2|0|2|0|0
008041|saturated|N4_k3|1,2,8|4|2|8|0|-1|6|9|0|0|12|6|0,0,0,0|0|0|12,6,0,0|6|6|2|2,2,2|-1|-1|0|0|0
008042|saturated|N4_k5|1,2,16|4|2|16|0|-1|12|17|0|0|24|12|0,0,0,0|0|0|24,12,0,0|12|12|4|4,4,4|-1|-1|0|0|0
008043|saturated|N5_k0|1,2,3,4|5|3|4|4|3|4|4|8|4|12|4|8,6,2,0|8|4|10,6,0,0|8|4|2|1,2,2,1|4|0|4|0|0
008044|saturated|N5_k1|1,2,3,5|5|3|5|2|4|2|6|4|2|4|2|8,8,2,0|4|2|12,12,2,0|4|2|1|1,-1,-1,1|2|8|2|0|0
008045|saturated|N5_k2|1,2,3,9|5|3|9|6|3|8|9|16|6|20|8|12,8,2,0|12|6|24,20,4,0|16|8|2|2,2,2,2|10|15|12|2|0
008046|saturated|N5_k3|1,2,3,10|5|3|10|2|4|6|11|4|2|16|6|8,8,2,0|4|2|24,20,2,0|12|6|2|0,2,2,0|2|13|2|0|0
008047|saturated|N5_k4|1,2,3,15|5|3|15|0|-1|8|16|-4|0|20|8|0,0,0,0|0|0|36,32,4,0|16|8|1|1,1,1,1|-1|-1|0|0|0
008048|saturated|N5_k5|1,2,3,30|5|3|30|0|-1|16|31|-4|0|40|16|0,0,0,0|0|0|72,64,8,0|32|16|2|2,2,2,2|-1|-1|0|0|0
008049|saturated|N6_k0|1,2,3,4,5|6|4|5|2|4|2|5|0|2|-2|0|14,16,6,2|6|2|16,16,2,0|4|2|0|-1,0,0,0,-1|4|60|4|0|0
008050|saturated|N6_k1|1,2,3,4,6|6|4|6|4|5|6|7|8|4|16|4|16,16,6,2|12|4|20,16,2,0|16|6|2|0,1,2,1,0|4|36|4|0|0
008051|saturated|N6_k2|1,2,3,4,11|6|4|11|6|4|8|11|8|6|6|4|14,12,6,2|18|6|36,36,10,2|20|8|2|0,2,-2,2,0|4|132|4|0|0
008052|saturated|N6_k3|1,2,3,4,12|6|4|12|2|5|10|13|-4|2|20|6|12,14,6,2|6|2|44,42,10,2|26|10|1|0,1,-2,1,0|2|10|8|6|1
008053|saturated|N6_k4|1,2,3,4,24|6|4|24|0|-1|18|25|-24|-2|28|8|0,0,0,0|0|0|80,74,14,2|46|18|2|0,2,2,2,0|-1|-1|0|0|0
008054|saturated|N6_k5|1,2,3,4,48|6|4|48|0|-1|34|49|-24|-2|44|14|0,0,0,0|0|0|160,152,32,6|88|34|2|2,2,0,2,2|-1|-1|0|0|0
008055|saturated|N7_k0|1,2,3,4,5,6|7|5|6|6|5|6|6|-2|4|18|-2|22,24,14,8|20|4|26,24,4,0|16|6|2|-2,0,2,2,0,-2|6|0|6|0|0
008056|saturated|N7_k1|1,2,3,4,5,7|7|5|7|2|6|2|8|-8|0|-22|-6|24,32,16,8|0|0|30,38,12,2|-8|2|-1|-1,-4,-3,-3,-4,-1|2|12|4|2|0
008057|saturated|N7_k2|1,2,3,4,5,13|7|5|13|8|5|8|13|-2|6|-16|-10|22,24,16,8|24|6|56,68,28,10|8|6|-1|-1,-1,-5,-5,-1,-1|6|0|6|0|0
008058|saturated|N7_k3|1,2,3,4,5,14|7|5|14|2|6|4|15|-8|0|-36|-14|24,32,16,8|0|0|60,76,28,10|-8|2|-2|-3,-2,-7,-7,-2,-3|2|19|4|2|1
008059|saturated|N7_k4|1,2,3,4,5,35|7|5|35|0|-1|12|36|-64|-8|-78|-38|0,0,0,0|0|0|150,182,56,14|-16|10|-5|-5,-5,-6,-6,-5,-5|-1|-1|0|0|0
008060|saturated|N7_k5|1,2,3,4,5,70|7|5|70|0|-1|24|71|-64|-8|-148|-78|0,0,0,0|0|0|300,364,116,34|-24|18|-10|-11,-11,-10,-10,-11,-11|-1|-1|0|0|0
008061|saturated|N8_k0|1,2,3,4,5,6,7|8|6|7|4|6|4|7|-16|-4|-38|-16|32,40,24,20|8|-4|36,38,8,2|6|4|0|-4,-1,0,0,0,-1,-4|4|0|6|2|0
008062|saturated|N8_k1|1,2,3,4,5,6,8|8|6|8|6|7|6|9|4|-2|-12|-14|36,42,24,20|18|-2|44,44,8,2|16|6|2|-3,-1,0,2,0,-1,-3|4|48|8|4|0
008063|saturated|N8_k2|1,2,3,4,5,6,15|8|6|15|10|6|14|15|12|2|-42|-28|36,38,24,20|38|2|78,82,26,10|32|12|2|-4,2,0,-2,0,2,-4|10|80|18|8|0
008064|saturated|N8_k3|1,2,3,4,5,6,16|8|6|16|4|7|10|17|-32|-4|-68|-38|28,36,24,20|8|-4|84,96,38,24|16|2|0|-3,0,-6,-2,-6,0,-3|2|124|12|10|1
008065|saturated|N8_k4|1,2,3,4,5,6,48|8|6|48|0|-1|30|49|-128|-20|-224|-122|0,0,0,0|0|0|252,282,92,44|34|18|0|-5,-5,-5,0,-5,-5,-5|-1|-1|0|0|0
008066|saturated|N8_k5|1,2,3,4,5,6,96|8|6|96|0|-1|58|97|-128|-20|-464|-254|0,0,0,0|0|0|504,572,200,106|60|26|-9|-9,-10,-10,-10,-10,-10,-9|-1|-1|0|0|0
008067|saturated|N9_k0|1,2,3,4,5,6,7,8|9|7|8|6|7|6|8|-92|-16|-60|-34|44,62,46,42|-16|-14|50,62,22,4|-28|6|-1|-5,-4,-5,-1,-1,-5,-4,-5|7|56|7|0|0
008068|saturated|N9_k1|1,2,3,4,5,6,7,9|9|7|9|2|8|4|10|-84|-18|-76|-38|48,72,50,44|-44|-18|56,72,28,10|-40|2|-3|-5,-6,-3,-6,-6,-3,-6,-5|0|34|6|6|0
008069|saturated|N9_k2|1,2,3,4,5,6,7,17|9|7|17|8|7|10|17|-88|-12|-178|-80|44,60,48,44|0|-12|106,146,76,36|-88|0|-5|-5,-5,-9,-9,-9,-9,-5,-5|7|119|7|0|0
008070|saturated|N9_k3|1,2,3,4,5,6,7,18|9|7|18|2|8|8|19|-84|-18|-166|-82|48,72,50,44|-44|-18|112,150,70,34|-88|-2|-7|-8,-7,-7,-9,-9,-7,-7,-8|0|61|6|6|1
008071|saturated|N9_k4|1,2,3,4,5,6,7,63|9|7|63|0|-1|26|64|-276|-44|-652|-336|0,0,0,0|0|0|392,536,258,130|-348|-16|-16|-21,-18,-16,-17,-17,-16,-18,-21|-1|-1|0|0|0
008072|saturated|N9_k5|1,2,3,4,5,6,7,126|9|7|126|0|-1|48|127|-276|-44|-1326|-682|0,0,0,0|0|0|784,1078,526,274|-712|-42|-34|-38,-39,-34,-36,-36,-34,-39,-38|-1|-1|0|0|0
008073|saturated|N10_k0|1,2,3,4,5,6,7,8,9|10|8|9|4|8|4|9|-96|-36|-136|-71|58,76,56,74|-14|-36|64,78,24,8|-50|2|0|-9,-4,-2,-1,0,-1,-2,-4,-9|8|360|8|0|0
008074|saturated|N10_k1|1,2,3,4,5,6,7,8,10|10|8|10|6|9|6|11|-64|-34|-128|-68|64,84,60,74|-20|-34|72,86,28,10|-42|4|2|-6,-5,-5,-2,2,-2,-5,-5,-6|4|160|6|2|0
008075|saturated|N10_k2|1,2,3,4,5,6,7,8,19|10|8|19|10|8|10|19|-92|-30|-336|-157|58,74,60,74|8|-30|136,180,86,54|-136|-12|-4|-10,-4,-8,-6,-4,-6,-8,-4,-10|8|760|8|0|0
008076|saturated|N10_k3|1,2,3,4,5,6,7,8,20|10|8|20|4|9|10|21|-116|-36|-312|-156|56,78,60,74|-34|-36|144,186,84,54|-126|-12|-2|-8,-2,-12,-8,-4,-8,-12,-2,-8|0|188|12|12|1
008077|saturated|N10_k4|1,2,3,4,5,6,7,8,80|10|8|80|0|-1|36|81|-408|-74|-1360|-716|0,0,0,0|0|0|576,758,354,240|-566|-68|-19|-20,-20,-19,-20,-24,-20,-19,-20,-20|-1|-1|0|0|0
008078|saturated|N10_k5|1,2,3,4,5,6,7,8,160|10|8|160|0|-1|72|161|-408|-74|-2720|-1432|0,0,0,0|0|0|1152,1518,710,480|-1142|-136|-39|-44,-40,-40,-39,-40,-39,-40,-40,-44|-1|-1|0|0|0
008079|saturated|N11_k0|1,2,3,4,5,6,7,8,9,10|11|9|10|10|9|10|10|-182|-70|-154|-106|74,102,86,120|-52|-62|82,100,42,18|-60|6|-1|-10,-7,-2,-1,-3,-3,-1,-2,-7,-10|10|0|10|0|0
008080|saturated|N11_k1|1,2,3,4,5,6,7,8,9,11|11|9|11|4|10|2|12|-164|-70|-322|-120|80,120,98,128|-124|-70|90,128,62,32|-180|-8|-5|-7,-11,-5,-6,-10,-10,-6,-5,-11,-7|2|20|8|6|0
008081|saturated|N11_k2|1,2,3,4,5,6,7,8,9,21|11|9|21|14|9|16|21|-154|-60|-424|-244|78,106,96,128|-32|-60|174,234,134,94|-212|-20|-7|-9,-7,-10,-8,-10,-10,-8,-10,-7,-9|18|231|30|12|0
008082|saturated|N11_k3|1,2,3,4,5,6,7,8,9,22|11|9|22|4|10|6|23|-164|-70|-592|-272|80,120,98,128|-124|-70|180,258,150,120|-324|-48|-9|-13,-9,-12,-12,-13,-13,-12,-12,-9,-13|2|31|8|6|1
008083|saturated|N11_k4|1,2,3,4,5,6,7,8,9,99|11|9|99|0|-1|28|100|-644|-128|-2570|-1336|0,0,0,0|0|0|810,1148,658,536|-1388|-216|-32|-35,-35,-34,-33,-32,-32,-33,-34,-35,-35|-1|-1|0|0|0
008084|saturated|N11_k5|1,2,3,4,5,6,7,8,9,198|11|9|198|0|-1|58|199|-644|-128|-5128|-2672|0,0,0,0|0|0|1620,2298,1324,1078|-2776|-432|-67|-67,-67,-68,-68,-69,-69,-68,-68,-67,-67|-1|-1|0|0|0
008085|saturated|N12_k0|1,2,3,4,5,6,7,8,9,10,11|12|10|11|4|10|4|11|-368|-112|-380|-184|92,146,134,192|-218|-112|100,134,58,28|-190|-4|-2|-10,-9,-9,-9,-6,-2,-6,-9,-9,-9,-10|8|330|8|0|0
008086|saturated|N12_k1|1,2,3,4,5,6,7,8,9,10,12|12|10|12|6|11|10|13|-288|-112|-288|-174|100,146,126,190|-162|-110|112,140,56,26|-140|2|2|-15,-8,-6,-2,-7,2,-7,-2,-6,-8,-15|4|120|12|8|0
008087|saturated|N12_k2|1,2,3,4,5,6,7,8,9,10,23|12|10|23|10|10|14|23|-348|-106|-808|-392|92,136,130,192|-136|-106|210,292,160,114|-418|-36|-7|-15,-7,-16,-11,-10,-8,-10,-11,-16,-7,-15|8|690|8|0|0
008088|saturated|N12_k3|1,2,3,4,5,6,7,8,9,10,24|12|10|24|4|11|14|25|-388|-114|-696|-388|88,136,126,190|-180|-112|220,292,148,112|-352|-36|-4|-15,-13,-14,-6,-10,-4,-10,-6,-14,-13,-15|2|556|18|16|1
008089|saturated|N12_k4|1,2,3,4,5,6,7,8,9,10,120|12|10|120|0|-1|64|121|-996|-192|-4100|-2260|0,0,0,0|0|0|1100,1544,902,782|-2192|-324|-34|-47,-44,-38,-35,-41,-34,-41,-35,-38,-44,-47|-1|-1|0|0|0
008090|saturated|N12_k5|1,2,3,4,5,6,7,8,9,10,240|12|10|240|0|-1|120|241|-996|-192|-8364|-4562|0,0,0,0|0|0|2200,3112,1842,1620|-4524|-690|-76|-85,-88,-85,-79,-81,-76,-81,-79,-85,-88,-85|-1|-1|0|0|0
008091|deletion|RF_del0|3,7,9,10,12,15,16,19|9|16|19|14|6|12|7|-240|-12|-278|-34|100,144,98,66|-68|-12|120,162,76,28|-100|6|-9|-9,-11,-11,-12,-12,-11,-11,-9|4|78|4|0|1
008092|deletion|RF_del1|2,7,9,10,12,15,16,19|9|16|19|14|26|10|41|-250|-6|-292|-32|100,140,82,48|-76|-6|120,160,60,10|-120|10|-10|-10,-10,-10,-10,-10,-10,-10,-10|3|122|3|0|1
008093|deletion|RF_del2|2,3,9,10,12,15,16,19|9|16|19|16|21|16|25|-240|-10|-274|-32|100,144,100,66|-64|-10|120,166,84,28|-108|10|-8|-8,-12,-12,-13,-13,-12,-12,-8|5|856|6|1|1
008094|deletion|RF_del3|2,3,7,10,12,15,16,19|9|16|19|18|16|18|19|-268|-2|-246|-24|100,146,96,52|-84|-2|120,158,68,12|-92|18|-7|-7,-11,-13,-11,-11,-13,-11,-7|7|304|7|0|1
008095|deletion|RF_del4|2,3,7,9,12,15,16,19|9|16|19|10|14|8|16|-248|-16|-290|-40|100,142,92,66|-68|-16|120,166,78,32|-120|0|-8|-8,-12,-13,-11,-11,-13,-12,-8|4|694|5|1|1
008096|deletion|RF_del5|2,3,7,9,10,15,16,19|9|16|19|20|11|18|13|-232|0|-272|-24|100,140,90,50|-60|0|120,164,76,16|-112|16|-7|-7,-12,-11,-12,-12,-11,-12,-7|4|8|6|2|1
008097|deletion|RF_del6|2,3,7,9,10,12,16,19|9|16|19|10|10|8|12|-254|-10|-288|-36|100,140,82,52|-76|-10|120,164,68,18|-128|6|-7|-7,-12,-11,-12,-12,-11,-12,-7|3|78|4|1|1
008098|deletion|RF_del7|2,3,7,9,10,12,15,19|9|15|19|16|8|14|10|-154|-4|-282|-34|94,118,68,48|-8|-4|118,154,62,14|-92|12|-6|-8,-7,-6,-9,-9,-6,-7,-8|4|85|5|1|1
008099|deletion|RF_del8|2,3,7,9,10,12,15,16|9|15|16|10|10|10|8|-162|-12|-232|-36|94,122,64,46|-40|-10|98,122,40,6|-64|10|-5|-7,-7,-5,-7,-7,-5,-7,-7|6|200|6|0|1
008100|deletion|CHAIN3_del0|15,35,40,48,56,75,132,147|9|132|147|140|10|158|12|-1848|20|-2108|44|822,1096,586,222|-472|90|918,1220,630,210|-552|118|-49|-49,-83,-73,-83,-83,-73,-83,-49|18|2156|21|3|1
008101|deletion|CHAIN3_del1|8,35,40,48,56,75,132,147|9|132|147|132|38|142|42|-1834|-30|-2102|0|822,1076,560,236|-404|70|918,1198,598,234|-484|84|-57|-67,-75,-57,-68,-68,-57,-75,-67|18|2156|21|3|1
008102|deletion|CHAIN3_del2|8,15,40,48,56,75,132,147|9|132|147|140|34|144|38|-1902|22|-2184|18|822,1098,588,232|-480|80|918,1230,628,222|-616|94|-52|-52,-87,-77,-78,-78,-77,-87,-52|18|2156|21|3|1
008103|deletion|CHAIN3_del3|8,15,35,48,56,75,132,147|9|132|147|162|28|184|32|-1916|74|-2180|102|822,1098,562,156|-532|130|918,1224,606,136|-624|164|-50|-50,-86,-73,-82,-82,-73,-86,-50|21|10780|21|0|1
008104|deletion|CHAIN3_del4|8,15,35,40,56,75,132,147|9|132|147|132|26|162|28|-1972|16|-2150|66|822,1112,590,218|-560|82|918,1228,648,216|-564|122|-52|-52,-87,-75,-86,-86,-75,-87,-52|18|2156|21|3|1
008105|deletion|CHAIN3_del5|8,15,35,40,48,75,132,147|9|132|147|148|19|160|22|-1888|36|-2156|46|822,1100,602,232|-464|92|918,1228,646,222|-568|114|-44|-44,-86,-77,-87,-87,-77,-86,-44|21|2156|21|0|1
008106|deletion|CHAIN3_del6|8,15,35,40,48,56,132,147|9|132|147|122|38|140|42|-1902|-20|-2150|-8|822,1100,572,248|-524|46|918,1228,634,256|-592|68|-52|-52,-87,-72,-83,-83,-72,-87,-52|18|2156|21|3|1
008107|deletion|CHAIN3_del7|8,15,35,40,48,56,75,147|9|75|147|76|10|134|20|-1060|16|-2146|-16|468,598,282,108|-216|44|918,1226,624,252|-600|64|-49|-49,-70,-51,-49,-49,-51,-70,-49|18|1225|21|3|1
008108|deletion|CHAIN3_del8|8,15,35,40,48,56,75,132|9|75|132|72|22|126|38|-1080|14|-1858|-38|468,608,290,110|-260|40|822,1078,532,208|-472|68|-44|-53,-55,-46,-44,-44,-46,-55,-53|18|1100|21|3|1
