0	mandatory,known_tight,raw_mutation	1,3,4,7
1	mandatory,raw_mutation_N	1,2,3,60
2	mandatory,raw_mutation_N,deterministic_mutation	1,3,4,5,18
3	mandatory	1,2,6,8,10
4	mandatory	15,21,40,48,56,105,126,280,1200
5	consecutive	1,2
6	consecutive	1,2,3
7	consecutive	1,2,3,4
8	consecutive	1,2,3,4,5
9	consecutive	1,2,3,4,5,6
10	consecutive	1,2,3,4,5,6,7
11	consecutive	1,2,3,4,5,6,7,8
12	consecutive	1,2,3,4,5,6,7,8,9
13	consecutive	1,2,3,4,5,6,7,8,9,10
14	consecutive	1,2,3,4,5,6,7,8,9,10,11
15	consecutive	1,2,3,4,5,6,7,8,9,10,11,12
16	consecutive	1,2,3,4,5,6,7,8,9,10,11,12,13
17	consecutive	1,2,3,4,5,6,7,8,9,10,11,12,13,14
18	consecutive	1,2,3,4,5,6,7,8,9,10,11,12,13,14,15
19	consecutive	1,2,3,4,5,6,7,8,9,10,11,12,13,14,15,16
20	consecutive	1,2,3,4,5,6,7,8,9,10,11,12,13,14,15,16,17
21	consecutive	1,2,3,4,5,6,7,8,9,10,11,12,13,14,15,16,17,18
22	consecutive	1,2,3,4,5,6,7,8,9,10,11,12,13,14,15,16,17,18,19
23	consecutive	1,2,3,4,5,6,7,8,9,10,11,12,13,14,15,16,17,18,19,20
24	consecutive	1,2,3,4,5,6,7,8,9,10,11,12,13,14,15,16,17,18,19,20,21
25	consecutive	1,2,3,4,5,6,7,8,9,10,11,12,13,14,15,16,17,18,19,20,21,22
26	consecutive	1,2,3,4,5,6,7,8,9,10,11,12,13,14,15,16,17,18,19,20,21,22,23
27	consecutive	1,2,3,4,5,6,7,8,9,10,11,12,13,14,15,16,17,18,19,20,21,22,23,24
28	consecutive	1,2,3,4,5,6,7,8,9,10,11,12,13,14,15,16,17,18,19,20,21,22,23,24,25
29	consecutive	1,2,3,4,5,6,7,8,9,10,11,12,13,14,15,16,17,18,19,20,21,22,23,24,25,26
30	consecutive	1,2,3,4,5,6,7,8,9,10,11,12,13,14,15,16,17,18,19,20,21,22,23,24,25,26,27
31	consecutive	1,2,3,4,5,6,7,8,9,10,11,12,13,14,15,16,17,18,19,20,21,22,23,24,25,26,27,28
32	consecutive	1,2,3,4,5,6,7,8,9,10,11,12,13,14,15,16,17,18,19,20,21,22,23,24,25,26,27,28,29
33	consecutive	1,2,3,4,5,6,7,8,9,10,11,12,13,14,15,16,17,18,19,20,21,22,23,24,25,26,27,28,29,30
34	known_tight,raw_mutation	1,3,4,5,9
35	known_tight	1,5,6,11,16,17
36	known_tight	1,2,3,4,5,7,12
37	known_tight	1,4,5,6,7,11,13
38	known_tight	1,2,3,4,5,6,7,8,9,10,11,13,24
39	known_tight	1,2,3,4,5,6,7,8,9,10,11,12,13,14,15,16,17,19,36
40	N_spike,large_N_multiple,raw_mutation,raw_mutation_N	1,2,3,5
41	N_spike,affine_residue,large_N_multiple,raw_mutation_N	1,2,3,10
42	N_spike,raw_mutation_N	1,2,3,15
43	N_spike,large_N_multiple,raw_mutation_N	1,2,3,25
44	N_spike,raw_mutation_N	1,2,3,40
45	N_spike,raw_mutation_N	1,2,3,65
46	N_spike	1,2,3,105
47	N_spike,large_N_multiple	1,2,3,250
48	N_spike,large_N_multiple	1,2,3,1000
49	N_spike,large_N_multiple,raw_mutation_N	1,2,3,4,6
50	N_spike,large_N_multiple,raw_mutation_N	1,2,3,4,12
51	N_spike,raw_mutation_N	1,2,3,4,18
52	N_spike,large_N_multiple,raw_mutation_N	1,2,3,4,30
53	N_spike,raw_mutation_N	1,2,3,4,48
54	N_spike,raw_mutation_N	1,2,3,4,78
55	N_spike	1,2,3,4,126
56	N_spike,large_N_multiple	1,2,3,4,300
57	N_spike,large_N_multiple	1,2,3,4,1200
58	N_spike,large_N_multiple	1,2,3,4,5,7
59	N_spike,large_N_multiple	1,2,3,4,5,14
60	N_spike	1,2,3,4,5,21
61	N_spike,large_N_multiple	1,2,3,4,5,35
62	N_spike	1,2,3,4,5,56
63	N_spike	1,2,3,4,5,91
64	N_spike	1,2,3,4,5,147
65	N_spike,large_N_multiple	1,2,3,4,5,350
66	N_spike,large_N_multiple	1,2,3,4,5,1400
67	N_spike,large_N_multiple	1,2,3,4,5,6,8
68	N_spike,large_N_multiple	1,2,3,4,5,6,16
69	N_spike	1,2,3,4,5,6,24
70	N_spike,affine_residue,large_N_multiple	1,2,3,4,5,6,40
71	N_spike	1,2,3,4,5,6,64
72	N_spike	1,2,3,4,5,6,104
73	N_spike	1,2,3,4,5,6,168
74	N_spike,large_N_multiple	1,2,3,4,5,6,400
75	N_spike,large_N_multiple	1,2,3,4,5,6,1600
76	N_spike,large_N_multiple	1,2,3,4,5,6,7,9
77	N_spike,large_N_multiple	1,2,3,4,5,6,7,18
78	N_spike	1,2,3,4,5,6,7,27
79	N_spike,large_N_multiple	1,2,3,4,5,6,7,45
80	N_spike	1,2,3,4,5,6,7,72
81	N_spike	1,2,3,4,5,6,7,117
82	N_spike	1,2,3,4,5,6,7,189
83	N_spike,large_N_multiple	1,2,3,4,5,6,7,450
84	N_spike,large_N_multiple	1,2,3,4,5,6,7,1800
85	N_spike,large_N_multiple	1,2,3,4,5,6,7,8,10
86	N_spike,large_N_multiple	1,2,3,4,5,6,7,8,20
87	N_spike	1,2,3,4,5,6,7,8,30
88	N_spike,large_N_multiple	1,2,3,4,5,6,7,8,50
89	N_spike	1,2,3,4,5,6,7,8,80
90	N_spike	1,2,3,4,5,6,7,8,130
91	N_spike	1,2,3,4,5,6,7,8,210
92	N_spike,large_N_multiple	1,2,3,4,5,6,7,8,500
93	N_spike,large_N_multiple	1,2,3,4,5,6,7,8,2000
94	N_spike,large_N_multiple	1,2,3,4,5,6,7,8,9,11
95	N_spike,large_N_multiple	1,2,3,4,5,6,7,8,9,22
96	N_spike	1,2,3,4,5,6,7,8,9,33
97	N_spike,large_N_multiple	1,2,3,4,5,6,7,8,9,55
98	N_spike	1,2,3,4,5,6,7,8,9,88
99	N_spike	1,2,3,4,5,6,7,8,9,143
100	N_spike	1,2,3,4,5,6,7,8,9,231
101	N_spike,large_N_multiple	1,2,3,4,5,6,7,8,9,550
102	N_spike,large_N_multiple	1,2,3,4,5,6,7,8,9,2200
103	N_spike,large_N_multiple	1,2,3,4,5,6,7,8,9,10,12
104	N_spike,large_N_multiple	1,2,3,4,5,6,7,8,9,10,24
105	N_spike	1,2,3,4,5,6,7,8,9,10,36
106	N_spike,large_N_multiple	1,2,3,4,5,6,7,8,9,10,60
107	N_spike	1,2,3,4,5,6,7,8,9,10,96
108	N_spike	1,2,3,4,5,6,7,8,9,10,156
109	N_spike	1,2,3,4,5,6,7,8,9,10,252
110	N_spike,large_N_multiple	1,2,3,4,5,6,7,8,9,10,600
111	N_spike,large_N_multiple	1,2,3,4,5,6,7,8,9,10,2400
112	N_spike,large_N_multiple	1,2,3,4,5,6,7,8,9,10,11,13
113	N_spike,large_N_multiple	1,2,3,4,5,6,7,8,9,10,11,26
114	N_spike	1,2,3,4,5,6,7,8,9,10,11,39
115	N_spike,large_N_multiple	1,2,3,4,5,6,7,8,9,10,11,65
116	N_spike	1,2,3,4,5,6,7,8,9,10,11,104
117	N_spike	1,2,3,4,5,6,7,8,9,10,11,169
118	N_spike	1,2,3,4,5,6,7,8,9,10,11,273
119	N_spike,large_N_multiple	1,2,3,4,5,6,7,8,9,10,11,650
120	N_spike,large_N_multiple	1,2,3,4,5,6,7,8,9,10,11,2600
121	affine_residue,raw_mutation,raw_mutation_N	1,2,4,5
122	affine_residue,raw_mutation_N	1,2,4,25
123	affine_residue,raw_mutation_N	2,3,4,55
124	affine_residue,raw_mutation,raw_mutation_N	2,3,4,5
125	affine_residue,raw_mutation_N	3,4,5,10
126	affine_residue,raw_mutation_N	2,3,4,25
127	affine_residue	2,4,5,55
128	affine_residue,deterministic_mutation	3,5,6,10
129	affine_residue	4,5,6,25
130	affine_residue,raw_mutation_N	3,4,6,55
131	affine_residue,raw_mutation_N	4,5,6,7
132	affine_residue,raw_mutation_N	4,5,7,10
133	affine_residue,raw_mutation_N	4,6,7,25
134	affine_residue	4,5,6,55
135	affine_residue	5,6,7,10
136	affine_residue	5,6,8,25
137	affine_residue	6,7,8,55
138	affine_residue,raw_mutation	2,4,5,6
139	affine_residue	2,4,6,25
140	affine_residue	2,6,8,55
141	affine_residue	3,7,9,10
142	affine_residue	5,7,9,25
143	affine_residue	3,5,9,55
144	affine_residue,deterministic_mutation	4,5,8,10
145	affine_residue	4,8,10,25
146	affine_residue	4,6,8,55
147	affine_residue	5,7,9,10
148	affine_residue	5,7,11,25
149	affine_residue	7,9,11,55
150	affine_residue	5,6,8,10
151	affine_residue	6,8,10,25
152	affine_residue	6,10,12,55
153	affine_residue	5,6,9,12
154	affine_residue	3,9,10,12
155	affine_residue	6,9,12,25
156	affine_residue	3,6,12,55
157	affine_residue	4,5,10,13
158	affine_residue	4,7,10,13
159	affine_residue	4,10,13,25
160	affine_residue	4,7,10,55
161	affine_residue	5,8,10,11
162	affine_residue	5,8,14,25
163	affine_residue	8,11,14,55
164	affine_residue	9,10,12,15
165	affine_residue	6,12,15,55
166	affine_residue	5,10,13,16
167	affine_residue	7,10,13,16
168	affine_residue	10,13,16,25
169	affine_residue	7,10,16,55
170	affine_residue	5,6,11,16
171	affine_residue	10,11,16,21
172	affine_residue	6,11,16,25
173	affine_residue	6,16,21,55
174	affine_residue	5,12,17,22
175	affine_residue	7,10,17,22
176	affine_residue	12,17,22,25
177	affine_residue	7,12,22,55
178	affine_residue	5,8,18,23
179	affine_residue	8,10,13,23
180	affine_residue	8,18,23,25
181	affine_residue	8,13,18,55
182	affine_residue	5,9,14,24
183	affine_residue	9,10,14,19
184	affine_residue,deterministic_mutation	9,14,24,25
185	affine_residue	14,19,24,55
186	affine_residue	5,14,21,28
187	affine_residue	7,10,21,28
188	affine_residue	14,21,25,28
189	affine_residue	7,14,28,55
190	affine_residue	5,8,22,29
191	affine_residue	8,10,15,29
192	affine_residue	8,22,25,29
193	affine_residue	8,15,22,55
194	affine_residue	5,9,16,30
195	affine_residue	9,10,16,23
196	affine_residue	9,16,25,30
197	affine_residue	16,23,30,55
198	affine_residue	5,10,17,24
199	affine_residue	10,17,24,31
200	affine_residue	10,17,24,25
201	affine_residue	10,24,31,55
202	affine_residue	5,18,25,32
203	affine_residue	10,11,25,32
204	affine_residue	11,18,32,55
205	affine_residue	5,22,33,44
206	affine_residue	10,11,33,44
207	affine_residue	22,25,33,44
208	affine_residue	5,12,34,45
209	affine_residue	10,12,23,45
210	affine_residue	12,25,34,45
211	affine_residue	12,23,34,55
212	affine_residue	5,13,24,46
213	affine_residue	10,13,24,35
214	affine_residue	13,24,25,46
215	affine_residue	24,35,46,55
216	affine_residue	5,14,25,36
217	affine_residue	10,25,36,47
218	affine_residue	14,36,47,55
219	affine_residue	5,26,37,48
220	affine_residue	10,15,37,48
221	affine_residue	25,26,37,48
222	affine_residue	15,26,48,55
223	affine_residue,raw_mutation_N,deterministic_mutation	1,2,4,5,6
224	affine_residue,raw_mutation_N	1,2,3,5,12
225	affine_residue,raw_mutation_N	1,3,4,5,30
226	affine_residue,raw_mutation_N	1,2,4,5,66
227	affine_residue,raw_mutation_N	2,3,4,5,12
228	affine_residue	2,3,5,6,30
229	affine_residue	2,3,4,6,66
230	affine_residue	4,5,6,7,12
231	affine_residue,raw_mutation_N	3,4,5,7,30
232	affine_residue,raw_mutation_N	3,4,5,6,66
233	affine_residue	4,6,7,8,12
234	affine_residue	4,5,6,7,30
235	affine_residue	5,6,7,8,66
236	affine_residue	5,6,7,8,9
237	affine_residue	5,6,8,9,12
238	affine_residue	6,7,8,9,30
239	affine_residue	5,7,8,9,66
240	affine_residue	6,7,8,10,12
241	affine_residue	6,8,9,10,30
242	affine_residue	6,7,9,10,66
243	affine_residue,raw_mutation,raw_mutation_N	3,5,6,7,9
244	affine_residue	5,7,9,11,12
245	affine_residue	3,5,7,11,30
246	affine_residue,raw_mutation_N	3,5,7,9,66
247	affine_residue	5,6,9,11,13
248	affine_residue	5,7,11,12,13
249	affine_residue	7,9,11,13,30
250	affine_residue	5,9,11,13,66
251	affine_residue	6,7,9,11,15
252	affine_residue	7,9,11,12,13
253	affine_residue	7,9,13,15,30
254	affine_residue	7,9,11,15,66
255	affine_residue	6,7,10,13,16
256	affine_residue	4,10,12,13,16
257	affine_residue	4,7,10,13,30
258	affine_residue	7,10,13,16,66
259	affine_residue	5,6,11,14,17
260	affine_residue	5,8,12,14,17
261	affine_residue	8,11,14,17,30
262	affine_residue	5,11,14,17,66
263	affine_residue	6,7,10,13,19
264	affine_residue	7,10,12,13,16
265	affine_residue	7,10,16,19,30
266	affine_residue	7,10,13,19,66
267	affine_residue	6,8,11,14,17
268	affine_residue	11,12,14,17,20
269	affine_residue	8,11,14,20,30
270	affine_residue	8,11,14,17,66
271	affine_residue	5,6,15,20,25
272	affine_residue	5,10,12,20,25
273	affine_residue	5,15,20,25,66
274	affine_residue	6,11,12,16,26
275	affine_residue	6,16,21,26,30
276	affine_residue	6,11,21,26,66
277	affine_residue	6,7,12,17,27
278	affine_residue	7,12,22,27,30
279	affine_residue	7,12,17,27,66
280	affine_residue	6,8,13,18,23
281	affine_residue	12,13,18,23,28
282	affine_residue	8,13,18,28,30
283	affine_residue	8,13,18,23,66
284	affine_residue	6,14,19,24,29
285	affine_residue	9,12,19,24,29
286	affine_residue	9,14,19,24,30
287	affine_residue	14,19,24,29,66
288	affine_residue	6,10,20,25,30
289	affine_residue	10,12,15,25,30
290	affine_residue	10,20,25,30,66
291	affine_residue	6,7,14,21,35
292	affine_residue	7,12,14,21,28
293	affine_residue	7,14,28,30,35
294	affine_residue	7,14,21,35,66
295	affine_residue	6,8,15,22,29
296	affine_residue	12,15,22,29,36
297	affine_residue	8,15,22,30,36
298	affine_residue	8,15,22,29,66
299	affine_residue	6,16,23,30,37
300	affine_residue	9,12,23,30,37
301	affine_residue	16,23,30,37,66
302	affine_residue	6,10,24,31,38
303	affine_residue	10,12,17,31,38
304	affine_residue	17,24,30,31,38
305	affine_residue	10,24,31,38,66
306	affine_residue	6,11,18,32,39
307	affine_residue	11,12,18,25,39
308	affine_residue	11,25,30,32,39
309	affine_residue	11,18,32,39,66
310	affine_residue	6,12,19,26,40
311	affine_residue	12,19,30,33,40
312	affine_residue	12,19,26,40,66
313	affine_residue	6,11,22,44,55
314	affine_residue	11,12,22,33,55
315	affine_residue	11,30,33,44,55
316	affine_residue	6,12,23,34,56
317	affine_residue	12,23,30,45,56
318	affine_residue	12,23,34,56,66
319	affine_residue	6,13,24,35,46
320	affine_residue	12,24,35,46,57
321	affine_residue	13,24,30,35,57
322	affine_residue	13,24,35,46,66
323	affine_residue	6,25,36,47,58
324	affine_residue	12,14,36,47,58
325	affine_residue	14,25,30,36,47
326	affine_residue	25,36,47,58,66
327	affine_residue	6,15,37,48,59
328	affine_residue	12,15,26,48,59
329	affine_residue	26,30,37,48,59
330	affine_residue	15,37,48,59,66
331	affine_residue	6,16,27,49,60
332	affine_residue	12,16,27,38,60
333	affine_residue	16,30,38,49,60
334	affine_residue	16,27,49,60,66
335	affine_residue	1,2,4,5,6,7
336	affine_residue	1,2,3,5,6,14
337	affine_residue	2,3,4,5,6,35
338	affine_residue	2,3,4,5,6,77
339	affine_residue	2,3,4,5,7,14
340	affine_residue	2,4,5,6,7,35
341	affine_residue	2,4,5,6,7,77
342	affine_residue	3,4,5,6,7,8
343	affine_residue	3,4,5,6,7,14
344	affine_residue	3,4,6,7,8,35
345	affine_residue	3,4,6,7,8,77
346	affine_residue	5,6,7,8,9,14
347	affine_residue	4,5,6,8,9,35
348	affine_residue	4,5,6,8,9,77
349	affine_residue	5,7,8,9,10,14
350	affine_residue	5,6,7,8,10,35
351	affine_residue	5,6,7,8,10,77
352	affine_residue	6,7,8,9,10,11
353	affine_residue	6,7,9,10,11,14
354	affine_residue	6,7,8,9,10,35
355	affine_residue	6,7,8,9,10,77
356	affine_residue	7,8,9,11,12,14
357	affine_residue	8,9,10,11,12,35
358	affine_residue	8,9,10,11,12,77
359	affine_residue	2,4,6,7,10,12
360	affine_residue	2,6,8,10,12,35
361	affine_residue	2,6,8,10,12,77
362	affine_residue	3,5,7,9,11,14
363	affine_residue	3,5,9,11,13,35
364	affine_residue	3,5,9,11,13,77
365	affine_residue	4,6,7,8,10,12
366	affine_residue	4,6,8,12,14,35
367	affine_residue	4,6,8,12,14,77
368	affine_residue	5,9,11,13,14,15
369	affine_residue	5,7,9,11,15,35
370	affine_residue	5,7,9,11,15,77
371	affine_residue	6,7,10,12,14,16
372	affine_residue	6,8,10,12,14,35
373	affine_residue	6,8,10,12,14,77
374	affine_residue	7,9,11,14,15,17
375	affine_residue	9,11,13,15,17,35
376	affine_residue	9,11,13,15,17,77
377	affine_residue	7,8,10,12,16,18
378	affine_residue	8,12,14,16,18,35
379	affine_residue	8,12,14,16,18,77
380	affine_residue	3,6,7,9,12,18
381	affine_residue	3,6,9,12,14,15
382	affine_residue	3,6,12,15,18,35
383	affine_residue	3,6,12,15,18,77
384	affine_residue	7,10,13,14,16,19
385	affine_residue	4,7,10,16,19,35
386	affine_residue	4,7,10,16,19,77
387	affine_residue	7,8,11,14,17,20
388	affine_residue	5,8,11,14,20,35
389	affine_residue	5,8,11,14,20,77
390	affine_residue	6,7,12,15,18,21
391	affine_residue	6,9,14,15,18,21
392	affine_residue	6,9,12,15,18,35
393	affine_residue	6,9,12,15,18,77
394	affine_residue	7,10,13,14,19,22
395	affine_residue	10,13,16,19,22,35
396	affine_residue	10,13,16,19,22,77
397	affine_residue	7,8,11,14,20,23
398	affine_residue	8,14,17,20,23,35
399	affine_residue	8,14,17,20,23,77
400	affine_residue	7,9,12,15,18,24
401	affine_residue	9,12,14,15,18,21
402	affine_residue	9,12,18,21,24,35
403	affine_residue	9,12,18,21,24,77
404	affine_residue	7,10,15,20,25,30
405	affine_residue	5,14,15,20,25,30
406	affine_residue	5,10,15,20,30,77
407	affine_residue	6,7,16,21,26,31
408	affine_residue	6,11,14,21,26,31
409	affine_residue	6,11,16,21,26,35
410	affine_residue	6,11,16,21,26,77
411	affine_residue	7,12,14,17,27,32
412	affine_residue	12,17,22,27,32,35
413	affine_residue	12,17,22,27,32,77
414	affine_residue	7,8,13,18,28,33
415	affine_residue	8,13,14,18,23,33
416	affine_residue	8,18,23,28,33,35
417	affine_residue	8,18,23,28,33,77
418	affine_residue	7,9,14,19,24,34
419	affine_residue	9,14,24,29,34,35
420	affine_residue	9,14,24,29,34,77
421	affine_residue	14,15,20,25,30,35
422	affine_residue	10,15,20,30,35,77
423	affine_residue	7,16,21,26,31,36
424	affine_residue	11,14,21,26,31,36
425	affine_residue	11,16,21,26,35,36
426	affine_residue	11,16,21,26,36,77
427	affine_residue	7,8,15,22,36,43
428	affine_residue	8,14,15,22,29,43
429	affine_residue	8,22,29,35,36,43
430	affine_residue	8,22,29,36,43,77
431	affine_residue	7,9,16,23,30,44
432	affine_residue	9,14,16,23,30,37
433	affine_residue	9,16,30,35,37,44
434	affine_residue	9,16,30,37,44,77
435	affine_residue	7,10,17,24,31,38
436	affine_residue	14,17,24,31,38,45
437	affine_residue	10,17,24,35,38,45
438	affine_residue	10,17,24,38,45,77
439	affine_residue	7,18,25,32,39,46
440	affine_residue	11,14,25,32,39,46
441	affine_residue	11,18,25,32,35,46
442	affine_residue	11,18,25,32,46,77
443	affine_residue	7,12,26,33,40,47
444	affine_residue	12,14,19,33,40,47
445	affine_residue	12,19,26,33,35,40
446	affine_residue	12,19,26,33,40,77
447	affine_residue	7,13,20,34,41,48
448	affine_residue	13,14,20,27,41,48
449	affine_residue	20,27,34,35,41,48
450	affine_residue	20,27,34,41,48,77
451	affine_residue	7,22,33,44,55,66
452	affine_residue	11,14,33,44,55,66
453	affine_residue	11,22,33,35,44,66
454	affine_residue	7,12,34,45,56,67
455	affine_residue	12,14,23,45,56,67
456	affine_residue	12,23,34,35,45,56
457	affine_residue	12,23,34,45,56,77
458	affine_residue	7,13,24,46,57,68
459	affine_residue	13,14,24,35,57,68
460	affine_residue	24,35,46,57,68,77
461	affine_residue	7,14,25,36,58,69
462	affine_residue	14,35,36,47,58,69
463	affine_residue	14,36,47,58,69,77
464	affine_residue	7,15,26,37,48,70
465	affine_residue	14,15,26,37,48,59
466	affine_residue	15,26,35,48,59,70
467	affine_residue	15,26,48,59,70,77
468	affine_residue	7,16,27,38,49,60
469	affine_residue	14,27,38,49,60,71
470	affine_residue	16,27,35,38,60,71
471	affine_residue	16,27,38,60,71,77
472	affine_residue	7,28,39,50,61,72
473	affine_residue	14,17,39,50,61,72
474	affine_residue	17,28,35,39,50,72
475	affine_residue	17,28,39,50,72,77
476	affine_residue	1,2,4,5,6,7,8
477	affine_residue	1,2,3,5,6,7,16
478	affine_residue	1,2,3,4,5,7,88
479	affine_residue	2,3,4,5,7,8,16
480	affine_residue	3,4,5,6,7,8,40
481	affine_residue	2,3,4,5,6,7,88
482	affine_residue	3,4,5,6,7,9,16
483	affine_residue	3,5,6,7,8,9,40
484	affine_residue	4,5,6,7,8,9,88
485	affine_residue	4,5,6,7,8,9,16
486	affine_residue	4,5,7,8,9,10,40
487	affine_residue	4,6,7,8,9,10,88
488	affine_residue	6,7,8,9,10,11,16
489	affine_residue	5,6,7,9,10,11,40
490	affine_residue	5,6,8,9,10,11,88
491	affine_residue	6,8,9,10,11,12,16
492	affine_residue	6,7,8,9,11,12,40
493	affine_residue	6,7,8,10,11,12,88
494	affine_residue	7,8,9,10,11,12,13
495	affine_residue	7,8,10,11,12,13,16
496	affine_residue	7,8,9,10,11,13,40
497	affine_residue	7,8,9,10,12,13,88
498	affine_residue	8,9,10,12,13,14,16
499	affine_residue	8,9,10,11,12,13,40
500	affine_residue	8,9,10,11,12,14,88
501	affine_residue	3,5,7,8,9,13,15
502	affine_residue	3,5,7,9,11,15,16
503	affine_residue	3,7,9,11,13,15,40
504	affine_residue	5,7,9,11,13,15,88
505	affine_residue	5,7,8,9,11,13,15
506	affine_residue	7,9,11,13,15,16,17
507	affine_residue	5,7,9,13,15,17,40
508	affine_residue	5,7,11,13,15,17,88
509	affine_residue	7,8,11,13,15,17,19
510	affine_residue	7,9,13,15,16,17,19
511	affine_residue	7,9,11,13,15,19,40
512	affine_residue	7,9,11,13,17,19,88
513	affine_residue	8,9,11,13,17,19,21
514	affine_residue	9,11,13,15,16,19,21
515	affine_residue	11,13,15,17,19,21,40
516	affine_residue	9,11,13,15,17,19,88
517	affine_residue	3,6,8,9,12,18,21
518	affine_residue	3,6,9,12,15,16,21
519	affine_residue	3,9,12,15,18,21,40
520	affine_residue	6,9,12,15,18,21,88
521	affine_residue	4,7,8,10,13,16,22
522	affine_residue	4,7,13,16,19,22,40
523	affine_residue	4,10,13,16,19,22,88
524	affine_residue	8,11,14,16,17,20,23
525	affine_residue	5,8,11,17,20,23,40
526	affine_residue	5,8,14,17,20,23,88
527	affine_residue	8,9,12,15,18,21,24
528	affine_residue	6,12,15,16,18,21,24
529	affine_residue	6,9,12,15,21,24,40
530	affine_residue	6,9,12,18,21,24,88
531	affine_residue	7,8,13,16,19,22,25
532	affine_residue	7,10,13,16,19,25,40
533	affine_residue	7,10,13,16,22,25,88
534	affine_residue	8,11,14,16,20,23,26
535	affine_residue	8,11,14,17,20,23,40
536	affine_residue	8,11,14,17,20,26,88
537	affine_residue	8,9,12,15,21,24,27
538	affine_residue	9,12,15,16,18,24,27
539	affine_residue	12,15,18,21,24,27,40
540	affine_residue	9,12,15,18,21,24,88
541	affine_residue	8,10,13,16,19,25,28
542	affine_residue	10,16,19,22,25,28,40
543	affine_residue	13,16,19,22,25,28,88
544	affine_residue	5,8,10,15,20,25,30
545	affine_residue	10,15,16,20,25,30,35
546	affine_residue	5,10,20,25,30,35,88
547	affine_residue	8,11,16,21,26,31,36
548	affine_residue	6,11,16,21,31,36,40
549	affine_residue	6,11,16,26,31,36,88
550	affine_residue	7,8,17,22,27,32,37
551	affine_residue	7,12,16,22,27,32,37
552	affine_residue	7,12,17,22,27,37,40
553	affine_residue	7,12,17,22,32,37,88
554	affine_residue	8,13,16,18,28,33,38
555	affine_residue	8,13,18,23,28,33,40
556	affine_residue	8,13,18,23,28,38,88
557	affine_residue	8,9,14,19,29,34,39
558	affine_residue	9,14,16,19,24,34,39
559	affine_residue	14,19,24,29,34,39,40
560	affine_residue	9,14,19,24,29,34,88
561	affine_residue	8,10,15,20,25,35,40
562	affine_residue	10,15,16,20,25,30,40
563	affine_residue	15,20,25,30,35,40,88
564	affine_residue	8,11,16,21,26,31,41
565	affine_residue	11,16,26,31,36,40,41
566	affine_residue	11,21,26,31,36,41,88
567	affine_residue	8,12,17,22,27,32,37
568	affine_residue	16,17,22,27,32,37,42
569	affine_residue	12,17,22,32,37,40,42
570	affine_residue	12,17,27,32,37,42,88
571	affine_residue	7,8,21,28,35,42,49
572	affine_residue	7,14,16,28,35,42,49
573	affine_residue	7,14,21,28,35,40,49
574	affine_residue	7,14,21,28,42,49,88
575	affine_residue	8,15,16,22,36,43,50
576	affine_residue	8,15,22,29,36,40,43
577	affine_residue	8,15,22,29,36,50,88
578	affine_residue	8,9,16,23,37,44,51
579	affine_residue	16,23,30,37,40,44,51
580	affine_residue	9,16,23,30,37,44,88
581	affine_residue	8,10,17,24,31,45,52
582	affine_residue	10,16,17,24,31,38,52
583	affine_residue	10,24,31,38,40,45,52
584	affine_residue	17,24,31,38,45,52,88
585	affine_residue	8,11,18,25,32,39,53
586	affine_residue	11,16,18,25,32,39,46
587	affine_residue	11,18,32,39,40,46,53
588	affine_residue	11,25,32,39,46,53,88
589	affine_residue	8,12,19,26,33,40,47
590	affine_residue	16,19,26,33,40,47,54
591	affine_residue	12,19,33,40,47,54,88
592	affine_residue	8,20,27,34,41,48,55
593	affine_residue	13,16,27,34,41,48,55
594	affine_residue	13,20,27,34,40,48,55
595	affine_residue	13,20,27,41,48,55,88
596	affine_residue	8,14,28,35,42,49,56
597	affine_residue	14,16,21,35,42,49,56
598	affine_residue	14,21,28,35,40,42,56
599	affine_residue	14,21,28,35,49,56,88
600	affine_residue	8,11,22,33,44,55,77
601	affine_residue	11,16,22,33,44,55,66
602	affine_residue	11,22,40,44,55,66,77
603	affine_residue	8,12,23,34,45,56,67
604	affine_residue	16,23,34,45,56,67,78
605	affine_residue	12,23,34,40,56,67,78
606	affine_residue	12,23,45,56,67,78,88
607	affine_residue	8,24,35,46,57,68,79
608	affine_residue	13,16,35,46,57,68,79
609	affine_residue	13,24,35,40,46,68,79
610	affine_residue	13,24,35,57,68,79,88
611	affine_residue	8,14,36,47,58,69,80
612	affine_residue	14,16,25,47,58,69,80
613	affine_residue	14,25,36,40,47,58,80
614	affine_residue	14,25,36,47,69,80,88
615	affine_residue	8,15,26,48,59,70,81
616	affine_residue	15,16,26,37,59,70,81
617	affine_residue	15,26,37,40,48,59,70
618	affine_residue	15,26,37,48,59,81,88
619	affine_residue	8,16,27,38,60,71,82
620	affine_residue	27,38,40,49,60,71,82
621	affine_residue	16,27,38,49,60,71,88
622	affine_residue	8,17,28,39,50,72,83
623	affine_residue	16,17,28,39,50,61,83
624	affine_residue	17,39,40,50,61,72,83
625	affine_residue	28,39,50,61,72,83,88
626	affine_residue	8,18,29,40,51,62,84
627	affine_residue	16,18,29,40,51,62,73
628	affine_residue	18,29,40,51,62,73,84
629	affine_residue	18,40,51,62,73,84,88
630	affine_residue	1,2,4,5,6,7,8,9
631	affine_residue	1,2,3,5,6,7,8,18
632	affine_residue	1,2,3,4,5,6,8,45
633	affine_residue	1,2,3,4,6,7,8,99
634	affine_residue	2,3,4,5,7,8,9,18
635	affine_residue	2,3,4,5,6,7,8,45
636	affine_residue	2,3,4,5,6,8,9,99
637	affine_residue	3,4,5,6,7,9,10,18
638	affine_residue	4,5,6,7,8,9,10,45
639	affine_residue	3,4,5,6,7,8,10,99
640	affine_residue	4,5,6,7,8,9,10,11
641	affine_residue	4,5,6,7,8,9,11,18
642	affine_residue	4,6,7,8,9,10,11,45
643	affine_residue	4,5,6,7,8,9,10,99
644	affine_residue	5,6,7,8,9,10,11,18
645	affine_residue	5,6,8,9,10,11,12,45
646	affine_residue	6,7,8,9,10,11,12,99
647	affine_residue	7,8,9,10,11,12,13,18
648	affine_residue	6,7,8,10,11,12,13,45
649	affine_residue	6,8,9,10,11,12,13,99
650	affine_residue	7,9,10,11,12,13,14,18
651	affine_residue	7,8,9,10,12,13,14,45
652	affine_residue	7,8,10,11,12,13,14,99
653	affine_residue	8,9,10,11,12,13,14,15
654	affine_residue	8,9,11,12,13,14,15,18
655	affine_residue	8,9,10,11,12,14,15,45
656	affine_residue	8,9,10,12,13,14,15,99
657	affine_residue	9,10,11,13,14,15,16,18
658	affine_residue	9,10,11,12,13,14,16,45
659	affine_residue	9,10,11,12,14,15,16,99
660	affine_residue	2,4,6,9,10,12,14,16
661	affine_residue	2,4,6,8,10,12,14,45
662	affine_residue	2,4,6,8,10,14,16,99
663	affine_residue	3,5,7,9,11,15,17,18
664	affine_residue	5,7,9,11,13,15,17,45
665	affine_residue	3,5,7,9,11,13,17,99
666	affine_residue	4,6,8,9,10,12,16,18
667	affine_residue	4,8,10,12,14,16,18,45
668	affine_residue	4,6,8,10,12,14,16,99
669	affine_residue	5,7,9,11,13,15,17,18
670	affine_residue	5,7,11,13,15,17,19,45
671	affine_residue	7,9,11,13,15,17,19,99
672	affine_residue	6,8,9,10,12,14,16,18
673	affine_residue	6,8,10,14,16,18,20,45
674	affine_residue	6,10,12,14,16,18,20,99
675	affine_residue	7,11,13,15,17,18,19,21
676	affine_residue	7,9,11,13,17,19,21,45
677	affine_residue	7,9,13,15,17,19,21,99
678	affine_residue	8,9,12,14,16,18,20,22
679	affine_residue	8,10,12,14,16,20,22,45
680	affine_residue	8,10,12,16,18,20,22,99
681	affine_residue	9,11,13,17,18,19,21,23
682	affine_residue	9,11,13,15,17,19,23,45
683	affine_residue	9,11,13,15,19,21,23,99
684	affine_residue	9,10,12,14,18,20,22,24
685	affine_residue	10,12,14,16,18,20,22,45
686	affine_residue	10,12,14,16,18,22,24,99
687	affine_residue	4,7,9,10,13,16,22,25
688	affine_residue	4,7,10,13,16,18,19,25
689	affine_residue	4,10,13,16,19,22,25,45
690	affine_residue	4,7,10,13,16,19,22,99
691	affine_residue	5,8,9,11,14,17,20,26
692	affine_residue	5,8,11,14,17,18,20,23
693	affine_residue	5,8,14,17,20,23,26,45
694	affine_residue	8,11,14,17,20,23,26,99
695	affine_residue	9,10,13,16,19,22,25,28
696	affine_residue	7,13,16,18,19,22,25,28
697	affine_residue	7,10,13,16,22,25,28,45
698	affine_residue	7,10,16,19,22,25,28,99
699	affine_residue	8,9,14,17,20,23,26,29
700	affine_residue	8,11,17,18,20,23,26,29
701	affine_residue	8,11,14,17,20,26,29,45
702	affine_residue	8,11,14,20,23,26,29,99
703	affine_residue	9,10,13,16,22,25,28,31
704	affine_residue	10,13,16,18,19,25,28,31
705	affine_residue	10,13,16,19,22,25,28,45
706	affine_residue	10,13,16,19,22,28,31,99
707	affine_residue	9,11,14,17,20,26,29,32
708	affine_residue	11,14,17,18,20,23,29,32
709	affine_residue	14,17,20,23,26,29,32,45
710	affine_residue	11,14,17,20,23,26,32,99
711	affine_residue	5,9,10,15,20,25,30,40
712	affine_residue	5,10,15,18,20,25,30,35
713	affine_residue	10,15,20,25,30,35,40,99
714	affine_residue	6,9,11,16,21,26,31,36
715	affine_residue	11,16,18,21,26,31,36,41
716	affine_residue	6,11,16,26,31,36,41,45
717	affine_residue	6,16,21,26,31,36,41,99
718	affine_residue	9,12,17,22,27,32,37,42
719	affine_residue	7,17,18,22,27,32,37,42
720	affine_residue	7,12,17,22,32,37,42,45
721	affine_residue	7,12,22,27,32,37,42,99
722	affine_residue	8,9,18,23,28,33,38,43
723	affine_residue	8,13,18,23,28,33,38,43
724	affine_residue	8,13,18,23,28,38,43,45
725	affine_residue	8,13,18,28,33,38,43,99
726	affine_residue	9,14,18,19,29,34,39,44
727	affine_residue	9,14,19,24,29,34,44,45
728	affine_residue	9,14,19,24,34,39,44,99
729	affine_residue	9,10,15,20,30,35,40,45
730	affine_residue	10,15,18,20,25,35,40,45
731	affine_residue	10,15,20,25,30,40,45,99
732	affine_residue	9,11,16,21,26,36,41,46
733	affine_residue	11,16,18,21,26,31,41,46
734	affine_residue	16,21,26,31,36,41,45,46
735	affine_residue	11,16,21,26,31,36,46,99
736	affine_residue	9,12,17,22,27,32,42,47
737	affine_residue	12,17,18,22,27,32,37,47
738	affine_residue	12,22,27,32,37,42,45,47
739	affine_residue	12,17,22,27,32,37,42,99
740	affine_residue	9,13,18,23,28,33,38,48
741	affine_residue	13,18,28,33,38,43,45,48
742	affine_residue	18,23,28,33,38,43,48,99
743	affine_residue	9,14,21,28,35,42,49,56
744	affine_residue	7,18,21,28,35,42,49,56
745	affine_residue	7,14,21,28,42,45,49,56
746	affine_residue	7,14,28,35,42,49,56,99
747	affine_residue	8,9,22,29,36,43,50,57
748	affine_residue	8,15,18,29,36,43,50,57
749	affine_residue	8,15,22,29,36,45,50,57
750	affine_residue	8,15,22,36,43,50,57,99
751	affine_residue	9,16,18,23,37,44,51,58
752	affine_residue	9,16,23,30,37,44,45,58
753	affine_residue	9,16,23,30,44,51,58,99
754	affine_residue	9,10,17,24,38,45,52,59
755	affine_residue	10,17,18,24,31,45,52,59
756	affine_residue	10,17,24,31,38,52,59,99
757	affine_residue	9,11,18,25,32,46,53,60
758	affine_residue	18,25,32,39,45,46,53,60
759	affine_residue	11,18,25,32,39,46,60,99
760	affine_residue	9,12,19,26,33,40,54,61
761	affine_residue	12,18,19,26,33,40,47,61
762	affine_residue	12,26,33,40,45,47,54,61
763	affine_residue	12,19,26,33,40,47,54,99
764	affine_residue	9,13,20,27,34,41,48,62
765	affine_residue	13,18,20,27,34,41,48,55
766	affine_residue	13,20,34,41,45,48,55,62
767	affine_residue	20,27,34,41,48,55,62,99
768	affine_residue	18,21,28,35,42,49,56,63
769	affine_residue	14,21,28,42,45,49,56,63
770	affine_residue	14,28,35,42,49,56,63,99
771	affine_residue	9,22,29,36,43,50,57,64
772	affine_residue	15,18,29,36,43,50,57,64
773	affine_residue	15,22,29,36,45,50,57,64
774	affine_residue	15,22,36,43,50,57,64,99
775	affine_residue	9,11,22,33,44,66,77,88
776	affine_residue	11,18,22,33,44,55,77,88
777	affine_residue	22,33,44,45,55,66,77,88
778	affine_residue	9,12,23,34,45,56,78,89
779	affine_residue	12,18,23,34,45,56,67,89
780	affine_residue	12,23,34,45,56,67,78,99
781	affine_residue	9,13,24,35,46,57,68,90
782	affine_residue	13,18,24,35,46,57,68,79
783	affine_residue	13,24,45,46,57,68,79,90
784	affine_residue	24,35,46,57,68,79,90,99
785	affine_residue	9,14,25,36,47,58,69,80
786	affine_residue	18,25,36,47,58,69,80,91
787	affine_residue	14,25,36,45,58,69,80,91
788	affine_residue	14,36,47,58,69,80,91,99
789	affine_residue	9,26,37,48,59,70,81,92
790	affine_residue	15,18,37,48,59,70,81,92
791	affine_residue	15,26,37,45,48,70,81,92
792	affine_residue	15,26,48,59,70,81,92,99
793	affine_residue	9,16,38,49,60,71,82,93
794	affine_residue	16,18,27,49,60,71,82,93
795	affine_residue	16,27,38,45,49,60,82,93
796	affine_residue	16,27,38,60,71,82,93,99
797	affine_residue	9,17,28,50,61,72,83,94
798	affine_residue	17,18,28,39,61,72,83,94
799	affine_residue	17,28,39,45,50,61,72,94
800	affine_residue	17,28,39,50,72,83,94,99
801	affine_residue	9,18,29,40,62,73,84,95
802	affine_residue	18,29,40,45,51,62,73,84
803	affine_residue	18,29,40,51,62,84,95,99
804	affine_residue	9,19,30,41,52,74,85,96
805	affine_residue	18,19,30,41,52,63,85,96
806	affine_residue	30,41,45,52,63,74,85,96
807	affine_residue	19,30,41,52,63,74,96,99
808	affine_residue	1,2,4,5,6,7,8,9,10
809	affine_residue	1,2,3,5,6,7,8,9,20
810	affine_residue	1,2,3,4,5,6,8,9,50
811	affine_residue	1,2,3,5,6,7,8,9,110
812	affine_residue	2,3,4,5,7,8,9,10,20
813	affine_residue	2,3,4,5,6,7,8,10,50
814	affine_residue	2,3,4,5,7,8,9,10,110
815	affine_residue	3,4,5,6,7,9,10,11,20
816	affine_residue	3,4,5,6,7,8,9,10,50
817	affine_residue	3,4,5,6,7,9,10,11,110
818	affine_residue	4,5,6,7,8,9,11,12,20
819	affine_residue	5,6,7,8,9,10,11,12,50
820	affine_residue	4,5,6,7,8,9,11,12,110
821	affine_residue	5,6,7,8,9,10,11,13,20
822	affine_residue	5,7,8,9,10,11,12,13,50
823	affine_residue	5,6,7,8,9,10,11,13,110
824	affine_residue	6,7,8,9,10,11,12,13,20
825	affine_residue	6,7,9,10,11,12,13,14,50
826	affine_residue	6,7,8,9,10,11,12,13,110
827	affine_residue	8,9,10,11,12,13,14,15,20
828	affine_residue	7,8,9,11,12,13,14,15,50
829	affine_residue	8,9,10,11,12,13,14,15,110
830	affine_residue	8,10,11,12,13,14,15,16,20
831	affine_residue	8,9,10,11,13,14,15,16,50
832	affine_residue	8,10,11,12,13,14,15,16,110
833	affine_residue	9,10,11,12,13,14,15,16,17
834	affine_residue	9,10,12,13,14,15,16,17,20
835	affine_residue	9,10,11,12,13,15,16,17,50
836	affine_residue	9,10,12,13,14,15,16,17,110
837	affine_residue	10,11,12,14,15,16,17,18,20
838	affine_residue	10,11,12,13,14,15,17,18,50
839	affine_residue	10,11,12,14,15,16,17,18,110
840	affine_residue	3,5,7,9,10,13,15,17,19
841	affine_residue	3,5,7,9,11,15,17,19,20
842	affine_residue	3,5,7,9,11,13,15,17,50
843	affine_residue	3,5,7,9,11,15,17,19,110
844	affine_residue	5,7,9,10,11,13,15,19,21
845	affine_residue	5,7,9,11,13,15,17,20,21
846	affine_residue	5,9,11,13,15,17,19,21,50
847	affine_residue	5,7,9,11,13,15,17,21,110
848	affine_residue	7,9,10,11,13,15,17,19,21
849	affine_residue	9,11,13,15,17,19,20,21,23
850	affine_residue	7,9,11,15,17,19,21,23,50
851	affine_residue	9,11,13,15,17,19,21,23,110
852	affine_residue	9,10,13,15,17,19,21,23,25
853	affine_residue	9,11,15,17,19,20,21,23,25
854	affine_residue	9,11,13,15,17,21,23,25,50
855	affine_residue	9,11,15,17,19,21,23,25,110
856	affine_residue	10,11,13,15,19,21,23,25,27
857	affine_residue	11,13,15,17,20,21,23,25,27
858	affine_residue	11,13,15,17,19,21,23,27,50
859	affine_residue	11,13,15,17,21,23,25,27,110
860	affine_residue	3,6,9,10,12,18,21,24,27
861	affine_residue	3,6,9,12,15,20,21,24,27
862	affine_residue	3,6,9,12,15,18,21,24,50
863	affine_residue	3,6,9,12,15,21,24,27,110
864	affine_residue	4,7,10,13,16,19,20,25,28
865	affine_residue	7,10,13,16,19,22,25,28,50
866	affine_residue	4,7,10,13,16,19,25,28,110
867	affine_residue	5,8,10,11,14,17,20,26,29
868	affine_residue	5,11,14,17,20,23,26,29,50
869	affine_residue	5,8,11,14,17,20,23,29,110
870	affine_residue	6,9,10,12,15,18,21,24,30
871	affine_residue	6,9,12,15,18,20,21,24,27
872	affine_residue	6,9,15,18,21,24,27,30,50
873	affine_residue	6,9,12,15,18,21,24,27,110
874	affine_residue	10,13,16,19,20,22,25,28,31
875	affine_residue	7,10,13,19,22,25,28,31,50
876	affine_residue	10,13,16,19,22,25,28,31,110
877	affine_residue	10,11,14,17,20,23,26,29,32
878	affine_residue	8,11,14,17,23,26,29,32,50
879	affine_residue	8,14,17,20,23,26,29,32,110
880	affine_residue	9,10,15,18,21,24,27,30,33
881	affine_residue	9,12,18,20,21,24,27,30,33
882	affine_residue	9,12,15,18,21,27,30,33,50
883	affine_residue	9,12,18,21,24,27,30,33,110
884	affine_residue	10,13,16,20,22,25,28,31,34
885	affine_residue	10,13,16,19,22,25,31,34,50
886	affine_residue	10,13,16,22,25,28,31,34,110
887	affine_residue	10,11,14,17,23,26,29,32,35
888	affine_residue	11,14,17,20,23,26,29,35,50
889	affine_residue	11,14,17,20,26,29,32,35,110
890	affine_residue	10,12,15,18,21,27,30,33,36
891	affine_residue	12,15,18,20,21,24,30,33,36
892	affine_residue	12,15,18,21,24,27,30,33,50
893	affine_residue	12,15,18,21,24,30,33,36,110
894	affine_residue	6,10,11,16,21,26,31,36,46
895	affine_residue	6,11,16,20,21,26,31,36,41
896	affine_residue	6,11,21,26,31,36,41,46,50
897	affine_residue	6,11,16,21,26,31,36,41,110
898	affine_residue	7,10,12,17,22,27,32,37,42
899	affine_residue	12,17,20,22,27,32,37,42,47
900	affine_residue	7,12,17,27,32,37,42,47,50
901	affine_residue	12,17,22,27,32,37,42,47,110
902	affine_residue	10,13,18,23,28,33,38,43,48
903	affine_residue	8,18,20,23,28,33,38,43,48
904	affine_residue	8,13,18,23,33,38,43,48,50
905	affine_residue	8,18,23,28,33,38,43,48,110
906	affine_residue	9,10,19,24,29,34,39,44,49
907	affine_residue	9,14,20,24,29,34,39,44,49
908	affine_residue	9,14,19,24,29,39,44,49,50
909	affine_residue	9,14,24,29,34,39,44,49,110
910	affine_residue	10,11,16,21,31,36,41,46,51
911	affine_residue	11,16,20,21,26,36,41,46,51
912	affine_residue	11,16,21,26,31,36,41,50,51
913	affine_residue	11,16,21,26,36,41,46,51,110
914	affine_residue	10,12,17,22,27,37,42,47,52
915	affine_residue	12,17,20,22,27,32,42,47,52
916	affine_residue	12,17,22,27,32,37,42,47,50
917	affine_residue	12,17,22,27,32,42,47,52,110
918	affine_residue	10,13,18,23,28,33,43,48,53
919	affine_residue	13,18,20,23,28,33,38,48,53
920	affine_residue	18,23,28,33,38,43,48,50,53
921	affine_residue	13,18,23,28,33,38,48,53,110
922	affine_residue	10,14,19,24,29,34,39,49,54
923	affine_residue	14,19,20,24,29,34,39,44,54
924	affine_residue	14,24,29,34,39,44,49,50,54
925	affine_residue	14,19,24,29,34,39,44,54,110
926	affine_residue	7,10,14,21,28,35,42,49,56
927	affine_residue	14,20,21,28,35,42,49,56,63
928	affine_residue	7,14,21,35,42,49,50,56,63
929	affine_residue	14,21,28,35,42,49,56,63,110
930	affine_residue	10,15,22,29,36,43,50,57,64
931	affine_residue	8,20,22,29,36,43,50,57,64
932	affine_residue	8,22,29,36,43,50,57,64,110
933	affine_residue	9,10,23,30,37,44,51,58,65
934	affine_residue	9,16,20,30,37,44,51,58,65
935	affine_residue	9,16,23,30,37,50,51,58,65
936	affine_residue	9,16,30,37,44,51,58,65,110
937	affine_residue	10,17,20,24,38,45,52,59,66
938	affine_residue	10,17,24,31,38,45,50,59,66
939	affine_residue	10,17,24,38,45,52,59,66,110
940	affine_residue	10,11,18,25,39,46,53,60,67
941	affine_residue	11,18,20,25,32,46,53,60,67
942	affine_residue	11,18,25,32,39,46,50,53,67
943	affine_residue	11,18,25,32,46,53,60,67,110
944	affine_residue	10,12,19,26,33,47,54,61,68
945	affine_residue	12,19,20,26,33,40,54,61,68
946	affine_residue	12,19,26,33,40,47,50,54,61
947	affine_residue	12,19,26,33,40,54,61,68,110
948	affine_residue	10,13,20,27,34,41,55,62,69
949	affine_residue	20,27,34,41,48,50,55,62,69
950	affine_residue	13,20,27,34,41,48,62,69,110
951	affine_residue	10,14,21,28,35,42,49,63,70
952	affine_residue	14,20,21,28,35,42,49,56,70
953	affine_residue	14,28,35,42,49,50,56,63,70
954	affine_residue	14,21,28,35,42,49,56,70,110
955	affine_residue	10,15,22,29,36,43,50,57,71
956	affine_residue	15,20,22,29,36,43,50,57,64
957	affine_residue	15,22,29,36,43,50,57,64,110
958	affine_residue	10,16,23,30,37,44,51,58,65
959	affine_residue	20,23,30,37,44,51,58,65,72
960	affine_residue	16,23,30,44,50,51,58,65,72
961	affine_residue	23,30,37,44,51,58,65,72,110
962	affine_residue	10,11,22,33,55,66,77,88,99
963	affine_residue	11,20,22,33,44,66,77,88,99
964	affine_residue	11,22,33,44,50,55,66,77,99
965	affine_residue	10,12,23,34,45,67,78,89,100
966	affine_residue	12,20,23,34,45,56,78,89,100
967	affine_residue	12,23,34,45,50,56,67,78,89
968	affine_residue	12,23,34,45,56,78,89,100,110
969	affine_residue	10,13,24,35,46,57,79,90,101
970	affine_residue	13,20,24,35,46,57,68,90,101
971	affine_residue	24,35,46,50,57,68,79,90,101
972	affine_residue	13,24,35,46,57,68,90,101,110
973	affine_residue	10,14,25,36,47,58,69,91,102
974	affine_residue	14,20,25,36,47,58,69,80,102
975	affine_residue	14,36,47,50,58,69,80,91,102
976	affine_residue	14,25,36,47,58,69,80,102,110
977	affine_residue	10,15,26,37,48,59,70,81,103
978	affine_residue	15,20,26,37,48,59,70,81,92
979	affine_residue	15,26,48,50,59,70,81,92,103
980	affine_residue	15,26,37,48,59,70,81,92,110
981	affine_residue	10,16,27,38,49,60,71,82,93
982	affine_residue	20,27,38,49,60,71,82,93,104
983	affine_residue	16,27,38,50,60,71,82,93,104
984	affine_residue	27,38,49,60,71,82,93,104,110
985	affine_residue	10,28,39,50,61,72,83,94,105
986	affine_residue	17,20,39,50,61,72,83,94,105
987	affine_residue	17,39,50,61,72,83,94,105,110
988	affine_residue	10,18,40,51,62,73,84,95,106
989	affine_residue	18,20,29,51,62,73,84,95,106
990	affine_residue	18,29,40,50,51,62,84,95,106
991	affine_residue	18,29,51,62,73,84,95,106,110
992	affine_residue	10,19,30,52,63,74,85,96,107
993	affine_residue	19,20,30,41,63,74,85,96,107
994	affine_residue	19,30,41,50,52,63,74,96,107
995	affine_residue	19,30,41,63,74,85,96,107,110
996	affine_residue	10,20,31,42,64,75,86,97,108
997	affine_residue	20,31,42,50,53,64,75,86,108
998	affine_residue	20,31,42,53,75,86,97,108,110
999	affine_residue	1,2,4,5,6,7,8,9,10,11
1000	affine_residue	1,2,3,5,6,7,8,9,10,22
1001	affine_residue	1,2,3,4,5,6,8,9,10,55
1002	affine_residue	1,2,4,5,6,7,8,9,10,121
1003	affine_residue	2,3,4,5,7,8,9,10,11,22
1004	affine_residue	2,3,4,5,6,7,8,10,11,55
1005	affine_residue	2,3,4,6,7,8,9,10,11,121
1006	affine_residue	3,4,5,6,7,9,10,11,12,22
1007	affine_residue	3,4,5,6,7,8,9,10,12,55
1008	affine_residue	3,4,5,6,8,9,10,11,12,121
1009	affine_residue	4,5,6,7,8,9,11,12,13,22
1010	affine_residue	4,5,6,7,8,9,10,11,12,55
1011	affine_residue	4,5,6,7,8,10,11,12,13,121
1012	affine_residue	5,6,7,8,9,10,11,12,13,14
1013	affine_residue	5,6,7,8,9,10,11,13,14,22
1014	affine_residue	6,7,8,9,10,11,12,13,14,55
1015	affine_residue	5,6,7,8,9,10,12,13,14,121
1016	affine_residue	6,7,8,9,10,11,12,13,15,22
1017	affine_residue	6,8,9,10,11,12,13,14,15,55
1018	affine_residue	6,7,8,9,10,11,12,14,15,121
1019	affine_residue	7,8,9,10,11,12,13,14,15,22
1020	affine_residue	7,8,10,11,12,13,14,15,16,55
1021	affine_residue	7,8,9,10,11,12,13,14,16,121
1022	affine_residue	9,10,11,12,13,14,15,16,17,22
1023	affine_residue	8,9,10,12,13,14,15,16,17,55
1024	affine_residue	8,9,10,11,12,13,14,15,16,121
1025	affine_residue	9,11,12,13,14,15,16,17,18,22
1026	affine_residue	9,10,11,12,14,15,16,17,18,55
1027	affine_residue	10,11,12,13,14,15,16,17,18,121
1028	affine_residue	10,11,12,13,14,15,16,17,18,19
1029	affine_residue	10,11,13,14,15,16,17,18,19,22
1030	affine_residue	10,11,12,13,14,16,17,18,19,55
1031	affine_residue	10,12,13,14,15,16,17,18,19,121
1032	affine_residue	11,12,13,15,16,17,18,19,20,22
1033	affine_residue	11,12,13,14,15,16,18,19,20,55
1034	affine_residue	11,12,14,15,16,17,18,19,20,121
1035	affine_residue	2,4,6,10,11,12,14,16,18,20
1036	affine_residue	2,4,6,8,10,12,14,18,20,55
1037	affine_residue	2,4,6,10,12,14,16,18,20,121
1038	affine_residue	3,5,7,9,11,13,15,17,19,21
1039	affine_residue	3,5,7,9,11,15,17,19,21,22
1040	affine_residue	3,5,7,9,11,13,15,17,21,55
1041	affine_residue	3,5,7,9,13,15,17,19,21,121
1042	affine_residue	4,6,8,10,11,12,16,18,20,22
1043	affine_residue	4,6,8,10,12,14,16,18,20,55
1044	affine_residue	4,6,8,10,12,16,18,20,22,121
1045	affine_residue	5,7,9,11,13,15,17,21,22,23
1046	affine_residue	7,9,11,13,15,17,19,21,23,55
1047	affine_residue	5,7,9,11,13,15,19,21,23,121
1048	affine_residue	6,8,10,11,12,14,16,18,22,24
1049	affine_residue	6,10,12,14,16,18,20,22,24,55
1050	affine_residue	6,8,10,12,14,16,18,22,24,121
1051	affine_residue	7,9,11,13,15,17,19,21,22,23
1052	affine_residue	7,9,13,15,17,19,21,23,25,55
1053	affine_residue	7,9,11,13,15,17,19,21,25,121
1054	affine_residue	8,10,11,12,14,16,18,20,22,24
1055	affine_residue	8,10,12,16,18,20,22,24,26,55
1056	affine_residue	8,10,12,14,16,18,20,22,24,121
1057	affine_residue	9,13,15,17,19,21,22,23,25,27
1058	affine_residue	9,11,13,15,19,21,23,25,27,55
1059	affine_residue	11,13,15,17,19,21,23,25,27,121
1060	affine_residue	10,11,14,16,18,20,22,24,26,28
1061	affine_residue	10,12,14,16,18,22,24,26,28,55
1062	affine_residue	10,14,16,18,20,22,24,26,28,121
1063	affine_residue	11,13,15,19,21,22,23,25,27,29
1064	affine_residue	11,13,15,17,19,21,25,27,29,55
1065	affine_residue	11,13,17,19,21,23,25,27,29,121
1066	affine_residue	11,12,14,16,20,22,24,26,28,30
1067	affine_residue	12,14,16,18,20,22,24,28,30,55
1068	affine_residue	12,14,16,20,22,24,26,28,30,121
1069	affine_residue	3,6,9,11,12,18,21,24,27,30
1070	affine_residue	3,6,9,12,15,21,22,24,27,30
1071	affine_residue	3,6,9,12,15,18,21,24,30,55
1072	affine_residue	3,6,9,12,18,21,24,27,30,121
1073	affine_residue	4,7,10,11,13,16,22,25,28,31
1074	affine_residue	4,7,10,13,16,19,22,25,28,31
1075	affine_residue	4,7,10,13,16,19,22,25,28,55
1076	affine_residue	4,7,10,13,16,22,25,28,31,121
1077	affine_residue	5,8,11,14,17,20,22,23,29,32
1078	affine_residue	8,11,14,17,20,23,26,29,32,55
1079	affine_residue	5,8,11,14,17,20,26,29,32,121
1080	affine_residue	6,9,11,12,15,18,21,24,30,33
1081	affine_residue	6,9,12,15,18,21,22,24,27,33
1082	affine_residue	6,12,15,18,21,24,27,30,33,55
1083	affine_residue	6,9,12,15,18,21,24,30,33,121
1084	affine_residue	7,10,11,13,16,19,22,25,28,34
1085	affine_residue	7,10,16,19,22,25,28,31,34,55
1086	affine_residue	7,10,13,16,19,22,25,28,34,121
1087	affine_residue	11,14,17,20,22,23,26,29,32,35
1088	affine_residue	8,11,14,20,23,26,29,32,35,55
1089	affine_residue	8,11,14,17,20,23,26,29,32,121
1090	affine_residue	11,12,15,18,21,24,27,30,33,36
1091	affine_residue	9,15,18,21,22,24,27,30,33,36
1092	affine_residue	9,12,15,18,24,27,30,33,36,55
1093	affine_residue	12,15,18,21,24,27,30,33,36,121
1094	affine_residue	10,11,16,19,22,25,28,31,34,37
1095	affine_residue	10,13,16,19,22,28,31,34,37,55
1096	affine_residue	10,16,19,22,25,28,31,34,37,121
1097	affine_residue	11,14,17,22,23,26,29,32,35,38
1098	affine_residue	11,14,17,20,23,26,32,35,38,55
1099	affine_residue	11,14,20,23,26,29,32,35,38,121
1100	affine_residue	11,12,15,18,24,27,30,33,36,39
1101	affine_residue	12,15,18,21,22,27,30,33,36,39
1102	affine_residue	12,15,18,21,24,27,30,36,39,55
1103	affine_residue	12,15,18,24,27,30,33,36,39,121
1104	affine_residue	11,13,16,19,22,28,31,34,37,40
1105	affine_residue	13,16,19,22,25,28,31,34,40,55
1106	affine_residue	13,16,19,22,28,31,34,37,40,121
1107	affine_residue	5,10,11,15,20,25,30,40,45,50
1108	affine_residue	5,10,15,20,22,25,30,35,45,50
1109	affine_residue	5,10,15,20,25,30,40,45,50,121
1110	affine_residue	6,11,16,21,22,26,31,36,41,51
1111	affine_residue	6,16,21,26,31,36,41,46,51,55
1112	affine_residue	6,11,16,21,26,31,36,46,51,121
1113	affine_residue	7,11,12,17,22,27,32,37,42,52
1114	affine_residue	7,12,22,27,32,37,42,47,52,55
1115	affine_residue	7,12,17,22,27,32,37,42,52,121
1116	affine_residue	8,11,13,18,23,28,33,38,43,48
1117	affine_residue	13,18,22,23,28,33,38,43,48,53
1118	affine_residue	8,13,18,28,33,38,43,48,53,55
1119	affine_residue	8,13,18,23,28,33,38,43,48,121
1120	affine_residue	11,14,19,24,29,34,39,44,49,54
1121	affine_residue	9,19,22,24,29,34,39,44,49,54
1122	affine_residue	9,14,19,24,34,39,44,49,54,55
1123	affine_residue	14,19,24,29,34,39,44,49,54,121
1124	affine_residue	10,11,20,25,30,35,40,45,50,55
1125	affine_residue	10,15,22,25,30,35,40,45,50,55
1126	affine_residue	10,20,25,30,35,40,45,50,55,121
1127	affine_residue	11,16,21,22,31,36,41,46,51,56
1128	affine_residue	11,16,21,26,31,36,46,51,55,56
1129	affine_residue	11,16,26,31,36,41,46,51,56,121
1130	affine_residue	11,12,17,22,32,37,42,47,52,57
1131	affine_residue	12,17,22,27,32,37,42,52,55,57
1132	affine_residue	12,17,22,32,37,42,47,52,57,121
1133	affine_residue	11,13,18,23,28,38,43,48,53,58
1134	affine_residue	13,18,22,23,28,33,43,48,53,58
1135	affine_residue	13,18,23,28,33,38,43,48,55,58
1136	affine_residue	13,18,23,28,38,43,48,53,58,121
1137	affine_residue	11,14,19,24,29,34,44,49,54,59
1138	affine_residue	14,19,22,24,29,34,39,49,54,59
1139	affine_residue	14,19,24,29,34,39,44,49,54,55
1140	affine_residue	14,19,24,29,34,44,49,54,59,121
1141	affine_residue	11,15,20,25,30,35,40,50,55,60
1142	affine_residue	15,20,22,25,30,35,40,45,55,60
1143	affine_residue	15,20,25,30,35,40,50,55,60,121
1144	affine_residue	7,11,14,21,28,35,42,49,56,70
1145	affine_residue	7,14,21,22,28,35,42,49,56,63
1146	affine_residue	7,14,28,35,42,49,55,56,63,70
1147	affine_residue	7,14,21,28,35,42,49,56,70,121
1148	affine_residue	8,11,15,22,29,36,43,50,57,64
1149	affine_residue	8,15,22,36,43,50,55,57,64,71
1150	affine_residue	8,15,22,29,36,43,50,57,64,121
1151	affine_residue	11,16,23,30,37,44,51,58,65,72
1152	affine_residue	9,22,23,30,37,44,51,58,65,72
1153	affine_residue	9,16,23,30,44,51,55,58,65,72
1154	affine_residue	16,23,30,37,44,51,58,65,72,121
1155	affine_residue	10,11,24,31,38,45,52,59,66,73
1156	affine_residue	10,17,22,31,38,45,52,59,66,73
1157	affine_residue	10,17,24,31,38,52,55,59,66,73
1158	affine_residue	10,24,31,38,45,52,59,66,73,121
1159	affine_residue	11,18,22,25,39,46,53,60,67,74
1160	affine_residue	11,18,25,32,39,46,55,60,67,74
1161	affine_residue	11,18,32,39,46,53,60,67,74,121
1162	affine_residue	11,12,19,26,40,47,54,61,68,75
1163	affine_residue	12,19,22,26,33,47,54,61,68,75
1164	affine_residue	12,19,26,33,40,47,54,55,68,75
1165	affine_residue	12,19,26,40,47,54,61,68,75,121
1166	affine_residue	11,13,20,27,34,48,55,62,69,76
1167	affine_residue	13,20,22,27,34,41,55,62,69,76
1168	affine_residue	13,20,27,34,48,55,62,69,76,121
1169	affine_residue	11,14,21,28,35,42,56,63,70,77
1170	affine_residue	14,21,22,28,35,42,49,63,70,77
1171	affine_residue	14,21,28,35,42,49,55,56,63,70
1172	affine_residue	14,21,28,35,42,56,63,70,77,121
1173	affine_residue	11,15,22,29,36,43,50,64,71,78
1174	affine_residue	22,29,36,43,50,55,57,64,71,78
1175	affine_residue	15,22,29,36,43,50,64,71,78,121
1176	affine_residue	11,16,23,30,37,44,51,58,72,79
1177	affine_residue	16,22,23,30,37,44,51,58,65,79
1178	affine_residue	16,30,37,44,51,55,58,65,72,79
1179	affine_residue	16,23,30,37,44,51,58,72,79,121
1180	affine_residue	11,17,24,31,38,45,52,59,66,80
1181	affine_residue	17,22,24,31,38,45,52,59,66,73
1182	affine_residue	17,24,38,45,52,55,59,66,73,80
1183	affine_residue	17,24,31,38,45,52,59,66,80,121
1184	affine_residue	11,12,23,34,56,67,78,89,100,111
1185	affine_residue	12,22,23,34,45,67,78,89,100,111
1186	affine_residue	12,23,34,45,55,56,67,78,100,111
1187	affine_residue	12,23,34,56,67,78,89,100,111,121
1188	affine_residue	11,13,24,35,46,68,79,90,101,112
1189	affine_residue	13,22,24,35,46,57,79,90,101,112
1190	affine_residue	13,24,35,46,55,57,68,79,90,112
1191	affine_residue	13,24,35,46,68,79,90,101,112,121
1192	affine_residue	11,14,25,36,47,58,80,91,102,113
1193	affine_residue	14,22,25,36,47,58,69,91,102,113
1194	affine_residue	14,25,36,47,55,58,69,80,91,102
1195	affine_residue	14,25,36,47,58,80,91,102,113,121
1196	affine_residue	11,15,26,37,48,59,70,92,103,114
1197	affine_residue	15,22,26,37,48,59,70,81,103,114
1198	affine_residue	26,37,48,55,59,70,81,92,103,114
1199	affine_residue	15,26,37,48,59,70,92,103,114,121
1200	affine_residue	11,16,27,38,49,60,71,82,104,115
1201	affine_residue	16,22,27,38,49,60,71,82,93,115
1202	affine_residue	16,38,49,55,60,71,82,93,104,115
1203	affine_residue	16,27,38,49,60,71,82,104,115,121
1204	affine_residue	11,17,28,39,50,61,72,83,94,116
1205	affine_residue	17,22,28,39,50,61,72,83,94,105
1206	affine_residue	17,28,50,55,61,72,83,94,105,116
1207	affine_residue	17,28,39,50,61,72,83,94,116,121
1208	affine_residue	11,18,29,40,51,62,73,84,95,106
1209	affine_residue	22,29,40,51,62,73,84,95,106,117
1210	affine_residue	18,29,40,55,62,73,84,95,106,117
1211	affine_residue	18,29,40,51,62,73,84,95,106,121
1212	affine_residue	11,30,41,52,63,74,85,96,107,118
1213	affine_residue	19,22,41,52,63,74,85,96,107,118
1214	affine_residue	19,30,41,52,55,74,85,96,107,118
1215	affine_residue	30,41,52,63,74,85,96,107,118,121
1216	affine_residue	11,20,42,53,64,75,86,97,108,119
1217	affine_residue	20,22,31,53,64,75,86,97,108,119
1218	affine_residue	20,31,42,53,55,64,86,97,108,119
1219	affine_residue	20,42,53,64,75,86,97,108,119,121
1220	affine_residue	11,21,32,54,65,76,87,98,109,120
1221	affine_residue	21,22,32,43,65,76,87,98,109,120
1222	affine_residue	21,32,43,54,55,65,76,98,109,120
1223	affine_residue	21,32,54,65,76,87,98,109,120,121
1224	large_N_multiple,raw_mutation_N	1,2,3,50
1225	large_N_multiple,raw_mutation_N	1,2,3,4,60
1226	large_N_multiple	1,2,3,4,5,70
1227	large_N_multiple	1,2,3,4,5,6,80
1228	large_N_multiple	1,2,3,4,5,6,7,90
1229	large_N_multiple	1,2,3,4,5,6,7,8,100
1230	large_N_multiple	1,2,3,4,5,6,7,8,9,110
1231	large_N_multiple	1,2,3,4,5,6,7,8,9,10,120
1232	large_N_multiple	1,2,3,4,5,6,7,8,9,10,11,130
1233	raw_mutation	1,2,3,6
1234	raw_mutation	1,2,3,7
1235	raw_mutation,deterministic_mutation	1,2,3,8
1236	raw_mutation	1,2,3,9
1237	raw_mutation	1,2,4,6
1238	raw_mutation	1,2,4,7
1239	raw_mutation	1,2,4,8
1240	raw_mutation	1,2,4,9
1241	raw_mutation	1,2,5,6
1242	raw_mutation,raw_mutation_N	1,2,5,7
1243	raw_mutation	1,2,5,8
1244	raw_mutation	1,2,5,9
1245	raw_mutation	1,2,6,7
1246	raw_mutation	1,2,6,8
1247	raw_mutation	1,2,6,9
1248	raw_mutation,raw_mutation_N	1,3,4,5
1249	raw_mutation	1,3,4,6
1250	raw_mutation	1,3,4,8
1251	raw_mutation,deterministic_mutation	1,3,4,9
1252	raw_mutation,raw_mutation_N	1,3,5,6
1253	raw_mutation,raw_mutation_N	1,3,5,7
1254	raw_mutation,raw_mutation_N	1,3,5,8
1255	raw_mutation,raw_mutation_N	1,3,5,9
1256	raw_mutation	1,3,6,7
1257	raw_mutation	1,3,6,8
1258	raw_mutation	1,3,6,9
1259	raw_mutation,raw_mutation_N	1,4,5,6
1260	raw_mutation,raw_mutation_N,deterministic_mutation	1,4,5,7
1261	raw_mutation,raw_mutation_N	1,4,5,8
1262	raw_mutation,raw_mutation_N	1,4,5,9
1263	raw_mutation	1,4,6,7
1264	raw_mutation	1,4,6,8
1265	raw_mutation	1,4,6,9
1266	raw_mutation,raw_mutation_N	1,5,6,7
1267	raw_mutation	1,5,6,8
1268	raw_mutation	1,5,6,9
1269	raw_mutation,deterministic_mutation	2,3,4,6
1270	raw_mutation	2,3,4,7
1271	raw_mutation	2,3,4,8
1272	raw_mutation	2,3,4,9
1273	raw_mutation	2,3,5,6
1274	raw_mutation,raw_mutation_N	2,3,5,7
1275	raw_mutation	2,3,5,8
1276	raw_mutation	2,3,5,9
1277	raw_mutation	2,3,6,7
1278	raw_mutation	2,3,6,8
1279	raw_mutation	2,3,6,9
1280	raw_mutation,raw_mutation_N	2,4,5,7
1281	raw_mutation	2,4,5,8
1282	raw_mutation	2,4,5,9
1283	raw_mutation	2,4,6,7
1284	raw_mutation	2,4,6,9
1285	raw_mutation	2,5,6,7
1286	raw_mutation	2,5,6,8
1287	raw_mutation	2,5,6,9
1288	raw_mutation,raw_mutation_N	3,4,5,6
1289	raw_mutation,raw_mutation_N	3,4,5,7
1290	raw_mutation,raw_mutation_N	3,4,5,8
1291	raw_mutation,raw_mutation_N	3,4,5,9
1292	raw_mutation	3,4,6,7
1293	raw_mutation	3,4,6,8
1294	raw_mutation	3,4,6,9
1295	raw_mutation,raw_mutation_N	3,5,6,7
1296	raw_mutation	3,5,6,8
1297	raw_mutation	3,5,6,9
1298	raw_mutation_N	3,4,7,10
1299	raw_mutation_N	3,4,7,15
1300	raw_mutation_N	3,4,7,20
1301	raw_mutation_N	3,4,7,25
1302	raw_mutation_N	3,4,7,30
1303	raw_mutation_N	3,4,7,35
1304	raw_mutation_N	3,4,7,40
1305	raw_mutation_N	3,4,7,45
1306	raw_mutation_N	3,4,7,50
1307	raw_mutation_N	3,4,7,55
1308	raw_mutation_N	3,4,7,60
1309	raw_mutation_N	3,4,7,65
1310	raw_mutation_N	3,4,7,70
1311	raw_mutation_N	3,4,7,75
1312	raw_mutation_N	3,4,7,80
1313	raw_mutation_N	3,4,7,85
1314	raw_mutation_N	3,4,7,90
1315	raw_mutation_N	3,4,7,95
1316	raw_mutation_N	3,4,7,100
1317	raw_mutation_N	1,4,7,10
1318	raw_mutation_N	1,4,7,15
1319	raw_mutation_N	1,4,7,20
1320	raw_mutation_N,deterministic_mutation	1,4,7,25
1321	raw_mutation_N	1,4,7,30
1322	raw_mutation_N	1,4,7,35
1323	raw_mutation_N	1,4,7,40
1324	raw_mutation_N	1,4,7,45
1325	raw_mutation_N	1,4,7,50
1326	raw_mutation_N	1,4,7,55
1327	raw_mutation_N	1,4,7,60
1328	raw_mutation_N	1,4,7,65
1329	raw_mutation_N	1,4,7,70
1330	raw_mutation_N	1,4,7,75
1331	raw_mutation_N	1,4,7,80
1332	raw_mutation_N	1,4,7,85
1333	raw_mutation_N	1,4,7,90
1334	raw_mutation_N	1,4,7,95
1335	raw_mutation_N	1,4,7,100
1336	raw_mutation_N	1,3,7,10
1337	raw_mutation_N	1,3,7,15
1338	raw_mutation_N	1,3,7,20
1339	raw_mutation_N	1,3,7,25
1340	raw_mutation_N	1,3,7,30
1341	raw_mutation_N	1,3,7,35
1342	raw_mutation_N	1,3,7,40
1343	raw_mutation_N	1,3,7,45
1344	raw_mutation_N	1,3,7,50
1345	raw_mutation_N	1,3,7,55
1346	raw_mutation_N	1,3,7,60
1347	raw_mutation_N	1,3,7,65
1348	raw_mutation_N	1,3,7,70
1349	raw_mutation_N	1,3,7,75
1350	raw_mutation_N	1,3,7,80
1351	raw_mutation_N	1,3,7,85
1352	raw_mutation_N	1,3,7,90
1353	raw_mutation_N	1,3,7,95
1354	raw_mutation_N	1,3,7,100
1355	raw_mutation_N	1,3,4,10
1356	raw_mutation_N	1,3,4,15
1357	raw_mutation_N	1,3,4,20
1358	raw_mutation_N	1,3,4,25
1359	raw_mutation_N	1,3,4,30
1360	raw_mutation_N	1,3,4,35
1361	raw_mutation_N,deterministic_mutation	1,3,4,40
1362	raw_mutation_N	1,3,4,45
1363	raw_mutation_N	1,3,4,50
1364	raw_mutation_N	1,3,4,55
1365	raw_mutation_N	1,3,4,60
1366	raw_mutation_N	1,3,4,65
1367	raw_mutation_N	1,3,4,70
1368	raw_mutation_N	1,3,4,75
1369	raw_mutation_N	1,3,4,80
1370	raw_mutation_N	1,3,4,85
1371	raw_mutation_N	1,3,4,90
1372	raw_mutation_N	1,3,4,95
1373	raw_mutation_N	1,3,4,100
1374	raw_mutation_N,deterministic_mutation	2,4,7,10
1375	raw_mutation_N	2,4,7,15
1376	raw_mutation_N	2,4,7,20
1377	raw_mutation_N	2,4,7,25
1378	raw_mutation_N	2,4,7,30
1379	raw_mutation_N	2,4,7,35
1380	raw_mutation_N	2,4,7,40
1381	raw_mutation_N	2,4,7,45
1382	raw_mutation_N	2,4,7,50
1383	raw_mutation_N	2,4,7,55
1384	raw_mutation_N	2,4,7,60
1385	raw_mutation_N	2,4,7,65
1386	raw_mutation_N	2,4,7,70
1387	raw_mutation_N	2,4,7,75
1388	raw_mutation_N	2,4,7,80
1389	raw_mutation_N	2,4,7,85
1390	raw_mutation_N	2,4,7,90
1391	raw_mutation_N	2,4,7,95
1392	raw_mutation_N	2,4,7,100
1393	raw_mutation_N	2,3,7,10
1394	raw_mutation_N	2,3,7,15
1395	raw_mutation_N	2,3,7,20
1396	raw_mutation_N	2,3,7,25
1397	raw_mutation_N	2,3,7,30
1398	raw_mutation_N	2,3,7,35
1399	raw_mutation_N	2,3,7,40
1400	raw_mutation_N	2,3,7,45
1401	raw_mutation_N	2,3,7,50
1402	raw_mutation_N	2,3,7,55
1403	raw_mutation_N	2,3,7,60
1404	raw_mutation_N	2,3,7,65
1405	raw_mutation_N	2,3,7,70
1406	raw_mutation_N	2,3,7,75
1407	raw_mutation_N	2,3,7,80
1408	raw_mutation_N	2,3,7,85
1409	raw_mutation_N	2,3,7,90
1410	raw_mutation_N	2,3,7,95
1411	raw_mutation_N	2,3,7,100
1412	raw_mutation_N	2,3,4,10
1413	raw_mutation_N	2,3,4,15
1414	raw_mutation_N	2,3,4,20
1415	raw_mutation_N	2,3,4,30
1416	raw_mutation_N	2,3,4,35
1417	raw_mutation_N	2,3,4,40
1418	raw_mutation_N	2,3,4,45
1419	raw_mutation_N	2,3,4,50
1420	raw_mutation_N	2,3,4,60
1421	raw_mutation_N	2,3,4,65
1422	raw_mutation_N	2,3,4,70
1423	raw_mutation_N	2,3,4,75
1424	raw_mutation_N	2,3,4,80
1425	raw_mutation_N	2,3,4,85
1426	raw_mutation_N	2,3,4,90
1427	raw_mutation_N	2,3,4,95
1428	raw_mutation_N	2,3,4,100
1429	raw_mutation_N	1,2,7,10
1430	raw_mutation_N	1,2,7,15
1431	raw_mutation_N	1,2,7,20
1432	raw_mutation_N	1,2,7,25
1433	raw_mutation_N	1,2,7,30
1434	raw_mutation_N	1,2,7,35
1435	raw_mutation_N	1,2,7,40
1436	raw_mutation_N	1,2,7,45
1437	raw_mutation_N	1,2,7,50
1438	raw_mutation_N	1,2,7,55
1439	raw_mutation_N	1,2,7,60
1440	raw_mutation_N	1,2,7,65
1441	raw_mutation_N	1,2,7,70
1442	raw_mutation_N	1,2,7,75
1443	raw_mutation_N	1,2,7,80
1444	raw_mutation_N	1,2,7,85
1445	raw_mutation_N	1,2,7,90
1446	raw_mutation_N	1,2,7,95
1447	raw_mutation_N	1,2,7,100
1448	raw_mutation_N,deterministic_mutation	1,2,4,10
1449	raw_mutation_N	1,2,4,15
1450	raw_mutation_N	1,2,4,20
1451	raw_mutation_N	1,2,4,30
1452	raw_mutation_N	1,2,4,35
1453	raw_mutation_N	1,2,4,40
1454	raw_mutation_N	1,2,4,45
1455	raw_mutation_N	1,2,4,50
1456	raw_mutation_N	1,2,4,55
1457	raw_mutation_N	1,2,4,60
1458	raw_mutation_N	1,2,4,65
1459	raw_mutation_N	1,2,4,70
1460	raw_mutation_N	1,2,4,75
1461	raw_mutation_N	1,2,4,80
1462	raw_mutation_N	1,2,4,85
1463	raw_mutation_N	1,2,4,90
1464	raw_mutation_N	1,2,4,95
1465	raw_mutation_N	1,2,4,100
1466	raw_mutation_N,deterministic_mutation	4,5,7,15
1467	raw_mutation_N	4,5,7,20
1468	raw_mutation_N	4,5,7,25
1469	raw_mutation_N	4,5,7,30
1470	raw_mutation_N	4,5,7,35
1471	raw_mutation_N	4,5,7,40
1472	raw_mutation_N	4,5,7,45
1473	raw_mutation_N	4,5,7,50
1474	raw_mutation_N	4,5,7,55
1475	raw_mutation_N	4,5,7,60
1476	raw_mutation_N	4,5,7,65
1477	raw_mutation_N	4,5,7,70
1478	raw_mutation_N	4,5,7,75
1479	raw_mutation_N	4,5,7,80
1480	raw_mutation_N	4,5,7,85
1481	raw_mutation_N	4,5,7,90
1482	raw_mutation_N	4,5,7,95
1483	raw_mutation_N	4,5,7,100
1484	raw_mutation_N	1,5,7,10
1485	raw_mutation_N	1,5,7,15
1486	raw_mutation_N	1,5,7,20
1487	raw_mutation_N	1,5,7,25
1488	raw_mutation_N	1,5,7,30
1489	raw_mutation_N	1,5,7,35
1490	raw_mutation_N	1,5,7,40
1491	raw_mutation_N	1,5,7,45
1492	raw_mutation_N	1,5,7,50
1493	raw_mutation_N	1,5,7,55
1494	raw_mutation_N	1,5,7,60
1495	raw_mutation_N	1,5,7,65
1496	raw_mutation_N	1,5,7,70
1497	raw_mutation_N	1,5,7,75
1498	raw_mutation_N	1,5,7,80
1499	raw_mutation_N	1,5,7,85
1500	raw_mutation_N	1,5,7,90
1501	raw_mutation_N	1,5,7,95
1502	raw_mutation_N	1,5,7,100
1503	raw_mutation_N	1,4,5,10
1504	raw_mutation_N	1,4,5,15
1505	raw_mutation_N	1,4,5,20
1506	raw_mutation_N	1,4,5,25
1507	raw_mutation_N	1,4,5,30
1508	raw_mutation_N	1,4,5,35
1509	raw_mutation_N	1,4,5,40
1510	raw_mutation_N	1,4,5,45
1511	raw_mutation_N	1,4,5,50
1512	raw_mutation_N	1,4,5,55
1513	raw_mutation_N	1,4,5,60
1514	raw_mutation_N	1,4,5,65
1515	raw_mutation_N	1,4,5,70
1516	raw_mutation_N	1,4,5,75
1517	raw_mutation_N	1,4,5,80
1518	raw_mutation_N	1,4,5,85
1519	raw_mutation_N	1,4,5,90
1520	raw_mutation_N	1,4,5,95
1521	raw_mutation_N	1,4,5,100
1522	raw_mutation_N	4,6,7,10
1523	raw_mutation_N	4,6,7,15
1524	raw_mutation_N	4,6,7,20
1525	raw_mutation_N	4,6,7,30
1526	raw_mutation_N	4,6,7,35
1527	raw_mutation_N	4,6,7,40
1528	raw_mutation_N	4,6,7,45
1529	raw_mutation_N	4,6,7,50
1530	raw_mutation_N	4,6,7,55
1531	raw_mutation_N	4,6,7,60
1532	raw_mutation_N	4,6,7,65
1533	raw_mutation_N	4,6,7,70
1534	raw_mutation_N	4,6,7,75
1535	raw_mutation_N	4,6,7,80
1536	raw_mutation_N	4,6,7,85
1537	raw_mutation_N	4,6,7,90
1538	raw_mutation_N	4,6,7,95
1539	raw_mutation_N	4,6,7,100
1540	raw_mutation_N	1,6,7,10
1541	raw_mutation_N,deterministic_mutation	1,6,7,15
1542	raw_mutation_N	1,6,7,20
1543	raw_mutation_N	1,6,7,25
1544	raw_mutation_N	1,6,7,30
1545	raw_mutation_N	1,6,7,35
1546	raw_mutation_N	1,6,7,40
1547	raw_mutation_N	1,6,7,45
1548	raw_mutation_N	1,6,7,50
1549	raw_mutation_N	1,6,7,55
1550	raw_mutation_N	1,6,7,60
1551	raw_mutation_N	1,6,7,65
1552	raw_mutation_N	1,6,7,70
1553	raw_mutation_N	1,6,7,75
1554	raw_mutation_N	1,6,7,80
1555	raw_mutation_N	1,6,7,85
1556	raw_mutation_N	1,6,7,90
1557	raw_mutation_N	1,6,7,95
1558	raw_mutation_N	1,6,7,100
1559	raw_mutation_N	1,4,6,10
1560	raw_mutation_N	1,4,6,15
1561	raw_mutation_N	1,4,6,20
1562	raw_mutation_N	1,4,6,25
1563	raw_mutation_N	1,4,6,30
1564	raw_mutation_N	1,4,6,35
1565	raw_mutation_N	1,4,6,40
1566	raw_mutation_N	1,4,6,45
1567	raw_mutation_N	1,4,6,50
1568	raw_mutation_N	1,4,6,55
1569	raw_mutation_N	1,4,6,60
1570	raw_mutation_N	1,4,6,65
1571	raw_mutation_N	1,4,6,70
1572	raw_mutation_N	1,4,6,75
1573	raw_mutation_N	1,4,6,80
1574	raw_mutation_N	1,4,6,85
1575	raw_mutation_N	1,4,6,90
1576	raw_mutation_N	1,4,6,95
1577	raw_mutation_N	1,4,6,100
1578	raw_mutation_N	1,2,3,20
1579	raw_mutation_N	1,2,3,30
1580	raw_mutation_N	1,2,3,35
1581	raw_mutation_N	1,2,3,45
1582	raw_mutation_N	1,2,3,55
1583	raw_mutation_N	1,2,3,70
1584	raw_mutation_N	1,2,3,75
1585	raw_mutation_N	1,2,3,80
1586	raw_mutation_N	1,2,3,85
1587	raw_mutation_N	1,2,3,90
1588	raw_mutation_N	1,2,3,95
1589	raw_mutation_N	1,2,3,100
1590	raw_mutation_N	3,5,7,10
1591	raw_mutation_N	3,5,7,15
1592	raw_mutation_N	3,5,7,20
1593	raw_mutation_N	3,5,7,25
1594	raw_mutation_N	3,5,7,30
1595	raw_mutation_N	3,5,7,35
1596	raw_mutation_N	3,5,7,40
1597	raw_mutation_N	3,5,7,45
1598	raw_mutation_N	3,5,7,50
1599	raw_mutation_N	3,5,7,55
1600	raw_mutation_N	3,5,7,60
1601	raw_mutation_N,deterministic_mutation	3,5,7,65
1602	raw_mutation_N	3,5,7,70
1603	raw_mutation_N	3,5,7,75
1604	raw_mutation_N	3,5,7,80
1605	raw_mutation_N	3,5,7,85
1606	raw_mutation_N	3,5,7,90
1607	raw_mutation_N	3,5,7,95
1608	raw_mutation_N	3,5,7,100
1609	raw_mutation_N	1,3,5,10
1610	raw_mutation_N,deterministic_mutation	1,3,5,15
1611	raw_mutation_N	1,3,5,20
1612	raw_mutation_N	1,3,5,25
1613	raw_mutation_N	1,3,5,30
1614	raw_mutation_N	1,3,5,35
1615	raw_mutation_N	1,3,5,40
1616	raw_mutation_N	1,3,5,45
1617	raw_mutation_N	1,3,5,50
1618	raw_mutation_N	1,3,5,55
1619	raw_mutation_N	1,3,5,60
1620	raw_mutation_N	1,3,5,65
1621	raw_mutation_N	1,3,5,70
1622	raw_mutation_N	1,3,5,75
1623	raw_mutation_N	1,3,5,80
1624	raw_mutation_N	1,3,5,85
1625	raw_mutation_N	1,3,5,90
1626	raw_mutation_N	1,3,5,95
1627	raw_mutation_N	1,3,5,100
1628	raw_mutation_N	3,6,7,10
1629	raw_mutation_N	3,6,7,15
1630	raw_mutation_N	3,6,7,20
1631	raw_mutation_N	3,6,7,25
1632	raw_mutation_N	3,6,7,30
1633	raw_mutation_N	3,6,7,35
1634	raw_mutation_N	3,6,7,40
1635	raw_mutation_N	3,6,7,45
1636	raw_mutation_N	3,6,7,50
1637	raw_mutation_N	3,6,7,55
1638	raw_mutation_N	3,6,7,60
1639	raw_mutation_N	3,6,7,65
1640	raw_mutation_N	3,6,7,70
1641	raw_mutation_N	3,6,7,75
1642	raw_mutation_N	3,6,7,80
1643	raw_mutation_N	3,6,7,85
1644	raw_mutation_N	3,6,7,90
1645	raw_mutation_N	3,6,7,95
1646	raw_mutation_N	3,6,7,100
1647	raw_mutation_N	1,3,6,10
1648	raw_mutation_N	1,3,6,15
1649	raw_mutation_N	1,3,6,20
1650	raw_mutation_N	1,3,6,25
1651	raw_mutation_N	1,3,6,30
1652	raw_mutation_N	1,3,6,35
1653	raw_mutation_N	1,3,6,40
1654	raw_mutation_N	1,3,6,45
1655	raw_mutation_N	1,3,6,50
1656	raw_mutation_N	1,3,6,55
1657	raw_mutation_N	1,3,6,60
1658	raw_mutation_N	1,3,6,65
1659	raw_mutation_N	1,3,6,70
1660	raw_mutation_N	1,3,6,75
1661	raw_mutation_N	1,3,6,80
1662	raw_mutation_N	1,3,6,85
1663	raw_mutation_N	1,3,6,90
1664	raw_mutation_N	1,3,6,95
1665	raw_mutation_N	1,3,6,100
1666	raw_mutation_N	3,4,5,15
1667	raw_mutation_N	3,4,5,20
1668	raw_mutation_N	3,4,5,25
1669	raw_mutation_N	3,4,5,30
1670	raw_mutation_N	3,4,5,35
1671	raw_mutation_N	3,4,5,40
1672	raw_mutation_N	3,4,5,45
1673	raw_mutation_N	3,4,5,50
1674	raw_mutation_N	3,4,5,55
1675	raw_mutation_N	3,4,5,60
1676	raw_mutation_N	3,4,5,65
1677	raw_mutation_N	3,4,5,70
1678	raw_mutation_N	3,4,5,75
1679	raw_mutation_N	3,4,5,80
1680	raw_mutation_N	3,4,5,85
1681	raw_mutation_N	3,4,5,90
1682	raw_mutation_N	3,4,5,95
1683	raw_mutation_N	3,4,5,100
1684	raw_mutation_N	3,4,6,10
1685	raw_mutation_N	3,4,6,15
1686	raw_mutation_N	3,4,6,20
1687	raw_mutation_N	3,4,6,25
1688	raw_mutation_N	3,4,6,30
1689	raw_mutation_N	3,4,6,35
1690	raw_mutation_N	3,4,6,40
1691	raw_mutation_N	3,4,6,45
1692	raw_mutation_N	3,4,6,50
1693	raw_mutation_N	3,4,6,60
1694	raw_mutation_N	3,4,6,65
1695	raw_mutation_N	3,4,6,70
1696	raw_mutation_N	3,4,6,75
1697	raw_mutation_N	3,4,6,80
1698	raw_mutation_N	3,4,6,85
1699	raw_mutation_N	3,4,6,90
1700	raw_mutation_N	3,4,6,95
1701	raw_mutation_N	3,4,6,100
1702	raw_mutation_N	3,4,8,10
1703	raw_mutation_N	3,4,8,15
1704	raw_mutation_N	3,4,8,20
1705	raw_mutation_N	3,4,8,25
1706	raw_mutation_N	3,4,8,30
1707	raw_mutation_N	3,4,8,35
1708	raw_mutation_N	3,4,8,40
1709	raw_mutation_N	3,4,8,45
1710	raw_mutation_N	3,4,8,50
1711	raw_mutation_N	3,4,8,55
1712	raw_mutation_N	3,4,8,60
1713	raw_mutation_N	3,4,8,65
1714	raw_mutation_N	3,4,8,70
1715	raw_mutation_N	3,4,8,75
1716	raw_mutation_N	3,4,8,80
1717	raw_mutation_N	3,4,8,85
1718	raw_mutation_N	3,4,8,90
1719	raw_mutation_N	3,4,8,95
1720	raw_mutation_N	3,4,8,100
1721	raw_mutation_N	1,4,8,10
1722	raw_mutation_N	1,4,8,15
1723	raw_mutation_N	1,4,8,20
1724	raw_mutation_N	1,4,8,25
1725	raw_mutation_N	1,4,8,30
1726	raw_mutation_N	1,4,8,35
1727	raw_mutation_N	1,4,8,40
1728	raw_mutation_N	1,4,8,45
1729	raw_mutation_N	1,4,8,50
1730	raw_mutation_N	1,4,8,55
1731	raw_mutation_N	1,4,8,60
1732	raw_mutation_N	1,4,8,65
1733	raw_mutation_N	1,4,8,70
1734	raw_mutation_N	1,4,8,75
1735	raw_mutation_N	1,4,8,80
1736	raw_mutation_N	1,4,8,85
1737	raw_mutation_N	1,4,8,90
1738	raw_mutation_N	1,4,8,95
1739	raw_mutation_N	1,4,8,100
1740	raw_mutation_N	1,3,8,10
1741	raw_mutation_N	1,3,8,15
1742	raw_mutation_N	1,3,8,20
1743	raw_mutation_N	1,3,8,25
1744	raw_mutation_N	1,3,8,30
1745	raw_mutation_N	1,3,8,35
1746	raw_mutation_N	1,3,8,40
1747	raw_mutation_N	1,3,8,45
1748	raw_mutation_N	1,3,8,50
1749	raw_mutation_N	1,3,8,55
1750	raw_mutation_N	1,3,8,60
1751	raw_mutation_N	1,3,8,65
1752	raw_mutation_N	1,3,8,70
1753	raw_mutation_N	1,3,8,75
1754	raw_mutation_N	1,3,8,80
1755	raw_mutation_N	1,3,8,85
1756	raw_mutation_N	1,3,8,90
1757	raw_mutation_N	1,3,8,95
1758	raw_mutation_N	1,3,8,100
1759	raw_mutation_N	3,4,9,10
1760	raw_mutation_N	3,4,9,15
1761	raw_mutation_N	3,4,9,20
1762	raw_mutation_N	3,4,9,25
1763	raw_mutation_N	3,4,9,30
1764	raw_mutation_N	3,4,9,35
1765	raw_mutation_N	3,4,9,40
1766	raw_mutation_N	3,4,9,45
1767	raw_mutation_N	3,4,9,50
1768	raw_mutation_N	3,4,9,55
1769	raw_mutation_N	3,4,9,60
1770	raw_mutation_N	3,4,9,65
1771	raw_mutation_N	3,4,9,70
1772	raw_mutation_N	3,4,9,75
1773	raw_mutation_N	3,4,9,80
1774	raw_mutation_N	3,4,9,85
1775	raw_mutation_N	3,4,9,90
1776	raw_mutation_N	3,4,9,95
1777	raw_mutation_N	3,4,9,100
1778	raw_mutation_N	1,4,9,10
1779	raw_mutation_N	1,4,9,15
1780	raw_mutation_N	1,4,9,20
1781	raw_mutation_N	1,4,9,25
1782	raw_mutation_N	1,4,9,30
1783	raw_mutation_N	1,4,9,35
1784	raw_mutation_N	1,4,9,40
1785	raw_mutation_N	1,4,9,45
1786	raw_mutation_N	1,4,9,50
1787	raw_mutation_N	1,4,9,55
1788	raw_mutation_N	1,4,9,60
1789	raw_mutation_N	1,4,9,65
1790	raw_mutation_N	1,4,9,70
1791	raw_mutation_N	1,4,9,75
1792	raw_mutation_N	1,4,9,80
1793	raw_mutation_N	1,4,9,85
1794	raw_mutation_N	1,4,9,90
1795	raw_mutation_N	1,4,9,95
1796	raw_mutation_N	1,4,9,100
1797	raw_mutation_N	1,3,9,10
1798	raw_mutation_N	1,3,9,15
1799	raw_mutation_N	1,3,9,20
1800	raw_mutation_N	1,3,9,25
1801	raw_mutation_N	1,3,9,30
1802	raw_mutation_N	1,3,9,35
1803	raw_mutation_N	1,3,9,40
1804	raw_mutation_N	1,3,9,45
1805	raw_mutation_N	1,3,9,50
1806	raw_mutation_N	1,3,9,55
1807	raw_mutation_N	1,3,9,60
1808	raw_mutation_N	1,3,9,65
1809	raw_mutation_N	1,3,9,70
1810	raw_mutation_N	1,3,9,75
1811	raw_mutation_N	1,3,9,80
1812	raw_mutation_N	1,3,9,85
1813	raw_mutation_N	1,3,9,90
1814	raw_mutation_N	1,3,9,95
1815	raw_mutation_N	1,3,9,100
1816	raw_mutation_N	3,4,10,15
1817	raw_mutation_N	3,4,10,20
1818	raw_mutation_N	3,4,10,25
1819	raw_mutation_N	3,4,10,30
1820	raw_mutation_N	3,4,10,35
1821	raw_mutation_N	3,4,10,40
1822	raw_mutation_N	3,4,10,45
1823	raw_mutation_N	3,4,10,50
1824	raw_mutation_N	3,4,10,55
1825	raw_mutation_N	3,4,10,60
1826	raw_mutation_N	3,4,10,65
1827	raw_mutation_N	3,4,10,70
1828	raw_mutation_N	3,4,10,75
1829	raw_mutation_N	3,4,10,80
1830	raw_mutation_N	3,4,10,85
1831	raw_mutation_N	3,4,10,90
1832	raw_mutation_N	3,4,10,95
1833	raw_mutation_N	3,4,10,100
1834	raw_mutation_N	1,4,10,15
1835	raw_mutation_N	1,4,10,20
1836	raw_mutation_N,deterministic_mutation	1,4,10,25
1837	raw_mutation_N	1,4,10,30
1838	raw_mutation_N	1,4,10,35
1839	raw_mutation_N	1,4,10,40
1840	raw_mutation_N	1,4,10,45
1841	raw_mutation_N	1,4,10,50
1842	raw_mutation_N	1,4,10,55
1843	raw_mutation_N	1,4,10,60
1844	raw_mutation_N	1,4,10,65
1845	raw_mutation_N	1,4,10,70
1846	raw_mutation_N	1,4,10,75
1847	raw_mutation_N	1,4,10,80
1848	raw_mutation_N	1,4,10,85
1849	raw_mutation_N	1,4,10,90
1850	raw_mutation_N	1,4,10,95
1851	raw_mutation_N	1,4,10,100
1852	raw_mutation_N	1,3,10,15
1853	raw_mutation_N	1,3,10,20
1854	raw_mutation_N	1,3,10,25
1855	raw_mutation_N	1,3,10,30
1856	raw_mutation_N	1,3,10,35
1857	raw_mutation_N	1,3,10,40
1858	raw_mutation_N	1,3,10,45
1859	raw_mutation_N	1,3,10,50
1860	raw_mutation_N	1,3,10,55
1861	raw_mutation_N	1,3,10,60
1862	raw_mutation_N	1,3,10,65
1863	raw_mutation_N	1,3,10,70
1864	raw_mutation_N	1,3,10,75
1865	raw_mutation_N	1,3,10,80
1866	raw_mutation_N	1,3,10,85
1867	raw_mutation_N	1,3,10,90
1868	raw_mutation_N	1,3,10,95
1869	raw_mutation_N	1,3,10,100
1870	raw_mutation	1,2,3,4,7
1871	raw_mutation	1,2,3,4,8
1872	raw_mutation	1,2,3,4,9
1873	raw_mutation	1,2,3,4,10
1874	raw_mutation	1,2,3,4,11
1875	raw_mutation	1,2,3,5,7
1876	raw_mutation	1,2,3,5,8
1877	raw_mutation	1,2,3,5,9
1878	raw_mutation	1,2,3,5,10
1879	raw_mutation	1,2,3,5,11
1880	raw_mutation	1,2,3,6,7
1881	raw_mutation	1,2,3,6,8
1882	raw_mutation,raw_mutation_N	1,2,3,6,9
1883	raw_mutation	1,2,3,6,10
1884	raw_mutation	1,2,3,6,11
1885	raw_mutation	1,2,3,7,8
1886	raw_mutation	1,2,3,7,9
1887	raw_mutation	1,2,3,7,10
1888	raw_mutation	1,2,3,7,11
1889	raw_mutation	1,2,4,5,7
1890	raw_mutation	1,2,4,5,8
1891	raw_mutation	1,2,4,5,9
1892	raw_mutation	1,2,4,5,10
1893	raw_mutation	1,2,4,5,11
1894	raw_mutation,deterministic_mutation	1,2,4,6,7
1895	raw_mutation	1,2,4,6,8
1896	raw_mutation,raw_mutation_N	1,2,4,6,9
1897	raw_mutation	1,2,4,6,10
1898	raw_mutation	1,2,4,6,11
1899	raw_mutation	1,2,4,7,8
1900	raw_mutation	1,2,4,7,9
1901	raw_mutation	1,2,4,7,10
1902	raw_mutation	1,2,4,7,11
1903	raw_mutation	1,2,5,6,7
1904	raw_mutation	1,2,5,6,8
1905	raw_mutation,raw_mutation_N	1,2,5,6,9
1906	raw_mutation	1,2,5,6,10
1907	raw_mutation	1,2,5,6,11
1908	raw_mutation	1,2,5,7,8
1909	raw_mutation	1,2,5,7,9
1910	raw_mutation	1,2,5,7,10
1911	raw_mutation	1,2,5,7,11
1912	raw_mutation	1,2,6,7,8
1913	raw_mutation	1,2,6,7,9
1914	raw_mutation	1,2,6,7,10
1915	raw_mutation	1,2,6,7,11
1916	raw_mutation	1,3,4,5,7
1917	raw_mutation	1,3,4,5,8
1918	raw_mutation	1,3,4,5,10
1919	raw_mutation	1,3,4,5,11
1920	raw_mutation,raw_mutation_N	1,3,4,6,7
1921	raw_mutation,raw_mutation_N	1,3,4,6,8
1922	raw_mutation,raw_mutation_N	1,3,4,6,9
1923	raw_mutation,raw_mutation_N	1,3,4,6,10
1924	raw_mutation,raw_mutation_N	1,3,4,6,11
1925	raw_mutation	1,3,4,7,8
1926	raw_mutation	1,3,4,7,9
1927	raw_mutation	1,3,4,7,10
1928	raw_mutation	1,3,4,7,11
1929	raw_mutation,raw_mutation_N	1,3,5,6,7
1930	raw_mutation,raw_mutation_N	1,3,5,6,8
1931	raw_mutation,raw_mutation_N	1,3,5,6,9
1932	raw_mutation,raw_mutation_N	1,3,5,6,10
1933	raw_mutation,raw_mutation_N	1,3,5,6,11
1934	raw_mutation	1,3,5,7,8
1935	raw_mutation,deterministic_mutation	1,3,5,7,9
1936	raw_mutation	1,3,5,7,10
1937	raw_mutation	1,3,5,7,11
1938	raw_mutation	1,3,6,7,8
1939	raw_mutation,raw_mutation_N	1,3,6,7,9
1940	raw_mutation	1,3,6,7,10
1941	raw_mutation	1,3,6,7,11
1942	raw_mutation,raw_mutation_N	1,4,5,6,7
1943	raw_mutation,raw_mutation_N	1,4,5,6,8
1944	raw_mutation,raw_mutation_N	1,4,5,6,9
1945	raw_mutation,raw_mutation_N	1,4,5,6,10
1946	raw_mutation,raw_mutation_N	1,4,5,6,11
1947	raw_mutation	1,4,5,7,8
1948	raw_mutation	1,4,5,7,9
1949	raw_mutation	1,4,5,7,10
1950	raw_mutation	1,4,5,7,11
1951	raw_mutation	1,4,6,7,8
1952	raw_mutation,raw_mutation_N	1,4,6,7,9
1953	raw_mutation	1,4,6,7,10
1954	raw_mutation	1,4,6,7,11
1955	raw_mutation	1,5,6,7,8
1956	raw_mutation,raw_mutation_N	1,5,6,7,9
1957	raw_mutation	1,5,6,7,10
1958	raw_mutation	1,5,6,7,11
1959	raw_mutation	2,3,4,5,7
1960	raw_mutation,deterministic_mutation	2,3,4,5,8
1961	raw_mutation	2,3,4,5,9
1962	raw_mutation	2,3,4,5,10
1963	raw_mutation	2,3,4,5,11
1964	raw_mutation	2,3,4,6,7
1965	raw_mutation	2,3,4,6,8
1966	raw_mutation,raw_mutation_N	2,3,4,6,9
1967	raw_mutation	2,3,4,6,10
1968	raw_mutation	2,3,4,6,11
1969	raw_mutation	2,3,4,7,8
1970	raw_mutation	2,3,4,7,9
1971	raw_mutation	2,3,4,7,10
1972	raw_mutation	2,3,4,7,11
1973	raw_mutation	2,3,5,6,7
1974	raw_mutation	2,3,5,6,8
1975	raw_mutation,raw_mutation_N	2,3,5,6,9
1976	raw_mutation	2,3,5,6,10
1977	raw_mutation	2,3,5,6,11
1978	raw_mutation	2,3,5,7,8
1979	raw_mutation	2,3,5,7,9
1980	raw_mutation	2,3,5,7,10
1981	raw_mutation	2,3,5,7,11
1982	raw_mutation	2,3,6,7,8
1983	raw_mutation	2,3,6,7,9
1984	raw_mutation	2,3,6,7,10
1985	raw_mutation	2,3,6,7,11
1986	raw_mutation,deterministic_mutation	2,4,5,6,7
1987	raw_mutation	2,4,5,6,8
1988	raw_mutation,raw_mutation_N	2,4,5,6,9
1989	raw_mutation	2,4,5,6,10
1990	raw_mutation	2,4,5,6,11
1991	raw_mutation	2,4,5,7,8
1992	raw_mutation	2,4,5,7,9
1993	raw_mutation	2,4,5,7,10
1994	raw_mutation	2,4,5,7,11
1995	raw_mutation	2,4,6,7,8
1996	raw_mutation	2,4,6,7,9
1997	raw_mutation	2,4,6,7,10
1998	raw_mutation	2,4,6,7,11
1999	raw_mutation	2,5,6,7,8
2000	raw_mutation	2,5,6,7,9
2001	raw_mutation	2,5,6,7,10
2002	raw_mutation	2,5,6,7,11
2003	raw_mutation,raw_mutation_N	3,4,5,6,7
2004	raw_mutation,raw_mutation_N	3,4,5,6,8
2005	raw_mutation,raw_mutation_N	3,4,5,6,9
2006	raw_mutation,raw_mutation_N	3,4,5,6,10
2007	raw_mutation,raw_mutation_N	3,4,5,6,11
2008	raw_mutation	3,4,5,7,8
2009	raw_mutation	3,4,5,7,9
2010	raw_mutation	3,4,5,7,10
2011	raw_mutation	3,4,5,7,11
2012	raw_mutation	3,4,6,7,8
2013	raw_mutation,raw_mutation_N	3,4,6,7,9
2014	raw_mutation	3,4,6,7,10
2015	raw_mutation	3,4,6,7,11
2016	raw_mutation	3,5,6,7,8
2017	raw_mutation	3,5,6,7,10
2018	raw_mutation	3,5,6,7,11
2019	raw_mutation_N	3,4,5,9,12
2020	raw_mutation_N	3,4,5,9,18
2021	raw_mutation_N	3,4,5,9,24
2022	raw_mutation_N	3,4,5,9,30
2023	raw_mutation_N	3,4,5,9,36
2024	raw_mutation_N	3,4,5,9,42
2025	raw_mutation_N	3,4,5,9,48
2026	raw_mutation_N	3,4,5,9,54
2027	raw_mutation_N	3,4,5,9,60
2028	raw_mutation_N	3,4,5,9,66
2029	raw_mutation_N	3,4,5,9,72
2030	raw_mutation_N	3,4,5,9,78
2031	raw_mutation_N	3,4,5,9,84
2032	raw_mutation_N	3,4,5,9,90
2033	raw_mutation_N	3,4,5,9,96
2034	raw_mutation_N	3,4,5,9,102
2035	raw_mutation_N	3,4,5,9,108
2036	raw_mutation_N	3,4,5,9,114
2037	raw_mutation_N	3,4,5,9,120
2038	raw_mutation_N	1,4,5,9,12
2039	raw_mutation_N	1,4,5,9,18
2040	raw_mutation_N	1,4,5,9,24
2041	raw_mutation_N	1,4,5,9,30
2042	raw_mutation_N	1,4,5,9,36
2043	raw_mutation_N	1,4,5,9,42
2044	raw_mutation_N	1,4,5,9,48
2045	raw_mutation_N	1,4,5,9,54
2046	raw_mutation_N	1,4,5,9,60
2047	raw_mutation_N	1,4,5,9,66
2048	raw_mutation_N	1,4,5,9,72
2049	raw_mutation_N	1,4,5,9,78
2050	raw_mutation_N	1,4,5,9,84
2051	raw_mutation_N	1,4,5,9,90
2052	raw_mutation_N	1,4,5,9,96
2053	raw_mutation_N	1,4,5,9,102
2054	raw_mutation_N	1,4,5,9,108
2055	raw_mutation_N	1,4,5,9,114
2056	raw_mutation_N	1,4,5,9,120
2057	raw_mutation_N	1,3,5,9,12
2058	raw_mutation_N	1,3,5,9,18
2059	raw_mutation_N	1,3,5,9,24
2060	raw_mutation_N	1,3,5,9,30
2061	raw_mutation_N	1,3,5,9,36
2062	raw_mutation_N	1,3,5,9,42
2063	raw_mutation_N	1,3,5,9,48
2064	raw_mutation_N	1,3,5,9,54
2065	raw_mutation_N	1,3,5,9,60
2066	raw_mutation_N	1,3,5,9,66
2067	raw_mutation_N	1,3,5,9,72
2068	raw_mutation_N	1,3,5,9,78
2069	raw_mutation_N	1,3,5,9,84
2070	raw_mutation_N	1,3,5,9,90
2071	raw_mutation_N	1,3,5,9,96
2072	raw_mutation_N	1,3,5,9,102
2073	raw_mutation_N	1,3,5,9,108
2074	raw_mutation_N	1,3,5,9,114
2075	raw_mutation_N	1,3,5,9,120
2076	raw_mutation_N	1,3,4,9,12
2077	raw_mutation_N	1,3,4,9,18
2078	raw_mutation_N	1,3,4,9,24
2079	raw_mutation_N	1,3,4,9,30
2080	raw_mutation_N	1,3,4,9,36
2081	raw_mutation_N	1,3,4,9,42
2082	raw_mutation_N	1,3,4,9,48
2083	raw_mutation_N	1,3,4,9,54
2084	raw_mutation_N	1,3,4,9,60
2085	raw_mutation_N	1,3,4,9,66
2086	raw_mutation_N	1,3,4,9,72
2087	raw_mutation_N	1,3,4,9,78
2088	raw_mutation_N	1,3,4,9,84
2089	raw_mutation_N	1,3,4,9,90
2090	raw_mutation_N	1,3,4,9,96
2091	raw_mutation_N	1,3,4,9,102
2092	raw_mutation_N	1,3,4,9,108
2093	raw_mutation_N	1,3,4,9,114
2094	raw_mutation_N	1,3,4,9,120
2095	raw_mutation_N	1,3,4,5,6
2096	raw_mutation_N	1,3,4,5,12
2097	raw_mutation_N	1,3,4,5,24
2098	raw_mutation_N	1,3,4,5,36
2099	raw_mutation_N	1,3,4,5,42
2100	raw_mutation_N,deterministic_mutation	1,3,4,5,48
2101	raw_mutation_N	1,3,4,5,54
2102	raw_mutation_N	1,3,4,5,60
2103	raw_mutation_N	1,3,4,5,66
2104	raw_mutation_N	1,3,4,5,72
2105	raw_mutation_N	1,3,4,5,78
2106	raw_mutation_N	1,3,4,5,84
2107	raw_mutation_N	1,3,4,5,90
2108	raw_mutation_N	1,3,4,5,96
2109	raw_mutation_N	1,3,4,5,102
2110	raw_mutation_N	1,3,4,5,108
2111	raw_mutation_N	1,3,4,5,114
2112	raw_mutation_N	1,3,4,5,120
2113	raw_mutation_N	2,4,5,9,12
2114	raw_mutation_N	2,4,5,9,18
2115	raw_mutation_N	2,4,5,9,24
2116	raw_mutation_N	2,4,5,9,30
2117	raw_mutation_N	2,4,5,9,36
2118	raw_mutation_N	2,4,5,9,42
2119	raw_mutation_N	2,4,5,9,48
2120	raw_mutation_N	2,4,5,9,54
2121	raw_mutation_N	2,4,5,9,60
2122	raw_mutation_N	2,4,5,9,66
2123	raw_mutation_N	2,4,5,9,72
2124	raw_mutation_N	2,4,5,9,78
2125	raw_mutation_N	2,4,5,9,84
2126	raw_mutation_N	2,4,5,9,90
2127	raw_mutation_N	2,4,5,9,96
2128	raw_mutation_N	2,4,5,9,102
2129	raw_mutation_N	2,4,5,9,108
2130	raw_mutation_N	2,4,5,9,114
2131	raw_mutation_N	2,4,5,9,120
2132	raw_mutation_N	2,3,5,9,12
2133	raw_mutation_N	2,3,5,9,18
2134	raw_mutation_N	2,3,5,9,24
2135	raw_mutation_N	2,3,5,9,30
2136	raw_mutation_N	2,3,5,9,36
2137	raw_mutation_N	2,3,5,9,42
2138	raw_mutation_N	2,3,5,9,48
2139	raw_mutation_N	2,3,5,9,54
2140	raw_mutation_N	2,3,5,9,60
2141	raw_mutation_N	2,3,5,9,66
2142	raw_mutation_N	2,3,5,9,72
2143	raw_mutation_N	2,3,5,9,78
2144	raw_mutation_N	2,3,5,9,84
2145	raw_mutation_N	2,3,5,9,90
2146	raw_mutation_N	2,3,5,9,96
2147	raw_mutation_N	2,3,5,9,102
2148	raw_mutation_N	2,3,5,9,108
2149	raw_mutation_N	2,3,5,9,114
2150	raw_mutation_N	2,3,5,9,120
2151	raw_mutation_N	2,3,4,9,12
2152	raw_mutation_N	2,3,4,9,18
2153	raw_mutation_N	2,3,4,9,24
2154	raw_mutation_N	2,3,4,9,30
2155	raw_mutation_N	2,3,4,9,36
2156	raw_mutation_N	2,3,4,9,42
2157	raw_mutation_N	2,3,4,9,48
2158	raw_mutation_N	2,3,4,9,54
2159	raw_mutation_N	2,3,4,9,60
2160	raw_mutation_N	2,3,4,9,66
2161	raw_mutation_N	2,3,4,9,72
2162	raw_mutation_N	2,3,4,9,78
2163	raw_mutation_N	2,3,4,9,84
2164	raw_mutation_N	2,3,4,9,90
2165	raw_mutation_N	2,3,4,9,96
2166	raw_mutation_N	2,3,4,9,102
2167	raw_mutation_N	2,3,4,9,108
2168	raw_mutation_N	2,3,4,9,114
2169	raw_mutation_N	2,3,4,9,120
2170	raw_mutation_N	2,3,4,5,6
2171	raw_mutation_N	2,3,4,5,18
2172	raw_mutation_N	2,3,4,5,24
2173	raw_mutation_N	2,3,4,5,30
2174	raw_mutation_N	2,3,4,5,36
2175	raw_mutation_N	2,3,4,5,42
2176	raw_mutation_N	2,3,4,5,48
2177	raw_mutation_N	2,3,4,5,54
2178	raw_mutation_N	2,3,4,5,60
2179	raw_mutation_N	2,3,4,5,66
2180	raw_mutation_N	2,3,4,5,72
2181	raw_mutation_N	2,3,4,5,78
2182	raw_mutation_N	2,3,4,5,84
2183	raw_mutation_N	2,3,4,5,90
2184	raw_mutation_N	2,3,4,5,96
2185	raw_mutation_N	2,3,4,5,102
2186	raw_mutation_N	2,3,4,5,108
2187	raw_mutation_N	2,3,4,5,114
2188	raw_mutation_N	2,3,4,5,120
2189	raw_mutation_N	1,2,5,9,12
2190	raw_mutation_N	1,2,5,9,18
2191	raw_mutation_N	1,2,5,9,24
2192	raw_mutation_N	1,2,5,9,30
2193	raw_mutation_N	1,2,5,9,36
2194	raw_mutation_N	1,2,5,9,42
2195	raw_mutation_N	1,2,5,9,48
2196	raw_mutation_N	1,2,5,9,54
2197	raw_mutation_N	1,2,5,9,60
2198	raw_mutation_N	1,2,5,9,66
2199	raw_mutation_N	1,2,5,9,72
2200	raw_mutation_N	1,2,5,9,78
2201	raw_mutation_N	1,2,5,9,84
2202	raw_mutation_N	1,2,5,9,90
2203	raw_mutation_N	1,2,5,9,96
2204	raw_mutation_N	1,2,5,9,102
2205	raw_mutation_N	1,2,5,9,108
2206	raw_mutation_N	1,2,5,9,114
2207	raw_mutation_N	1,2,5,9,120
2208	raw_mutation_N	1,2,4,9,12
2209	raw_mutation_N	1,2,4,9,18
2210	raw_mutation_N	1,2,4,9,24
2211	raw_mutation_N	1,2,4,9,30
2212	raw_mutation_N	1,2,4,9,36
2213	raw_mutation_N	1,2,4,9,42
2214	raw_mutation_N	1,2,4,9,48
2215	raw_mutation_N	1,2,4,9,54
2216	raw_mutation_N	1,2,4,9,60
2217	raw_mutation_N	1,2,4,9,66
2218	raw_mutation_N	1,2,4,9,72
2219	raw_mutation_N	1,2,4,9,78
2220	raw_mutation_N	1,2,4,9,84
2221	raw_mutation_N	1,2,4,9,90
2222	raw_mutation_N	1,2,4,9,96
2223	raw_mutation_N	1,2,4,9,102
2224	raw_mutation_N	1,2,4,9,108
2225	raw_mutation_N	1,2,4,9,114
2226	raw_mutation_N	1,2,4,9,120
2227	raw_mutation_N	1,2,4,5,12
2228	raw_mutation_N	1,2,4,5,18
2229	raw_mutation_N	1,2,4,5,24
2230	raw_mutation_N	1,2,4,5,30
2231	raw_mutation_N	1,2,4,5,36
2232	raw_mutation_N	1,2,4,5,42
2233	raw_mutation_N	1,2,4,5,48
2234	raw_mutation_N	1,2,4,5,54
2235	raw_mutation_N	1,2,4,5,60
2236	raw_mutation_N	1,2,4,5,72
2237	raw_mutation_N	1,2,4,5,78
2238	raw_mutation_N	1,2,4,5,84
2239	raw_mutation_N	1,2,4,5,90
2240	raw_mutation_N	1,2,4,5,96
2241	raw_mutation_N	1,2,4,5,102
2242	raw_mutation_N	1,2,4,5,108
2243	raw_mutation_N	1,2,4,5,114
2244	raw_mutation_N	1,2,4,5,120
2245	raw_mutation_N	4,5,6,9,12
2246	raw_mutation_N	4,5,6,9,18
2247	raw_mutation_N	4,5,6,9,24
2248	raw_mutation_N	4,5,6,9,30
2249	raw_mutation_N	4,5,6,9,36
2250	raw_mutation_N	4,5,6,9,42
2251	raw_mutation_N	4,5,6,9,48
2252	raw_mutation_N	4,5,6,9,54
2253	raw_mutation_N	4,5,6,9,60
2254	raw_mutation_N	4,5,6,9,66
2255	raw_mutation_N	4,5,6,9,72
2256	raw_mutation_N	4,5,6,9,78
2257	raw_mutation_N	4,5,6,9,84
2258	raw_mutation_N	4,5,6,9,90
2259	raw_mutation_N	4,5,6,9,96
2260	raw_mutation_N	4,5,6,9,102
2261	raw_mutation_N	4,5,6,9,108
2262	raw_mutation_N	4,5,6,9,114
2263	raw_mutation_N	4,5,6,9,120
2264	raw_mutation_N	1,5,6,9,12
2265	raw_mutation_N	1,5,6,9,18
2266	raw_mutation_N	1,5,6,9,24
2267	raw_mutation_N	1,5,6,9,30
2268	raw_mutation_N	1,5,6,9,36
2269	raw_mutation_N	1,5,6,9,42
2270	raw_mutation_N,deterministic_mutation	1,5,6,9,48
2271	raw_mutation_N	1,5,6,9,54
2272	raw_mutation_N	1,5,6,9,60
2273	raw_mutation_N	1,5,6,9,66
2274	raw_mutation_N	1,5,6,9,72
2275	raw_mutation_N	1,5,6,9,78
2276	raw_mutation_N	1,5,6,9,84
2277	raw_mutation_N	1,5,6,9,90
2278	raw_mutation_N	1,5,6,9,96
2279	raw_mutation_N	1,5,6,9,102
2280	raw_mutation_N	1,5,6,9,108
2281	raw_mutation_N	1,5,6,9,114
2282	raw_mutation_N	1,5,6,9,120
2283	raw_mutation_N	1,4,6,9,12
2284	raw_mutation_N	1,4,6,9,18
2285	raw_mutation_N	1,4,6,9,24
2286	raw_mutation_N	1,4,6,9,30
2287	raw_mutation_N	1,4,6,9,36
2288	raw_mutation_N	1,4,6,9,42
2289	raw_mutation_N	1,4,6,9,48
2290	raw_mutation_N	1,4,6,9,54
2291	raw_mutation_N	1,4,6,9,60
2292	raw_mutation_N	1,4,6,9,66
2293	raw_mutation_N	1,4,6,9,72
2294	raw_mutation_N	1,4,6,9,78
2295	raw_mutation_N	1,4,6,9,84
2296	raw_mutation_N	1,4,6,9,90
2297	raw_mutation_N	1,4,6,9,96
2298	raw_mutation_N	1,4,6,9,102
2299	raw_mutation_N	1,4,6,9,108
2300	raw_mutation_N	1,4,6,9,114
2301	raw_mutation_N	1,4,6,9,120
2302	raw_mutation_N	1,4,5,6,12
2303	raw_mutation_N	1,4,5,6,18
2304	raw_mutation_N	1,4,5,6,24
2305	raw_mutation_N	1,4,5,6,30
2306	raw_mutation_N	1,4,5,6,36
2307	raw_mutation_N	1,4,5,6,42
2308	raw_mutation_N	1,4,5,6,48
2309	raw_mutation_N	1,4,5,6,54
2310	raw_mutation_N	1,4,5,6,60
2311	raw_mutation_N	1,4,5,6,66
2312	raw_mutation_N	1,4,5,6,72
2313	raw_mutation_N	1,4,5,6,78
2314	raw_mutation_N	1,4,5,6,84
2315	raw_mutation_N	1,4,5,6,90
2316	raw_mutation_N	1,4,5,6,96
2317	raw_mutation_N	1,4,5,6,102
2318	raw_mutation_N	1,4,5,6,108
2319	raw_mutation_N	1,4,5,6,114
2320	raw_mutation_N	1,4,5,6,120
2321	raw_mutation_N	1,2,3,9,12
2322	raw_mutation_N	1,2,3,9,18
2323	raw_mutation_N	1,2,3,9,24
2324	raw_mutation_N	1,2,3,9,30
2325	raw_mutation_N	1,2,3,9,36
2326	raw_mutation_N	1,2,3,9,42
2327	raw_mutation_N	1,2,3,9,48
2328	raw_mutation_N	1,2,3,9,54
2329	raw_mutation_N	1,2,3,9,60
2330	raw_mutation_N	1,2,3,9,66
2331	raw_mutation_N	1,2,3,9,72
2332	raw_mutation_N	1,2,3,9,78
2333	raw_mutation_N	1,2,3,9,84
2334	raw_mutation_N	1,2,3,9,90
2335	raw_mutation_N	1,2,3,9,96
2336	raw_mutation_N	1,2,3,9,102
2337	raw_mutation_N	1,2,3,9,108
2338	raw_mutation_N	1,2,3,9,114
2339	raw_mutation_N	1,2,3,9,120
2340	raw_mutation_N	1,2,3,5,6
2341	raw_mutation_N	1,2,3,5,18
2342	raw_mutation_N	1,2,3,5,24
2343	raw_mutation_N	1,2,3,5,30
2344	raw_mutation_N	1,2,3,5,36
2345	raw_mutation_N	1,2,3,5,42
2346	raw_mutation_N	1,2,3,5,48
2347	raw_mutation_N	1,2,3,5,54
2348	raw_mutation_N	1,2,3,5,60
2349	raw_mutation_N	1,2,3,5,66
2350	raw_mutation_N	1,2,3,5,72
2351	raw_mutation_N	1,2,3,5,78
2352	raw_mutation_N	1,2,3,5,84
2353	raw_mutation_N	1,2,3,5,90
2354	raw_mutation_N	1,2,3,5,96
2355	raw_mutation_N	1,2,3,5,102
2356	raw_mutation_N	1,2,3,5,108
2357	raw_mutation_N	1,2,3,5,114
2358	raw_mutation_N	1,2,3,5,120
2359	raw_mutation_N	3,5,6,9,12
2360	raw_mutation_N	3,5,6,9,18
2361	raw_mutation_N	3,5,6,9,24
2362	raw_mutation_N	3,5,6,9,30
2363	raw_mutation_N	3,5,6,9,36
2364	raw_mutation_N	3,5,6,9,42
2365	raw_mutation_N	3,5,6,9,48
2366	raw_mutation_N	3,5,6,9,54
2367	raw_mutation_N	3,5,6,9,60
2368	raw_mutation_N	3,5,6,9,66
2369	raw_mutation_N	3,5,6,9,72
2370	raw_mutation_N	3,5,6,9,78
2371	raw_mutation_N	3,5,6,9,84
2372	raw_mutation_N	3,5,6,9,90
2373	raw_mutation_N	3,5,6,9,96
2374	raw_mutation_N	3,5,6,9,102
2375	raw_mutation_N	3,5,6,9,108
2376	raw_mutation_N	3,5,6,9,114
2377	raw_mutation_N	3,5,6,9,120
2378	raw_mutation_N	1,3,6,9,12
2379	raw_mutation_N	1,3,6,9,18
2380	raw_mutation_N	1,3,6,9,24
2381	raw_mutation_N	1,3,6,9,30
2382	raw_mutation_N	1,3,6,9,36
2383	raw_mutation_N	1,3,6,9,42
2384	raw_mutation_N	1,3,6,9,48
2385	raw_mutation_N	1,3,6,9,54
2386	raw_mutation_N	1,3,6,9,60
2387	raw_mutation_N	1,3,6,9,66
2388	raw_mutation_N	1,3,6,9,72
2389	raw_mutation_N	1,3,6,9,78
2390	raw_mutation_N	1,3,6,9,84
2391	raw_mutation_N	1,3,6,9,90
2392	raw_mutation_N	1,3,6,9,96
2393	raw_mutation_N	1,3,6,9,102
2394	raw_mutation_N	1,3,6,9,108
2395	raw_mutation_N	1,3,6,9,114
2396	raw_mutation_N	1,3,6,9,120
2397	raw_mutation_N	1,3,5,6,12
2398	raw_mutation_N	1,3,5,6,18
2399	raw_mutation_N	1,3,5,6,24
2400	raw_mutation_N	1,3,5,6,30
2401	raw_mutation_N	1,3,5,6,36
2402	raw_mutation_N	1,3,5,6,42
2403	raw_mutation_N	1,3,5,6,48
2404	raw_mutation_N	1,3,5,6,54
2405	raw_mutation_N	1,3,5,6,60
2406	raw_mutation_N	1,3,5,6,66
2407	raw_mutation_N	1,3,5,6,72
2408	raw_mutation_N	1,3,5,6,78
2409	raw_mutation_N	1,3,5,6,84
2410	raw_mutation_N	1,3,5,6,90
2411	raw_mutation_N	1,3,5,6,96
2412	raw_mutation_N	1,3,5,6,102
2413	raw_mutation_N	1,3,5,6,108
2414	raw_mutation_N	1,3,5,6,114
2415	raw_mutation_N	1,3,5,6,120
2416	raw_mutation_N	3,5,7,9,12
2417	raw_mutation_N	3,5,7,9,18
2418	raw_mutation_N	3,5,7,9,24
2419	raw_mutation_N	3,5,7,9,30
2420	raw_mutation_N	3,5,7,9,36
2421	raw_mutation_N	3,5,7,9,42
2422	raw_mutation_N	3,5,7,9,48
2423	raw_mutation_N	3,5,7,9,54
2424	raw_mutation_N	3,5,7,9,60
2425	raw_mutation_N	3,5,7,9,72
2426	raw_mutation_N	3,5,7,9,78
2427	raw_mutation_N	3,5,7,9,84
2428	raw_mutation_N	3,5,7,9,90
2429	raw_mutation_N	3,5,7,9,96
2430	raw_mutation_N	3,5,7,9,102
2431	raw_mutation_N	3,5,7,9,108
2432	raw_mutation_N	3,5,7,9,114
2433	raw_mutation_N	3,5,7,9,120
2434	raw_mutation_N	1,5,7,9,12
2435	raw_mutation_N	1,5,7,9,18
2436	raw_mutation_N	1,5,7,9,24
2437	raw_mutation_N	1,5,7,9,30
2438	raw_mutation_N	1,5,7,9,36
2439	raw_mutation_N	1,5,7,9,42
2440	raw_mutation_N	1,5,7,9,48
2441	raw_mutation_N	1,5,7,9,54
2442	raw_mutation_N	1,5,7,9,60
2443	raw_mutation_N	1,5,7,9,66
2444	raw_mutation_N	1,5,7,9,72
2445	raw_mutation_N	1,5,7,9,78
2446	raw_mutation_N	1,5,7,9,84
2447	raw_mutation_N	1,5,7,9,90
2448	raw_mutation_N	1,5,7,9,96
2449	raw_mutation_N	1,5,7,9,102
2450	raw_mutation_N	1,5,7,9,108
2451	raw_mutation_N	1,5,7,9,114
2452	raw_mutation_N	1,5,7,9,120
2453	raw_mutation_N	1,3,7,9,12
2454	raw_mutation_N	1,3,7,9,18
2455	raw_mutation_N	1,3,7,9,24
2456	raw_mutation_N	1,3,7,9,30
2457	raw_mutation_N	1,3,7,9,36
2458	raw_mutation_N	1,3,7,9,42
2459	raw_mutation_N	1,3,7,9,48
2460	raw_mutation_N	1,3,7,9,54
2461	raw_mutation_N	1,3,7,9,60
2462	raw_mutation_N	1,3,7,9,66
2463	raw_mutation_N	1,3,7,9,72
2464	raw_mutation_N	1,3,7,9,78
2465	raw_mutation_N	1,3,7,9,84
2466	raw_mutation_N	1,3,7,9,90
2467	raw_mutation_N	1,3,7,9,96
2468	raw_mutation_N	1,3,7,9,102
2469	raw_mutation_N	1,3,7,9,108
2470	raw_mutation_N	1,3,7,9,114
2471	raw_mutation_N	1,3,7,9,120
2472	raw_mutation_N	1,3,5,7,12
2473	raw_mutation_N	1,3,5,7,18
2474	raw_mutation_N	1,3,5,7,24
2475	raw_mutation_N	1,3,5,7,30
2476	raw_mutation_N	1,3,5,7,36
2477	raw_mutation_N	1,3,5,7,42
2478	raw_mutation_N	1,3,5,7,48
2479	raw_mutation_N	1,3,5,7,54
2480	raw_mutation_N	1,3,5,7,60
2481	raw_mutation_N	1,3,5,7,66
2482	raw_mutation_N	1,3,5,7,72
2483	raw_mutation_N	1,3,5,7,78
2484	raw_mutation_N	1,3,5,7,84
2485	raw_mutation_N	1,3,5,7,90
2486	raw_mutation_N	1,3,5,7,96
2487	raw_mutation_N	1,3,5,7,102
2488	raw_mutation_N	1,3,5,7,108
2489	raw_mutation_N	1,3,5,7,114
2490	raw_mutation_N	1,3,5,7,120
2491	raw_mutation_N	1,2,3,4,24
2492	raw_mutation_N	1,2,3,4,36
2493	raw_mutation_N	1,2,3,4,42
2494	raw_mutation_N	1,2,3,4,54
2495	raw_mutation_N	1,2,3,4,66
2496	raw_mutation_N	1,2,3,4,72
2497	raw_mutation_N	1,2,3,4,84
2498	raw_mutation_N	1,2,3,4,90
2499	raw_mutation_N	1,2,3,4,96
2500	raw_mutation_N	1,2,3,4,102
2501	raw_mutation_N	1,2,3,4,108
2502	raw_mutation_N	1,2,3,4,114
2503	raw_mutation_N	1,2,3,4,120
2504	raw_mutation_N	3,4,6,9,12
2505	raw_mutation_N	3,4,6,9,18
2506	raw_mutation_N	3,4,6,9,24
2507	raw_mutation_N	3,4,6,9,30
2508	raw_mutation_N	3,4,6,9,36
2509	raw_mutation_N	3,4,6,9,42
2510	raw_mutation_N	3,4,6,9,48
2511	raw_mutation_N	3,4,6,9,54
2512	raw_mutation_N	3,4,6,9,60
2513	raw_mutation_N	3,4,6,9,66
2514	raw_mutation_N	3,4,6,9,72
2515	raw_mutation_N	3,4,6,9,78
2516	raw_mutation_N	3,4,6,9,84
2517	raw_mutation_N	3,4,6,9,90
2518	raw_mutation_N	3,4,6,9,96
2519	raw_mutation_N	3,4,6,9,102
2520	raw_mutation_N	3,4,6,9,108
2521	raw_mutation_N	3,4,6,9,114
2522	raw_mutation_N	3,4,6,9,120
2523	raw_mutation_N	1,3,4,6,12
2524	raw_mutation_N	1,3,4,6,18
2525	raw_mutation_N	1,3,4,6,24
2526	raw_mutation_N	1,3,4,6,30
2527	raw_mutation_N	1,3,4,6,36
2528	raw_mutation_N	1,3,4,6,42
2529	raw_mutation_N	1,3,4,6,48
2530	raw_mutation_N	1,3,4,6,54
2531	raw_mutation_N	1,3,4,6,60
2532	raw_mutation_N	1,3,4,6,66
2533	raw_mutation_N	1,3,4,6,72
2534	raw_mutation_N	1,3,4,6,78
2535	raw_mutation_N	1,3,4,6,84
2536	raw_mutation_N	1,3,4,6,90
2537	raw_mutation_N	1,3,4,6,96
2538	raw_mutation_N	1,3,4,6,102
2539	raw_mutation_N	1,3,4,6,108
2540	raw_mutation_N	1,3,4,6,114
2541	raw_mutation_N	1,3,4,6,120
2542	raw_mutation_N	3,4,7,9,12
2543	raw_mutation_N	3,4,7,9,18
2544	raw_mutation_N	3,4,7,9,24
2545	raw_mutation_N	3,4,7,9,30
2546	raw_mutation_N	3,4,7,9,36
2547	raw_mutation_N	3,4,7,9,42
2548	raw_mutation_N	3,4,7,9,48
2549	raw_mutation_N	3,4,7,9,54
2550	raw_mutation_N	3,4,7,9,60
2551	raw_mutation_N	3,4,7,9,66
2552	raw_mutation_N	3,4,7,9,72
2553	raw_mutation_N	3,4,7,9,78
2554	raw_mutation_N	3,4,7,9,84
2555	raw_mutation_N	3,4,7,9,90
2556	raw_mutation_N	3,4,7,9,96
2557	raw_mutation_N	3,4,7,9,102
2558	raw_mutation_N	3,4,7,9,108
2559	raw_mutation_N	3,4,7,9,114
2560	raw_mutation_N	3,4,7,9,120
2561	raw_mutation_N	1,4,7,9,12
2562	raw_mutation_N	1,4,7,9,18
2563	raw_mutation_N	1,4,7,9,24
2564	raw_mutation_N	1,4,7,9,30
2565	raw_mutation_N	1,4,7,9,36
2566	raw_mutation_N	1,4,7,9,42
2567	raw_mutation_N	1,4,7,9,48
2568	raw_mutation_N	1,4,7,9,54
2569	raw_mutation_N	1,4,7,9,60
2570	raw_mutation_N	1,4,7,9,66
2571	raw_mutation_N	1,4,7,9,72
2572	raw_mutation_N	1,4,7,9,78
2573	raw_mutation_N	1,4,7,9,84
2574	raw_mutation_N	1,4,7,9,90
2575	raw_mutation_N	1,4,7,9,96
2576	raw_mutation_N	1,4,7,9,102
2577	raw_mutation_N	1,4,7,9,108
2578	raw_mutation_N	1,4,7,9,114
2579	raw_mutation_N	1,4,7,9,120
2580	raw_mutation_N	1,3,4,7,12
2581	raw_mutation_N	1,3,4,7,18
2582	raw_mutation_N	1,3,4,7,24
2583	raw_mutation_N	1,3,4,7,30
2584	raw_mutation_N	1,3,4,7,36
2585	raw_mutation_N	1,3,4,7,42
2586	raw_mutation_N	1,3,4,7,48
2587	raw_mutation_N	1,3,4,7,54
2588	raw_mutation_N	1,3,4,7,60
2589	raw_mutation_N	1,3,4,7,66
2590	raw_mutation_N	1,3,4,7,72
2591	raw_mutation_N	1,3,4,7,78
2592	raw_mutation_N	1,3,4,7,84
2593	raw_mutation_N	1,3,4,7,90
2594	raw_mutation_N	1,3,4,7,96
2595	raw_mutation_N	1,3,4,7,102
2596	raw_mutation_N	1,3,4,7,108
2597	raw_mutation_N	1,3,4,7,114
2598	raw_mutation_N	1,3,4,7,120
2599	raw_mutation_N	3,4,6,8,9
2600	raw_mutation_N	3,4,8,9,12
2601	raw_mutation_N	3,4,8,9,18
2602	raw_mutation_N	3,4,8,9,24
2603	raw_mutation_N	3,4,8,9,30
2604	raw_mutation_N	3,4,8,9,36
2605	raw_mutation_N	3,4,8,9,42
2606	raw_mutation_N	3,4,8,9,48
2607	raw_mutation_N	3,4,8,9,54
2608	raw_mutation_N	3,4,8,9,60
2609	raw_mutation_N	3,4,8,9,66
2610	raw_mutation_N	3,4,8,9,72
2611	raw_mutation_N	3,4,8,9,78
2612	raw_mutation_N	3,4,8,9,84
2613	raw_mutation_N	3,4,8,9,90
2614	raw_mutation_N	3,4,8,9,96
2615	raw_mutation_N	3,4,8,9,102
2616	raw_mutation_N	3,4,8,9,108
2617	raw_mutation_N	3,4,8,9,114
2618	raw_mutation_N	3,4,8,9,120
2619	raw_mutation_N	1,4,6,8,9
2620	raw_mutation_N	1,4,8,9,12
2621	raw_mutation_N	1,4,8,9,18
2622	raw_mutation_N	1,4,8,9,24
2623	raw_mutation_N	1,4,8,9,30
2624	raw_mutation_N	1,4,8,9,36
2625	raw_mutation_N	1,4,8,9,42
2626	raw_mutation_N	1,4,8,9,48
2627	raw_mutation_N	1,4,8,9,54
2628	raw_mutation_N	1,4,8,9,60
2629	raw_mutation_N	1,4,8,9,66
2630	raw_mutation_N	1,4,8,9,72
2631	raw_mutation_N	1,4,8,9,78
2632	raw_mutation_N	1,4,8,9,84
2633	raw_mutation_N	1,4,8,9,90
2634	raw_mutation_N	1,4,8,9,96
2635	raw_mutation_N	1,4,8,9,102
2636	raw_mutation_N	1,4,8,9,108
2637	raw_mutation_N	1,4,8,9,114
2638	raw_mutation_N	1,4,8,9,120
2639	raw_mutation_N	1,3,6,8,9
2640	raw_mutation_N	1,3,8,9,12
2641	raw_mutation_N	1,3,8,9,18
2642	raw_mutation_N	1,3,8,9,24
2643	raw_mutation_N	1,3,8,9,30
2644	raw_mutation_N	1,3,8,9,36
2645	raw_mutation_N	1,3,8,9,42
2646	raw_mutation_N	1,3,8,9,48
2647	raw_mutation_N	1,3,8,9,54
2648	raw_mutation_N	1,3,8,9,60
2649	raw_mutation_N	1,3,8,9,66
2650	raw_mutation_N	1,3,8,9,72
2651	raw_mutation_N	1,3,8,9,78
2652	raw_mutation_N	1,3,8,9,84
2653	raw_mutation_N	1,3,8,9,90
2654	raw_mutation_N	1,3,8,9,96
2655	raw_mutation_N	1,3,8,9,102
2656	raw_mutation_N	1,3,8,9,108
2657	raw_mutation_N	1,3,8,9,114
2658	raw_mutation_N	1,3,8,9,120
2659	raw_mutation_N	1,3,4,8,12
2660	raw_mutation_N	1,3,4,8,18
2661	raw_mutation_N	1,3,4,8,24
2662	raw_mutation_N	1,3,4,8,30
2663	raw_mutation_N	1,3,4,8,36
2664	raw_mutation_N	1,3,4,8,42
2665	raw_mutation_N	1,3,4,8,48
2666	raw_mutation_N	1,3,4,8,54
2667	raw_mutation_N	1,3,4,8,60
2668	raw_mutation_N	1,3,4,8,66
2669	raw_mutation_N	1,3,4,8,72
2670	raw_mutation_N	1,3,4,8,78
2671	raw_mutation_N	1,3,4,8,84
2672	raw_mutation_N	1,3,4,8,90
2673	raw_mutation_N	1,3,4,8,96
2674	raw_mutation_N	1,3,4,8,102
2675	raw_mutation_N	1,3,4,8,108
2676	raw_mutation_N	1,3,4,8,114
2677	raw_mutation_N	1,3,4,8,120
2678	raw_mutation_N	3,4,5,6,12
2679	raw_mutation_N	3,4,5,6,18
2680	raw_mutation_N	3,4,5,6,24
2681	raw_mutation_N	3,4,5,6,30
2682	raw_mutation_N	3,4,5,6,36
2683	raw_mutation_N	3,4,5,6,42
2684	raw_mutation_N	3,4,5,6,48
2685	raw_mutation_N	3,4,5,6,54
2686	raw_mutation_N	3,4,5,6,60
2687	raw_mutation_N	3,4,5,6,72
2688	raw_mutation_N	3,4,5,6,78
2689	raw_mutation_N	3,4,5,6,84
2690	raw_mutation_N	3,4,5,6,90
2691	raw_mutation_N	3,4,5,6,96
2692	raw_mutation_N	3,4,5,6,102
2693	raw_mutation_N	3,4,5,6,108
2694	raw_mutation_N	3,4,5,6,114
2695	raw_mutation_N	3,4,5,6,120
2696	raw_mutation_N	3,4,5,7,12
2697	raw_mutation_N	3,4,5,7,18
2698	raw_mutation_N	3,4,5,7,24
2699	raw_mutation_N	3,4,5,7,36
2700	raw_mutation_N	3,4,5,7,42
2701	raw_mutation_N	3,4,5,7,48
2702	raw_mutation_N	3,4,5,7,54
2703	raw_mutation_N	3,4,5,7,60
2704	raw_mutation_N	3,4,5,7,66
2705	raw_mutation_N	3,4,5,7,72
2706	raw_mutation_N	3,4,5,7,78
2707	raw_mutation_N	3,4,5,7,84
2708	raw_mutation_N	3,4,5,7,90
2709	raw_mutation_N	3,4,5,7,96
2710	raw_mutation_N	3,4,5,7,102
2711	raw_mutation_N	3,4,5,7,108
2712	raw_mutation_N	3,4,5,7,114
2713	raw_mutation_N	3,4,5,7,120
2714	raw_mutation_N	1,4,5,7,12
2715	raw_mutation_N	1,4,5,7,18
2716	raw_mutation_N	1,4,5,7,24
2717	raw_mutation_N	1,4,5,7,30
2718	raw_mutation_N	1,4,5,7,36
2719	raw_mutation_N	1,4,5,7,42
2720	raw_mutation_N	1,4,5,7,48
2721	raw_mutation_N	1,4,5,7,54
2722	raw_mutation_N	1,4,5,7,60
2723	raw_mutation_N	1,4,5,7,66
2724	raw_mutation_N	1,4,5,7,72
2725	raw_mutation_N	1,4,5,7,78
2726	raw_mutation_N	1,4,5,7,84
2727	raw_mutation_N	1,4,5,7,90
2728	raw_mutation_N	1,4,5,7,96
2729	raw_mutation_N	1,4,5,7,102
2730	raw_mutation_N	1,4,5,7,108
2731	raw_mutation_N	1,4,5,7,114
2732	raw_mutation_N	1,4,5,7,120
2733	raw_mutation_N	3,4,5,8,12
2734	raw_mutation_N	3,4,5,8,18
2735	raw_mutation_N	3,4,5,8,24
2736	raw_mutation_N	3,4,5,8,30
2737	raw_mutation_N	3,4,5,8,36
2738	raw_mutation_N	3,4,5,8,42
2739	raw_mutation_N	3,4,5,8,48
2740	raw_mutation_N	3,4,5,8,54
2741	raw_mutation_N	3,4,5,8,60
2742	raw_mutation_N	3,4,5,8,66
2743	raw_mutation_N	3,4,5,8,72
2744	raw_mutation_N	3,4,5,8,78
2745	raw_mutation_N	3,4,5,8,84
2746	raw_mutation_N	3,4,5,8,90
2747	raw_mutation_N	3,4,5,8,96
2748	raw_mutation_N	3,4,5,8,102
2749	raw_mutation_N	3,4,5,8,108
2750	raw_mutation_N	3,4,5,8,114
2751	raw_mutation_N	3,4,5,8,120
2752	raw_mutation_N	1,4,5,8,12
2753	raw_mutation_N	1,4,5,8,18
2754	raw_mutation_N	1,4,5,8,24
2755	raw_mutation_N	1,4,5,8,30
2756	raw_mutation_N	1,4,5,8,36
2757	raw_mutation_N	1,4,5,8,42
2758	raw_mutation_N	1,4,5,8,48
2759	raw_mutation_N	1,4,5,8,54
2760	raw_mutation_N	1,4,5,8,60
2761	raw_mutation_N	1,4,5,8,66
2762	raw_mutation_N	1,4,5,8,72
2763	raw_mutation_N	1,4,5,8,78
2764	raw_mutation_N	1,4,5,8,84
2765	raw_mutation_N	1,4,5,8,90
2766	raw_mutation_N	1,4,5,8,96
2767	raw_mutation_N	1,4,5,8,102
2768	raw_mutation_N	1,4,5,8,108
2769	raw_mutation_N	1,4,5,8,114
2770	raw_mutation_N	1,4,5,8,120
2771	raw_mutation_N	1,3,5,8,12
2772	raw_mutation_N	1,3,5,8,18
2773	raw_mutation_N	1,3,5,8,24
2774	raw_mutation_N	1,3,5,8,30
2775	raw_mutation_N	1,3,5,8,36
2776	raw_mutation_N	1,3,5,8,42
2777	raw_mutation_N	1,3,5,8,48
2778	raw_mutation_N	1,3,5,8,54
2779	raw_mutation_N	1,3,5,8,60
2780	raw_mutation_N	1,3,5,8,66
2781	raw_mutation_N	1,3,5,8,72
2782	raw_mutation_N	1,3,5,8,78
2783	raw_mutation_N	1,3,5,8,84
2784	raw_mutation_N	1,3,5,8,90
2785	raw_mutation_N	1,3,5,8,96
2786	raw_mutation_N	1,3,5,8,102
2787	raw_mutation_N	1,3,5,8,108
2788	raw_mutation_N	1,3,5,8,114
2789	raw_mutation_N	1,3,5,8,120
2790	raw_mutation_N	3,4,5,10,12
2791	raw_mutation_N	3,4,5,10,18
2792	raw_mutation_N	3,4,5,10,24
2793	raw_mutation_N	3,4,5,10,30
2794	raw_mutation_N	3,4,5,10,36
2795	raw_mutation_N	3,4,5,10,42
2796	raw_mutation_N	3,4,5,10,48
2797	raw_mutation_N	3,4,5,10,54
2798	raw_mutation_N	3,4,5,10,60
2799	raw_mutation_N	3,4,5,10,66
2800	raw_mutation_N	3,4,5,10,72
2801	raw_mutation_N	3,4,5,10,78
2802	raw_mutation_N	3,4,5,10,84
2803	raw_mutation_N	3,4,5,10,90
2804	raw_mutation_N	3,4,5,10,96
2805	raw_mutation_N	3,4,5,10,102
2806	raw_mutation_N	3,4,5,10,108
2807	raw_mutation_N	3,4,5,10,114
2808	raw_mutation_N	3,4,5,10,120
2809	raw_mutation_N	1,4,5,10,12
2810	raw_mutation_N	1,4,5,10,18
2811	raw_mutation_N	1,4,5,10,24
2812	raw_mutation_N	1,4,5,10,30
2813	raw_mutation_N	1,4,5,10,36
2814	raw_mutation_N	1,4,5,10,42
2815	raw_mutation_N	1,4,5,10,48
2816	raw_mutation_N	1,4,5,10,54
2817	raw_mutation_N	1,4,5,10,60
2818	raw_mutation_N	1,4,5,10,66
2819	raw_mutation_N	1,4,5,10,72
2820	raw_mutation_N	1,4,5,10,78
2821	raw_mutation_N	1,4,5,10,84
2822	raw_mutation_N	1,4,5,10,90
2823	raw_mutation_N	1,4,5,10,96
2824	raw_mutation_N	1,4,5,10,102
2825	raw_mutation_N	1,4,5,10,108
2826	raw_mutation_N	1,4,5,10,114
2827	raw_mutation_N	1,4,5,10,120
2828	raw_mutation_N	1,3,5,10,12
2829	raw_mutation_N	1,3,5,10,18
2830	raw_mutation_N	1,3,5,10,24
2831	raw_mutation_N	1,3,5,10,30
2832	raw_mutation_N	1,3,5,10,36
2833	raw_mutation_N	1,3,5,10,42
2834	raw_mutation_N	1,3,5,10,48
2835	raw_mutation_N	1,3,5,10,54
2836	raw_mutation_N	1,3,5,10,60
2837	raw_mutation_N	1,3,5,10,66
2838	raw_mutation_N	1,3,5,10,72
2839	raw_mutation_N	1,3,5,10,78
2840	raw_mutation_N	1,3,5,10,84
2841	raw_mutation_N	1,3,5,10,90
2842	raw_mutation_N	1,3,5,10,96
2843	raw_mutation_N	1,3,5,10,102
2844	raw_mutation_N	1,3,5,10,108
2845	raw_mutation_N	1,3,5,10,114
2846	raw_mutation_N	1,3,5,10,120
2847	raw_mutation_N	1,3,4,10,12
2848	raw_mutation_N	1,3,4,10,18
2849	raw_mutation_N	1,3,4,10,24
2850	raw_mutation_N	1,3,4,10,30
2851	raw_mutation_N	1,3,4,10,36
2852	raw_mutation_N	1,3,4,10,42
2853	raw_mutation_N	1,3,4,10,48
2854	raw_mutation_N	1,3,4,10,54
2855	raw_mutation_N	1,3,4,10,60
2856	raw_mutation_N	1,3,4,10,66
2857	raw_mutation_N	1,3,4,10,72
2858	raw_mutation_N	1,3,4,10,78
2859	raw_mutation_N	1,3,4,10,84
2860	raw_mutation_N	1,3,4,10,90
2861	raw_mutation_N	1,3,4,10,96
2862	raw_mutation_N	1,3,4,10,102
2863	raw_mutation_N	1,3,4,10,108
2864	raw_mutation_N	1,3,4,10,114
2865	raw_mutation_N	1,3,4,10,120
2866	raw_mutation_N	3,4,5,11,12
2867	raw_mutation_N	3,4,5,11,18
2868	raw_mutation_N	3,4,5,11,24
2869	raw_mutation_N	3,4,5,11,30
2870	raw_mutation_N	3,4,5,11,36
2871	raw_mutation_N	3,4,5,11,42
2872	raw_mutation_N	3,4,5,11,48
2873	raw_mutation_N	3,4,5,11,54
2874	raw_mutation_N	3,4,5,11,60
2875	raw_mutation_N	3,4,5,11,66
2876	raw_mutation_N	3,4,5,11,72
2877	raw_mutation_N	3,4,5,11,78
2878	raw_mutation_N	3,4,5,11,84
2879	raw_mutation_N	3,4,5,11,90
2880	raw_mutation_N	3,4,5,11,96
2881	raw_mutation_N	3,4,5,11,102
2882	raw_mutation_N	3,4,5,11,108
2883	raw_mutation_N	3,4,5,11,114
2884	raw_mutation_N	3,4,5,11,120
2885	raw_mutation_N	1,4,5,11,12
2886	raw_mutation_N	1,4,5,11,18
2887	raw_mutation_N	1,4,5,11,24
2888	raw_mutation_N	1,4,5,11,30
2889	raw_mutation_N	1,4,5,11,36
2890	raw_mutation_N	1,4,5,11,42
2891	raw_mutation_N	1,4,5,11,48
2892	raw_mutation_N	1,4,5,11,54
2893	raw_mutation_N	1,4,5,11,60
2894	raw_mutation_N	1,4,5,11,66
2895	raw_mutation_N	1,4,5,11,72
2896	raw_mutation_N	1,4,5,11,78
2897	raw_mutation_N	1,4,5,11,84
2898	raw_mutation_N	1,4,5,11,90
2899	raw_mutation_N	1,4,5,11,96
2900	raw_mutation_N	1,4,5,11,102
2901	raw_mutation_N	1,4,5,11,108
2902	raw_mutation_N	1,4,5,11,114
2903	raw_mutation_N	1,4,5,11,120
2904	raw_mutation_N	1,3,5,11,12
2905	raw_mutation_N	1,3,5,11,18
2906	raw_mutation_N	1,3,5,11,24
2907	raw_mutation_N	1,3,5,11,30
2908	raw_mutation_N	1,3,5,11,36
2909	raw_mutation_N	1,3,5,11,42
2910	raw_mutation_N	1,3,5,11,48
2911	raw_mutation_N	1,3,5,11,54
2912	raw_mutation_N	1,3,5,11,60
2913	raw_mutation_N	1,3,5,11,66
2914	raw_mutation_N	1,3,5,11,72
2915	raw_mutation_N	1,3,5,11,78
2916	raw_mutation_N	1,3,5,11,84
2917	raw_mutation_N	1,3,5,11,90
2918	raw_mutation_N	1,3,5,11,96
2919	raw_mutation_N	1,3,5,11,102
2920	raw_mutation_N	1,3,5,11,108
2921	raw_mutation_N	1,3,5,11,114
2922	raw_mutation_N	1,3,5,11,120
2923	raw_mutation_N	1,3,4,11,12
2924	raw_mutation_N	1,3,4,11,18
2925	raw_mutation_N	1,3,4,11,24
2926	raw_mutation_N	1,3,4,11,30
2927	raw_mutation_N	1,3,4,11,36
2928	raw_mutation_N	1,3,4,11,42
2929	raw_mutation_N	1,3,4,11,48
2930	raw_mutation_N	1,3,4,11,54
2931	raw_mutation_N	1,3,4,11,60
2932	raw_mutation_N	1,3,4,11,66
2933	raw_mutation_N	1,3,4,11,72
2934	raw_mutation_N	1,3,4,11,78
2935	raw_mutation_N	1,3,4,11,84
2936	raw_mutation_N	1,3,4,11,90
2937	raw_mutation_N	1,3,4,11,96
2938	raw_mutation_N	1,3,4,11,102
2939	raw_mutation_N	1,3,4,11,108
2940	raw_mutation_N	1,3,4,11,114
2941	raw_mutation_N	1,3,4,11,120
2942	raw_mutation_N	3,4,5,12,18
2943	raw_mutation_N	3,4,5,12,24
2944	raw_mutation_N	3,4,5,12,30
2945	raw_mutation_N	3,4,5,12,36
2946	raw_mutation_N	3,4,5,12,42
2947	raw_mutation_N	3,4,5,12,48
2948	raw_mutation_N	3,4,5,12,54
2949	raw_mutation_N	3,4,5,12,60
2950	raw_mutation_N	3,4,5,12,66
2951	raw_mutation_N	3,4,5,12,72
2952	raw_mutation_N	3,4,5,12,78
2953	raw_mutation_N	3,4,5,12,84
2954	raw_mutation_N	3,4,5,12,90
2955	raw_mutation_N	3,4,5,12,96
2956	raw_mutation_N	3,4,5,12,102
2957	raw_mutation_N	3,4,5,12,108
2958	raw_mutation_N	3,4,5,12,114
2959	raw_mutation_N	3,4,5,12,120
2960	raw_mutation_N	1,4,5,12,18
2961	raw_mutation_N	1,4,5,12,24
2962	raw_mutation_N	1,4,5,12,30
2963	raw_mutation_N	1,4,5,12,36
2964	raw_mutation_N	1,4,5,12,42
2965	raw_mutation_N	1,4,5,12,48
2966	raw_mutation_N	1,4,5,12,54
2967	raw_mutation_N	1,4,5,12,60
2968	raw_mutation_N	1,4,5,12,66
2969	raw_mutation_N	1,4,5,12,72
2970	raw_mutation_N	1,4,5,12,78
2971	raw_mutation_N	1,4,5,12,84
2972	raw_mutation_N	1,4,5,12,90
2973	raw_mutation_N	1,4,5,12,96
2974	raw_mutation_N	1,4,5,12,102
2975	raw_mutation_N	1,4,5,12,108
2976	raw_mutation_N	1,4,5,12,114
2977	raw_mutation_N	1,4,5,12,120
2978	raw_mutation_N	1,3,5,12,18
2979	raw_mutation_N	1,3,5,12,24
2980	raw_mutation_N	1,3,5,12,30
2981	raw_mutation_N	1,3,5,12,36
2982	raw_mutation_N	1,3,5,12,42
2983	raw_mutation_N	1,3,5,12,48
2984	raw_mutation_N	1,3,5,12,54
2985	raw_mutation_N	1,3,5,12,60
2986	raw_mutation_N	1,3,5,12,66
2987	raw_mutation_N	1,3,5,12,72
2988	raw_mutation_N	1,3,5,12,78
2989	raw_mutation_N	1,3,5,12,84
2990	raw_mutation_N	1,3,5,12,90
2991	raw_mutation_N	1,3,5,12,96
2992	raw_mutation_N	1,3,5,12,102
2993	raw_mutation_N	1,3,5,12,108
2994	raw_mutation_N	1,3,5,12,114
2995	raw_mutation_N	1,3,5,12,120
2996	raw_mutation_N	1,3,4,12,18
2997	raw_mutation_N	1,3,4,12,24
2998	raw_mutation_N	1,3,4,12,30
2999	raw_mutation_N	1,3,4,12,36
3000	raw_mutation_N	1,3,4,12,42
3001	raw_mutation_N	1,3,4,12,48
3002	raw_mutation_N	1,3,4,12,54
3003	raw_mutation_N	1,3,4,12,60
3004	raw_mutation_N	1,3,4,12,66
3005	raw_mutation_N	1,3,4,12,72
3006	raw_mutation_N	1,3,4,12,78
3007	raw_mutation_N	1,3,4,12,84
3008	raw_mutation_N	1,3,4,12,90
3009	raw_mutation_N	1,3,4,12,96
3010	raw_mutation_N	1,3,4,12,102
3011	raw_mutation_N	1,3,4,12,108
3012	raw_mutation_N	1,3,4,12,114
3013	raw_mutation_N	1,3,4,12,120
3014	CRT_structured	6,10,24,25
3015	CRT_structured	10,16,24,75
3016	CRT_structured	14,22,32,35
3017	CRT_structured	8,14,32,105
3018	CRT_structured	22,34,48,55
3019	CRT_structured	12,22,48,165
3020	CRT_structured	14,26,56,65
3021	CRT_structured	26,40,56,195
3022	CRT_structured	18,34,72,85
3023	CRT_structured	34,52,72,255
3024	CRT_structured	6,15,20,30,90
3025	CRT_structured	8,19,26,40,42
3026	CRT_structured	8,19,26,29,84
3027	CRT_structured	19,26,29,40,126
3028	CRT_structured	12,27,38,60,132
3029	CRT_structured	12,27,38,45,198
3030	CRT_structured	14,31,44,53,78
3031	CRT_structured	31,44,53,70,156
3032	CRT_structured	14,44,53,70,234
3033	CRT_structured	18,39,56,90,102
3034	CRT_structured	18,39,56,69,204
3035	CRT_structured	39,56,69,90,306
3036	CRT_structured	15,19,25,26,35,36
3037	CRT_structured	6,19,25,26,36,70
3038	CRT_structured	6,15,25,26,36,105
3039	CRT_structured	8,19,33,36,48,49
3040	CRT_structured	8,19,25,36,48,98
3041	CRT_structured	8,19,25,33,48,147
3042	CRT_structured	27,37,49,56,72,77
3043	CRT_structured	12,37,49,56,72,154
3044	CRT_structured	12,27,49,56,72,231
3045	CRT_structured	14,31,57,66,84,91
3046	CRT_structured	14,31,43,66,84,182
3047	CRT_structured	14,31,43,57,84,273
3048	CRT_structured	39,55,73,86,108,119
3049	CRT_structured	18,55,73,86,108,238
3050	CRT_structured	18,39,73,86,108,357
3051	CRT_structured	6,15,18,23,30,31,40
3052	CRT_structured	15,18,23,30,31,42,80
3053	CRT_structured	6,18,23,30,31,42,120
3054	CRT_structured	8,19,31,40,43,56,112
3055	CRT_structured	8,19,24,40,43,56,168
3056	CRT_structured	12,27,36,47,60,84,88
3057	CRT_structured	12,27,36,47,60,67,176
3058	CRT_structured	27,36,47,60,67,84,264
3059	CRT_structured	31,42,55,70,79,98,104
3060	CRT_structured	14,42,55,70,79,98,208
3061	CRT_structured	14,31,55,70,79,98,312
3062	CRT_structured	18,39,54,71,103,126,136
3063	CRT_structured	18,39,54,71,90,126,272
3064	CRT_structured	18,39,54,71,90,103,408
3065	CRT_structured	6,15,17,21,27,35,45,48
3066	CRT_structured	6,15,17,21,27,35,36,90
3067	CRT_structured	15,17,21,27,35,36,48,135
3068	CRT_structured	19,23,29,37,47,50,63,64
3069	CRT_structured	8,23,29,37,47,50,64,126
3070	CRT_structured	8,19,29,37,47,50,64,189
3071	CRT_structured	12,27,35,45,71,78,96,99
3072	CRT_structured	12,27,35,45,57,78,96,198
3073	CRT_structured	12,27,35,45,57,71,96,297
3074	CRT_structured	14,31,41,53,67,83,112,117
3075	CRT_structured	14,31,41,53,67,83,92,234
3076	CRT_structured	31,41,53,67,83,92,112,351
3077	CRT_structured	18,39,69,87,107,120,144,153
3078	CRT_structured	18,39,53,87,107,120,144,306
3079	CRT_structured	18,39,53,69,107,120,144,459
3080	CRT_structured	6,15,16,29,31,34,41,50,54
3081	CRT_structured	6,15,16,29,31,34,40,54,100
3082	CRT_structured	6,15,16,29,31,34,40,41,150
3083	CRT_structured	8,19,22,37,43,44,54,57,70
3084	CRT_structured	19,22,37,43,44,54,57,72,140
3085	CRT_structured	8,22,37,43,44,54,57,72,210
3086	CRT_structured	12,27,34,64,67,82,89,108,110
3087	CRT_structured	12,27,34,53,67,82,89,108,220
3088	CRT_structured	12,27,34,53,64,82,89,108,330
3089	CRT_structured	14,31,40,61,74,96,105,126,130
3090	CRT_structured	14,31,40,61,74,79,105,126,260
3091	CRT_structured	14,31,40,61,74,79,96,126,390
3092	CRT_structured	39,52,77,94,103,124,137,162,170
3093	CRT_structured	18,52,77,94,103,124,137,162,340
3094	CRT_structured	18,39,77,94,103,124,137,162,510
3095	deterministic_mutation	6,15,16,19,38
3096	deterministic_mutation	2,5,8,12
3097	deterministic_mutation	5,12,23,25
3098	deterministic_mutation	13,16,23,24,27,30,32
3099	deterministic_mutation	2,4,5,11
3100	deterministic_mutation	2,11,12,18
3101	deterministic_mutation	13,24,28,37,45,48,55,58,61,71
3102	deterministic_mutation	6,19,25,27
3103	deterministic_mutation	4,6,8,11,16
3104	deterministic_mutation	5,10,11,22,29,36
3105	deterministic_mutation	3,14,16,35,45,52
3106	deterministic_mutation	9,11,15,22,31,39,40
3107	deterministic_mutation	20,22,39,40
3108	deterministic_mutation	6,21,22,31,32,43
3109	deterministic_mutation	5,12,18,105
3110	deterministic_mutation	2,10,11,13,22
3111	deterministic_mutation	3,10,12,14,26
3112	deterministic_mutation	4,10,12,18,20,24,25,32,38
3113	deterministic_mutation	3,6,9,12,16,22,37
3114	deterministic_mutation	3,14,21,24,29,33,42,50
3115	deterministic_mutation	5,13,19,24,27,33
3116	deterministic_mutation	12,21,25,31,53
3117	deterministic_mutation	6,8,16,22,24,31,32,40
3118	deterministic_mutation	4,13,20,28,38,52,85
3119	deterministic_mutation	5,16,17,33,49,53
3120	deterministic_mutation	5,13,21,37
3121	deterministic_mutation	2,8,10,11,13,20,34
3122	deterministic_mutation	7,33,45,74,115,119
3123	deterministic_mutation	2,5,8,9,15,16,19
3124	deterministic_mutation	21,23,44,65,70,91
3125	deterministic_mutation	4,13,19,24,35,46,84
3126	deterministic_mutation	8,9,12,18,29,34,40,47,210
3127	deterministic_mutation	5,9,16,23,29,32,39,44,130
3128	deterministic_mutation	6,29,36,39,63,77,104
3129	deterministic_mutation	3,9,20,24,28,34,42
3130	deterministic_mutation	3,12,17,22,56
3131	deterministic_mutation	8,10,18,43
3132	deterministic_mutation	7,15,34,170
3133	deterministic_mutation	24,25,32,66,78
3134	deterministic_mutation	5,8,9,13,17
3135	deterministic_mutation	6,11,22,26,35,39,50,57
3136	deterministic_mutation	4,7,12,18,19,91
3137	deterministic_mutation	5,32,44,80,113,122
3138	deterministic_mutation	5,7,13,17,18,26,30,32,34,37
3139	deterministic_mutation	5,12,23,27,126
3140	deterministic_mutation	6,23,50,65
3141	deterministic_mutation	6,14,19,25
3142	deterministic_mutation	8,21,28,30,37,54,64
3143	deterministic_mutation	6,35,36,67,98,100
3144	deterministic_mutation	4,7,11,14,23,29
3145	deterministic_mutation	9,25,35,44,80,88,168
3146	deterministic_mutation	5,17,21,30,33,42
3147	deterministic_mutation	5,16,23,31,33,56
3148	deterministic_mutation	9,10,19,27,33,39,48,53,210
3149	deterministic_mutation	19,24,32,34,56,66,168
3150	deterministic_mutation	4,8,9,16,24,38,168
3151	deterministic_mutation	3,7,15,33,49,50
3152	deterministic_mutation	1,3,8,10,18,21
3153	deterministic_mutation	9,22,29,38,39,68,81
3154	deterministic_mutation	3,4,7,14,15,19,20,24,26,32
3155	deterministic_mutation	4,13,19,26,32,34,64
3156	deterministic_mutation	2,7,9,15,22,36
3157	deterministic_mutation	2,8,9,12,17,19,104
3158	deterministic_mutation	15,18,23,44
3159	deterministic_mutation	3,6,9,12,13,20,21,27,80
3160	deterministic_mutation	4,8,14,17,21,22
3161	deterministic_mutation	8,33,37,95,102,147
3162	deterministic_mutation	5,32,43,74,114,117
3163	deterministic_mutation	5,16,17,49,50,91
3164	deterministic_mutation	5,35,41,78,114,116
3165	deterministic_mutation	5,22,30,34,40,51,56,306
3166	deterministic_mutation	10,13,19,27,36,52,86
3167	deterministic_mutation	3,9,13,170
3168	deterministic_mutation	8,9,14,20,24
3169	deterministic_mutation	5,27,30,54,80,86
3170	deterministic_mutation	2,10,15,26
3171	deterministic_mutation	4,7,8,13,14,18,20,26,28,29
3172	deterministic_mutation	1,2,4,8,18
3173	deterministic_mutation	1,7,9,18,27
3174	deterministic_mutation	7,14,26,170
3175	deterministic_mutation	6,27,29,35,40,43,64
3176	deterministic_mutation	6,21,32,35,40,44,65
3177	deterministic_mutation	3,6,12,17,18,19,168
3178	deterministic_mutation	2,9,10,12,17,18
3179	deterministic_mutation	3,12,20,25
3180	deterministic_mutation	1,9,13,25
3181	deterministic_mutation	3,12,15,32,46,52
3182	deterministic_mutation	8,13,29,36,43,47,50,57,63
3183	deterministic_mutation	5,7,10,20,31,50,104
3184	deterministic_mutation	5,21,23,31,32,63,104
3185	deterministic_mutation	1,7,10,15,20,25,29,34,35
3186	deterministic_mutation	5,6,9,15,18,21,27,31
3187	deterministic_mutation	2,3,5,15
3188	deterministic_mutation	22,25,40,46
3189	deterministic_mutation	8,14,21,22,31,35,41,49
3190	deterministic_mutation	6,37,43,79,117,238
3191	deterministic_mutation	3,25,27,39,44,65,78
3192	deterministic_mutation	6,7,14,15,18,22,27,34,210
3193	deterministic_mutation	1,6,11,15,34
3194	deterministic_mutation	1,7,9,25
3195	deterministic_mutation	2,6,7,15,18
3196	deterministic_mutation	5,7,8,12
3197	deterministic_mutation	1,5,8,11,13,25,64
3198	deterministic_mutation	5,37,42,74,110,120
3199	deterministic_mutation	1,5,12,25
3200	deterministic_mutation	5,7,12,15,16,18,19,27,340
3201	deterministic_mutation	1,2,3,4,7,15,16
3202	deterministic_mutation	4,12,17,20,25,32,39,48,340
3203	deterministic_mutation	5,12,26,35,36,44
3204	deterministic_mutation	5,9,10,18,27,238
3205	deterministic_mutation	2,7,12,19,20,24,30,32,35,38
3206	deterministic_mutation	2,6,7,8,16,17
3207	deterministic_mutation	3,5,7,8,10,11,22
3208	deterministic_mutation	3,12,18,20,22,31,37,38,43,49
3209	deterministic_mutation	5,16,20,32,41,91
3210	deterministic_mutation	5,11,18,23,204
3211	deterministic_mutation	6,13,18,32
3212	deterministic_mutation	4,17,22,32,38,58,65
3213	deterministic_mutation	7,8,20,27,34,50,81
3214	deterministic_mutation	7,20,28,33,65
3215	deterministic_mutation	3,12,14,17,32,54
3216	deterministic_mutation	3,6,14,15,18,21,25,30,33,41
3217	deterministic_mutation	5,12,18,30,33,39,52,61,68,88
3218	deterministic_mutation	5,24,28,50
3219	deterministic_mutation	2,12,13,23,26,58,272
3220	deterministic_mutation	7,24,33,61,126
3221	deterministic_mutation	5,21,27,33,42,72,104
3222	deterministic_mutation	4,7,10,11,12,14,15,117
3223	deterministic_mutation	4,17,24,28,38,43,49
3224	deterministic_mutation	5,18,19,21,29,46,54
3225	deterministic_mutation	8,13,20,21,25,29
3226	deterministic_mutation	5,20,27,42
3227	deterministic_mutation	10,19,31,35,40,52,54,66,340
3228	deterministic_mutation	6,9,10,17,18
3229	deterministic_mutation	8,11,18,22,29,36,43
3230	deterministic_mutation	4,22,48,65
3231	deterministic_mutation	2,9,10,14,16,18
3232	deterministic_mutation	7,14,21,28,33,63,272
3233	deterministic_mutation	6,11,12,19,22,56
3234	deterministic_mutation	8,29,40,46
3235	deterministic_mutation	3,6,7,15,16,17,23,26,27
3236	deterministic_mutation	5,21,23,51,204
3237	deterministic_mutation	2,7,9,14,20,40,47
3238	deterministic_mutation	6,30,36,39,51,74,88
3239	deterministic_mutation	7,13,20,36,126
3240	deterministic_mutation	9,11,24,27,32,45,51,59
3241	deterministic_mutation	1,7,13,14,17,26,51
3242	deterministic_mutation	15,16,24,25
3243	deterministic_mutation	7,8,9,22,30
3244	deterministic_mutation	9,14,31,105
3245	deterministic_mutation	6,11,24,38,42,238
3246	deterministic_mutation	7,9,11,13,17
3247	deterministic_mutation	5,14,25,26
3248	deterministic_mutation	5,10,13,170
3249	deterministic_mutation	12,16,20,33,126
3250	deterministic_mutation	1,2,3,6,7,10,40
3251	deterministic_mutation	10,11,13,20,29,40,51
3252	deterministic_mutation	4,17,20,31,33,52,84
3253	deterministic_mutation	4,16,23,27,29,37,42,46
3254	deterministic_mutation	6,15,17,36,48
3255	deterministic_mutation	1,18,23,30,38
3256	deterministic_mutation	3,9,18,29,204
3257	deterministic_mutation	3,20,22,40
3258	deterministic_mutation	7,17,22,32
3259	deterministic_mutation	7,9,12,17,21,27,40
3260	deterministic_mutation	4,24,31,57,126
3261	deterministic_mutation	6,7,41,75,114,118
3262	deterministic_mutation	2,4,7,105
3263	deterministic_mutation	3,14,21,24,25,27,45
3264	deterministic_mutation	8,26,44,52,64,79,93
3265	deterministic_mutation	8,13,21,23,44
3266	deterministic_mutation	5,21,26,32,54
3267	deterministic_mutation	2,7,14,15,17,21,25,33,35
3268	deterministic_mutation	3,6,10,18,38
3269	deterministic_mutation	5,15,17,34,54,147
3270	deterministic_mutation	9,10,11,23
3271	deterministic_mutation	2,11,18,22,30,35,41,72
3272	deterministic_mutation	2,5,7,11,21
3273	deterministic_mutation	3,16,18,20,25
3274	deterministic_mutation	5,10,14,19,204
3275	deterministic_mutation	4,26,33,54,79,88
3276	deterministic_mutation	3,9,18,65
3277	deterministic_mutation	3,10,26,27,42,70,272
3278	deterministic_mutation	5,23,27,52
3279	deterministic_mutation	8,12,15,23,27,34,63
3280	deterministic_mutation	6,15,25,31,54
3281	deterministic_mutation	6,30,38,68,95,99
3282	deterministic_mutation	7,17,18,28,34,45,46,53
3283	deterministic_mutation	5,7,14,21,23,33,34,42,47,49
3284	deterministic_mutation	5,10,15,23
3285	deterministic_mutation	2,5,10,11
3286	deterministic_mutation	2,14,16,22,26,29
3287	deterministic_mutation	8,14,20,23,33,40,75
3288	deterministic_mutation	5,13,16,31,50,52
3289	deterministic_mutation	19,25,46,170
3290	deterministic_mutation	4,25,26,40
3291	deterministic_mutation	1,9,11,18
3292	deterministic_mutation	8,26,31,39,64,65,75
3293	deterministic_mutation	10,29,35,44,47,74,168
3294	deterministic_mutation	4,28,33,55,80,85
3295	deterministic_mutation	4,10,14,22,28,36,57
3296	deterministic_mutation	10,15,22,28,36,41,49,59,66
3297	deterministic_mutation	2,22,57,79,86,147
3298	deterministic_mutation	9,15,24,27,37,238
3299	deterministic_mutation	12,15,26,105
3300	deterministic_mutation	4,9,21,24,30,38,168
3301	deterministic_mutation	7,8,14,18,22,23,25
3302	deterministic_mutation	5,12,20,23,33
3303	deterministic_mutation	4,9,14,26,27,37
3304	deterministic_mutation	10,31,40,49
3305	deterministic_mutation	10,16,17,18,29,34,44
3306	deterministic_mutation	7,10,18,20,26,36,60
3307	deterministic_mutation	5,18,24,31,56
3308	deterministic_mutation	7,18,29,52,78
3309	deterministic_mutation	7,17,18,65
3310	deterministic_mutation	5,6,8,12,21
3311	deterministic_mutation	6,34,43,78,109,116
3312	deterministic_mutation	12,15,20,32
3313	deterministic_mutation	7,9,10,13,17,28,51
3314	deterministic_mutation	5,12,13,22,35,37
3315	deterministic_mutation	10,18,29,47
3316	deterministic_mutation	4,7,10,12,24,37,168
3317	deterministic_mutation	6,9,21,25,30,43,70
3318	deterministic_mutation	10,22,48,65
3319	deterministic_mutation	6,15,21,25
3320	deterministic_mutation	5,7,10,15,19,24,29
3321	deterministic_mutation	5,8,10,16,126
3322	deterministic_mutation	5,12,16,26,38
3323	deterministic_mutation	19,23,46,56,66,69
3324	deterministic_mutation	3,21,24,27,56
3325	deterministic_mutation	2,4,8,9,204
3326	deterministic_mutation	6,21,25,26,40,41,51
3327	deterministic_mutation	5,6,10,18,19
3328	deterministic_mutation	4,8,13,20,21,33
3329	deterministic_mutation	5,17,21,23,28,52,64
3330	deterministic_mutation	15,19,26,40
3331	deterministic_mutation	3,5,11,13,17,19,27,117
3332	deterministic_mutation	5,11,12,19,30
3333	deterministic_mutation	9,31,34,63,93,101
3334	deterministic_mutation	4,5,12,18,20,25,45
3335	deterministic_mutation	2,4,7,9,126
3336	deterministic_mutation	4,12,14,21,36
3337	deterministic_mutation	5,14,26,27,47,49,168
3338	deterministic_mutation	7,21,30,66,126
3339	deterministic_mutation	3,17,22,105
3340	deterministic_mutation	3,4,12,15,19,91
3341	deterministic_mutation	5,6,21,27,61
3342	deterministic_mutation	4,6,7,105
3343	deterministic_mutation	3,24,28,55,77,84
3344	deterministic_mutation	6,24,29,35,61
3345	deterministic_mutation	32,37,63,96,102,238
3346	deterministic_mutation	7,15,30,105
3347	deterministic_mutation	7,12,24,26
3348	deterministic_mutation	12,18,27,30,43,64,74
3349	deterministic_mutation	2,21,32,65
3350	deterministic_mutation	8,21,40,42
3351	deterministic_mutation	3,14,15,16,21,23,36
3352	deterministic_mutation	24,27,35,41,50,74,94
3353	deterministic_mutation	4,12,18,20,26,31,35,43
3354	deterministic_mutation	6,7,9,15,21,23,168
3355	deterministic_mutation	6,29,35,67,96,99
3356	deterministic_mutation	4,14,21,32,126
3357	deterministic_mutation	4,9,20,25
3358	deterministic_mutation	15,22,24,28,41,51,272
3359	deterministic_mutation	15,18,26,33,39,52,53,64,69,231
3360	deterministic_mutation	4,22,29,40
3361	deterministic_mutation	6,12,20,25
3362	deterministic_mutation	3,17,26,43,66,71
3363	deterministic_mutation	7,15,22,26,35
3364	deterministic_mutation	7,14,23,24,31,44,52
3365	deterministic_mutation	8,14,15,22,31,34,42,47
3366	deterministic_mutation	5,9,24,65
3367	deterministic_mutation	6,12,21,27,61
3368	deterministic_mutation	5,7,21,170
3369	deterministic_mutation	6,21,30,33,64
3370	deterministic_mutation	5,24,43,65
3371	deterministic_mutation	4,5,11,12,14,19,20,21,28,32
3372	deterministic_mutation	2,7,17,27,36,57,272
3373	deterministic_mutation	7,16,20,30,32,46,104
3374	deterministic_mutation	4,8,12,22,38,40,61
3375	deterministic_mutation	1,5,10,14,23,25,26,34,35,37
3376	deterministic_mutation	9,24,30,36,44,68,81
3377	deterministic_mutation	9,14,23,26,32,46,82
3378	deterministic_mutation	2,13,23,27,28,46,51
3379	deterministic_mutation	5,15,30,34,35,43
3380	deterministic_mutation	6,11,15,22,31,91
3381	deterministic_mutation	4,5,10,14,22,25,104
3382	deterministic_mutation	2,17,21,27,40,42,54
3383	deterministic_mutation	1,6,8,25
3384	deterministic_mutation	5,9,12,23,24,28,33
3385	deterministic_mutation	6,7,8,14,15,19,28
3386	deterministic_mutation	6,18,19,30,32
3387	deterministic_mutation	1,7,8,9,11,14,15,189
3388	deterministic_mutation	4,30,37,45,75,88,104
3389	deterministic_mutation	3,4,9,12
3390	deterministic_mutation	3,10,15,16,17,22
3391	deterministic_mutation	9,36,45,75,91,116
3392	deterministic_mutation	6,12,21,25,204
3393	deterministic_mutation	4,15,20,24,29,33,40,46,51,63
3394	deterministic_mutation	5,6,14,23,48
3395	deterministic_mutation	5,8,11,19,24,41,72
3396	deterministic_mutation	6,20,29,51
3397	deterministic_mutation	6,14,19,21,23,30,35,36,210
3398	deterministic_mutation	6,14,16,25
3399	deterministic_mutation	4,17,19,33
3400	deterministic_mutation	5,6,10,11,12,20
3401	deterministic_mutation	8,14,21,25,33,35,42,51
3402	deterministic_mutation	5,6,10,21,22,29,32,306
3403	deterministic_mutation	14,19,24,25,30,39,73
3404	deterministic_mutation	1,6,8,13,14,17,272
3405	deterministic_mutation	5,7,12,19
3406	deterministic_mutation	6,11,12,24,48
3407	deterministic_mutation	5,12,20,23,33,38,40,46,54,58
3408	deterministic_mutation	5,6,14,24
3409	deterministic_mutation	11,15,24,26,28,42,75
3410	deterministic_mutation	9,21,31,34,64,68,76
3411	deterministic_mutation	9,10,14,21,23,91
3412	deterministic_mutation	6,26,28,33,42,68,75
3413	deterministic_mutation	3,7,10,11,23,24,64
3414	deterministic_mutation	7,27,34,40,48,74,93
3415	deterministic_mutation	15,21,25,36,49,82,272
3416	deterministic_mutation	1,6,14,17,204
3417	deterministic_mutation	4,9,18,23,28,39
3418	deterministic_mutation	4,6,7,13,15,20,37
3419	deterministic_mutation	10,16,18,20,27,40,51,55
3420	deterministic_mutation	2,14,17,18,26,30,168
3421	deterministic_mutation	5,20,25,48
3422	deterministic_mutation	2,5,11,105
3423	deterministic_mutation	2,9,16,17,22,31,32,37,47,51
3424	deterministic_mutation	8,16,23,30,33
3425	deterministic_mutation	4,23,47,56,63,67
3426	deterministic_mutation	2,4,6,8,9,11,12
3427	deterministic_mutation	6,16,28,32,43,49,93
3428	deterministic_mutation	6,12,21,25,32,238
3429	deterministic_mutation	5,9,13,17
3430	deterministic_mutation	5,10,23,25
3431	deterministic_mutation	2,11,15,16
3432	deterministic_mutation	5,7,13,27
3433	deterministic_mutation	4,30,34,44,47,80,89
3434	deterministic_mutation	7,13,17,22,27,34,57
3435	deterministic_mutation	5,12,18,23,24,35,57
3436	deterministic_mutation	7,24,38,65,126
3437	deterministic_mutation	6,9,22,28,38
3438	deterministic_mutation	3,8,15,170
3439	deterministic_mutation	9,19,44,170
3440	deterministic_mutation	1,17,18,34,51,53
3441	deterministic_mutation	5,35,41,76,110,116
3442	deterministic_mutation	7,17,29,34,39,91
3443	deterministic_mutation	8,15,16,22,33,38
3444	deterministic_mutation	13,16,17,23,33,39,72
3445	deterministic_mutation	10,16,27,33,41,76,90
3446	deterministic_mutation	5,20,26,44
3447	deterministic_mutation	4,5,10,11,23,25,272
3448	deterministic_mutation	4,11,20,27
3449	deterministic_mutation	5,7,36,39,75,115
3450	deterministic_mutation	9,15,16,22,31,36,64
3451	deterministic_mutation	1,6,10,12,28
3452	deterministic_mutation	7,9,17,21,30,35,39,47
3453	deterministic_mutation	4,24,28,35,37,43
3454	deterministic_mutation	8,15,18,23,33,37,43,72
3455	deterministic_mutation	4,19,22,27,40,41,52
3456	deterministic_mutation	2,5,8,9,11,26,272
3457	deterministic_mutation	3,7,9,22,23,32,38,40
3458	deterministic_mutation	6,10,20,23,28,33,43,49,55,57
3459	deterministic_mutation	4,17,19,28,204
3460	deterministic_mutation	7,18,47,105
3461	deterministic_mutation	2,6,12,13,16,19,26
3462	deterministic_mutation	4,5,17,27
3463	deterministic_mutation	2,20,24,43,63,67
3464	deterministic_mutation	5,17,18,33,48,147
3465	deterministic_mutation	12,16,25,28,36,40,50,52,55,62
3466	deterministic_mutation	3,14,18,28,44
3467	deterministic_mutation	5,23,35,46,62,66
3468	deterministic_mutation	2,9,12,16,19,22,40
3469	deterministic_mutation	7,19,25,41
3470	deterministic_mutation	5,17,26,65
3471	deterministic_mutation	3,16,26,30,48
3472	deterministic_mutation	5,9,12,17
3473	deterministic_mutation	20,24,32,53,126
3474	deterministic_mutation	2,8,17,22,23,38,58
3475	deterministic_mutation	4,16,19,34,50,51
3476	deterministic_mutation	2,7,11,17,18,28,45
3477	deterministic_mutation	4,8,15,17,26,32,45
3478	deterministic_mutation	7,25,32,53,82,84
3479	deterministic_mutation	10,14,24,27,35,44,51,306
3480	deterministic_mutation	7,18,25,33,65
3481	deterministic_mutation	2,17,27,46,62,238
3482	deterministic_mutation	4,18,24,29,55
3483	deterministic_mutation	2,3,4,11,14,27,104
3484	deterministic_mutation	4,8,17,18,204
3485	deterministic_mutation	4,5,12,13,204
3486	deterministic_mutation	1,2,3,4,9,15,64
3487	deterministic_mutation	7,12,16,21,22,147
3488	deterministic_mutation	4,8,11,14,25,32
3489	deterministic_mutation	6,19,31,32,57,67,272
3490	deterministic_mutation	2,7,13,17,24,27,33,34,41,55
3491	deterministic_mutation	3,10,26,30,43,73,104
3492	deterministic_mutation	7,18,25,52,126
3493	deterministic_mutation	4,14,25,33,37,91
3494	deterministic_mutation	2,8,11,14,17,19,20,25,26
3495	deterministic_mutation	7,10,11,14
3496	deterministic_mutation	4,9,15,19
3497	deterministic_mutation	3,7,9,19,21
3498	deterministic_mutation	7,9,17,22,31,45,70
3499	deterministic_mutation	4,8,24,32,37,147
3500	deterministic_mutation	4,19,30,36,63
3501	deterministic_mutation	5,8,28,37,48,78,88
3502	deterministic_mutation	5,19,26,30,32,58,63
3503	deterministic_mutation	3,7,10,15,20,33,64
3504	deterministic_mutation	2,3,5,10
3505	deterministic_mutation	2,9,14,19,23,31,168
3506	deterministic_mutation	8,17,21,25,47
3507	deterministic_mutation	1,5,10,13,19,56
3508	deterministic_mutation	5,10,11,13,16,24,26,306
3509	deterministic_mutation	4,14,15,23,29,33,48,51,58,231
3510	deterministic_mutation	5,11,14,25,33,38,104
3511	deterministic_mutation	9,17,18,21,26
3512	deterministic_mutation	9,14,22,27,30,32,44,46
3513	deterministic_mutation	6,24,31,32,49,80,90
3514	deterministic_mutation	15,17,23,40
3515	deterministic_mutation	9,32,41,52,64,79,92
3516	deterministic_mutation	3,15,26,42
3517	deterministic_mutation	8,13,16,21,30,44,73
3518	deterministic_mutation	5,10,13,14,18,33
3519	deterministic_mutation	8,16,23,27,29,36,47,56
3520	deterministic_mutation	4,7,17,22,28
3521	deterministic_mutation	6,19,27,45,64,70
3522	deterministic_mutation	10,23,25,37,66
3523	deterministic_mutation	5,10,13,15,21,26,27,29
3524	deterministic_mutation	5,21,32,48,56
3525	deterministic_mutation	5,14,32,53,79,83
3526	deterministic_mutation	7,9,16,25
3527	deterministic_mutation	8,11,18,22,30
3528	deterministic_mutation	1,2,3,6,9,10,168
3529	deterministic_mutation	3,7,10,17
3530	deterministic_mutation	7,22,23,33,54,62,64
3531	deterministic_mutation	3,9,10,14,25,35
3532	deterministic_mutation	2,16,17,23,27,30,47
3533	deterministic_mutation	2,3,6,7,10,12
3534	deterministic_mutation	5,11,15,19
3535	deterministic_mutation	1,7,15,16,34,51
3536	deterministic_mutation	6,12,24,29,38
3537	deterministic_mutation	5,9,14,25,48
3538	deterministic_mutation	2,9,12,17,20,34,272
3539	deterministic_mutation	2,8,15,19,25,33
3540	deterministic_mutation	4,11,24,65
3541	deterministic_mutation	6,12,14,16,20,25,29
3542	deterministic_mutation	6,19,31,40
3543	deterministic_mutation	7,14,20,28,30
3544	deterministic_mutation	3,15,21,22,43
3545	deterministic_mutation	3,22,29,39,42,68,78
3546	deterministic_mutation	2,3,7,9,48
3547	deterministic_mutation	3,6,8,21,78
3548	deterministic_mutation	2,13,16,18,35,41,168
3549	deterministic_mutation	2,5,10,40
3550	deterministic_mutation	2,3,5,11,12
3551	deterministic_mutation	8,14,15,26,36,39,50,57,60,88
3552	deterministic_mutation	9,35,45,77,109,117
3553	deterministic_mutation	6,16,27,44
3554	deterministic_mutation	10,22,30,47
3555	deterministic_mutation	3,9,15,20,30,51,64
3556	deterministic_mutation	8,21,36,43,113,116
3557	deterministic_mutation	9,12,18,26,36,43,48
3558	deterministic_mutation	5,23,40,48
3559	deterministic_mutation	4,17,25,40
3560	deterministic_mutation	12,17,21,40
3561	deterministic_mutation	5,32,33,67,98,103
3562	deterministic_mutation	9,13,16,24,34,39,104
3563	deterministic_mutation	1,10,13,16,20,25,168
3564	deterministic_mutation	3,24,29,82,87,238
3565	deterministic_mutation	4,15,20,21,28,33,41
3566	deterministic_mutation	2,10,15,22,48
3567	deterministic_mutation	5,20,28,37,61
3568	deterministic_mutation	11,17,19,28,29,35,38,189
3569	deterministic_mutation	8,12,20,21,31,33,45,46,210
3570	deterministic_mutation	4,29,37,43,49,80,91
3571	deterministic_mutation	3,14,18,35,45,51
3572	deterministic_mutation	3,4,14,18,19,56
3573	deterministic_mutation	5,17,19,22,33,35,42,117
3574	deterministic_mutation	9,11,18,24,26,33,40
3575	deterministic_mutation	9,16,23,30,35,36
3576	deterministic_mutation	7,16,23,38
3577	deterministic_mutation	5,7,14,16,18,20,168
3578	deterministic_mutation	5,15,18,25,31,39,40,45,53
3579	deterministic_mutation	14,15,17,38
3580	deterministic_mutation	2,4,5,8,21
3581	deterministic_mutation	5,7,36,67,95,105
3582	deterministic_mutation	34,35,42,77,110,122
3583	deterministic_mutation	7,14,19,25,28,43,51
3584	deterministic_mutation	1,7,13,15,29,36
3585	deterministic_mutation	7,18,19,24,53
3586	deterministic_mutation	1,18,23,45,65,67
3587	deterministic_mutation	4,19,27,64,71,238
3588	deterministic_mutation	9,24,25,35,39,50,77
3589	deterministic_mutation	1,6,12,15,48
3590	deterministic_mutation	7,8,23,30,36,45
3591	deterministic_mutation	7,17,18,24,29,238
3592	deterministic_mutation	6,26,30,56,81,91
3593	deterministic_mutation	4,11,15,22
3594	deterministic_mutation	10,11,16,24,27,34,43,46,55,63
3595	deterministic_mutation	2,5,9,170
3596	deterministic_mutation	5,16,23,27,28,57,64
3597	deterministic_mutation	6,8,9,11,13,24,168
3598	deterministic_mutation	7,16,21,65
3599	deterministic_mutation	7,12,23,65
3600	deterministic_mutation	9,16,23,30,33,44,50,53
3601	deterministic_mutation	3,5,6,10,18,19,35
3602	deterministic_mutation	4,18,22,41
3603	deterministic_mutation	7,9,22,30,32
3604	deterministic_mutation	4,10,17,24,26,44,70
3605	deterministic_mutation	4,6,9,11,16,18,20,27
3606	deterministic_mutation	1,3,9,12
3607	deterministic_mutation	13,24,27,34,43,238
3608	deterministic_mutation	10,25,33,48,62
3609	deterministic_mutation	2,8,10,13,17,23,64
3610	deterministic_mutation	11,15,23,31,35,41,48,54,63,69
3611	deterministic_mutation	8,13,23,28,33,62,272
3612	deterministic_mutation	4,18,23,32,35,58,68
3613	deterministic_mutation	4,15,21,105
3614	deterministic_mutation	5,12,17,170
3615	deterministic_mutation	5,21,32,40,79,113
3616	deterministic_mutation	8,21,27,35,65
3617	deterministic_mutation	5,7,8,11,16,22,35
3618	deterministic_mutation	4,12,19,31,40,41,74
3619	deterministic_mutation	7,9,22,30,35,40,272
3620	deterministic_mutation	4,17,25,38,47,82,168
3621	deterministic_mutation	12,15,17,33
3622	deterministic_mutation	2,5,6,7,9,12,24
3623	deterministic_mutation	5,6,10,16,19,20,25,27,29,88
3624	deterministic_mutation	2,10,11,17,21,25,27,30,34
3625	deterministic_mutation	5,8,9,13,23,37,168
3626	deterministic_mutation	3,8,14,21,24,35
3627	deterministic_mutation	6,23,27,30,36,55,63
3628	deterministic_mutation	4,10,17,18,28,37,42,43,47,231
3629	deterministic_mutation	6,9,13,15,21,24,33
3630	deterministic_mutation	2,20,24,26,27,46,50
3631	deterministic_mutation	1,2,7,10,11,15
3632	deterministic_mutation	6,19,25,34,61
3633	deterministic_mutation	1,6,8,9,10,238
3634	deterministic_mutation	7,25,31,36,44,68,77
3635	deterministic_mutation	5,8,11,12,20,24,27
3636	deterministic_mutation	5,23,25,31,35,54,62
3637	deterministic_mutation	2,17,18,33,204
3638	deterministic_mutation	7,10,37,42,109,122
3639	deterministic_mutation	8,15,25,34,126
3640	deterministic_mutation	4,17,24,29,33,39,52
3641	deterministic_mutation	5,8,13,40
3642	deterministic_mutation	7,21,45,66,71,91
3643	deterministic_mutation	3,25,35,44,61,68
3644	deterministic_mutation	2,7,8,11,12,22,25
3645	deterministic_mutation	6,16,24,33,48
3646	deterministic_mutation	15,18,21,28,45
3647	deterministic_mutation	4,5,19,23
3648	deterministic_mutation	6,15,24,65
3649	deterministic_mutation	3,15,16,24,28,44,49
3650	deterministic_mutation	2,6,9,12,18
3651	deterministic_mutation	4,11,17,25
3652	deterministic_mutation	4,13,16,18,19,32,40
3653	deterministic_mutation	7,8,22,29,79,87
3654	deterministic_mutation	7,18,24,33,53,64,67
3655	deterministic_mutation	8,27,29,55,78,86
3656	deterministic_mutation	5,10,12,22,33,37
3657	deterministic_mutation	4,5,9,15,18,19,37
3658	deterministic_mutation	6,18,24,45,65,147
3659	deterministic_mutation	7,28,32,44,49,79,89
3660	deterministic_mutation	9,10,14,25
3661	deterministic_mutation	3,14,15,29,126
3662	deterministic_mutation	2,23,24,30,33,53,62
3663	deterministic_mutation	10,17,31,33,43,47,53,64,73,88
3664	deterministic_mutation	1,2,6,8,13,16,168
3665	deterministic_mutation	7,31,38,45,77,93,104
3666	deterministic_mutation	1,3,4,6,8,11,168
3667	deterministic_mutation	2,3,8,11
3668	deterministic_mutation	4,12,13,20,25,32,35
3669	deterministic_mutation	8,10,16,18,19,31,48
3670	deterministic_mutation	6,26,31,38,44,64,77
3671	deterministic_mutation	6,19,22,26,45,54,64
3672	deterministic_mutation	6,9,19,21,31,33,42,46,55
3673	deterministic_mutation	1,14,15,17,35
3674	deterministic_mutation	7,10,13,18,22,26,32,33
3675	deterministic_mutation	6,9,12,13,15,18,21,24,29,33
3676	deterministic_mutation	3,6,12,19,21
3677	deterministic_mutation	2,7,9,40
3678	deterministic_mutation	28,36,65,91,98,102
3679	deterministic_mutation	7,11,22,30,36,39
3680	deterministic_mutation	8,15,24,26,36,45,49,58,65
3681	deterministic_mutation	2,24,46,61,65,147
3682	deterministic_mutation	3,10,17,19,22,31,36,42,47
3683	deterministic_mutation	6,15,20,22
3684	deterministic_mutation	9,24,29,35,44,67,75
3685	deterministic_mutation	3,5,7,8,9,15,24
3686	deterministic_mutation	5,9,17,30,37
3687	deterministic_mutation	4,15,19,170
3688	deterministic_mutation	8,17,26,48,54
3689	deterministic_mutation	5,8,13,15,22,30,48
3690	deterministic_mutation	15,17,25,28
3691	deterministic_mutation	9,14,18,26,40,47,82
3692	deterministic_mutation	10,31,38,45,50,64,91
3693	deterministic_mutation	22,27,41,65,71,91
3694	deterministic_mutation	6,18,22,23,27,50,168
3695	deterministic_mutation	8,12,21,25,30
3696	deterministic_mutation	6,19,26,40
3697	deterministic_mutation	4,11,19,25
3698	deterministic_mutation	4,11,13,18,126
3699	deterministic_mutation	4,5,8,40
3700	deterministic_mutation	3,16,21,28,48
3701	deterministic_mutation	3,7,8,16,17,23,37
3702	deterministic_mutation	10,24,30,44,48,74,93
3703	deterministic_mutation	8,12,22,23,34,40,58
3704	deterministic_mutation	7,12,13,18,23,29,32
3705	deterministic_mutation	6,12,21,23,28,43,75
3706	deterministic_mutation	5,6,15,19,21,23,29
3707	deterministic_mutation	7,15,18,31,35,45,50
3708	deterministic_mutation	2,11,12,25,30,32,272
3709	deterministic_mutation	5,6,18,22,25,29,30,306
3710	deterministic_mutation	5,7,16,18,19,26,48
3711	deterministic_mutation	6,10,16,19,28,38,63
3712	deterministic_mutation	8,22,28,52,82,85
3713	deterministic_mutation	3,23,33,44,69,79,272
3714	deterministic_mutation	6,10,20,35,60
3715	deterministic_mutation	3,4,5,17,19,147
3716	deterministic_mutation	10,14,23,31,37,44,46
3717	deterministic_mutation	4,6,10,14,15,56
3718	deterministic_mutation	12,19,23,32,35,36
3719	deterministic_mutation	6,9,16,22,23,30,38,42,43,47
3720	deterministic_mutation	6,9,18,22,26,29,31,36,41,55
3721	deterministic_mutation	37,39,77,91,112,120
3722	deterministic_mutation	7,18,25,28,52
3723	deterministic_mutation	4,13,18,20,26,36,40,45
3724	deterministic_mutation	2,12,13,22,28,35,57
3725	deterministic_mutation	1,2,8,65
3726	deterministic_mutation	3,6,8,15
3727	deterministic_mutation	3,5,6,11,12,27,272
3728	deterministic_mutation	6,27,55,82,83,91
3729	deterministic_mutation	4,11,15,23,28,37,40
3730	deterministic_mutation	5,35,39,56,80,119
3731	deterministic_mutation	4,13,20,34
3732	deterministic_mutation	5,7,9,11,18,19,20,23,25,27
3733	deterministic_mutation	6,7,11,19,29,45
3734	deterministic_mutation	5,17,19,20,28,38,45,52,63
3735	deterministic_mutation	4,12,23,42,126
3736	deterministic_mutation	10,13,19,21,25,29,30,33,37,55
3737	deterministic_mutation	4,20,27,42,126
3738	deterministic_mutation	5,6,10,17,20,21,28,29,36
3739	deterministic_mutation	5,13,16,27,38,41,104
3740	deterministic_mutation	7,16,23,31,34
3741	deterministic_mutation	11,24,30,31,32
3742	deterministic_mutation	3,7,9,15,16,20,35
3743	deterministic_mutation	9,17,27,43
3744	deterministic_mutation	12,22,37,105
3745	deterministic_mutation	3,21,25,45,71,147
3746	deterministic_mutation	8,27,38,40,67,78,168
3747	deterministic_mutation	8,17,23,28,51
3748	deterministic_mutation	9,17,27,29,30,36,42,47,53
3749	deterministic_mutation	11,12,23,28,29,91
3750	deterministic_mutation	2,10,15,18
3751	deterministic_mutation	3,7,11,12,204
3752	deterministic_mutation	21,27,33,63,94,103
3753	deterministic_mutation	9,29,36,63,97,105
3754	deterministic_mutation	3,18,22,65
3755	deterministic_mutation	16,24,29,170
3756	deterministic_mutation	4,16,19,25,37,42,52,57,70,88
3757	deterministic_mutation	6,13,14,21,204
3758	deterministic_mutation	33,36,56,68,94,102
3759	deterministic_mutation	1,2,3,6,7,13,272
3760	deterministic_mutation	4,13,15,38
3761	deterministic_mutation	2,12,15,21,27
3762	deterministic_mutation	5,19,25,29,34,147
3763	deterministic_mutation	6,13,19,23,28,40,72
3764	deterministic_mutation	2,10,11,27
3765	deterministic_mutation	7,10,17,27,28,30,36,37,43
3766	deterministic_mutation	4,25,30,56,58,77
3767	deterministic_mutation	5,25,27,39,44,66,80
3768	deterministic_mutation	4,13,16,23,32,35,41,47
3769	deterministic_mutation	1,6,11,18,21,25,33,35,80
3770	deterministic_mutation	6,35,43,75,111,121
3771	deterministic_mutation	8,18,27,33,49,85,104
3772	deterministic_mutation	9,18,19,22,32,38,272
3773	deterministic_mutation	5,13,20,26,43,50,104
3774	deterministic_mutation	7,11,17,18,28
3775	deterministic_mutation	5,6,9,14,17,25
3776	deterministic_mutation	4,11,18,21,32
3777	deterministic_mutation	9,18,26,31,51
3778	deterministic_mutation	2,6,11,12,21
3779	deterministic_mutation	3,18,21,65
3780	deterministic_mutation	8,23,40,42
3781	deterministic_mutation	5,10,11,20
3782	deterministic_mutation	2,9,16,18,22,30,31,306
3783	deterministic_mutation	3,11,12,24,30,36
3784	deterministic_mutation	9,17,24,28,33,48,81
3785	deterministic_mutation	7,13,27,105
3786	deterministic_mutation	3,7,13,20,23,28,34,43
3787	deterministic_mutation	4,32,44,77,112,122
3788	deterministic_mutation	1,23,24,29,44,51,272
3789	deterministic_mutation	7,8,13,18,36,48,85
3790	deterministic_mutation	7,24,33,54,82,238
3791	deterministic_mutation	10,11,18,27,36,48,82
3792	deterministic_mutation	3,15,16,31,50,53
3793	deterministic_mutation	4,18,25,46,67,70
3794	deterministic_mutation	9,11,13,19,27,39,40,48,53,62
3795	deterministic_mutation	6,20,27,46,48
3796	deterministic_mutation	9,19,23,27,35,42,46,52,210
3797	deterministic_mutation	1,3,4,5,7,10,24
3798	deterministic_mutation	9,20,24,30,40,45,75
3799	deterministic_mutation	5,16,27,31,35,39,80
3800	deterministic_mutation	16,24,28,38,39,66,80
3801	deterministic_mutation	6,9,19,26,27,34,42
3802	deterministic_mutation	4,16,20,35,49,54
3803	deterministic_mutation	4,13,15,17,35,36,64
3804	deterministic_mutation	3,12,20,23,48
3805	deterministic_mutation	1,7,15,17,22,25,40
3806	deterministic_mutation	6,12,29,40
3807	deterministic_mutation	4,14,31,105
3808	deterministic_mutation	5,35,42,91,115,121
3809	deterministic_mutation	9,13,19,29,36,238
3810	deterministic_mutation	1,9,11,19,27,28,31,117
3811	deterministic_mutation	7,15,19,105
3812	deterministic_mutation	3,7,13,25
3813	deterministic_mutation	4,5,7,8
3814	deterministic_mutation	4,21,36,75,114,122
3815	deterministic_mutation	9,17,18,27,36,42,51,65,210
3816	deterministic_mutation	7,12,16,20,26,37,83
3817	deterministic_mutation	1,5,7,8,11,14,16,18,30
3818	deterministic_mutation	2,3,6,11
3819	deterministic_mutation	8,21,30,51,126
3820	deterministic_mutation	1,14,16,32,47,50
3821	deterministic_mutation	6,12,16,105
3822	deterministic_mutation	9,10,13,29
3823	deterministic_mutation	8,15,19,21,22,30,37,39,57,58
3824	deterministic_mutation	6,11,20,27,29,39,43,49
3825	deterministic_mutation	1,12,13,20,34
3826	deterministic_mutation	6,12,25,30,36
3827	deterministic_mutation	4,22,23,66,67,91
3828	deterministic_mutation	7,11,15,21,23,24,31
3829	deterministic_mutation	4,6,7,8,19
3830	deterministic_mutation	1,9,10,12,26
3831	deterministic_mutation	2,4,5,8,11,12,24
3832	deterministic_mutation	4,11,16,27,29,44,74
3833	deterministic_mutation	1,8,10,14,18,28,40
3834	deterministic_mutation	4,12,19,25
3835	deterministic_mutation	2,7,9,14,17,24
3836	deterministic_mutation	5,10,12,15
3837	deterministic_mutation	3,6,12,16,18,21,39
3838	deterministic_mutation	7,16,23,27,38,44,48,56,62,72
3839	deterministic_mutation	6,17,22,24,40,42,49
3840	deterministic_mutation	4,11,14,15,17,26,30,33,34
3841	deterministic_mutation	5,10,12,16,17,21,25,30,80
3842	deterministic_mutation	5,14,21,26,27,36,41,49,57,62
3843	deterministic_mutation	5,8,13,15,17,26,28,33,35,42
3844	deterministic_mutation	16,20,26,38,48,81,272
3845	deterministic_mutation	2,21,22,26,43,65
3846	deterministic_mutation	7,9,15,18,22,29,33,37
3847	deterministic_mutation	2,12,26,47,48
3848	deterministic_mutation	15,20,23,32,33,238
3849	deterministic_mutation	9,14,31,38,39,46,50,54,61
3850	deterministic_mutation	9,14,16,27,29,38,39,48,57,63
3851	deterministic_mutation	3,9,18,25,27,39,42,46
3852	deterministic_mutation	6,28,37,44,69,79,168
3853	deterministic_mutation	4,14,18,21,24,42,104
3854	deterministic_mutation	9,17,18,31,35,51,82
3855	deterministic_mutation	5,7,11,17,24,34
3856	deterministic_mutation	2,12,31,51,53,91
3857	deterministic_mutation	4,13,20,30,43
3858	deterministic_mutation	3,10,18,23,24,27,33
3859	deterministic_mutation	2,11,13,25
3860	deterministic_mutation	10,19,33,61,78
3861	deterministic_mutation	5,18,31,47
3862	deterministic_mutation	5,27,29,56,83,84
3863	deterministic_mutation	5,13,14,21
3864	deterministic_mutation	5,7,10,65
3865	deterministic_mutation	4,32,34,65,95,101
3866	deterministic_mutation	9,14,16,23,27,35
3867	deterministic_mutation	5,8,16,28
3868	deterministic_mutation	5,11,21,65
3869	deterministic_mutation	3,21,30,36,39,64,77
3870	deterministic_mutation	1,5,8,11,15,24,64
3871	deterministic_mutation	3,4,5,8,11
3872	deterministic_mutation	23,26,47,105
3873	deterministic_mutation	5,15,16,18,21,30,41
3874	deterministic_mutation	4,9,20,36,48
3875	deterministic_mutation	2,4,6,9,16
3876	deterministic_mutation	9,25,27,38,42,67,75
3877	deterministic_mutation	4,9,14,22,26,31,34,42,44
3878	deterministic_mutation	7,13,19,23,30
3879	deterministic_mutation	2,11,14,19,27,38,168
3880	deterministic_mutation	2,13,18,170
3881	deterministic_mutation	2,3,7,9,11,14,168
3882	deterministic_mutation	9,13,19,21,24,41,71
3883	deterministic_mutation	6,16,23,52,78
3884	deterministic_mutation	6,14,28,36,48,83,168
3885	deterministic_mutation	9,11,21,22,33,38,41,50,51,63
3886	deterministic_mutation	6,33,37,63,94,104
3887	deterministic_mutation	3,14,31,105
3888	deterministic_mutation	7,28,33,54,81,86
3889	deterministic_mutation	5,14,17,26,42,65
3890	deterministic_mutation	3,22,29,55,81,86
3891	deterministic_mutation	3,9,20,26,31,39,42,49,54
3892	deterministic_mutation	4,35,40,76,111,119
3893	deterministic_mutation	4,21,44,66,68,91
3894	deterministic_mutation	9,25,30,48
3895	deterministic_mutation	5,10,15,23,26,38,59
3896	deterministic_mutation	3,8,15,19,21,91
3897	deterministic_mutation	7,21,32,56,78
3898	deterministic_mutation	6,11,18,23,25
3899	deterministic_mutation	4,5,7,9,12,15
3900	deterministic_mutation	4,12,15,22,30,34
3901	deterministic_mutation	4,11,19,28,30,41,52,56,61
3902	deterministic_mutation	6,11,19,32,44,238
3903	deterministic_mutation	9,12,22,26,46,84,104
3904	deterministic_mutation	1,8,11,14,28,47,104
3905	deterministic_mutation	1,16,22,26,27,44,50
3906	deterministic_mutation	8,19,21,30,52
3907	deterministic_mutation	4,13,20,27,40,41,74
3908	deterministic_mutation	6,14,19,22,35
3909	deterministic_mutation	3,9,16,17
3910	deterministic_mutation	8,22,32,36,45,68,76
3911	deterministic_mutation	3,4,7,8,12,13,272
3912	deterministic_mutation	5,33,52,83,88,147
3913	deterministic_mutation	12,14,18,32,45,52
3914	deterministic_mutation	3,23,32,58,83,86
3915	deterministic_mutation	8,14,18,35,36,39
3916	deterministic_mutation	5,16,20,30,38
3917	deterministic_mutation	9,10,13,22,24,56
3918	deterministic_mutation	4,9,17,21,24,33,73
3919	deterministic_mutation	7,20,26,105
3920	deterministic_mutation	29,35,39,64,99,102
3921	deterministic_mutation	6,27,28,58,80,91
3922	deterministic_mutation	23,32,56,78,85,238
3923	deterministic_mutation	6,17,22,32,35,39
3924	deterministic_mutation	30,32,44,50,77,94,168
3925	deterministic_mutation	15,18,29,48
3926	deterministic_mutation	2,7,9,16,21,23
3927	deterministic_mutation	1,7,14,22,31,37
3928	deterministic_mutation	9,30,38,65,94,238
3929	deterministic_mutation	1,7,8,12,17
3930	deterministic_mutation	3,21,28,48,54
3931	deterministic_mutation	3,9,16,27,30,42,73
3932	deterministic_mutation	6,21,37,40,76,110
3933	deterministic_mutation	5,21,26,30,35
3934	deterministic_mutation	7,16,20,26,37,60,64
3935	deterministic_mutation	9,15,28,30,37
3936	deterministic_mutation	2,16,19,33,47,51
3937	deterministic_mutation	1,7,8,9,12,13,16
3938	deterministic_mutation	8,17,24,45
3939	deterministic_mutation	4,7,19,23,126
3940	deterministic_mutation	4,10,16,21,22,38,104
3941	deterministic_mutation	5,23,31,34,48
3942	deterministic_mutation	2,17,21,22,31,47,49
3943	deterministic_mutation	18,30,49,105
3944	deterministic_mutation	4,8,17,22,25,33,38,43,50
3945	deterministic_mutation	8,13,23,31,33,52,83
3946	deterministic_mutation	7,12,17,23,28,147
3947	deterministic_mutation	2,24,29,53,85,238
3948	deterministic_mutation	5,18,21,36
3949	deterministic_mutation	2,4,6,9,13,15,22
3950	deterministic_mutation	5,34,79,111,117,238
3951	deterministic_mutation	3,5,8,10,48
3952	deterministic_mutation	1,10,18,25
3953	deterministic_mutation	7,19,20,38,204
3954	deterministic_mutation	7,11,16,23,31,35,44
3955	deterministic_mutation	9,13,21,26,37,44,50
3956	deterministic_mutation	4,11,22,28,33,41,52,56,62,69
3957	deterministic_mutation	8,34,39,74,113,117
3958	deterministic_mutation	3,15,18,25,26,42,53
3959	deterministic_mutation	7,8,11,17,26,32,61
3960	deterministic_mutation	5,11,24,30,37,50,86
3961	deterministic_mutation	4,11,13,23,33,36
3962	deterministic_mutation	7,14,15,25,32,33
3963	deterministic_mutation	3,5,7,15,48
3964	deterministic_mutation	5,15,25,27
3965	deterministic_mutation	3,4,7,8,14,20
3966	deterministic_mutation	3,4,5,9,204
3967	deterministic_mutation	5,12,21,28,33,46,85
3968	deterministic_mutation	2,17,20,22,34,42,272
3969	deterministic_mutation	5,12,16,23,36
3970	deterministic_mutation	7,16,21,29,36,58,63
3971	deterministic_mutation	6,21,30,37,41,63,79
3972	deterministic_mutation	6,12,21,22,30,42
3973	deterministic_mutation	6,10,22,28,39,91
3974	deterministic_mutation	1,6,12,22,24,29,51
3975	deterministic_mutation	4,17,26,32,36,45,46,56,130
3976	deterministic_mutation	4,31,36,69,99,100
3977	deterministic_mutation	7,9,19,23,26,47,64
3978	deterministic_mutation	1,6,7,105
3979	deterministic_mutation	1,6,7,8,9,15,23
3980	deterministic_mutation	3,10,15,65
3981	deterministic_mutation	5,31,37,45,74,89,104
3982	deterministic_mutation	7,32,39,49,75,94,104
3983	deterministic_mutation	7,11,15,31
3984	deterministic_mutation	3,9,18,26,28,56
3985	deterministic_mutation	14,19,28,40
3986	deterministic_mutation	6,35,45,79,113,118
3987	deterministic_mutation	8,10,25,35,45,49,80
3988	deterministic_mutation	2,9,12,13,20,29,40
3989	deterministic_mutation	4,14,29,37,78
3990	deterministic_mutation	7,20,26,41,62,238
3991	deterministic_mutation	8,12,22,23,78
3992	deterministic_mutation	6,13,25,30,39,44,272
3993	deterministic_mutation	8,9,17,21,34,40,64
3994	deterministic_mutation	4,6,9,10,14,21
3995	deterministic_mutation	5,8,9,10,18
3996	deterministic_mutation	10,13,22,25
3997	deterministic_mutation	6,15,23,41
3998	deterministic_mutation	1,5,7,11,15,16
3999	deterministic_mutation	2,7,15,17,22,33
4000	deterministic_mutation	4,9,10,19,21,23,29,31,33,43
4001	deterministic_mutation	3,21,32,36,69,101
4002	deterministic_mutation	5,7,8,18,27,35,62
4003	deterministic_mutation	6,32,67,98,105,147
4004	deterministic_mutation	6,18,31,51
4005	deterministic_mutation	7,30,35,45,48,74,89
4006	deterministic_mutation	5,14,20,37
4007	deterministic_mutation	9,35,43,75,113,116
4008	deterministic_mutation	9,10,21,40
4009	deterministic_mutation	2,12,15,21,38
4010	deterministic_mutation	7,8,9,10,22,30,45
4011	deterministic_mutation	14,16,25,28,30
4012	deterministic_mutation	8,24,29,57,77,86
4013	deterministic_mutation	5,10,11,15,16,23,24,27,340
4014	deterministic_mutation	7,14,17,37
4015	deterministic_mutation	6,17,24,45,62,65
4016	deterministic_mutation	2,15,22,65
4017	deterministic_mutation	8,9,10,21,26,35,44,48
4018	deterministic_mutation	2,10,31,170
4019	deterministic_mutation	9,21,26,105
4020	deterministic_mutation	3,8,12,14,19,30,40
4021	deterministic_mutation	10,21,23,41
4022	deterministic_mutation	7,34,39,77,111,121
4023	deterministic_mutation	6,7,36,79,113,118
4024	deterministic_mutation	7,8,13,17,30,33
4025	deterministic_mutation	5,22,27,30,38,40,58
4026	deterministic_mutation	13,17,21,28,36,59,168
4027	deterministic_mutation	3,7,15,18,19,20,22,33,37
4028	deterministic_mutation	6,14,17,22,40,41,53
4029	deterministic_mutation	5,21,31,35,68,104
4030	deterministic_mutation	6,8,13,17,78
4031	deterministic_mutation	3,5,10,11,14,15,16,20,25
4032	deterministic_mutation	7,16,19,31,38,46,82
4033	deterministic_mutation	5,15,20,22,28,34,45,58,64
4034	deterministic_mutation	3,13,16,19,30,47,49
4035	deterministic_mutation	1,3,7,11,12
4036	deterministic_mutation	2,17,24,31,35,54,65
4037	deterministic_mutation	5,6,13,17,22,30,35,37,40,88
4038	deterministic_mutation	10,18,31,105
4039	deterministic_mutation	5,11,15,17,20,22
4040	deterministic_mutation	2,3,10,11,12
4041	deterministic_mutation	5,10,14,20,25,29,30,33,40,88
4042	deterministic_mutation	5,11,15,22,204
4043	deterministic_mutation	17,20,24,44,126
4044	deterministic_mutation	4,5,6,9,20,34,272
4045	deterministic_mutation	2,6,12,25,30
4046	deterministic_mutation	6,19,21,25,28,43,53
4047	deterministic_mutation	8,23,30,34,43,56
4048	deterministic_mutation	21,33,37,43,64,67,79
4049	deterministic_mutation	3,6,7,14,15,18,21,23
4050	deterministic_mutation	8,19,31,35,41,50,168
4051	deterministic_mutation	4,6,8,9,17,18,19,25,32,231
4052	deterministic_mutation	3,16,25,28
4053	deterministic_mutation	5,15,20,26,36,40,52,56,61,67
4054	deterministic_mutation	1,19,47,63,65,238
4055	deterministic_mutation	21,27,37,65,96,103
4056	deterministic_mutation	6,11,16,17,23,32,42
4057	deterministic_mutation	5,8,11,13,18,25,27,35,44,52
4058	deterministic_mutation	3,9,16,170
4059	deterministic_mutation	9,18,20,23,34,58,272
4060	deterministic_mutation	3,21,28,39,97,102
4061	deterministic_mutation	2,14,15,30
4062	deterministic_mutation	3,19,25,41
4063	deterministic_mutation	5,16,27,32,33,41,64
4064	deterministic_mutation	7,21,27,105
4065	deterministic_mutation	4,12,19,30,204
4066	deterministic_mutation	7,10,15,17,48
4067	deterministic_mutation	10,30,45,48,77,92,104
4068	deterministic_mutation	7,8,13,18,20,22,30,31,33
4069	deterministic_mutation	9,12,18,24,31,33,40
4070	deterministic_mutation	7,10,15,22,32,34
4071	deterministic_mutation	4,5,10,13,204
4072	deterministic_mutation	3,11,18,27,30,34
4073	deterministic_mutation	7,25,33,36,68,77,272
4074	deterministic_mutation	3,15,32,35,48,51
4075	deterministic_mutation	6,9,10,105
4076	deterministic_mutation	3,11,21,26,27,35,42,72
4077	deterministic_mutation	4,13,24,30,43,238
4078	deterministic_mutation	3,12,18,20,28,62,64
4079	deterministic_mutation	4,26,35,43,50,74,94
4080	deterministic_mutation	5,8,15,17,18,30,41
4081	deterministic_mutation	8,17,18,35
4082	deterministic_mutation	7,13,21,23,28,43,50
4083	deterministic_mutation	6,11,21,25,33,43,104
4084	deterministic_mutation	9,26,44,105
4085	deterministic_mutation	4,6,14,15,204
4086	deterministic_mutation	7,21,33,105
4087	deterministic_mutation	2,3,4,5,6,15,64
4088	deterministic_mutation	21,25,33,38,40,57,62
4089	deterministic_mutation	7,8,29,34,63,98
4090	deterministic_mutation	4,10,31,40
4091	deterministic_mutation	2,7,8,10
4092	deterministic_mutation	7,10,15,26,31,37,41
4093	deterministic_mutation	8,12,17,26,28,34,42,47,55,56
4094	deterministic_mutation	2,3,7,8,12
4095	deterministic_mutation	2,3,6,9,10,13,24
4096	deterministic_mutation	5,19,30,34,44,147
4097	deterministic_mutation	4,7,17,18,24,30,64
4098	deterministic_mutation	6,8,10,21,29,34,40
4099	deterministic_mutation	6,9,14,18,23,27,40
4100	deterministic_mutation	9,11,12,20,21
4101	deterministic_mutation	5,19,25,30,43,50,272
4102	deterministic_mutation	10,17,20,27,44,47,56,62,71,143
4103	deterministic_mutation	5,19,29,40
4104	deterministic_mutation	5,15,18,25,30
4105	deterministic_mutation	2,6,8,9,10,13,18,27,29
4106	deterministic_mutation	18,25,34,65,204
4107	deterministic_mutation	5,17,18,21,33,45
4108	deterministic_mutation	2,13,17,18,23,34,59
4109	deterministic_mutation	5,11,21,30,32,42,52,54,65
4110	deterministic_mutation	6,19,27,44,65,70
4111	deterministic_mutation	5,9,14,16,17,21
4112	deterministic_mutation	5,17,18,23,25,43,55
4113	deterministic_mutation	8,11,18,23,27,33,60
4114	deterministic_mutation	5,18,25,38,63
4115	deterministic_mutation	2,3,5,6,7,13,40
4116	deterministic_mutation	8,12,18,26,32,45,70
4117	deterministic_mutation	4,9,15,31
4118	deterministic_mutation	5,12,23,31,38,43
4119	deterministic_mutation	4,10,15,20,27,31,64
4120	deterministic_mutation	6,15,21,31,44,54,168
4121	deterministic_mutation	12,13,17,28,46
4122	deterministic_mutation	4,5,10,12,16
4123	deterministic_mutation	3,5,9,16
4124	deterministic_mutation	4,7,15,25,30,34
4125	deterministic_mutation	1,5,8,10
4126	deterministic_mutation	5,12,18,26,35,41,49,58
4127	deterministic_mutation	3,10,21,25,32,35
4128	deterministic_mutation	7,11,13,17
4129	deterministic_mutation	5,6,10,14,20,24,34
4130	deterministic_mutation	6,20,27,33,35,42
4131	deterministic_mutation	9,19,31,48,60
4132	deterministic_mutation	6,13,16,20,30,37,42,47,51
4133	deterministic_mutation	2,7,9,15,19,21,30,34,36
4134	deterministic_mutation	7,21,30,32,54
4135	deterministic_mutation	5,6,11,12,17
4136	deterministic_mutation	9,14,18,21,28,33,52,55
4137	deterministic_mutation	10,15,19,28,33
4138	deterministic_mutation	6,7,9,17,29
4139	deterministic_mutation	2,15,19,23,28,45,64
4140	deterministic_mutation	2,7,11,20,31,37
4141	deterministic_mutation	5,14,27,56,80,84
4142	deterministic_mutation	5,6,8,9,11,25,64
4143	deterministic_mutation	5,9,10,11,20,25,40
4144	deterministic_mutation	3,12,23,28,30
4145	deterministic_mutation	3,15,41,65
4146	deterministic_mutation	2,8,9,11,12,24,27
4147	deterministic_mutation	5,10,12,15,20,26,51
4148	deterministic_mutation	7,10,11,18,19
4149	deterministic_mutation	4,12,18,65
4150	deterministic_mutation	3,5,9,12,19,35,168
4151	deterministic_mutation	3,8,16,18,27,29,36,38,45
4152	deterministic_mutation	1,10,17,18,34
4153	deterministic_mutation	5,11,12,18,19,36,42
4154	deterministic_mutation	5,9,19,28,48
4155	deterministic_mutation	2,5,11,14,20,23,26,189
4156	deterministic_mutation	9,18,25,29
4157	deterministic_mutation	13,16,20,25,33,62,168
4158	deterministic_mutation	9,12,24,40
4159	deterministic_mutation	5,9,10,13,18,26,30
4160	deterministic_mutation	4,7,8,14,18,20
4161	deterministic_mutation	12,16,21,26,33,50,86
4162	deterministic_mutation	9,36,42,77,110,117
4163	deterministic_mutation	9,14,21,26
4164	deterministic_mutation	6,8,10,11
4165	deterministic_mutation	22,25,46,66,67,238
4166	deterministic_mutation	5,17,20,35,40,46,57,72
4167	deterministic_mutation	8,15,28,46
4168	deterministic_mutation	3,11,18,23,39
4169	deterministic_mutation	5,26,32,37,40,69,75
4170	deterministic_mutation	9,19,23,30,78
4171	deterministic_mutation	3,5,9,11,12,17,23,27
4172	deterministic_mutation	7,24,28,35,39,40,50
4173	deterministic_mutation	2,10,12,17,25
4174	deterministic_mutation	7,8,9,15
4175	deterministic_mutation	8,14,24,25,27,38,41,52
4176	deterministic_mutation	3,10,11,15,22,26,28,32,34
4177	deterministic_mutation	5,12,13,17
4178	deterministic_mutation	1,6,9,65
4179	deterministic_mutation	7,25,35,44,50,79,89
4180	deterministic_mutation	4,9,14,17,23,25,33,39,340
4181	deterministic_mutation	5,11,14,23,26,30,34,189
4182	deterministic_mutation	5,10,19,33
4183	deterministic_mutation	5,26,34,44,63,80,168
4184	deterministic_mutation	10,12,14,19,23,25
4185	deterministic_mutation	5,8,14,32
4186	deterministic_mutation	13,19,26,30,41,71,104
4187	deterministic_mutation	3,5,6,40
4188	deterministic_mutation	2,21,28,32,56,83
4189	deterministic_mutation	6,15,16,21,26,32,73
4190	deterministic_mutation	3,7,12,22,33,40,61
4191	deterministic_mutation	6,9,25,29,39,72,104
4192	deterministic_mutation	5,14,22,24,28,46,52
4193	deterministic_mutation	7,15,28,105
4194	deterministic_mutation	6,7,11,18,24
4195	deterministic_mutation	2,4,8,9,10,11,14
4196	deterministic_mutation	8,11,17,26,29,36,41,46,55,61
4197	deterministic_mutation	8,9,17,18,27
4198	deterministic_mutation	6,9,18,20,31,37,38,45,50
4199	deterministic_mutation	8,14,23,26,47
4200	deterministic_mutation	16,24,30,55,126
4201	deterministic_mutation	3,11,17,22,23,32,63
4202	deterministic_mutation	4,7,9,11,13,20
4203	deterministic_mutation	5,10,20,27
4204	deterministic_mutation	4,14,20,23,126
4205	deterministic_mutation	7,15,18,29,52
4206	deterministic_mutation	7,11,13,16,23,27,47
4207	deterministic_mutation	4,24,27,32,78
4208	deterministic_mutation	5,23,28,30,37,54,64
4209	deterministic_mutation	1,12,33,48,49,91
4210	deterministic_mutation	2,8,12,17,21,32,39
4211	deterministic_mutation	4,14,16,19,46,52
4212	deterministic_mutation	5,10,24,170
4213	deterministic_mutation	4,17,21,66,70,147
4214	deterministic_mutation	15,26,41,105
4215	deterministic_mutation	3,11,15,25,204
4216	deterministic_mutation	4,11,12,16,19
4217	deterministic_mutation	4,10,15,22,26
4218	deterministic_mutation	4,14,24,105
4219	deterministic_mutation	5,12,15,25
4220	deterministic_mutation	4,12,23,33,35,147
4221	deterministic_mutation	1,8,14,15,18,20,25,117
4222	deterministic_mutation	4,17,21,105
4223	deterministic_mutation	7,23,25,30,37,40,68
4224	deterministic_mutation	8,11,15,17,24,25,30
4225	deterministic_mutation	2,6,7,10,14,16,18,19,50
4226	deterministic_mutation	3,23,28,33,40,66,78
4227	deterministic_mutation	1,9,13,22,32,34
4228	deterministic_mutation	4,6,9,30,126
4229	deterministic_mutation	6,9,11,12,22,24,37
4230	deterministic_mutation	6,8,28,41,48,78,91
4231	deterministic_mutation	3,11,12,18,21,33,64
4232	deterministic_mutation	5,6,13,170
4233	deterministic_mutation	3,21,27,45,69,80,272
4234	deterministic_mutation	14,21,30,32,47,64,86
4235	deterministic_mutation	9,14,21,31,33,39
4236	deterministic_mutation	4,10,16,21,29,40,70
4237	deterministic_mutation	3,6,12,15,16,35
4238	deterministic_mutation	17,27,42,105
4239	deterministic_mutation	5,6,10,13
4240	deterministic_mutation	4,7,10,14
4241	deterministic_mutation	1,9,15,18,22,24,26
4242	deterministic_mutation	5,23,33,63,126
4243	deterministic_mutation	4,20,25,41,65,67
4244	deterministic_mutation	8,12,13,18,23
4245	deterministic_mutation	5,36,69,95,99,147
4246	deterministic_mutation	10,16,21,24,33,147
4247	deterministic_mutation	3,4,7,8,10,11,12
4248	deterministic_mutation	7,8,12,20,25
4249	deterministic_mutation	1,13,19,39,78
4250	deterministic_mutation	4,7,18,25,30,32,43,46,47,88
4251	deterministic_mutation	5,35,36,67,98,99
4252	deterministic_mutation	5,18,20,21,27
4253	deterministic_mutation	1,10,14,20,34
4254	deterministic_mutation	4,33,39,68,93,99
4255	deterministic_mutation	10,14,20,30,33,39,48,56
4256	deterministic_mutation	6,8,12,105
4257	deterministic_mutation	8,9,15,23,25,37,59
4258	deterministic_mutation	6,11,20,30,32
4259	deterministic_mutation	6,9,11,16,19,23,33,117
4260	deterministic_mutation	5,17,19,21,24,25,43
4261	deterministic_mutation	4,22,25,51
4262	deterministic_mutation	8,12,13,17,25,27,33,41,47
4263	deterministic_mutation	9,21,25,47
4264	deterministic_mutation	9,18,20,25,32
4265	deterministic_mutation	3,4,5,6,7,8,13
4266	deterministic_mutation	6,9,10,20
4267	deterministic_mutation	9,12,17,31,36,147
4268	deterministic_mutation	5,6,11,25
4269	deterministic_mutation	10,19,26,32,65
4270	deterministic_mutation	3,7,27,39,68,101
4271	deterministic_mutation	6,13,19,23,29,41,54
4272	deterministic_mutation	5,11,13,19,23,40,41
4273	deterministic_mutation	7,25,30,33,42,76,168
4274	deterministic_mutation	1,15,25,65
4275	deterministic_mutation	3,19,23,25,29,47,53
4276	deterministic_mutation	5,11,16,20,25,33,63
4277	deterministic_mutation	1,7,8,9,12,13,21
4278	deterministic_mutation	3,25,30,39,40,64,78
4279	deterministic_mutation	9,14,22,105
4280	deterministic_mutation	3,5,7,9,18,238
4281	deterministic_mutation	3,4,15,40
4282	deterministic_mutation	15,21,27,30,52
4283	deterministic_mutation	3,6,11,12,16
4284	deterministic_mutation	6,14,15,36,51,147
4285	deterministic_mutation	4,23,25,62,126
4286	deterministic_mutation	4,23,27,52
4287	deterministic_mutation	5,22,28,48
4288	deterministic_mutation	2,6,11,18,29,47,272
4289	deterministic_mutation	3,9,21,25,30,36
4290	deterministic_mutation	3,6,11,18,19,31,47
4291	deterministic_mutation	4,25,30,58,82,238
4292	deterministic_mutation	7,9,38,44,78,110
4293	deterministic_mutation	3,5,10,13
4294	deterministic_mutation	5,12,22,32,40,91
4295	deterministic_mutation	2,5,9,25
4296	deterministic_mutation	2,12,15,22,25,45,104
4297	deterministic_mutation	6,17,22,32
4298	deterministic_mutation	4,13,14,22,23,31,43,45,47,374
4299	deterministic_mutation	2,3,8,12,13,20,24
4300	deterministic_mutation	4,5,8,15,204
4301	deterministic_mutation	1,5,10,16,18,26,45
4302	deterministic_mutation	8,9,25,32,35,43,75
4303	deterministic_mutation	4,24,30,32,42,77,88
4304	deterministic_mutation	18,21,25,30,51
4305	deterministic_mutation	3,25,47,63,69,91
4306	deterministic_mutation	6,17,21,32,204
4307	deterministic_mutation	9,11,14,20,25,34
4308	deterministic_mutation	2,12,18,24,47
4309	deterministic_mutation	1,13,22,23,31,46,50
4310	deterministic_mutation	1,3,4,10,13,15,168
4311	deterministic_mutation	3,12,19,30
4312	deterministic_mutation	5,24,25,41,47,77,88
4313	deterministic_mutation	5,6,7,12,16
4314	deterministic_mutation	6,9,14,16,21,24,38
4315	deterministic_mutation	7,8,9,11,12,13,17,20,22,374
4316	deterministic_mutation	5,14,24,31,32
4317	deterministic_mutation	5,15,23,26,27,47,49
4318	deterministic_mutation	5,9,10,65
4319	deterministic_mutation	4,9,16,22
4320	deterministic_mutation	1,3,7,12,30
4321	deterministic_mutation	5,9,11,14
4322	deterministic_mutation	4,7,13,14,22,23,31
4323	deterministic_mutation	4,13,24,27,38,40
4324	deterministic_mutation	6,10,21,26,32,36,44,49,55,231
4325	deterministic_mutation	12,13,21,22,27,35,37,117
4326	deterministic_mutation	3,5,21,26
4327	deterministic_mutation	6,12,23,105
4328	deterministic_mutation	3,10,12,105
4329	deterministic_mutation	2,4,12,13,16,20,33
4330	deterministic_mutation	5,9,11,17,19,28,51
4331	deterministic_mutation	4,12,17,25
4332	deterministic_mutation	7,8,27,36,44,52,92
4333	deterministic_mutation	1,2,4,6,12
4334	deterministic_mutation	6,24,27,55,56,82
4335	deterministic_mutation	8,13,20,27,44
4336	deterministic_mutation	1,10,11,19,23,27,32,33,41,374
4337	deterministic_mutation	8,15,19,34
4338	deterministic_mutation	9,12,16,21,30,33,35,45,47,52
4339	deterministic_mutation	4,8,12,20,24,30,33,38,39,52
4340	deterministic_mutation	4,16,21,23,32,60,168
4341	deterministic_mutation	7,11,14,18,23,30
4342	deterministic_mutation	3,6,7,8,13,16
4343	deterministic_mutation	3,13,19,22,33,38,39,45,130
4344	deterministic_mutation	6,7,8,10
4345	deterministic_mutation	2,4,5,8,14,15,17,189
4346	deterministic_mutation	4,10,19,44
4347	deterministic_mutation	5,19,23,31,38,65,272
4348	deterministic_mutation	7,8,12,21,22,33,38
4349	deterministic_mutation	2,3,12,170
4350	deterministic_mutation	1,16,18,21,25,27,45
4351	deterministic_mutation	4,8,12,14,25,28,40
4352	deterministic_mutation	9,16,20,26,30,39,69
4353	deterministic_mutation	2,3,5,7,11,12,168
4354	deterministic_mutation	4,17,25,31,51
4355	deterministic_mutation	7,25,30,33,45,63,104
4356	deterministic_mutation	6,19,25,45
4357	deterministic_mutation	7,13,19,23,31,39,44,49,60,88
4358	deterministic_mutation	9,15,25,26
4359	deterministic_mutation	2,3,4,5,8,56
4360	deterministic_mutation	9,12,21,26,34,39
4361	deterministic_mutation	6,14,22,25,43,50,64
4362	deterministic_mutation	8,11,20,29,37,39,47,55,60,72
4363	deterministic_mutation	4,20,25,41,64,68
4364	deterministic_mutation	4,6,9,10,13,15,168
4365	deterministic_mutation	8,16,22,25,27,35,38,44,340
4366	deterministic_mutation	10,22,25,36,45,46,64
4367	deterministic_mutation	5,12,19,31,33,41,45,54,58,231
4368	deterministic_mutation	1,11,18,30
4369	deterministic_mutation	8,15,17,19,23,25,34,38,41,231
4370	deterministic_mutation	4,9,16,25
4371	deterministic_mutation	7,17,18,24,27,52,82
4372	deterministic_mutation	5,27,35,39,48,80,90
4373	deterministic_mutation	2,9,17,18,24,30,37
4374	deterministic_mutation	7,9,17,23,28,50,64
4375	deterministic_mutation	4,13,21,26,29,40,72
4376	deterministic_mutation	2,6,8,14,17,22,39
4377	deterministic_mutation	2,22,27,30,48
4378	deterministic_mutation	5,14,21,38
4379	deterministic_mutation	3,29,39,67,97,100
4380	deterministic_mutation	4,5,6,17,18
4381	deterministic_mutation	8,11,21,26,31,41,73
4382	deterministic_mutation	5,9,14,20
4383	deterministic_mutation	8,11,12,23,27,32,58
4384	deterministic_mutation	7,33,56,66,96,100
4385	deterministic_mutation	8,16,40,45
4386	deterministic_mutation	4,5,6,12,18,56
4387	deterministic_mutation	15,18,33,46,49,147
4388	deterministic_mutation	5,7,12,26
4389	deterministic_mutation	12,21,25,36
4390	deterministic_mutation	3,10,16,21,28,37,58
4391	deterministic_mutation	7,14,19,28,35,52,87
4392	deterministic_mutation	3,8,14,17,24,38,59
4393	deterministic_mutation	8,15,18,27,31,44,73
4394	deterministic_mutation	4,9,15,16,19,30,51
4395	deterministic_mutation	10,15,19,30,31
4396	deterministic_mutation	8,23,30,54,82,85
4397	deterministic_mutation	9,18,28,30,52
4398	deterministic_mutation	2,8,14,21,28,44,50
4399	deterministic_mutation	6,25,31,35,40,44,64
4400	deterministic_mutation	8,12,17,23,43
4401	deterministic_mutation	6,21,37,60,204
4402	deterministic_mutation	10,18,20,25
4403	deterministic_mutation	4,5,7,8,11,16,22
4404	deterministic_mutation	8,15,27,39
4405	deterministic_mutation	1,5,6,12,18,23,38
4406	deterministic_mutation	2,4,8,9,10
4407	deterministic_mutation	4,15,16,30,49,50
4408	deterministic_mutation	10,11,22,31,36,42,48,55,63
4409	deterministic_mutation	23,29,48,105
4410	deterministic_mutation	4,5,6,9,126
4411	deterministic_mutation	4,26,36,41,51,78,94
4412	deterministic_mutation	6,20,21,28,54
4413	deterministic_mutation	6,9,10,17,26
4414	deterministic_mutation	4,10,17,21
4415	deterministic_mutation	8,20,21,31,78
4416	deterministic_mutation	6,12,20,32,51,54
4417	deterministic_mutation	8,16,25,31,33,63,80
4418	deterministic_mutation	2,12,13,18,26,32,33,40,43,53
4419	deterministic_mutation	4,9,10,12,15,22,36
4420	deterministic_mutation	2,6,12,15
4421	deterministic_mutation	6,7,12,15,17,22,23,30,50
4422	deterministic_mutation	6,13,16,22
4423	deterministic_mutation	9,19,24,33,35,36
4424	deterministic_mutation	6,8,11,24,28
4425	deterministic_mutation	15,17,32,48,53,238
4426	deterministic_mutation	4,8,19,27,28,36,63
4427	deterministic_mutation	7,13,21,170
4428	deterministic_mutation	5,8,28,34,39,47,94
4429	deterministic_mutation	8,20,29,37,66
4430	deterministic_mutation	10,15,18,29
4431	deterministic_mutation	8,18,24,28,55
4432	deterministic_mutation	6,12,28,105
4433	deterministic_mutation	5,9,10,13,16,22,28
4434	deterministic_mutation	5,15,19,30,32
4435	deterministic_mutation	3,10,17,31
4436	deterministic_mutation	3,14,18,21,38
4437	deterministic_mutation	4,5,9,105
4438	deterministic_mutation	8,25,52,79,83,238
4439	deterministic_mutation	3,14,20,35
4440	deterministic_mutation	4,13,15,21,39
4441	deterministic_mutation	7,21,44,78,109,117
4442	deterministic_mutation	3,7,9,11,12,24,104
4443	deterministic_mutation	2,4,6,13,16,35
4444	deterministic_mutation	6,13,18,28,41,54,104
4445	deterministic_mutation	7,13,19,27,32,36,44,48
4446	deterministic_mutation	5,18,20,24,57
4447	deterministic_mutation	5,8,10,16
4448	deterministic_mutation	3,5,12,15,22,34,272
4449	deterministic_mutation	36,44,56,76,115,122
4450	deterministic_mutation	3,7,14,17,18,27,29,35,50
4451	deterministic_mutation	12,23,34,65
4452	deterministic_mutation	2,10,11,16,18,21,27,32,39,41
4453	deterministic_mutation	6,9,16,18,30,38,40
4454	deterministic_mutation	6,31,63,91,99,105
4455	deterministic_mutation	5,19,33,40
4456	deterministic_mutation	8,9,12,21,126
4457	deterministic_mutation	5,7,36,41,77,116
4458	deterministic_mutation	8,10,17,18,28
4459	deterministic_mutation	1,10,15,25
4460	deterministic_mutation	7,13,15,22,30,48,168
4461	deterministic_mutation	5,12,13,17,27
4462	deterministic_mutation	25,30,36,44,63,64,81
4463	deterministic_mutation	11,17,19,21,24,30,39
4464	deterministic_mutation	7,13,19,27,38,43,47,54,65,69
4465	deterministic_mutation	7,15,16,170
4466	deterministic_mutation	2,10,13,14,22,24,25,33,37
4467	deterministic_mutation	5,8,13,23,26,36,60
4468	deterministic_mutation	12,21,29,37,60
4469	deterministic_mutation	1,4,9,10,12,15,19,27
4470	deterministic_mutation	14,16,18,27,32,39,48
4471	deterministic_mutation	4,9,14,18,31,51,272
4472	deterministic_mutation	4,14,19,25,43
4473	deterministic_mutation	1,6,14,15,19,28,64
4474	deterministic_mutation	1,7,10,11,13,15,20,23,25,30
4475	deterministic_mutation	5,12,13,21,35,40,61
4476	deterministic_mutation	2,5,6,10
4477	deterministic_mutation	7,14,23,30,38
4478	deterministic_mutation	1,2,3,7,30
4479	deterministic_mutation	2,3,9,25
4480	deterministic_mutation	4,14,16,22,29,35,42,51,53
4481	deterministic_mutation	5,11,12,15,22,27,30,31
4482	deterministic_mutation	8,10,19,27,32,42,64
4483	deterministic_mutation	7,18,22,27,33,45,52,57
4484	deterministic_mutation	13,15,21,28,36,42,49,57,210
4485	deterministic_mutation	5,17,31,34,39,56
4486	deterministic_mutation	5,6,9,11,15,17,21
4487	deterministic_mutation	8,9,17,22,24
4488	deterministic_mutation	2,4,7,9,11,13
4489	deterministic_mutation	1,15,17,21,49,51
4490	deterministic_mutation	18,19,37,65
4491	deterministic_mutation	6,16,22,25,41,55,272
4492	deterministic_mutation	5,7,11,14,15,20,24,26,34,37
4493	deterministic_mutation	8,17,23,32,56
4494	deterministic_mutation	3,5,6,9,10,15,104
4495	deterministic_mutation	1,13,17,19,31,40,46
4496	deterministic_mutation	3,10,12,22,23,29,32,40,47
4497	deterministic_mutation	3,9,10,14
4498	deterministic_mutation	3,10,13,30
4499	deterministic_mutation	6,8,13,16,30
4500	deterministic_mutation	8,11,21,33,45,50,57,306
4501	deterministic_mutation	4,5,8,9,19,20,24,27,50
4502	deterministic_mutation	4,10,19,32,35,40,41
4503	deterministic_mutation	6,17,22,37,78
4504	deterministic_mutation	5,7,11,13,23,27,168
4505	deterministic_mutation	3,8,9,11,14,15
4506	deterministic_mutation	1,5,8,65
4507	deterministic_mutation	38,45,75,112,122,147
4508	deterministic_mutation	1,3,4,5,6,8,13
4509	deterministic_mutation	4,7,9,17,25,26,168
4510	deterministic_mutation	16,19,33,40
4511	deterministic_mutation	3,11,18,105
4512	deterministic_mutation	8,14,34,39,110,119
4513	deterministic_mutation	9,24,30,39,44,65,78
4514	deterministic_mutation	1,6,11,105
4515	deterministic_mutation	4,7,38,45,80,120
4516	deterministic_mutation	6,27,32,41,63,76,272
4517	deterministic_mutation	2,7,12,25
4518	deterministic_mutation	2,15,17,25
4519	deterministic_mutation	5,15,24,40
4520	deterministic_mutation	4,7,16,20,38,61,64
4521	deterministic_mutation	4,18,26,29,56
4522	deterministic_mutation	8,24,29,57,204
4523	deterministic_mutation	5,8,13,16,18,30,46
4524	deterministic_mutation	3,14,22,24,25,35,61
4525	deterministic_mutation	2,8,13,19,20,29,40
4526	deterministic_mutation	17,23,24,32,33,54,63
4527	deterministic_mutation	4,6,11,15
4528	deterministic_mutation	1,10,13,30,37,238
4529	deterministic_mutation	5,6,9,10,11,14,64
4530	deterministic_mutation	6,11,13,17
4531	deterministic_mutation	3,11,14,23,48
4532	deterministic_mutation	12,19,28,30,43
4533	deterministic_mutation	4,17,23,25
4534	deterministic_mutation	12,23,31,37,126
4535	deterministic_mutation	5,10,15,17,21,22
4536	deterministic_mutation	3,9,18,22,27,36,51,189
4537	deterministic_mutation	13,18,21,27,48
4538	deterministic_mutation	6,7,8,10,12,20,21,26,30,31
4539	deterministic_mutation	6,16,26,35,48,64,83
4540	deterministic_mutation	6,7,14,15,19,25,51
4541	deterministic_mutation	2,16,17,23,26,46,54
4542	deterministic_mutation	5,10,15,17
4543	deterministic_mutation	7,10,11,13,19,20,27,29,340
4544	deterministic_mutation	2,7,10,12,78
4545	deterministic_mutation	4,5,11,17,78
4546	deterministic_mutation	3,8,13,65
4547	deterministic_mutation	7,11,16,18,22,24,28,37,42,43
4548	deterministic_mutation	5,23,29,49
4549	deterministic_mutation	5,14,21,27,28,37,48,57
4550	deterministic_mutation	5,6,8,11,15,20,25
4551	deterministic_mutation	1,10,11,20,26,91
4552	deterministic_mutation	7,24,32,34,41,69,79
4553	deterministic_mutation	2,3,9,11,12,35
4554	deterministic_mutation	5,20,24,45
4555	deterministic_mutation	6,15,19,31,32,40,49,59,60
4556	deterministic_mutation	5,20,32,47,52,91
4557	deterministic_mutation	5,24,25,52
4558	deterministic_mutation	10,29,32,39,47,79,93
4559	deterministic_mutation	6,15,27,32,40,42,70
4560	deterministic_mutation	2,23,27,30,33,54,63
4561	deterministic_mutation	1,7,8,13,15,22,24
4562	deterministic_mutation	9,15,27,44
4563	deterministic_mutation	7,9,25,26
4564	deterministic_mutation	9,15,16,19,23,43,74
4565	deterministic_mutation	6,12,18,24,32,39,74
4566	deterministic_mutation	11,14,15,16,22,26,45
4567	deterministic_mutation	5,10,12,17,33
4568	deterministic_mutation	3,7,16,21,24,35,57
4569	deterministic_mutation	5,8,13,18,78
4570	deterministic_mutation	3,5,13,20,126
4571	deterministic_mutation	6,21,23,33,38,56,68
4572	deterministic_mutation	2,3,5,8,9,12,25
4573	deterministic_mutation	10,12,22,27,34,41,50,58,63
4574	deterministic_mutation	5,7,9,11
4575	deterministic_mutation	4,10,20,24,38,147
4576	deterministic_mutation	5,9,11,14,20,21,27,32
4577	deterministic_mutation	7,12,20,21
4578	deterministic_mutation	4,14,20,30,38,91
4579	deterministic_mutation	9,17,22,28,36,41,46,57,63
4580	deterministic_mutation	5,15,23,30,48
4581	deterministic_mutation	7,9,17,26,28,36,64
4582	deterministic_mutation	6,14,18,36,45,53
4583	deterministic_mutation	3,8,12,20,27,30,37,40,46
4584	deterministic_mutation	5,7,15,21,24,26,34,36,210
4585	deterministic_mutation	7,16,18,26,44
4586	deterministic_mutation	7,12,17,22,29
4587	deterministic_mutation	9,20,31,36,61
4588	deterministic_mutation	4,12,19,24,43
4589	deterministic_mutation	6,12,23,36
4590	deterministic_mutation	1,9,29,105
4591	deterministic_mutation	4,15,27,32,56
4592	deterministic_mutation	1,13,17,21,25,47,50
4593	deterministic_mutation	5,18,26,43
4594	deterministic_mutation	11,19,21,28,36,41,50,54,61,143
4595	deterministic_mutation	6,15,17,23,47
4596	deterministic_mutation	13,23,36,65
4597	deterministic_mutation	6,13,24,25,32,44,69
4598	deterministic_mutation	6,8,9,15,24,33,41
4599	deterministic_mutation	5,10,19,26,31,91
4600	deterministic_mutation	3,13,19,28
4601	deterministic_mutation	5,32,35,65,93,238
4602	deterministic_mutation	8,14,38,42,80,109
4603	deterministic_mutation	12,17,23,32,40,73,104
4604	deterministic_mutation	7,11,14,15,18,22
4605	deterministic_mutation	6,9,10,18,126
4606	deterministic_mutation	4,11,13,14,23,26,50
4607	deterministic_mutation	5,13,24,26,37,40,56,189
4608	deterministic_mutation	4,11,17,25,30,33,39,49
4609	deterministic_mutation	2,6,14,15,21,27,35,189
4610	deterministic_mutation	1,5,8,10,17,21,272
4611	deterministic_mutation	8,12,18,31,36,51,83
4612	deterministic_mutation	2,7,8,9,12,16,18,72
4613	deterministic_mutation	4,15,20,29,43,53,64
4614	deterministic_mutation	6,20,23,25
4615	deterministic_mutation	1,2,6,10,12,13,21
4616	deterministic_mutation	10,16,18,36,49,85,272
4617	deterministic_mutation	3,14,16,27,33,43,46,54,55,60
4618	deterministic_mutation	2,9,11,15,17,20,21,23
4619	deterministic_mutation	3,8,9,18,30
4620	deterministic_mutation	12,20,28,33,51,82,104
4621	deterministic_mutation	5,12,20,26,40,49,81
4622	deterministic_mutation	3,7,10,13,16
4623	deterministic_mutation	1,8,15,17,24
4624	deterministic_mutation	2,15,19,38
4625	deterministic_mutation	2,9,10,16,19,25,29,30,37
4626	deterministic_mutation	8,12,13,24,35,60,104
4627	deterministic_mutation	6,12,18,27,32,43,52,54,66
4628	deterministic_mutation	5,20,26,36,40,56,67
4629	deterministic_mutation	5,10,17,22,23,31
4630	deterministic_mutation	5,9,10,21,48
4631	deterministic_mutation	5,14,38,40
4632	deterministic_mutation	5,9,17,21,27,39,41,51,61,143
4633	deterministic_mutation	8,12,18,25
4634	deterministic_mutation	6,22,23,45,62,65
4635	deterministic_mutation	4,9,19,65
4636	deterministic_mutation	4,12,23,33
4637	deterministic_mutation	5,10,19,23,27,40,50,54,80
4638	deterministic_mutation	6,10,14,17,20,26,48
4639	deterministic_mutation	4,5,9,12,20,27,104
4640	deterministic_mutation	5,8,27,46
4641	deterministic_mutation	8,10,15,18,26
4642	deterministic_mutation	7,20,26,33,51
4643	deterministic_mutation	2,10,18,20,23,24,57
4644	deterministic_mutation	4,13,20,26,126
4645	deterministic_mutation	1,2,3,4,7,8
4646	deterministic_mutation	8,32,39,56,67,96
4647	deterministic_mutation	5,14,22,25,45,68
4648	deterministic_mutation	3,6,10,13
4649	deterministic_mutation	7,21,28,52
4650	deterministic_mutation	5,16,40,42
4651	deterministic_mutation	6,16,23,28,32,44,52,54,61,67
4652	deterministic_mutation	2,4,9,15
4653	deterministic_mutation	2,6,8,15
4654	deterministic_mutation	3,5,9,13,15,24,40
4655	deterministic_mutation	9,19,31,35,63
4656	deterministic_mutation	9,29,38,69,98,101
4657	deterministic_mutation	8,25,38,44,51,75,91
4658	deterministic_mutation	8,12,14,21,22,30,34,39,43,51
4659	deterministic_mutation	7,15,23,27,34,39,55,117
4660	deterministic_mutation	7,13,21,24,30,44,52
4661	deterministic_mutation	4,12,19,27,126
4662	deterministic_mutation	7,24,30,35,64
4663	deterministic_mutation	2,8,9,12,16,20,22,25,26,28
4664	deterministic_mutation	5,33,35,66,99,103
4665	deterministic_mutation	3,20,40,43
4666	deterministic_mutation	3,14,16,18,23,36,41
4667	deterministic_mutation	5,7,13,17,18
4668	deterministic_mutation	6,27,35,45,62,68
4669	deterministic_mutation	5,9,19,26
4670	deterministic_mutation	3,4,7,9,204
4671	deterministic_mutation	8,16,17,18,34,51,84
4672	deterministic_mutation	6,11,12,15,22,26,29,32
4673	deterministic_mutation	9,20,29,35,48
4674	deterministic_mutation	3,12,21,31,57
4675	deterministic_mutation	6,15,26,33,54
4676	deterministic_mutation	6,12,16,19,22,32,60
4677	deterministic_mutation	6,27,56,58,78,86
4678	deterministic_mutation	4,5,9,10
4679	deterministic_mutation	7,33,40,56,74,111
4680	deterministic_mutation	3,16,21,25,30,43,52
4681	deterministic_mutation	1,3,8,13,24,38,104
4682	deterministic_mutation	12,16,24,33,48
4683	deterministic_mutation	8,24,27,32,43,52,104
4684	deterministic_mutation	2,3,7,8,10,15
4685	deterministic_mutation	7,8,15,21,22,37,64
4686	deterministic_mutation	3,9,12,20,28,30,37,39
4687	deterministic_mutation	4,5,8,16,22,37,64
4688	deterministic_mutation	2,3,5,8,9,15,16,19,23,143
4689	deterministic_mutation	8,17,21,29,55
4690	deterministic_mutation	5,6,12,15,17
4691	deterministic_mutation	2,5,7,24
4692	deterministic_mutation	4,13,22,25
4693	deterministic_mutation	5,15,23,38,126
