0	0	4	3/16	3/16;13/16	3/16:2;13/16:2	3/16,1,2,-1,4,3,3,1,1,0,1,1/80,1,1,2,1,2|13/16,-1,2,1,4,13,3,1,3,1,4,1/80,1,1,2,1,2
0	1	2	5/28	11/28;17/28	11/28:3;17/28:3	11/28,1,3,-1,7,11,5,2,3,1,6,1/140,1,6,3,6,3|17/28,-1,3,1,7,17,5,2,4,2,9,1/140,1,6,3,6,3
0	2	3	1/7	13/28;15/28	13/28:3;15/28:3	13/28,-1,3,1,7,13,4,2,3,2,9,1/70,0,9,7,4,3|15/28,1,3,-1,7,15,4,2,4,2,11,1/70,0,9,7,4,3
0	3	2	1/12	5/12;7/12	5/12:1;7/12:1	5/12,-1,1,1,3,5,1,2,1,3,14,1/60,1,14,7,14,7|7/12,1,1,-1,3,7,1,2,2,4,21,1/60,1,14,7,14,7
1	0	16	59/240	59/240;181/240	59/240:3;181/240:3	59/240,1,3,-1,60,59,59,15,15,0,1,-11/240,0,1,2,2,0|181/240,-1,3,1,60,181,59,15,45,1,4,-11/240,0,1,2,2,0
1	1	10	19/120	101/240;139/240	101/240:3;139/240:3	101/240,-1,3,1,60,101,38,10,25,1,4,1/48,0,4,2,2,0|139/240,1,3,-1,60,139,38,10,35,1,6,1/48,0,4,2,2,0
1	2	16	19/80	61/240;179/240	61/240:3;179/240:3	61/240,-1,3,1,60,61,57,15,15,1,4,-1/80,0,4,7,3,0|179/240,1,3,-1,60,179,57,15,45,2,11,-1/80,0,4,7,3,0
1	3	2	0/1	1/4;3/4	1/4:0,2;3/4:0,2	1/4,-1,0,1,1,1,0,15,0,15,74,1/300,1,74,148,78,60|1/4,1,2,-1,3,3,0,15,1,15,76,1/300,1,76,148,72,60|3/4,-1,2,1,3,9,0,15,2,45,224,1/300,1,76,148,72,60|3/4,1,0,-1,1,3,0,15,1,45,226,1/300,1,74,148,78,60
2	0	4	7/45	7/45;38/45	7/45:4;38/45:4	7/45,1,4,-1,18,14,14,3,3,0,1,1/90,0,1,3,2,1,0|38/45,-1,4,1,18,76,14,3,15,1,5,1/90,0,1,3,2,1,0
2	1	4	1/10	3/10;7/10	3/10:2;7/10:2	3/10,-1,2,1,4,6,2,1,1,1,5,1/45,0,5,3,2,7,0|7/10,1,2,-1,4,14,2,1,3,2,13,1/45,0,5,3,2,7,0
2	2	4	8/45	41/90;49/90	41/90:4;49/90:4	41/90,-1,4,1,18,41,16,4,8,2,11,-1/360,1,11,9,4,7,6|49/90,1,4,-1,18,49,16,4,10,2,13,-1/360,1,11,9,4,7,6
2	3	4	1/6	13/30;17/30	13/30:4;17/30:4	13/30,1,4,-1,18,39,15,4,8,2,13,0/1,1,13,9,8,5,6|17/30,-1,4,1,18,51,15,4,10,3,17,0/1,1,13,9,8,5,6
2	4	2	1/10	9/20;11/20	9/20:2;11/20:2	9/20,1,2,-1,4,9,2,4,2,8,49,1/270,1,49,39,20,29,18|11/20,-1,2,1,4,11,2,4,2,10,59,1/270,1,49,39,20,29,18
3	0	4	7/25	7/25;18/25	7/25:4;18/25:4	7/25,1,4,-1,10,14,14,3,3,0,1,-17/150,0,1,2,0,2,2|18/25,-1,4,1,10,36,14,3,7,1,5,-17/150,0,1,2,0,2,2
3	1	6	9/20	9/40;11/40;29/40;31/40	9/40:3;11/40:3;29/40:3;31/40:3	9/40,1,3,-1,8,9,18,4,2,0,1,-17/120,0,1,2,6,4,2|11/40,-1,3,1,8,11,18,4,2,1,5,-17/120,1,5,2,6,4,2|29/40,1,3,-1,8,29,18,4,6,1,7,-17/120,1,5,2,6,4,2|31/40,-1,3,1,8,31,18,4,6,2,11,-17/120,0,1,2,6,4,2
3	2	6	7/20	9/40;11/40;29/40;31/40	9/40:3;11/40:3;29/40:3;31/40:3	9/40,1,3,-1,8,9,14,4,2,1,7,-11/360,0,7,14,6,16,2|11/40,-1,3,1,8,11,14,4,2,2,11,-11/360,0,11,14,6,16,2|29/40,1,3,-1,8,29,14,4,6,4,25,-11/360,0,11,14,6,16,2|31/40,-1,3,1,8,31,14,4,6,5,29,-11/360,0,7,14,6,16,2
3	3	4	6/25	11/50;7/25;18/25;39/50	11/50:4;7/25:4;18/25:4;39/50:4	11/50,-1,4,1,10,11,12,4,2,2,11,-11/1200,1,11,22,18,8,14|7/25,1,4,-1,10,14,12,4,3,2,13,-11/1200,1,13,22,18,8,14|18/25,-1,4,1,10,36,12,4,7,6,35,-11/1200,1,13,22,18,8,14|39/50,1,4,-1,10,39,12,4,8,6,37,-11/1200,1,11,22,18,8,14
3	4	6	1/4	9/40;11/40;29/40;31/40	9/40:3;11/40:3;29/40:3;31/40:3	9/40,1,3,-1,8,9,10,4,2,2,13,-1/120,1,13,26,18,16,10|11/40,-1,3,1,8,11,10,4,2,3,17,-1/120,1,17,26,18,16,10|29/40,1,3,-1,8,29,10,4,6,7,43,-1/120,1,17,26,18,16,10|31/40,-1,3,1,8,31,10,4,6,8,47,-1/120,1,13,26,18,16,10
4	0	274	359/720	359/10800;361/10800;3959/10800;3961/10800;6839/10800;6841/10800;10439/10800;10441/10800	359/10800:8;361/10800:8;3959/10800:8;3961/10800:8;6839/10800:8;6841/10800:8;10439/10800:8;10441/10800:8	359/10800,1,8,-1,1200,359,5385,600,40,0,1,-287/10800,0,15,21,40,48,56,45,24,20,0|361/10800,-1,8,1,1200,361,5385,600,40,1,9,-287/10800,0,15,39,60,18,54,45,66,30,0|3959/10800,1,8,-1,1200,3959,5385,600,440,5,51,-287/10800,0,15,21,60,48,6,45,24,30,0|3961/10800,-1,8,1,1200,3961,5385,600,440,6,59,-287/10800,0,15,39,40,18,4,45,66,20,0|6839/10800,1,8,-1,1200,6839,5385,600,760,9,91,-287/10800,0,15,39,40,18,4,45,66,20,0|6841/10800,-1,8,1,1200,6841,5385,600,760,10,99,-287/10800,0,15,21,60,48,6,45,24,30,0|10439/10800,1,8,-1,1200,10439,5385,600,1160,14,141,-287/10800,0,15,39,60,18,54,45,66,30,0|10441/10800,-1,8,1,1200,10441,5385,600,1160,15,149,-287/10800,0,15,21,40,48,56,45,24,20,0
4	1	280	13/27	25/81;56/81	25/81:6;56/81:6	25/81,1,6,-1,126,350,546,63,39,6,61,-103/5670,0,75,21,80,12,56,105,84,70,90|56/81,-1,6,1,126,784,546,63,87,15,149,-103/5670,0,75,21,80,12,56,105,84,70,90
4	2	290	67/135	67/5400;17/1350;607/5400;76/675;523/1350;2093/5400;329/675;2633/5400;2767/5400;346/675;3307/5400;827/1350;599/675;4793/5400;1333/1350;5333/5400	67/5400:8;17/1350:8;607/5400:8;76/675:8;523/1350:8;2093/5400:8;329/675:8;2633/5400:8;2767/5400:8;346/675:8;3307/5400:8;827/1350:8;599/675:8;4793/5400:8;1333/1350:8;5333/5400:8	67/5400,1,8,-1,1200,134,5360,600,15,0,1,-107/10800,0,15,21,40,48,56,105,126,120,0|17/1350,-1,8,1,1200,136,5360,600,15,1,9,-107/10800,0,135,189,40,32,104,145,66,120,0|607/5400,1,8,-1,1200,1214,5360,600,135,4,41,-107/10800,0,185,61,40,32,104,95,34,120,0|76/675,-1,8,1,1200,1216,5360,600,135,5,49,-107/10800,0,65,171,40,48,56,55,174,120,0|523/1350,1,8,-1,1200,4184,5360,600,465,15,151,-107/10800,0,135,29,40,48,56,145,174,120,0|2093/5400,-1,8,1,1200,4186,5360,600,465,16,159,-107/10800,0,15,139,40,32,104,105,34,120,0|329/675,1,8,-1,1200,5264,5360,600,585,19,191,-107/10800,0,65,11,40,32,104,55,66,120,0|2633/5400,-1,8,1,1200,5266,5360,600,585,20,199,-107/10800,0,185,179,40,48,56,95,126,120,0|2767/5400,1,8,-1,1200,5534,5360,600,615,20,201,-107/10800,0,185,179,40,48,56,95,126,120,0|346/675,-1,8,1,1200,5536,5360,600,615,21,209,-107/10800,0,65,11,40,32,104,55,66,120,0|3307/5400,1,8,-1,1200,6614,5360,600,735,24,241,-107/10800,0,15,139,40,32,104,105,34,120,0|827/1350,-1,8,1,1200,6616,5360,600,735,25,249,-107/10800,0,135,29,40,48,56,145,174,120,0|599/675,1,8,-1,1200,9584,5360,600,1065,35,351,-107/10800,0,65,171,40,48,56,55,174,120,0|4793/5400,-1,8,1,1200,9586,5360,600,1065,36,359,-107/10800,0,185,61,40,32,104,95,34,120,0|1333/1350,1,8,-1,1200,10664,5360,600,1185,39,391,-107/10800,0,135,189,40,32,104,145,66,120,0|5333/5400,-1,8,1,1200,10666,5360,600,1185,40,399,-107/10800,0,15,21,40,48,56,105,126,120,0
4	3	268	1/2	5/32;27/32	5/32:-;27/32:-	-
4	4	286	1/2	9/112;13/112;19/112;29/112;41/112;51/112;55/112;57/112;61/112;71/112;83/112;93/112;99/112;103/112	9/112:-;13/112:-;19/112:-;29/112:-;41/112:-;51/112:-;55/112:-;57/112:-;61/112:-;71/112:-;83/112:-;93/112:-;99/112:-;103/112:-	-
4	5	288	1/2	17/210;23/210;67/210;103/210;107/210;143/210;187/210;193/210	17/210:-;23/210:-;67/210:-;103/210:-;107/210:-;143/210:-;187/210:-;193/210:-	-
4	6	280	1/2	1/84;13/84;29/84;31/84;37/84;41/84;43/84;47/84;53/84;55/84;71/84;83/84	1/84:-;13/84:-;29/84:-;31/84:-;37/84:-;41/84:-;43/84:-;47/84:-;53/84:-;55/84:-;71/84:-;83/84:-	-
4	7	244	1/2	17/560;33/560;9/112;13/112;87/560;19/112;103/560;137/560;143/560;29/112;157/560;177/560;193/560;41/112;207/560;243/560;247/560;51/112;55/112;57/112;61/112;313/560;317/560;353/560;71/112;367/560;383/560;403/560;83/112;417/560;423/560;457/560;93/112;473/560;99/112;103/112;527/560;543/560	17/560:-;33/560:-;9/112:-;13/112:-;87/560:-;19/112:-;103/560:-;137/560:-;143/560:-;29/112:-;157/560:-;177/560:-;193/560:-;41/112:-;207/560:-;243/560:-;247/560:-;51/112:-;55/112:-;57/112:-;61/112:-;313/560:-;317/560:-;353/560:-;71/112:-;367/560:-;383/560:-;403/560:-;83/112:-;417/560:-;423/560:-;457/560:-;93/112:-;473/560:-;99/112:-;103/112:-;527/560:-;543/560:-	-
4	8	96	1/2	9/800;29/2400;31/2400;11/800;73/2400;79/2400;47/800;187/2400;193/2400;263/2400;269/2400;271/2400;277/2400;93/800;281/2400;289/2400;293/2400;371/2400;373/2400;5/32;131/800;407/2400;147/800;443/2400;169/800;509/2400;521/2400;529/2400;39/160;587/2400;607/2400;613/2400;207/800;671/2400;673/2400;713/2400;49/160;739/2400;757/2400;253/800;51/160;827/2400;829/2400;833/2400;863/2400;291/800;293/800;881/2400;59/160;887/2400;309/800;929/2400;931/2400;979/2400;331/800;1013/2400;1043/2400;1057/2400;353/800;1061/2400;1091/2400;1093/2400;1169/2400;1171/2400;391/800;1177/2400;79/160;1193/2400;1207/2400;81/160;1223/2400;409/800;1229/2400;1231/2400;1307/2400;1309/2400;1339/2400;447/800;1343/2400;1357/2400;1387/2400;469/800;1421/2400;1469/2400;1471/2400;491/800;1513/2400;101/160;1519/2400;507/800;509/800;1537/2400;1567/2400;1571/2400;1573/2400;109/160;547/800;1643/2400;1661/2400;111/160;1687/2400;1727/2400;1729/2400;593/800;1787/2400;1793/2400;1813/2400;121/160;1871/2400;1879/2400;1891/2400;631/800;1957/2400;653/800;1993/2400;669/800;27/32;2027/2400;2029/2400;2107/2400;2111/2400;2119/2400;707/800;2123/2400;2129/2400;2131/2400;2137/2400;2207/2400;2213/2400;753/800;2321/2400;2327/2400;789/800;2369/2400;2371/2400;791/800	9/800:-;29/2400:-;31/2400:-;11/800:-;73/2400:-;79/2400:-;47/800:-;187/2400:-;193/2400:-;263/2400:-;269/2400:-;271/2400:-;277/2400:-;93/800:-;281/2400:-;289/2400:-;293/2400:-;371/2400:-;373/2400:-;5/32:-;131/800:-;407/2400:-;147/800:-;443/2400:-;169/800:-;509/2400:-;521/2400:-;529/2400:-;39/160:-;587/2400:-;607/2400:-;613/2400:-;207/800:-;671/2400:-;673/2400:-;713/2400:-;49/160:-;739/2400:-;757/2400:-;253/800:-;51/160:-;827/2400:-;829/2400:-;833/2400:-;863/2400:-;291/800:-;293/800:-;881/2400:-;59/160:-;887/2400:-;309/800:-;929/2400:-;931/2400:-;979/2400:-;331/800:-;1013/2400:-;1043/2400:-;1057/2400:-;353/800:-;1061/2400:-;1091/2400:-;1093/2400:-;1169/2400:-;1171/2400:-;391/800:-;1177/2400:-;79/160:-;1193/2400:-;1207/2400:-;81/160:-;1223/2400:-;409/800:-;1229/2400:-;1231/2400:-;1307/2400:-;1309/2400:-;1339/2400:-;447/800:-;1343/2400:-;1357/2400:-;1387/2400:-;469/800:-;1421/2400:-;1469/2400:-;1471/2400:-;491/800:-;1513/2400:-;101/160:-;1519/2400:-;507/800:-;509/800:-;1537/2400:-;1567/2400:-;1571/2400:-;1573/2400:-;109/160:-;547/800:-;1643/2400:-;1661/2400:-;111/160:-;1687/2400:-;1727/2400:-;1729/2400:-;593/800:-;1787/2400:-;1793/2400:-;1813/2400:-;121/160:-;1871/2400:-;1879/2400:-;1891/2400:-;631/800:-;1957/2400:-;653/800:-;1993/2400:-;669/800:-;27/32:-;2027/2400:-;2029/2400:-;2107/2400:-;2111/2400:-;2119/2400:-;707/800:-;2123/2400:-;2129/2400:-;2131/2400:-;2137/2400:-;2207/2400:-;2213/2400:-;753/800:-;2321/2400:-;2327/2400:-;789/800:-;2369/2400:-;2371/2400:-;791/800:-	-
5	0	2	1/4	1/4;3/4	1/4:1;3/4:1	1/4,1,1,-1,2,1,1,1,1,0,1,1/12,1,1,1|3/4,-1,1,1,2,3,1,1,1,1,2,1/12,1,1,1
5	1	1	0/1	1/2	1/2:0	1/2,-1,0,1,1,1,0,1,0,1,2,1/6,1,2,2|1/2,1,0,-1,1,1,0,1,1,1,4,1/6,1,2,2
6	0	2	2/9	2/9;7/9	2/9:2;7/9:2	2/9,1,2,-1,3,2,2,1,1,0,1,1/36,1,1,2,1|7/9,-1,2,1,3,7,2,1,2,1,3,1/36,1,1,2,1
6	1	1	1/9	4/9;5/9	4/9:2;5/9:2	4/9,-1,2,1,3,4,1,1,1,1,3,5/72,0,3,2,1|5/9,1,2,-1,3,5,1,1,2,1,5,5/72,0,3,2,1
6	2	2	0/1	1/3;2/3	1/3:0,1;2/3:0,1	1/3,-1,0,1,1,1,0,1,0,1,3,1/12,1,3,6,3|1/3,1,1,-1,2,2,0,1,1,1,5,1/12,0,5,2,3|2/3,-1,1,1,2,4,0,1,1,2,7,1/12,0,5,2,3|2/3,1,0,-1,1,2,0,1,1,2,9,1/12,1,3,6,3
7	0	2	3/16	3/16;13/16	3/16:3;13/16:3	3/16,1,3,-1,4,3,3,1,1,0,1,1/80,1,1,2,2,1|13/16,-1,3,1,4,13,3,1,3,1,4,1/80,1,1,2,2,1
7	1	2	1/6	5/12;7/12	5/12:2;7/12:2	5/12,-1,2,1,3,5,2,1,1,1,4,1/60,1,4,2,2,4|7/12,1,2,-1,3,7,2,1,2,1,6,1/60,1,4,2,2,4
7	2	2	1/8	3/8;5/8	3/8:1;5/8:1	3/8,1,1,-1,2,3,1,1,1,1,6,1/40,1,6,3,3,6|5/8,-1,1,1,2,5,1,1,1,2,9,1/40,1,6,3,3,6
7	3	2	0/1	1/4;3/4	1/4:0,2;3/4:0,2	1/4,-1,0,1,1,1,0,1,0,1,4,1/20,1,4,8,8,4|1/4,1,2,-1,3,3,0,1,1,1,6,1/20,0,6,8,2,4|3/4,-1,2,1,3,9,0,1,2,3,14,1/20,0,6,8,2,4|3/4,1,0,-1,1,3,0,1,1,3,16,1/20,1,4,8,8,4
8	0	2	4/25	4/25;21/25	4/25:4;21/25:4	4/25,1,4,-1,5,4,4,1,1,0,1,1/150,1,1,2,3,2,1|21/25,-1,4,1,5,21,4,1,4,1,5,1/150,1,1,2,3,2,1
8	1	2	3/25	11/25;14/25	11/25:4;14/25:4	11/25,-1,4,1,5,11,3,1,2,1,5,7/300,0,5,2,3,4,1|14/25,1,4,-1,5,14,3,1,3,1,7,7/300,0,5,2,3,4,1
8	2	2	1/10	3/10;7/10	3/10:3;7/10:3	3/10,-1,3,1,4,6,2,1,1,1,5,1/45,0,5,8,3,2,7|7/10,1,3,-1,4,14,2,1,3,2,13,1/45,0,5,8,3,2,7
8	3	2	1/15	4/15;11/15	4/15:2;11/15:2	4/15,1,2,-1,3,4,1,1,1,1,7,1/40,0,7,10,3,4,11|11/15,-1,2,1,3,11,1,1,2,3,17,1/40,0,7,10,3,4,11
8	4	4	0/1	1/5;2/5;3/5;4/5	1/5:0,3;2/5:1,2;3/5:1,2;4/5:0,3	1/5,-1,0,1,1,1,0,1,0,1,5,1/30,1,5,10,15,10,5|1/5,1,3,-1,4,4,0,1,1,1,7,1/30,0,7,14,9,2,5|2/5,-1,2,1,3,6,0,1,1,2,11,1/30,0,11,8,3,14,5|2/5,1,1,-1,2,4,0,1,1,2,13,1/30,0,13,4,9,8,5|3/5,-1,1,1,2,6,0,1,1,3,17,1/30,0,13,4,9,8,5|3/5,1,2,-1,3,9,0,1,2,3,19,1/30,0,11,8,3,14,5|4/5,-1,3,1,4,16,0,1,3,4,23,1/30,0,7,14,9,2,5|4/5,1,0,-1,1,4,0,1,1,4,25,1/30,1,5,10,15,10,5
9	0	2	5/36	5/36;31/36	5/36:5;31/36:5	5/36,1,5,-1,6,5,5,1,1,0,1,1/252,1,1,2,3,3,2,1|31/36,-1,5,1,6,31,5,1,5,1,6,1/252,1,1,2,3,3,2,1
9	1	2	2/15	13/30;17/30	13/30:4;17/30:4	13/30,-1,4,1,5,13,4,1,2,1,6,1/210,1,6,2,4,4,2,6|17/30,1,4,-1,5,17,4,1,3,1,8,1/210,1,6,2,4,4,2,6
9	2	4	1/8	7/24;17/24	7/24:3;17/24:3	7/24,-1,3,1,4,7,3,1,1,1,6,1/168,1,6,9,3,3,9,6|17/24,1,3,-1,4,17,3,1,3,2,15,1/168,1,6,9,3,3,9,6
9	3	2	1/9	5/18;13/18	5/18:2;13/18:2	5/18,1,2,-1,3,5,2,1,1,1,8,1/126,1,8,12,4,4,12,8|13/18,-1,2,1,3,13,2,1,2,3,20,1/126,1,8,12,4,4,12,8
9	4	4	1/12	5/12;7/12	5/12:1;7/12:1	5/12,1,1,-1,2,5,1,1,1,2,15,1/84,1,15,5,10,10,5,15|7/12,-1,1,1,2,7,1,1,1,3,20,1/84,1,15,5,10,10,5,15
9	5	2	0/1	1/6;5/6	1/6:0,4;5/6:0,4	1/6,-1,0,1,1,1,0,1,0,1,6,1/42,1,6,12,18,18,12,6|1/6,1,4,-1,5,5,0,1,1,1,8,1/42,0,8,16,18,10,2,6|5/6,-1,4,1,5,25,0,1,4,5,34,1/42,0,8,16,18,10,2,6|5/6,1,0,-1,1,5,0,1,1,5,36,1/42,1,6,12,18,18,12,6
10	0	2	6/49	6/49;43/49	6/49:6;43/49:6	6/49,1,6,-1,7,6,6,1,1,0,1,1/392,1,1,2,3,4,3,2,1|43/49,-1,6,1,7,43,6,1,6,1,7,1/392,1,1,2,3,4,3,2,1
10	1	2	5/49	22/49;27/49	22/49:6;27/49:6	22/49,-1,6,1,7,22,5,1,3,1,7,9/784,0,7,2,5,4,3,6,1|27/49,1,6,-1,7,27,5,1,4,1,9,9/784,0,7,2,5,4,3,6,1
10	2	4	4/35	13/35;22/35	13/35:4;22/35:4	13/35,1,4,-1,5,13,4,1,2,1,9,1/280,1,9,6,3,12,3,6,9|22/35,-1,4,1,5,22,4,1,3,2,15,1/280,1,9,6,3,12,3,6,9
10	3	2	3/35	8/35;27/35	8/35:4;27/35:4	8/35,-1,4,1,5,8,3,1,1,1,7,11/1120,0,7,14,11,4,3,10,15|27/35,1,4,-1,5,27,3,1,4,3,25,11/1120,0,7,14,11,4,3,10,15
10	4	4	2/21	8/21;13/21	8/21:2;13/21:2	8/21,-1,2,1,3,8,2,1,1,2,15,1/168,1,15,10,5,20,5,10,15|13/21,1,2,-1,3,13,2,1,2,3,25,1/168,1,15,10,5,20,5,10,15
10	5	2	1/35	6/35;29/35	6/35:4;29/35:4	6/35,1,4,-1,5,6,1,1,1,1,9,9/560,0,9,18,21,12,3,6,15|29/35,-1,4,1,5,29,1,1,4,5,39,9/560,0,9,18,21,12,3,6,15
10	6	6	0/1	1/7;2/7;3/7;4/7;5/7;6/7	1/7:0,5;2/7:2,3;3/7:1,4;4/7:1,4;5/7:2,3;6/7:0,5	1/7,-1,0,1,1,1,0,1,0,1,7,1/56,1,7,14,21,28,21,14,7|1/7,1,5,-1,6,6,0,1,1,1,9,1/56,0,9,18,27,20,11,2,7|2/7,-1,3,1,4,8,0,1,1,2,15,1/56,0,15,26,11,4,19,22,7|2/7,1,2,-1,3,6,0,1,1,2,17,1/56,0,17,22,5,12,27,10,7|3/7,-1,4,1,5,15,0,1,2,3,23,1/56,0,23,10,13,20,3,26,7|3/7,1,1,-1,2,6,0,1,1,3,25,1/56,0,25,6,19,12,13,18,7|4/7,-1,1,1,2,8,0,1,1,4,31,1/56,0,25,6,19,12,13,18,7|4/7,1,4,-1,5,20,0,1,3,4,33,1/56,0,23,10,13,20,3,26,7|5/7,-1,2,1,3,15,0,1,2,5,39,1/56,0,17,22,5,12,27,10,7|5/7,1,3,-1,4,20,0,1,3,5,41,1/56,0,15,26,11,4,19,22,7|6/7,-1,5,1,6,36,0,1,5,6,47,1/56,0,9,18,27,20,11,2,7|6/7,1,0,-1,1,6,0,1,1,6,49,1/56,1,7,14,21,28,21,14,7
11	0	2	7/64	7/64;57/64	7/64:7;57/64:7	7/64,1,7,-1,8,7,7,1,1,0,1,1/576,1,1,2,3,4,4,3,2,1|57/64,-1,7,1,8,57,7,1,7,1,8,1/576,1,1,2,3,4,4,3,2,1
11	1	2	3/28	25/56;31/56	25/56:6;31/56:6	25/56,-1,6,1,7,25,6,1,3,1,8,1/504,1,8,2,6,4,4,6,2,8|31/56,1,6,-1,7,31,6,1,4,1,10,1/504,1,8,2,6,4,4,6,2,8
11	2	4	5/56	17/56;39/56	17/56:6;39/56:6	17/56,-1,6,1,7,17,5,1,2,1,8,11/1512,0,8,11,3,5,13,6,2,10|39/56,1,6,-1,7,39,5,1,5,2,19,11/1512,0,8,11,3,5,13,6,2,10
11	3	4	1/10	9/40;31/40	9/40:4;31/40:4	9/40,-1,4,1,5,9,4,1,1,1,8,1/360,1,8,16,12,4,4,12,16,8|31/40,1,4,-1,5,31,4,1,4,3,28,1/360,1,8,16,12,4,4,12,16,8
11	4	4	3/32	7/32;25/32	7/32:3;25/32:3	7/32,1,3,-1,4,7,3,1,1,1,10,1/288,1,10,20,15,5,5,15,20,10|25/32,-1,3,1,4,25,3,1,3,4,35,1/288,1,10,20,15,5,5,15,20,10
11	5	2	1/20	7/40;33/40	7/40:4;33/40:4	7/40,1,4,-1,5,7,2,1,1,1,10,11/1080,0,10,20,24,14,4,6,16,26|33/40,-1,4,1,5,33,2,1,4,5,44,11/1080,0,10,20,24,14,4,6,16,26
11	6	6	1/16	7/16;9/16	7/16:1;9/16:1	7/16,1,1,-1,2,7,1,1,1,3,28,1/144,1,28,7,21,14,14,21,7,28|9/16,-1,1,1,2,9,1,1,1,4,35,1/144,1,28,7,21,14,14,21,7,28
11	7	4	0/1	1/8;3/8;5/8;7/8	1/8:0,6;3/8:2,4;5/8:2,4;7/8:0,6	1/8,-1,0,1,1,1,0,1,0,1,8,1/72,1,8,16,24,32,32,24,16,8|1/8,1,6,-1,7,7,0,1,1,1,10,1/72,0,10,20,30,32,22,12,2,8|3/8,-1,2,1,3,9,0,1,1,3,26,1/72,0,26,20,6,32,14,12,34,8|3/8,1,4,-1,5,15,0,1,2,3,28,1/72,0,28,16,12,32,4,24,20,8|5/8,-1,4,1,5,25,0,1,3,5,44,1/72,0,28,16,12,32,4,24,20,8|5/8,1,2,-1,3,15,0,1,2,5,46,1/72,0,26,20,6,32,14,12,34,8|7/8,-1,6,1,7,49,0,1,6,7,62,1/72,0,10,20,30,32,22,12,2,8|7/8,1,0,-1,1,7,0,1,1,7,64,1/72,1,8,16,24,32,32,24,16,8
12	0	2	8/81	8/81;73/81	8/81:8;73/81:8	8/81,1,8,-1,9,8,8,1,1,0,1,1/810,1,1,2,3,4,5,4,3,2,1|73/81,-1,8,1,9,73,8,1,8,1,9,1/810,1,1,2,3,4,5,4,3,2,1
12	1	2	7/81	37/81;44/81	37/81:8;44/81:8	37/81,-1,8,1,9,37,7,1,4,1,9,11/1620,0,9,2,7,4,5,6,3,8,1|44/81,1,8,-1,9,44,7,1,5,1,11,11/1620,0,9,2,7,4,5,6,3,8,1
12	2	4	2/21	19/63;44/63	19/63:6;44/63:6	19/63,-1,6,1,7,19,6,1,2,1,9,1/630,1,9,12,3,6,15,6,3,12,9|44/63,1,6,-1,7,44,6,1,5,2,21,1/630,1,9,12,3,6,15,6,3,12,9
12	3	4	5/63	17/63;46/63	17/63:6;46/63:6	17/63,1,6,-1,7,17,5,1,2,1,11,13/2520,0,11,18,7,4,15,14,3,8,19|46/63,-1,6,1,7,46,5,1,5,3,29,13/2520,0,11,18,7,4,15,14,3,8,19
12	4	4	2/27	5/27;22/27	5/27:5;22/27:5	5/27,-1,5,1,6,10,4,1,1,1,9,7/1350,0,9,18,23,14,5,4,13,22,19|22/27,1,5,-1,6,44,4,1,5,4,41,7/1350,0,9,18,23,14,5,4,13,22,19
12	5	2	1/15	8/45;37/45	8/45:4;37/45:4	8/45,1,4,-1,5,8,3,1,1,1,11,1/180,0,11,22,27,16,5,6,17,28,21|37/45,-1,4,1,5,37,3,1,4,5,49,1/180,0,11,22,27,16,5,6,17,28,21
12	6	6	2/27	8/27;19/27	8/27:2;19/27:2	8/27,1,2,-1,3,8,2,1,1,2,21,1/270,1,21,28,7,14,35,14,7,28,21|19/27,-1,2,1,3,19,2,1,2,5,49,1/270,1,21,28,7,14,35,14,7,28,21
12	7	4	1/27	10/27;17/27	10/27:2;17/27:2	10/27,-1,2,1,3,10,1,1,1,3,29,17/2160,0,29,22,7,36,15,14,37,8,21|17/27,1,2,-1,3,17,1,1,2,5,51,17/2160,0,29,22,7,36,15,14,37,8,21
12	8	6	0/1	1/9;2/9;4/9;5/9;7/9;8/9	1/9:0,7;2/9:3,4;4/9:1,6;5/9:1,6;7/9:3,4;8/9:0,7	1/9,-1,0,1,1,1,0,1,0,1,9,1/90,1,9,18,27,36,45,36,27,18,9|1/9,1,7,-1,8,8,0,1,1,1,11,1/90,0,11,22,33,44,35,24,13,2,9|2/9,-1,4,1,5,10,0,1,1,2,19,1/90,0,19,38,33,14,5,24,43,28,9|2/9,1,3,-1,4,8,0,1,1,2,21,1/90,0,21,42,27,6,15,36,33,12,9|4/9,-1,6,1,7,28,0,1,3,4,39,1/90,0,39,12,27,24,15,36,3,42,9|4/9,1,1,-1,2,8,0,1,1,4,41,1/90,0,41,8,33,16,25,24,17,32,9|5/9,-1,1,1,2,10,0,1,1,5,49,1/90,0,41,8,33,16,25,24,17,32,9|5/9,1,6,-1,7,35,0,1,4,5,51,1/90,0,39,12,27,24,15,36,3,42,9|7/9,-1,3,1,4,28,0,1,3,7,69,1/90,0,21,42,27,6,15,36,33,12,9|7/9,1,4,-1,5,35,0,1,4,7,71,1/90,0,19,38,33,14,5,24,43,28,9|8/9,-1,7,1,8,64,0,1,7,8,79,1/90,0,11,22,33,44,35,24,13,2,9|8/9,1,0,-1,1,8,0,1,1,8,81,1/90,1,9,18,27,36,45,36,27,18,9
13	0	2	9/100	9/100;91/100	9/100:9;91/100:9	9/100,1,9,-1,10,9,9,1,1,0,1,1/1100,1,1,2,3,4,5,5,4,3,2,1|91/100,-1,9,1,10,91,9,1,9,1,10,1/1100,1,1,2,3,4,5,5,4,3,2,1
13	1	2	4/45	41/90;49/90	41/90:8;49/90:8	41/90,-1,8,1,9,41,8,1,4,1,10,1/990,1,10,2,8,4,6,6,4,8,2,10|49/90,1,8,-1,9,49,8,1,5,1,12,1/990,1,10,2,8,4,6,6,4,8,2,10
13	2	4	7/80	29/80;51/80	29/80:7;51/80:7	29/80,1,7,-1,8,29,7,1,3,1,12,1/880,1,12,9,3,15,6,6,15,3,9,12|51/80,-1,7,1,8,51,7,1,5,2,21,1/880,1,12,9,3,15,6,6,15,3,9,12
13	3	4	3/35	19/70;51/70	19/70:6;51/70:6	19/70,1,6,-1,7,19,6,1,2,1,12,1/770,1,12,20,8,4,16,16,4,8,20,12|51/70,-1,6,1,7,51,6,1,5,3,32,1/770,1,12,20,8,4,16,16,4,8,20,12
13	4	8	1/12	11/60;49/60	11/60:5;49/60:5	11/60,-1,5,1,6,11,5,1,1,1,10,1/660,1,10,20,25,15,5,5,15,25,20,10|49/60,1,5,-1,6,49,5,1,5,4,45,1/660,1,10,20,25,15,5,5,15,25,20,10
13	5	2	2/25	9/50;41/50	9/50:4;41/50:4	9/50,1,4,-1,5,9,4,1,1,1,12,1/550,1,12,24,30,18,6,6,18,30,24,12|41/50,-1,4,1,5,41,4,1,4,5,54,1/550,1,12,24,30,18,6,6,18,30,24,12
13	6	6	3/40	11/40;29/40	11/40:3;29/40:3	11/40,-1,3,1,4,11,3,1,1,2,21,1/440,1,21,35,14,7,28,28,7,14,35,21|29/40,1,3,-1,4,29,3,1,3,5,56,1/440,1,21,35,14,7,28,28,7,14,35,21
13	7	4	1/15	11/30;19/30	11/30:2;19/30:2	11/30,-1,2,1,3,11,2,1,1,3,32,1/330,1,32,24,8,40,16,16,40,8,24,32|19/30,1,2,-1,3,19,2,1,2,5,56,1/330,1,32,24,8,40,16,16,40,8,24,32
13	8	6	1/20	9/20;11/20	9/20:1;11/20:1	9/20,1,1,-1,2,9,1,1,1,4,45,1/220,1,45,9,36,18,27,27,18,36,9,45|11/20,-1,1,1,2,11,1,1,1,5,54,1/220,1,45,9,36,18,27,27,18,36,9,45
13	9	4	0/1	1/10;3/10;7/10;9/10	1/10:0,8;3/10:2,6;7/10:2,6;9/10:0,8	1/10,-1,0,1,1,1,0,1,0,1,10,1/110,1,10,20,30,40,50,50,40,30,20,10|1/10,1,8,-1,9,9,0,1,1,1,12,1/110,0,12,24,36,48,50,38,26,14,2,10|3/10,-1,6,1,7,21,0,1,2,3,32,1/110,0,32,46,14,18,50,28,4,36,42,10|3/10,1,2,-1,3,9,0,1,1,3,34,1/110,0,34,42,8,26,50,16,18,52,24,10|7/10,-1,2,1,3,21,0,1,2,7,76,1/110,0,34,42,8,26,50,16,18,52,24,10|7/10,1,6,-1,7,49,0,1,5,7,78,1/110,0,32,46,14,18,50,28,4,36,42,10|9/10,-1,8,1,9,81,0,1,8,9,98,1/110,0,12,24,36,48,50,38,26,14,2,10|9/10,1,0,-1,1,9,0,1,1,9,100,1/110,1,10,20,30,40,50,50,40,30,20,10
14	0	2	10/121	10/121;111/121	10/121:10;111/121:10	10/121,1,10,-1,11,10,10,1,1,0,1,1/1452,1,1,2,3,4,5,6,5,4,3,2,1|111/121,-1,10,1,11,111,10,1,10,1,11,1/1452,1,1,2,3,4,5,6,5,4,3,2,1
14	1	2	9/121	56/121;65/121	56/121:10;65/121:10	56/121,-1,10,1,11,56,9,1,5,1,11,13/2904,0,11,2,9,4,7,6,5,8,3,10,1|65/121,1,10,-1,11,65,9,1,6,1,13,13/2904,0,11,2,9,4,7,6,5,8,3,10,1
14	2	4	4/55	17/55;38/55	17/55:9;38/55:9	17/55,-1,9,1,10,34,8,1,3,1,11,7/1980,0,11,14,3,8,17,6,5,16,9,2,13|38/55,1,9,-1,10,76,8,1,7,2,25,7/1980,0,11,14,3,8,17,6,5,16,9,2,13
14	3	4	7/99	23/99;76/99	23/99:8;76/99:8	23/99,-1,8,1,9,23,7,1,2,1,11,5/1584,0,11,22,15,4,7,18,19,8,3,14,23|76/99,1,8,-1,9,76,7,1,7,3,37,5/1584,0,11,22,15,4,7,18,19,8,3,14,23
14	4	8	6/77	32/77;45/77	32/77:6;45/77:6	32/77,1,6,-1,7,32,6,1,3,2,25,1/924,1,25,10,15,20,5,30,5,20,15,10,25|45/77,-1,6,1,7,45,6,1,4,3,35,1/924,1,25,10,15,20,5,30,5,20,15,10,25
14	5	2	5/77	12/77;65/77	12/77:6;65/77:6	12/77,-1,6,1,7,12,5,1,1,1,11,17/5544,0,11,22,33,28,17,6,5,16,27,34,23|65/77,1,6,-1,7,65,5,1,6,5,61,17/5544,0,11,22,33,28,17,6,5,16,27,34,23
14	6	6	4/55	23/55;32/55	23/55:4;32/55:4	23/55,-1,4,1,5,23,4,1,2,3,35,1/660,1,35,14,21,28,7,42,7,28,21,14,35|32/55,1,4,-1,5,32,4,1,3,4,49,1/660,1,35,14,21,28,7,42,7,28,21,14,35
14	7	4	3/55	21/55;34/55	21/55:4;34/55:4	21/55,1,4,-1,5,21,3,1,2,3,37,19/5280,0,37,22,15,44,7,30,29,8,45,14,23|34/55,-1,4,1,5,34,3,1,3,5,59,19/5280,0,37,22,15,44,7,30,29,8,45,14,23
14	8	6	1/22	5/22;17/22	5/22:3;17/22:3	5/22,1,3,-1,4,10,2,1,1,2,25,5/1188,0,25,50,33,8,17,42,41,16,9,34,49|17/22,-1,3,1,4,34,2,1,3,7,83,5/1188,0,25,50,33,8,17,42,41,16,9,34,49
14	9	4	1/33	10/33;23/33	10/33:2;23/33:2	10/33,1,2,-1,3,10,1,1,1,3,37,7/1320,0,37,46,9,28,55,18,19,56,27,10,47|23/33,-1,2,1,3,23,1,1,2,7,83,7/1320,0,37,46,9,28,55,18,19,56,27,10,47
14	10	10	0/1	1/11;2/11;3/11;4/11;5/11;6/11;7/11;8/11;9/11;10/11	1/11:0,9;2/11:4,5;3/11:3,6;4/11:2,7;5/11:1,8;6/11:1,8;7/11:2,7;8/11:3,6;9/11:4,5;10/11:0,9	1/11,-1,0,1,1,1,0,1,0,1,11,1/132,1,11,22,33,44,55,66,55,44,33,22,11|1/11,1,9,-1,10,10,0,1,1,1,13,1/132,0,13,26,39,52,65,54,41,28,15,2,11|2/11,-1,5,1,6,12,0,1,1,2,23,1/132,0,23,46,63,40,17,6,29,52,57,34,11|2/11,1,4,-1,5,10,0,1,1,2,25,1/132,0,25,50,57,32,7,18,43,64,39,14,11|3/11,-1,3,1,4,12,0,1,1,3,35,1/132,0,35,62,27,8,43,54,19,16,51,46,11|3/11,1,6,-1,7,21,0,1,2,3,37,1/132,0,37,58,21,16,53,42,5,32,63,26,11|4/11,-1,2,1,3,12,0,1,1,4,47,1/132,0,47,38,9,56,29,18,65,20,27,58,11|4/11,1,7,-1,8,32,0,1,3,4,49,1/132,0,49,34,15,64,19,30,53,4,45,38,11|5/11,-1,8,1,9,45,0,1,4,5,59,1/132,0,59,14,45,28,31,42,17,56,3,62,11|5/11,1,1,-1,2,10,0,1,1,5,61,1/132,0,61,10,51,20,41,30,31,40,21,50,11|6/11,-1,1,1,2,12,0,1,1,6,71,1/132,0,61,10,51,20,41,30,31,40,21,50,11|6/11,1,8,-1,9,54,0,1,5,6,73,1/132,0,59,14,45,28,31,42,17,56,3,62,11|7/11,-1,7,1,8,56,0,1,5,7,83,1/132,0,49,34,15,64,19,30,53,4,45,38,11|7/11,1,2,-1,3,21,0,1,2,7,85,1/132,0,47,38,9,56,29,18,65,20,27,58,11|8/11,-1,6,1,7,56,0,1,5,8,95,1/132,0,37,58,21,16,53,42,5,32,63,26,11|8/11,1,3,-1,4,32,0,1,3,8,97,1/132,0,35,62,27,8,43,54,19,16,51,46,11|9/11,-1,4,1,5,45,0,1,4,9,107,1/132,0,25,50,57,32,7,18,43,64,39,14,11|9/11,1,5,-1,6,54,0,1,5,9,109,1/132,0,23,46,63,40,17,6,29,52,57,34,11|10/11,-1,9,1,10,100,0,1,9,10,119,1/132,0,13,26,39,52,65,54,41,28,15,2,11|10/11,1,0,-1,1,10,0,1,1,10,121,1/132,1,11,22,33,44,55,66,55,44,33,22,11
15	0	2	11/144	11/144;133/144	11/144:11;133/144:11	11/144,1,11,-1,12,11,11,1,1,0,1,1/1872,1,1,2,3,4,5,6,6,5,4,3,2,1|133/144,-1,11,1,12,133,11,1,11,1,12,1/1872,1,1,2,3,4,5,6,6,5,4,3,2,1
15	1	2	5/66	61/132;71/132	61/132:10;71/132:10	61/132,-1,10,1,11,61,10,1,5,1,12,1/1716,1,12,2,10,4,8,6,6,8,4,10,2,12|71/132,1,10,-1,11,71,10,1,6,1,14,1/1716,1,12,2,10,4,8,6,6,8,4,10,2,12
15	2	4	3/40	37/120;83/120	37/120:9;83/120:9	37/120,-1,9,1,10,37,9,1,3,1,12,1/1560,1,12,15,3,9,18,6,6,18,9,3,15,12|83/120,1,9,-1,10,83,9,1,7,2,27,1/1560,1,12,15,3,9,18,6,6,18,9,3,15,12
15	3	4	2/27	25/108;83/108	25/108:8;83/108:8	25/108,-1,8,1,9,25,8,1,2,1,12,1/1404,1,12,24,16,4,8,20,20,8,4,16,24,12|83/108,1,8,-1,9,83,8,1,7,3,40,1/1404,1,12,24,16,4,8,20,20,8,4,16,24,12
15	4	8	7/96	37/96;59/96	37/96:7;59/96:7	37/96,-1,7,1,8,37,7,1,3,2,25,1/1248,1,25,15,10,30,5,20,20,5,30,10,15,25|59/96,1,7,-1,8,59,7,1,5,3,40,1/1248,1,25,15,10,30,5,20,20,5,30,10,15,25
15	5	4	1/14	13/84;71/84	13/84:6;71/84:6	13/84,-1,6,1,7,13,6,1,1,1,12,1/1092,1,12,24,36,30,18,6,6,18,30,36,24,12|71/84,1,6,-1,7,71,6,1,6,5,66,1/1092,1,12,24,36,30,18,6,6,18,30,36,24,12
15	6	6	5/72	11/72;61/72	11/72:5;61/72:5	11/72,1,5,-1,6,11,5,1,1,1,14,1/936,1,14,28,42,35,21,7,7,21,35,42,28,14|61/72,-1,5,1,6,61,5,1,5,6,77,1/936,1,14,28,42,35,21,7,7,21,35,42,28,14
15	7	4	1/15	23/60;37/60	23/60:4;37/60:4	23/60,1,4,-1,5,23,4,1,2,3,40,1/780,1,40,24,16,48,8,32,32,8,48,16,24,40|37/60,-1,4,1,5,37,4,1,3,5,64,1/780,1,40,24,16,48,8,32,32,8,48,16,24,40
15	8	6	1/16	11/48;37/48	11/48:3;37/48:3	11/48,1,3,-1,4,11,3,1,1,2,27,1/624,1,27,54,36,9,18,45,45,18,9,36,54,27|37/48,-1,3,1,4,37,3,1,3,7,90,1/624,1,27,54,36,9,18,45,45,18,9,36,54,27
15	9	4	1/18	11/36;25/36	11/36:2;25/36:2	11/36,1,2,-1,3,11,2,1,1,3,40,1/468,1,40,50,10,30,60,20,20,60,30,10,50,40|25/36,-1,2,1,3,25,2,1,2,7,90,1/468,1,40,50,10,30,60,20,20,60,30,10,50,40
15	10	10	1/24	11/24;13/24	11/24:1;13/24:1	11/24,1,1,-1,2,11,1,1,1,5,66,1/312,1,66,11,55,22,44,33,33,44,22,55,11,66|13/24,-1,1,1,2,13,1,1,1,6,77,1/312,1,66,11,55,22,44,33,33,44,22,55,11,66
15	11	4	0/1	1/12;5/12;7/12;11/12	1/12:0,10;5/12:4,6;7/12:4,6;11/12:0,10	1/12,-1,0,1,1,1,0,1,0,1,12,1/156,1,12,24,36,48,60,72,72,60,48,36,24,12|1/12,1,10,-1,11,11,0,1,1,1,14,1/156,0,14,28,42,56,70,72,58,44,30,16,2,12|5/12,-1,4,1,5,25,0,1,2,5,64,1/156,0,64,28,36,56,8,72,20,44,48,16,76,12|5/12,1,6,-1,7,35,0,1,3,5,66,1/156,0,66,24,42,48,18,72,6,60,30,36,54,12|7/12,-1,6,1,7,49,0,1,4,7,90,1/156,0,66,24,42,48,18,72,6,60,30,36,54,12|7/12,1,4,-1,5,35,0,1,3,7,92,1/156,0,64,28,36,56,8,72,20,44,48,16,76,12|11/12,-1,10,1,11,121,0,1,10,11,142,1/156,0,14,28,42,56,70,72,58,44,30,16,2,12|11/12,1,0,-1,1,11,0,1,1,11,144,1/156,1,12,24,36,48,60,72,72,60,48,36,24,12
16	0	2	12/169	12/169;157/169	12/169:12;157/169:12	12/169,1,12,-1,13,12,12,1,1,0,1,1/2366,1,1,2,3,4,5,6,7,6,5,4,3,2,1|157/169,-1,12,1,13,157,12,1,12,1,13,1/2366,1,1,2,3,4,5,6,7,6,5,4,3,2,1
16	1	2	11/169	79/169;90/169	79/169:12;90/169:12	79/169,-1,12,1,13,79,11,1,6,1,13,15/4732,0,13,2,11,4,9,6,7,8,5,10,3,12,1|90/169,1,12,-1,13,90,11,1,7,1,15,15/4732,0,13,2,11,4,9,6,7,8,5,10,3,12,1
16	2	4	10/143	51/143;92/143	51/143:10;92/143:10	51/143,1,10,-1,11,51,10,1,4,1,15,1/2002,1,15,12,3,18,9,6,21,6,9,18,3,12,15|92/143,-1,10,1,11,92,10,1,7,2,27,1/2002,1,15,12,3,18,9,6,21,6,9,18,3,12,15
16	3	4	9/143	38/143;105/143	38/143:10;105/143:10	38/143,1,10,-1,11,38,9,1,3,1,15,17/8008,0,15,26,11,4,19,22,7,8,23,18,3,12,27|105/143,-1,10,1,11,105,9,1,8,3,41,17/8008,0,15,26,11,4,19,22,7,8,23,18,3,12,27
16	4	8	8/117	25/117;92/117	25/117:8;92/117:8	25/117,1,8,-1,9,25,8,1,2,1,15,1/1638,1,15,30,25,10,5,20,35,20,5,10,25,30,15|92/117,-1,8,1,9,92,8,1,7,4,55,1/1638,1,15,30,25,10,5,20,35,20,5,10,25,30,15
16	5	4	7/143	25/143;118/143	25/143:10;118/143:10	25/143,1,10,-1,11,25,7,1,2,1,15,15/4004,0,15,30,39,24,9,6,21,36,33,18,3,12,27|118/143,-1,10,1,11,118,7,1,9,5,69,15/4004,0,15,30,39,24,9,6,21,36,33,18,3,12,27
16	6	6	3/52	7/52;45/52	7/52:7;45/52:7	7/52,-1,7,1,8,14,6,1,1,1,13,5/2548,0,13,26,39,46,33,20,7,6,19,32,45,40,27|45/52,1,7,-1,8,90,6,1,7,6,85,5/2548,0,13,26,39,46,33,20,7,6,19,32,45,40,27
16	7	4	5/91	12/91;79/91	12/91:6;79/91:6	12/91,1,6,-1,7,12,5,1,1,1,15,3/1456,0,15,30,45,52,37,22,7,8,23,38,53,44,29|79/91,-1,6,1,7,79,5,1,6,7,97,3/1456,0,15,30,45,52,37,22,7,8,23,38,53,44,29
16	8	6	4/65	14/65;51/65	14/65:4;51/65:4	14/65,-1,4,1,5,14,4,1,1,2,27,1/910,1,27,54,45,18,9,36,63,36,9,18,45,54,27|51/65,1,4,-1,5,51,4,1,4,7,99,1/910,1,27,54,45,18,9,36,63,36,9,18,45,54,27
16	9	4	3/91	27/91;64/91	27/91:6;64/91:6	27/91,-1,6,1,7,27,3,1,2,3,41,1/260,0,41,58,17,24,65,34,7,48,51,10,31,68,27|64/91,1,6,-1,7,64,3,1,5,7,99,1/260,0,41,58,17,24,65,34,7,48,51,10,31,68,27
16	10	10	2/39	14/39;25/39	14/39:2;25/39:2	14/39,-1,2,1,3,14,2,1,1,4,55,1/546,1,55,44,11,66,33,22,77,22,33,66,11,44,55|25/39,1,2,-1,3,25,2,1,2,7,99,1/546,1,55,44,11,66,33,22,77,22,33,66,11,44,55
16	11	4	1/65	27/65;38/65	27/65:4;38/65:4	27/65,-1,4,1,5,27,1,1,2,5,69,17/3640,0,69,30,39,60,9,78,21,48,51,18,81,12,57|38/65,1,4,-1,5,38,1,1,3,7,99,17/3640,0,69,30,39,60,9,78,21,48,51,18,81,12,57
16	12	12	0/1	1/13;2/13;3/13;4/13;5/13;6/13;7/13;8/13;9/13;10/13;11/13;12/13	1/13:0,11;2/13:5,6;3/13:3,8;4/13:2,9;5/13:4,7;6/13:1,10;7/13:1,10;8/13:4,7;9/13:2,9;10/13:3,8;11/13:5,6;12/13:0,11	1/13,-1,0,1,1,1,0,1,0,1,13,1/182,1,13,26,39,52,65,78,91,78,65,52,39,26,13|1/13,1,11,-1,12,12,0,1,1,1,15,1/182,0,15,30,45,60,75,90,77,62,47,32,17,2,13|2/13,-1,6,1,7,14,0,1,1,2,27,1/182,0,27,54,81,74,47,20,7,34,61,88,67,40,13|2/13,1,5,-1,6,12,0,1,1,2,29,1/182,0,29,58,87,66,37,8,21,50,79,74,45,16,13|3/13,-1,8,1,9,27,0,1,2,3,41,1/182,0,41,82,59,18,23,64,77,36,5,46,87,54,13|3/13,1,3,-1,4,12,0,1,1,3,43,1/182,0,43,86,53,10,33,76,63,20,23,66,73,30,13|4/13,-1,9,1,10,40,0,1,3,4,55,1/182,0,55,72,17,38,89,34,21,76,51,4,59,68,13|4/13,1,2,-1,3,12,0,1,1,4,57,1/182,0,57,68,11,46,79,22,35,90,33,24,81,44,13|5/13,-1,7,1,8,40,0,1,3,5,69,1/182,0,69,44,25,88,19,50,63,6,75,38,31,82,13|5/13,1,4,-1,5,25,0,1,2,5,71,1/182,0,71,40,31,80,9,62,49,22,89,18,53,58,13|6/13,-1,10,1,11,66,0,1,5,6,83,1/182,0,83,16,67,32,51,48,35,64,19,80,3,86,13|6/13,1,1,-1,2,12,0,1,1,6,85,1/182,0,85,12,73,24,61,36,49,48,37,60,25,72,13|7/13,-1,1,1,2,14,0,1,1,7,97,1/182,0,85,12,73,24,61,36,49,48,37,60,25,72,13|7/13,1,10,-1,11,77,0,1,6,7,99,1/182,0,83,16,67,32,51,48,35,64,19,80,3,86,13|8/13,-1,4,1,5,40,0,1,3,8,111,1/182,0,71,40,31,80,9,62,49,22,89,18,53,58,13|8/13,1,7,-1,8,64,0,1,5,8,113,1/182,0,69,44,25,88,19,50,63,6,75,38,31,82,13|9/13,-1,2,1,3,27,0,1,2,9,125,1/182,0,57,68,11,46,79,22,35,90,33,24,81,44,13|9/13,1,9,-1,10,90,0,1,7,9,127,1/182,0,55,72,17,38,89,34,21,76,51,4,59,68,13|10/13,-1,3,1,4,40,0,1,3,10,139,1/182,0,43,86,53,10,33,76,63,20,23,66,73,30,13|10/13,1,8,-1,9,90,0,1,7,10,141,1/182,0,41,82,59,18,23,64,77,36,5,46,87,54,13|11/13,-1,5,1,6,66,0,1,5,11,153,1/182,0,29,58,87,66,37,8,21,50,79,74,45,16,13|11/13,1,6,-1,7,77,0,1,6,11,155,1/182,0,27,54,81,74,47,20,7,34,61,88,67,40,13|12/13,-1,11,1,12,144,0,1,11,12,167,1/182,0,15,30,45,60,75,90,77,62,47,32,17,2,13|12/13,1,0,-1,1,12,0,1,1,12,169,1/182,1,13,26,39,52,65,78,91,78,65,52,39,26,13
17	0	2	13/196	13/196;183/196	13/196:13;183/196:13	13/196,1,13,-1,14,13,13,1,1,0,1,1/2940,1,1,2,3,4,5,6,7,7,6,5,4,3,2,1|183/196,-1,13,1,14,183,13,1,13,1,14,1/2940,1,1,2,3,4,5,6,7,7,6,5,4,3,2,1
17	1	2	6/91	85/182;97/182	85/182:12;97/182:12	85/182,-1,12,1,13,85,12,1,6,1,14,1/2730,1,14,2,12,4,10,6,8,8,6,10,4,12,2,14|97/182,1,12,-1,13,97,12,1,7,1,16,1/2730,1,14,2,12,4,10,6,8,8,6,10,4,12,2,14
17	2	4	11/182	57/182;125/182	57/182:12;125/182:12	57/182,-1,12,1,13,57,11,1,4,1,14,17/8190,0,14,17,3,11,20,6,8,22,9,5,19,12,2,16|125/182,1,12,-1,13,125,11,1,9,2,31,17/8190,0,14,17,3,11,20,6,8,22,9,5,19,12,2,16
17	3	4	5/77	41/154;113/154	41/154:10;113/154:10	41/154,1,10,-1,11,41,10,1,3,1,16,1/2310,1,16,28,12,4,20,24,8,8,24,20,4,12,28,16|113/154,-1,10,1,11,113,10,1,8,3,44,1/2310,1,16,28,12,4,20,24,8,8,24,20,4,12,28,16
17	4	8	9/154	29/154;125/154	29/154:10;125/154:10	29/154,-1,10,1,11,29,9,1,2,1,14,19/11550,0,14,28,33,19,5,9,23,37,24,10,4,18,32,29|125/154,1,10,-1,11,125,9,1,9,4,61,19/11550,0,14,28,33,19,5,9,23,37,24,10,4,18,32,29
17	5	4	4/77	27/154;127/154	27/154:10;127/154:10	27/154,1,10,-1,11,27,8,1,2,1,16,17/6930,0,16,32,42,26,10,6,22,38,36,20,4,12,28,44|127/154,-1,10,1,11,127,8,1,9,5,74,17/6930,0,16,32,42,26,10,6,22,38,36,20,4,12,28,44
17	6	12	1/16	15/112;97/112	15/112:7;97/112:7	15/112,-1,7,1,8,15,7,1,1,1,14,1/1680,1,14,28,42,49,35,21,7,7,21,35,49,42,28,14|97/112,1,7,-1,8,97,7,1,7,6,91,1/1680,1,14,28,42,49,35,21,7,7,21,35,49,42,28,14
17	7	4	3/49	13/98;85/98	13/98:6;85/98:6	13/98,1,6,-1,7,13,6,1,1,1,16,1/1470,1,16,32,48,56,40,24,8,8,24,40,56,48,32,16|85/98,-1,6,1,7,85,6,1,6,7,104,1/1470,1,16,32,48,56,40,24,8,8,24,40,56,48,32,16
17	8	6	5/98	43/98;55/98	43/98:6;55/98:6	43/98,-1,6,1,7,43,5,1,3,4,59,23/13230,0,59,17,42,34,25,51,8,67,9,50,26,33,43,16|55/98,1,6,-1,7,55,5,1,4,5,76,23/13230,0,59,17,42,34,25,51,8,67,9,50,26,33,43,16
17	9	4	2/49	29/98;69/98	29/98:6;69/98:6	29/98,-1,6,1,7,29,4,1,2,3,44,19/7350,0,44,62,18,26,70,36,8,52,54,10,34,72,28,16|69/98,1,6,-1,7,69,4,1,5,7,106,19/7350,0,44,62,18,26,70,36,8,52,54,10,34,72,28,16
17	10	10	3/56	15/56;41/56	15/56:3;41/56:3	15/56,-1,3,1,4,15,3,1,1,3,44,1/840,1,44,77,33,11,55,66,22,22,66,55,11,33,77,44|41/56,1,3,-1,4,41,3,1,3,8,121,1/840,1,44,77,33,11,55,66,22,22,66,55,11,33,77,44
17	11	4	1/35	29/70;41/70	29/70:4;41/70:4	29/70,-1,4,1,5,29,2,1,2,5,74,1/315,0,74,32,42,64,10,84,22,52,54,20,86,12,62,44|41/70,1,4,-1,5,41,2,1,3,7,106,1/315,0,74,32,42,64,10,84,22,52,54,20,86,12,62,44
17	12	12	1/28	13/28;15/28	13/28:1;15/28:1	13/28,1,1,-1,2,13,1,1,1,6,91,1/420,1,91,13,78,26,65,39,52,52,39,65,26,78,13,91|15/28,-1,1,1,2,15,1,1,1,7,104,1/420,1,91,13,78,26,65,39,52,52,39,65,26,78,13,91
17	13	6	0/1	1/14;3/14;5/14;9/14;11/14;13/14	1/14:0,12;3/14:4,8;5/14:2,10;9/14:2,10;11/14:4,8;13/14:0,12	1/14,-1,0,1,1,1,0,1,0,1,14,1/210,1,14,28,42,56,70,84,98,98,84,70,56,42,28,14|1/14,1,12,-1,13,13,0,1,1,1,16,1/210,0,16,32,48,64,80,96,98,82,66,50,34,18,2,14|3/14,-1,4,1,5,15,0,1,1,3,44,1/210,0,44,88,78,34,10,54,98,68,24,20,64,102,58,14|3/14,1,8,-1,9,27,0,1,2,3,46,1/210,0,46,92,72,26,20,66,98,52,6,40,86,78,32,14|5/14,-1,2,1,3,15,0,1,1,5,74,1/210,0,74,62,12,86,50,24,98,38,36,100,26,48,88,14|5/14,1,10,-1,11,55,0,1,4,5,76,1/210,0,76,58,18,94,40,36,98,22,54,80,4,72,62,14|9/14,-1,10,1,11,99,0,1,7,9,134,1/210,0,76,58,18,94,40,36,98,22,54,80,4,72,62,14|9/14,1,2,-1,3,27,0,1,2,9,136,1/210,0,74,62,12,86,50,24,98,38,36,100,26,48,88,14|11/14,-1,8,1,9,99,0,1,7,11,164,1/210,0,46,92,72,26,20,66,98,52,6,40,86,78,32,14|11/14,1,4,-1,5,55,0,1,4,11,166,1/210,0,44,88,78,34,10,54,98,68,24,20,64,102,58,14|13/14,-1,12,1,13,169,0,1,12,13,194,1/210,0,16,32,48,64,80,96,98,82,66,50,34,18,2,14|13/14,1,0,-1,1,13,0,1,1,13,196,1/210,1,14,28,42,56,70,84,98,98,84,70,56,42,28,14
18	0	2	14/225	14/225;211/225	14/225:14;211/225:14	14/225,1,14,-1,15,14,14,1,1,0,1,1/3600,1,1,2,3,4,5,6,7,8,7,6,5,4,3,2,1|211/225,-1,14,1,15,211,14,1,14,1,15,1/3600,1,1,2,3,4,5,6,7,8,7,6,5,4,3,2,1
18	1	2	13/225	106/225;119/225	106/225:14;119/225:14	106/225,-1,14,1,15,106,13,1,7,1,15,17/7200,0,15,2,13,4,11,6,9,8,7,10,5,12,3,14,1|119/225,1,14,-1,15,119,13,1,8,1,17,17/7200,0,15,2,13,4,11,6,9,8,7,10,5,12,3,14,1
18	2	4	4/65	61/195;134/195	61/195:12;134/195:12	61/195,-1,12,1,13,61,12,1,4,1,15,1/3120,1,15,18,3,12,21,6,9,24,9,6,21,12,3,18,15|134/195,1,12,-1,13,134,12,1,9,2,33,1/3120,1,15,18,3,12,21,6,9,24,9,6,21,12,3,18,15
18	3	4	11/195	46/195;149/195	46/195:12;149/195:12	46/195,-1,12,1,13,46,11,1,3,1,15,19/12480,0,15,30,19,4,11,26,23,8,7,22,27,12,3,18,31|149/195,1,12,-1,13,149,11,1,10,3,49,19/12480,0,15,30,19,4,11,26,23,8,7,22,27,12,3,18,31
18	4	8	2/33	31/165;134/165	31/165:10;134/165:10	31/165,-1,10,1,11,31,10,1,2,1,15,1/2640,1,15,30,35,20,5,10,25,40,25,10,5,20,35,30,15|134/165,1,10,-1,11,134,10,1,9,4,65,1/2640,1,15,30,35,20,5,10,25,40,25,10,5,20,35,30,15
18	5	4	3/55	29/165;136/165	29/165:10;136/165:10	29/165,1,10,-1,11,29,9,1,2,1,17,7/5280,0,17,34,45,28,11,6,23,40,39,22,5,12,29,46,33|136/165,-1,10,1,11,136,9,1,9,5,79,7/5280,0,17,34,45,28,11,6,23,40,39,22,5,12,29,46,33
18	6	12	8/135	59/135;76/135	59/135:8;76/135:8	59/135,1,8,-1,9,59,8,1,4,3,49,1/2160,1,49,14,35,28,21,42,7,56,7,42,21,28,35,14,49|76/135,-1,8,1,9,76,8,1,5,4,63,1/2160,1,49,14,35,28,21,42,7,56,7,42,21,28,35,14,49
18	7	4	7/135	16/135;119/135	16/135:8;119/135:8	16/135,-1,8,1,9,16,7,1,1,1,15,23/17280,0,15,30,45,60,53,38,23,8,7,22,37,52,61,46,31|119/135,1,8,-1,9,119,7,1,8,7,113,23/17280,0,15,30,45,60,53,38,23,8,7,22,37,52,61,46,31
18	8	6	2/35	46/105;59/105	46/105:6;59/105:6	46/105,-1,6,1,7,46,6,1,3,4,63,1/1680,1,63,18,45,36,27,54,9,72,9,54,27,36,45,18,63|59/105,1,6,-1,7,59,6,1,4,5,81,1/1680,1,63,18,45,36,27,54,9,72,9,54,27,36,45,18,63
18	9	4	1/21	31/105;74/105	31/105:6;74/105:6	31/105,-1,6,1,7,31,5,1,2,3,47,1/672,0,47,66,19,28,75,38,9,56,57,10,37,76,29,18,65|74/105,1,6,-1,7,74,5,1,5,7,113,1/672,0,47,66,19,28,75,38,9,56,57,10,37,76,29,18,65
18	10	10	4/75	14/75;61/75	14/75:4;61/75:4	14/75,1,4,-1,5,14,4,1,1,2,33,1/1200,1,33,66,77,44,11,22,55,88,55,22,11,44,77,66,33|61/75,-1,4,1,5,61,4,1,4,9,143,1/1200,1,33,66,77,44,11,22,55,88,55,22,11,44,77,66,33
18	11	4	1/25	31/75;44/75	31/75:4;44/75:4	31/75,-1,4,1,5,31,3,1,2,5,79,3/1600,0,79,34,45,68,11,90,23,56,57,22,91,12,67,46,33|44/75,1,4,-1,5,44,3,1,3,7,113,3/1600,0,79,34,45,68,11,90,23,56,57,22,91,12,67,46,33
18	12	12	2/45	14/45;31/45	14/45:2;31/45:2	14/45,1,2,-1,3,14,2,1,1,4,65,1/720,1,65,78,13,52,91,26,39,104,39,26,91,52,13,78,65|31/45,-1,2,1,3,31,2,1,2,9,143,1/720,1,65,78,13,52,91,26,39,104,39,26,91,52,13,78,65
18	13	6	1/45	16/45;29/45	16/45:2;29/45:2	16/45,-1,2,1,3,16,1,1,1,5,79,29/10080,0,79,66,13,92,53,26,105,40,39,106,27,52,93,14,65|29/45,1,2,-1,3,29,1,1,2,9,145,29/10080,0,79,66,13,92,53,26,105,40,39,106,27,52,93,14,65
18	14	8	0/1	1/15;2/15;4/15;7/15;8/15;11/15;13/15;14/15	1/15:0,13;2/15:6,7;4/15:3,10;7/15:1,12;8/15:1,12;11/15:3,10;13/15:6,7;14/15:0,13	1/15,-1,0,1,1,1,0,1,0,1,15,1/240,1,15,30,45,60,75,90,105,120,105,90,75,60,45,30,15|1/15,1,13,-1,14,14,0,1,1,1,17,1/240,0,17,34,51,68,85,102,119,104,87,70,53,36,19,2,15|2/15,-1,7,1,8,16,0,1,1,2,31,1/240,0,31,62,93,116,85,54,23,8,39,70,101,108,77,46,15|2/15,1,6,-1,7,14,0,1,1,2,33,1/240,0,33,66,99,108,75,42,9,24,57,90,117,84,51,18,15|4/15,-1,3,1,4,16,0,1,1,4,63,1/240,0,63,114,51,12,75,102,39,24,87,90,27,36,99,78,15|4/15,1,10,-1,11,44,0,1,3,4,65,1/240,0,65,110,45,20,85,90,25,40,105,70,5,60,115,50,15|7/15,-1,12,1,13,91,0,1,6,7,111,1/240,0,111,18,93,36,75,54,57,72,39,90,21,108,3,114,15|7/15,1,1,-1,2,14,0,1,1,7,113,1/240,0,113,14,99,28,85,42,71,56,57,70,43,84,29,98,15|8/15,-1,1,1,2,16,0,1,1,8,127,1/240,0,113,14,99,28,85,42,71,56,57,70,43,84,29,98,15|8/15,1,12,-1,13,104,0,1,7,8,129,1/240,0,111,18,93,36,75,54,57,72,39,90,21,108,3,114,15|11/15,-1,10,1,11,121,0,1,8,11,175,1/240,0,65,110,45,20,85,90,25,40,105,70,5,60,115,50,15|11/15,1,3,-1,4,44,0,1,3,11,177,1/240,0,63,114,51,12,75,102,39,24,87,90,27,36,99,78,15|13/15,-1,6,1,7,91,0,1,6,13,207,1/240,0,33,66,99,108,75,42,9,24,57,90,117,84,51,18,15|13/15,1,7,-1,8,104,0,1,7,13,209,1/240,0,31,62,93,116,85,54,23,8,39,70,101,108,77,46,15|14/15,-1,13,1,14,196,0,1,13,14,223,1/240,0,17,34,51,68,85,102,119,104,87,70,53,36,19,2,15|14/15,1,0,-1,1,14,0,1,1,14,225,1/240,1,15,30,45,60,75,90,105,120,105,90,75,60,45,30,15
19	0	2	15/256	15/256;241/256	15/256:15;241/256:15	15/256,1,15,-1,16,15,15,1,1,0,1,1/4352,1,1,2,3,4,5,6,7,8,8,7,6,5,4,3,2,1|241/256,-1,15,1,16,241,15,1,15,1,16,1/4352,1,1,2,3,4,5,6,7,8,8,7,6,5,4,3,2,1
19	1	2	7/120	113/240;127/240	113/240:14;127/240:14	113/240,-1,14,1,15,113,14,1,7,1,16,1/4080,1,16,2,14,4,12,6,10,8,8,10,6,12,4,14,2,16|127/240,1,14,-1,15,127,14,1,8,1,18,1/4080,1,16,2,14,4,12,6,10,8,8,10,6,12,4,14,2,16
19	2	4	13/224	79/224;145/224	79/224:13;145/224:13	79/224,1,13,-1,14,79,13,1,5,1,18,1/3808,1,18,15,3,21,12,6,24,9,9,24,6,12,21,3,15,18|145/224,-1,13,1,14,145,13,1,9,2,33,1/3808,1,18,15,3,21,12,6,24,9,9,24,6,12,21,3,15,18
19	3	4	3/52	49/208;159/208	49/208:12;159/208:12	49/208,-1,12,1,13,49,12,1,3,1,16,1/3536,1,16,32,20,4,12,28,24,8,8,24,28,12,4,20,32,16|159/208,1,12,-1,13,159,12,1,10,3,52,1/3536,1,16,32,20,4,12,28,24,8,8,24,28,12,4,20,32,16
19	4	8	11/192	79/192;113/192	79/192:11;113/192:11	79/192,1,11,-1,12,79,11,1,5,2,35,1/3264,1,35,15,20,30,5,40,10,25,25,10,40,5,30,20,15,35|113/192,-1,11,1,12,113,11,1,7,3,50,1/3264,1,35,15,20,30,5,40,10,25,25,10,40,5,30,20,15,35
19	5	4	5/88	31/176;145/176	31/176:10;145/176:10	31/176,1,10,-1,11,31,10,1,2,1,18,1/2992,1,18,36,48,30,12,6,24,42,42,24,6,12,30,48,36,18|145/176,-1,10,1,11,145,10,1,9,5,84,1/2992,1,18,36,48,30,12,6,24,42,42,24,6,12,30,48,36,18
19	6	12	9/160	47/160;113/160	47/160:9;113/160:9	47/160,1,9,-1,10,47,9,1,3,2,35,1/2720,1,35,49,14,21,56,28,7,42,42,7,28,56,21,14,49,35|113/160,-1,9,1,10,113,9,1,7,5,84,1/2720,1,35,49,14,21,56,28,7,42,42,7,28,56,21,14,49,35
19	7	8	1/18	17/144;127/144	17/144:8;127/144:8	17/144,-1,8,1,9,17,8,1,1,1,16,1/2448,1,16,32,48,64,56,40,24,8,8,24,40,56,64,48,32,16|127/144,1,8,-1,9,127,8,1,8,7,120,1/2448,1,16,32,48,64,56,40,24,8,8,24,40,56,64,48,32,16
19	8	6	7/128	15/128;113/128	15/128:7;113/128:7	15/128,1,7,-1,8,15,7,1,1,1,18,1/2176,1,18,36,54,72,63,45,27,9,9,27,45,63,72,54,36,18|113/128,-1,7,1,8,113,7,1,7,8,135,1/2176,1,18,36,54,72,63,45,27,9,9,27,45,63,72,54,36,18
19	9	4	3/56	33/112;79/112	33/112:6;79/112:6	33/112,-1,6,1,7,33,6,1,2,3,50,1/1904,1,50,70,20,30,80,40,10,60,60,10,40,80,30,20,70,50|79/112,1,6,-1,7,79,6,1,5,7,120,1/1904,1,50,70,20,30,80,40,10,60,60,10,40,80,30,20,70,50
19	10	10	5/96	17/96;79/96	17/96:5;79/96:5	17/96,-1,5,1,6,17,5,1,1,2,33,1/1632,1,33,66,88,55,22,11,44,77,77,44,11,22,55,88,66,33|79/96,1,5,-1,6,79,5,1,5,9,154,1/1632,1,33,66,88,55,22,11,44,77,77,44,11,22,55,88,66,33
19	11	4	1/20	33/80;47/80	33/80:4;47/80:4	33/80,-1,4,1,5,33,4,1,2,5,84,1/1360,1,84,36,48,72,12,96,24,60,60,24,96,12,72,48,36,84|47/80,1,4,-1,5,47,4,1,3,7,120,1/1360,1,84,36,48,72,12,96,24,60,60,24,96,12,72,48,36,84
19	12	12	3/64	15/64;49/64	15/64:3;49/64:3	15/64,1,3,-1,4,15,3,1,1,3,52,1/1088,1,52,104,65,13,39,91,78,26,26,78,91,39,13,65,104,52|49/64,-1,3,1,4,49,3,1,3,10,169,1/1088,1,52,104,65,13,39,91,78,26,26,78,91,39,13,65,104,52
19	13	6	1/24	17/48;31/48	17/48:2;31/48:2	17/48,-1,2,1,3,17,2,1,1,5,84,1/816,1,84,70,14,98,56,28,112,42,42,112,28,56,98,14,70,84|31/48,1,2,-1,3,31,2,1,2,9,154,1/816,1,84,70,14,98,56,28,112,42,42,112,28,56,98,14,70,84
19	14	8	1/32	15/32;17/32	15/32:1;17/32:1	15/32,1,1,-1,2,15,1,1,1,7,120,1/544,1,120,15,105,30,90,45,75,60,60,75,45,90,30,105,15,120|17/32,-1,1,1,2,17,1,1,1,8,135,1/544,1,120,15,105,30,90,45,75,60,60,75,45,90,30,105,15,120
19	15	8	0/1	1/16;3/16;5/16;7/16;9/16;11/16;13/16;15/16	1/16:0,14;3/16:4,10;5/16:2,12;7/16:6,8;9/16:6,8;11/16:2,12;13/16:4,10;15/16:0,14	1/16,-1,0,1,1,1,0,1,0,1,16,1/272,1,16,32,48,64,80,96,112,128,128,112,96,80,64,48,32,16|1/16,1,14,-1,15,15,0,1,1,1,18,1/272,0,18,36,54,72,90,108,126,128,110,92,74,56,38,20,2,16|3/16,-1,10,1,11,33,0,1,2,3,50,1/272,0,50,100,122,72,22,28,78,128,94,44,6,56,106,116,66,16|3/16,1,4,-1,5,15,0,1,1,3,52,1/272,0,52,104,116,64,12,40,92,128,76,24,28,80,132,88,36,16|5/16,-1,12,1,13,65,0,1,4,5,84,1/272,0,84,104,20,64,124,40,44,128,60,24,108,80,4,88,100,16|5/16,1,2,-1,3,15,0,1,1,5,86,1/272,0,86,100,14,72,114,28,58,128,42,44,130,56,30,116,70,16|7/16,-1,6,1,7,49,0,1,3,7,118,1/272,0,118,36,82,72,46,108,10,128,26,92,62,56,98,20,134,16|7/16,1,8,-1,9,63,0,1,4,7,120,1/272,0,120,32,88,64,56,96,24,128,8,112,40,80,72,48,104,16|9/16,-1,8,1,9,81,0,1,5,9,152,1/272,0,120,32,88,64,56,96,24,128,8,112,40,80,72,48,104,16|9/16,1,6,-1,7,63,0,1,4,9,154,1/272,0,118,36,82,72,46,108,10,128,26,92,62,56,98,20,134,16|11/16,-1,2,1,3,33,0,1,2,11,186,1/272,0,86,100,14,72,114,28,58,128,42,44,130,56,30,116,70,16|11/16,1,12,-1,13,143,0,1,9,11,188,1/272,0,84,104,20,64,124,40,44,128,60,24,108,80,4,88,100,16|13/16,-1,4,1,5,65,0,1,4,13,220,1/272,0,52,104,116,64,12,40,92,128,76,24,28,80,132,88,36,16|13/16,1,10,-1,11,143,0,1,9,13,222,1/272,0,50,100,122,72,22,28,78,128,94,44,6,56,106,116,66,16|15/16,-1,14,1,15,225,0,1,14,15,254,1/272,0,18,36,54,72,90,108,126,128,110,92,74,56,38,20,2,16|15/16,1,0,-1,1,15,0,1,1,15,256,1/272,1,16,32,48,64,80,96,112,128,128,112,96,80,64,48,32,16
20	0	2	16/289	16/289;273/289	16/289:16;273/289:16	16/289,1,16,-1,17,16,16,1,1,0,1,1/5202,1,1,2,3,4,5,6,7,8,9,8,7,6,5,4,3,2,1|273/289,-1,16,1,17,273,16,1,16,1,17,1/5202,1,1,2,3,4,5,6,7,8,9,8,7,6,5,4,3,2,1
20	1	2	15/289	137/289;152/289	137/289:16;152/289:16	137/289,-1,16,1,17,137,15,1,8,1,17,19/10404,0,17,2,15,4,13,6,11,8,9,10,7,12,5,14,3,16,1|152/289,1,16,-1,17,152,15,1,9,1,19,19/10404,0,17,2,15,4,13,6,11,8,9,10,7,12,5,14,3,16,1
20	2	4	7/136	43/136;93/136	43/136:15;93/136:15	43/136,-1,15,1,16,86,14,1,5,1,17,5/3672,0,17,20,3,14,23,6,11,26,9,8,25,12,5,22,15,2,19|93/136,1,15,-1,16,186,14,1,11,2,37,5/3672,0,17,20,3,14,23,6,11,26,9,8,25,12,5,22,15,2,19
20	3	4	13/255	67/255;188/255	67/255:14;188/255:14	67/255,1,14,-1,15,67,13,1,4,1,19,7/6120,0,19,34,15,4,23,30,11,8,27,26,7,12,31,22,3,16,35|188/255,-1,14,1,15,188,13,1,11,3,53,7/6120,0,19,34,15,4,23,30,11,8,27,26,7,12,31,22,3,16,35
20	4	8	12/221	86/221;135/221	86/221:12;135/221:12	86/221,-1,12,1,13,86,12,1,5,2,35,1/3978,1,35,20,15,40,5,30,25,10,45,10,25,30,5,40,15,20,35|135/221,1,12,-1,13,135,12,1,8,3,55,1/3978,1,35,20,15,40,5,30,25,10,45,10,25,30,5,40,15,20,35
20	5	4	11/221	35/221;186/221	35/221:12;186/221:12	35/221,-1,12,1,13,35,11,1,2,1,17,23/23868,0,17,34,51,40,23,6,11,28,45,46,29,12,5,22,39,52,35|186/221,1,12,-1,13,186,11,1,11,5,91,23/23868,0,17,34,51,40,23,6,11,28,45,46,29,12,5,22,39,52,35
20	6	12	10/187	52/187;135/187	52/187:10;135/187:10	52/187,-1,10,1,11,52,10,1,3,2,35,1/3366,1,35,56,21,14,49,42,7,28,63,28,7,42,49,14,21,56,35|135/187,1,10,-1,11,135,10,1,8,5,91,1/3366,1,35,56,21,14,49,42,7,28,63,28,7,42,49,14,21,56,35
20	7	8	9/187	69/187;118/187	69/187:10;118/187:10	69/187,-1,10,1,11,69,9,1,4,3,53,25/26928,0,53,38,15,68,23,30,61,8,45,46,7,60,31,22,69,16,37|118/187,1,10,-1,11,118,9,1,7,5,91,25/26928,0,53,38,15,68,23,30,61,8,45,46,7,60,31,22,69,16,37
20	8	6	4/85	9/85;76/85	9/85:9;76/85:9	9/85,-1,9,1,10,18,8,1,1,1,17,13/13770,0,17,34,51,68,77,60,43,26,9,8,25,42,59,76,69,52,35|76/85,1,9,-1,10,152,8,1,9,8,145,13/13770,0,17,34,51,68,77,60,43,26,9,8,25,42,59,76,69,52,35
20	9	4	7/153	16/153;137/153	16/153:8;137/153:8	16/153,1,8,-1,9,16,7,1,1,1,19,1/1020,0,19,38,57,76,85,66,47,28,9,10,29,48,67,86,75,56,37|137/153,-1,8,1,9,137,7,1,8,9,161,1/1020,0,19,38,57,76,85,66,47,28,9,10,29,48,67,86,75,56,37
20	10	10	6/119	33/119;86/119	33/119:6;86/119:6	33/119,1,6,-1,7,33,6,1,2,3,55,1/2142,1,55,88,33,22,77,66,11,44,99,44,11,66,77,22,33,88,55|86/119,-1,6,1,7,86,6,1,5,8,143,1/2142,1,55,88,33,22,77,66,11,44,99,44,11,66,77,22,33,88,55
20	11	4	5/119	50/119;69/119	50/119:6;69/119:6	50/119,1,6,-1,7,50,5,1,3,5,91,29/25704,0,91,34,57,68,23,102,11,80,45,46,79,12,103,22,69,56,35|69/119,-1,6,1,7,69,5,1,4,7,125,29/25704,0,91,34,57,68,23,102,11,80,45,46,79,12,103,22,69,56,35
20	12	12	4/85	33/85;52/85	33/85:4;52/85:4	33/85,1,4,-1,5,33,4,1,2,5,91,1/1530,1,91,52,39,104,13,78,65,26,117,26,65,78,13,104,39,52,91|52/85,-1,4,1,5,52,4,1,3,8,143,1/1530,1,91,52,39,104,13,78,65,26,117,26,65,78,13,104,39,52,91
20	13	6	3/85	18/85;67/85	18/85:4;67/85:4	18/85,-1,4,1,5,18,3,1,1,3,53,31/21420,0,53,106,93,40,13,66,119,80,27,26,79,120,67,14,39,92,107|67/85,1,4,-1,5,67,3,1,4,11,199,31/21420,0,53,106,93,40,13,66,119,80,27,26,79,120,67,14,39,92,107
20	14	8	1/34	9/34;25/34	9/34:3;25/34:3	9/34,-1,3,1,4,18,2,1,1,4,71,4/2295,0,71,128,57,14,85,114,43,28,99,100,29,42,113,86,15,56,127|25/34,1,3,-1,4,50,2,1,3,11,199,4/2295,0,71,128,57,14,85,114,43,28,99,100,29,42,113,86,15,56,127
20	15	8	1/51	16/51;35/51	16/51:2;35/51:2	16/51,1,2,-1,3,16,1,1,1,5,91,11/4896,0,91,106,15,76,121,30,61,136,45,46,137,60,31,122,75,16,107|35/51,-1,2,1,3,35,1,1,2,11,197,11/4896,0,91,106,15,76,121,30,61,136,45,46,137,60,31,122,75,16,107
20	16	16	0/1	1/17;2/17;3/17;4/17;5/17;6/17;7/17;8/17;9/17;10/17;11/17;12/17;13/17;14/17;15/17;16/17	1/17:0,15;2/17:7,8;3/17:5,10;4/17:3,12;5/17:6,9;6/17:2,13;7/17:4,11;8/17:1,14;9/17:1,14;10/17:4,11;11/17:2,13;12/17:6,9;13/17:3,12;14/17:5,10;15/17:7,8;16/17:0,15	1/17,-1,0,1,1,1,0,1,0,1,17,1/306,1,17,34,51,68,85,102,119,136,153,136,119,102,85,68,51,34,17|1/17,1,15,-1,16,16,0,1,1,1,19,1/306,0,19,38,57,76,95,114,133,152,135,116,97,78,59,40,21,2,17|2/17,-1,8,1,9,18,0,1,1,2,35,1/306,0,35,70,105,140,131,96,61,26,9,44,79,114,149,122,87,52,17|2/17,1,7,-1,8,16,0,1,1,2,37,1/306,0,37,74,111,148,121,84,47,10,27,64,101,138,131,94,57,20,17|3/17,-1,5,1,6,18,0,1,1,3,53,1/306,0,53,106,147,94,41,12,65,118,135,82,29,24,77,130,123,70,17|3/17,1,10,-1,11,33,0,1,2,3,55,1/306,0,55,110,141,86,31,24,79,134,117,62,7,48,103,148,93,38,17|4/17,-1,12,1,13,52,0,1,3,4,71,1/306,0,71,142,93,22,49,120,115,44,27,98,137,66,5,76,147,88,17|4/17,1,3,-1,4,16,0,1,1,4,73,1/306,0,73,146,87,14,59,132,101,28,45,118,115,42,31,104,129,56,17|5/17,-1,6,1,7,35,0,1,2,5,89,1/306,0,89,128,39,50,139,78,11,100,117,28,61,150,67,22,111,106,17|5/17,1,9,-1,10,50,0,1,3,5,91,1/306,0,91,124,33,58,149,66,25,116,99,8,83,132,41,50,141,74,17|6/17,-1,2,1,3,18,0,1,1,6,107,1/306,0,107,92,15,122,77,30,137,62,45,152,47,60,139,32,75,124,17|6/17,1,13,-1,14,84,0,1,5,6,109,1/306,0,109,88,21,130,67,42,151,46,63,134,25,84,113,4,105,92,17|7/17,-1,4,1,5,35,0,1,2,7,125,1/306,0,125,56,69,112,13,138,43,82,99,26,151,30,95,86,39,142,17|7/17,1,11,-1,12,84,0,1,5,7,127,1/306,0,127,52,75,104,23,150,29,98,81,46,133,6,121,58,69,110,17|8/17,-1,14,1,15,120,0,1,7,8,143,1/306,0,143,20,123,40,103,60,83,80,63,100,43,120,23,140,3,146,17|8/17,1,1,-1,2,16,0,1,1,8,145,1/306,0,145,16,129,32,113,48,97,64,81,80,65,96,49,112,33,128,17|9/17,-1,1,1,2,18,0,1,1,9,161,1/306,0,145,16,129,32,113,48,97,64,81,80,65,96,49,112,33,128,17|9/17,1,14,-1,15,135,0,1,8,9,163,1/306,0,143,20,123,40,103,60,83,80,63,100,43,120,23,140,3,146,17|10/17,-1,11,1,12,120,0,1,7,10,179,1/306,0,127,52,75,104,23,150,29,98,81,46,133,6,121,58,69,110,17|10/17,1,4,-1,5,50,0,1,3,10,181,1/306,0,125,56,69,112,13,138,43,82,99,26,151,30,95,86,39,142,17|11/17,-1,13,1,14,154,0,1,9,11,197,1/306,0,109,88,21,130,67,42,151,46,63,134,25,84,113,4,105,92,17|11/17,1,2,-1,3,33,0,1,2,11,199,1/306,0,107,92,15,122,77,30,137,62,45,152,47,60,139,32,75,124,17|12/17,-1,9,1,10,120,0,1,7,12,215,1/306,0,91,124,33,58,149,66,25,116,99,8,83,132,41,50,141,74,17|12/17,1,6,-1,7,84,0,1,5,12,217,1/306,0,89,128,39,50,139,78,11,100,117,28,61,150,67,22,111,106,17|13/17,-1,3,1,4,52,0,1,3,13,233,1/306,0,73,146,87,14,59,132,101,28,45,118,115,42,31,104,129,56,17|13/17,1,12,-1,13,169,0,1,10,13,235,1/306,0,71,142,93,22,49,120,115,44,27,98,137,66,5,76,147,88,17|14/17,-1,10,1,11,154,0,1,9,14,251,1/306,0,55,110,141,86,31,24,79,134,117,62,7,48,103,148,93,38,17|14/17,1,5,-1,6,84,0,1,5,14,253,1/306,0,53,106,147,94,41,12,65,118,135,82,29,24,77,130,123,70,17|15/17,-1,7,1,8,120,0,1,7,15,269,1/306,0,37,74,111,148,121,84,47,10,27,64,101,138,131,94,57,20,17|15/17,1,8,-1,9,135,0,1,8,15,271,1/306,0,35,70,105,140,131,96,61,26,9,44,79,114,149,122,87,52,17|16/17,-1,15,1,16,256,0,1,15,16,287,1/306,0,19,38,57,76,95,114,133,152,135,116,97,78,59,40,21,2,17|16/17,1,0,-1,1,16,0,1,1,16,289,1/306,1,17,34,51,68,85,102,119,136,153,136,119,102,85,68,51,34,17
21	0	2	17/324	17/324;307/324	17/324:17;307/324:17	17/324,1,17,-1,18,17,17,1,1,0,1,1/6156,1,1,2,3,4,5,6,7,8,9,9,8,7,6,5,4,3,2,1|307/324,-1,17,1,18,307,17,1,17,1,18,1/6156,1,1,2,3,4,5,6,7,8,9,9,8,7,6,5,4,3,2,1
21	1	2	8/153	145/306;161/306	145/306:16;161/306:16	145/306,-1,16,1,17,145,16,1,8,1,18,1/5814,1,18,2,16,4,14,6,12,8,10,10,8,12,6,14,4,16,2,18|161/306,1,16,-1,17,161,16,1,9,1,20,1/5814,1,18,2,16,4,14,6,12,8,10,10,8,12,6,14,4,16,2,18
21	2	4	5/96	91/288;197/288	91/288:15;197/288:15	91/288,-1,15,1,16,91,15,1,5,1,18,1/5472,1,18,21,3,15,24,6,12,27,9,9,27,12,6,24,15,3,21,18|197/288,1,15,-1,16,197,15,1,11,2,39,1/5472,1,18,21,3,15,24,6,12,27,9,9,27,12,6,24,15,3,21,18
21	3	4	7/135	71/270;199/270	71/270:14;199/270:14	71/270,1,14,-1,15,71,14,1,4,1,20,1/5130,1,20,36,16,4,24,32,12,8,28,28,8,12,32,24,4,16,36,20|199/270,-1,14,1,15,199,14,1,11,3,56,1/5130,1,20,36,16,4,24,32,12,8,28,28,8,12,32,24,4,16,36,20
21	4	8	13/252	53/252;199/252	53/252:13;199/252:13	53/252,1,13,-1,14,53,13,1,3,1,20,1/4788,1,20,40,35,15,5,25,45,30,10,10,30,45,25,5,15,35,40,20|199/252,-1,13,1,14,199,13,1,11,4,75,1/4788,1,20,40,35,15,5,25,45,30,10,10,30,45,25,5,15,35,40,20
21	5	4	2/39	37/234;197/234	37/234:12;197/234:12	37/234,-1,12,1,13,37,12,1,2,1,18,1/4446,1,18,36,54,42,24,6,12,30,48,48,30,12,6,24,42,54,36,18|197/234,1,12,-1,13,197,12,1,11,5,96,1/4446,1,18,36,54,42,24,6,12,30,48,48,30,12,6,24,42,54,36,18
21	6	12	11/216	91/216;125/216	91/216:11;125/216:11	91/216,-1,11,1,12,91,11,1,5,3,56,1/4104,1,56,21,35,42,14,63,7,49,28,28,49,7,63,14,42,35,21,56|125/216,1,11,-1,12,125,11,1,7,4,77,1/4104,1,56,21,35,42,14,63,7,49,28,28,49,7,63,14,42,35,21,56
21	7	8	5/99	73/198;125/198	73/198:10;125/198:10	73/198,-1,10,1,11,73,10,1,4,3,56,1/3762,1,56,40,16,72,24,32,64,8,48,48,8,64,32,24,72,16,40,56|125/198,1,10,-1,11,125,10,1,7,5,96,1/3762,1,56,40,16,72,24,32,64,8,48,48,8,64,32,24,72,16,40,56
21	8	12	1/20	19/180;161/180	19/180:9;161/180:9	19/180,-1,9,1,10,19,9,1,1,1,18,1/3420,1,18,36,54,72,81,63,45,27,9,9,27,45,63,81,72,54,36,18|161/180,1,9,-1,10,161,9,1,9,8,153,1/3420,1,18,36,54,72,81,63,45,27,9,9,27,45,63,81,72,54,36,18
21	9	4	4/81	17/162;145/162	17/162:8;145/162:8	17/162,1,8,-1,9,17,8,1,1,1,20,1/3078,1,20,40,60,80,90,70,50,30,10,10,30,50,70,90,80,60,40,20|145/162,-1,8,1,9,145,8,1,8,9,170,1/3078,1,20,40,60,80,90,70,50,30,10,10,30,50,70,90,80,60,40,20
21	10	10	7/144	53/144;91/144	53/144:7;91/144:7	53/144,1,7,-1,8,53,7,1,3,4,77,1/2736,1,77,55,22,99,33,44,88,11,66,66,11,88,44,33,99,22,55,77|91/144,-1,7,1,8,91,7,1,5,7,132,1/2736,1,77,55,22,99,33,44,88,11,66,66,11,88,44,33,99,22,55,77
21	11	4	1/21	53/126;73/126	53/126:6;73/126:6	53/126,1,6,-1,7,53,6,1,3,5,96,1/2394,1,96,36,60,72,24,108,12,84,48,48,84,12,108,24,72,60,36,96|73/126,-1,6,1,7,73,6,1,4,7,132,1/2394,1,96,36,60,72,24,108,12,84,48,48,84,12,108,24,72,60,36,96
21	12	12	5/108	17/108;91/108	17/108:5;91/108:5	17/108,1,5,-1,6,17,5,1,1,2,39,1/2052,1,39,78,117,91,52,13,26,65,104,104,65,26,13,52,91,117,78,39|91/108,-1,5,1,6,91,5,1,5,11,208,1/2052,1,39,78,117,91,52,13,26,65,104,104,65,26,13,52,91,117,78,39
21	13	6	2/45	19/90;71/90	19/90:4;71/90:4	19/90,-1,4,1,5,19,4,1,1,3,56,1/1710,1,56,112,98,42,14,70,126,84,28,28,84,126,70,14,42,98,112,56|71/90,1,4,-1,5,71,4,1,4,11,210,1/1710,1,56,112,98,42,14,70,126,84,28,28,84,126,70,14,42,98,112,56
21	14	8	1/24	19/72;53/72	19/72:3;53/72:3	19/72,-1,3,1,4,19,3,1,1,4,75,1/1368,1,75,135,60,15,90,120,45,30,105,105,30,45,120,90,15,60,135,75|53/72,1,3,-1,4,53,3,1,3,11,210,1/1368,1,75,135,60,15,90,120,45,30,105,105,30,45,120,90,15,60,135,75
21	15	8	1/27	17/54;37/54	17/54:2;37/54:2	17/54,1,2,-1,3,17,2,1,1,5,96,1/1026,1,96,112,16,80,128,32,64,144,48,48,144,64,32,128,80,16,112,96|37/54,-1,2,1,3,37,2,1,2,11,208,1/1026,1,96,112,16,80,128,32,64,144,48,48,144,64,32,128,80,16,112,96
21	16	16	1/36	17/36;19/36	17/36:1;19/36:1	17/36,1,1,-1,2,17,1,1,1,8,153,1/684,1,153,17,136,34,119,51,102,68,85,85,68,102,51,119,34,136,17,153|19/36,-1,1,1,2,19,1,1,1,9,170,1/684,1,153,17,136,34,119,51,102,68,85,85,68,102,51,119,34,136,17,153
21	17	6	0/1	1/18;5/18;7/18;11/18;13/18;17/18	1/18:0,16;5/18:6,10;7/18:4,12;11/18:4,12;13/18:6,10;17/18:0,16	1/18,-1,0,1,1,1,0,1,0,1,18,1/342,1,18,36,54,72,90,108,126,144,162,162,144,126,108,90,72,54,36,18|1/18,1,16,-1,17,17,0,1,1,1,20,1/342,0,20,40,60,80,100,120,140,160,162,142,122,102,82,62,42,22,2,18|5/18,-1,10,1,11,55,0,1,3,5,94,1/342,0,94,154,60,34,128,120,26,68,162,86,8,102,146,52,42,136,112,18|5/18,1,6,-1,7,35,0,1,2,5,96,1/342,0,96,150,54,42,138,108,12,84,162,66,30,126,120,24,72,168,78,18|7/18,-1,12,1,13,91,0,1,5,7,132,1/342,0,132,78,54,156,24,108,102,30,162,48,84,126,6,138,72,60,150,18|7/18,1,4,-1,5,35,0,1,2,7,134,1/342,0,134,74,60,148,14,120,88,46,162,28,106,102,32,166,42,92,116,18|11/18,-1,4,1,5,55,0,1,3,11,208,1/342,0,134,74,60,148,14,120,88,46,162,28,106,102,32,166,42,92,116,18|11/18,1,12,-1,13,143,0,1,8,11,210,1/342,0,132,78,54,156,24,108,102,30,162,48,84,126,6,138,72,60,150,18|13/18,-1,6,1,7,91,0,1,5,13,246,1/342,0,96,150,54,42,138,108,12,84,162,66,30,126,120,24,72,168,78,18|13/18,1,10,-1,11,143,0,1,8,13,248,1/342,0,94,154,60,34,128,120,26,68,162,86,8,102,146,52,42,136,112,18|17/18,-1,16,1,17,289,0,1,16,17,322,1/342,0,20,40,60,80,100,120,140,160,162,142,122,102,82,62,42,22,2,18|17/18,1,0,-1,1,17,0,1,1,17,324,1/342,1,18,36,54,72,90,108,126,144,162,162,144,126,108,90,72,54,36,18
22	0	2	18/361	18/361;343/361	18/361:18;343/361:18	18/361,1,18,-1,19,18,18,1,1,0,1,1/7220,1,1,2,3,4,5,6,7,8,9,10,9,8,7,6,5,4,3,2,1|343/361,-1,18,1,19,343,18,1,18,1,19,1/7220,1,1,2,3,4,5,6,7,8,9,10,9,8,7,6,5,4,3,2,1
22	1	2	17/361	172/361;189/361	172/361:18;189/361:18	172/361,-1,18,1,19,172,17,1,9,1,19,21/14440,0,19,2,17,4,15,6,13,8,11,10,9,12,7,14,5,16,3,18,1|189/361,1,18,-1,19,189,17,1,10,1,21,21/14440,0,19,2,17,4,15,6,13,8,11,10,9,12,7,14,5,16,3,18,1
22	2	4	16/323	113/323;210/323	113/323:16;210/323:16	113/323,1,16,-1,17,113,16,1,6,1,21,1/6460,1,21,18,3,24,15,6,27,12,9,30,9,12,27,6,15,24,3,18,21|210/323,-1,16,1,17,210,16,1,11,2,39,1/6460,1,21,18,3,24,15,6,27,12,9,30,9,12,27,6,15,24,3,18,21
22	3	4	15/323	77/323;246/323	77/323:16;246/323:16	77/323,-1,16,1,17,77,15,1,4,1,19,23/25840,0,19,38,23,4,15,34,27,8,11,30,31,12,7,26,35,16,3,22,39|246/323,1,16,-1,17,246,15,1,13,3,61,23/25840,0,19,38,23,4,15,34,27,8,11,30,31,12,7,26,35,16,3,22,39
22	4	8	7/152	29/152;123/152	29/152:15;123/152:15	29/152,-1,15,1,16,58,14,1,3,1,19,3/3800,0,19,38,43,24,5,14,33,48,29,10,9,28,47,34,15,4,23,42,39|123/152,1,15,-1,16,246,14,1,13,4,81,3/3800,0,19,38,43,24,5,14,33,48,29,10,9,28,47,34,15,4,23,42,39
22	5	4	13/323	56/323;267/323	56/323:16;267/323:16	56/323,1,16,-1,17,56,13,1,3,1,21,21/12920,0,21,42,57,36,15,6,27,48,51,30,9,12,33,54,45,24,3,18,39|267/323,-1,16,1,17,267,13,1,14,5,99,21/12920,0,21,42,57,36,15,6,27,48,51,30,9,12,33,54,45,24,3,18,39
22	6	12	12/247	37/247;210/247	37/247:12;210/247:12	37/247,1,12,-1,13,37,12,1,2,1,21,1/4940,1,21,42,63,56,35,14,7,28,49,70,49,28,7,14,35,56,63,42,21|210/247,-1,12,1,13,210,12,1,11,6,119,1/4940,1,21,42,63,56,35,14,7,28,49,70,49,28,7,14,35,56,63,42,21
22	7	8	11/247	94/247;153/247	94/247:12;153/247:12	94/247,1,12,-1,13,94,11,1,5,3,61,27/39520,0,61,38,23,76,15,46,53,8,69,30,31,68,7,54,45,16,77,22,39|153/247,-1,12,1,13,153,11,1,8,5,99,27/39520,0,61,38,23,76,15,46,53,8,69,30,31,68,7,54,45,16,77,22,39
22	8	12	10/209	94/209;115/209	94/209:10;115/209:10	94/209,1,10,-1,11,94,10,1,5,4,81,1/4180,1,81,18,63,36,45,54,27,72,9,90,9,72,27,54,45,36,63,18,81|115/209,-1,10,1,11,115,10,1,6,5,99,1/4180,1,81,18,63,36,45,54,27,72,9,90,9,72,27,54,45,36,63,18,81
22	9	4	9/209	20/209;189/209	20/209:10;189/209:10	20/209,-1,10,1,11,20,9,1,1,1,19,29/41800,0,19,38,57,76,95,86,67,48,29,10,9,28,47,66,85,96,77,58,39|189/209,1,10,-1,11,189,9,1,10,9,181,29/41800,0,19,38,57,76,95,86,67,48,29,10,9,28,47,66,85,96,77,58,39
22	10	10	8/171	77/171;94/171	77/171:8;94/171:8	77/171,-1,8,1,9,77,8,1,4,5,99,1/3420,1,99,22,77,44,55,66,33,88,11,110,11,88,33,66,55,44,77,22,99|94/171,1,8,-1,9,94,8,1,5,6,121,1/3420,1,99,22,77,44,55,66,33,88,11,110,11,88,33,66,55,44,77,22,99
22	11	4	7/209	18/209;191/209	18/209:10;191/209:10	18/209,1,10,-1,11,18,7,1,1,1,21,23/16720,0,21,42,63,84,105,114,93,72,51,30,9,12,33,54,75,96,117,102,81|191/209,-1,10,1,11,191,7,1,10,11,219,23/16720,0,21,42,63,84,105,114,93,72,51,30,9,12,33,54,75,96,117,102,81
22	12	12	6/133	20/133;113/133	20/133:6;113/133:6	20/133,-1,6,1,7,20,6,1,1,2,39,1/2660,1,39,78,117,104,65,26,13,52,91,130,91,52,13,26,65,104,117,78,39|113/133,1,6,-1,7,113,6,1,6,11,221,1/2660,1,39,78,117,104,65,26,13,52,91,130,91,52,13,26,65,104,117,78,39
22	13	6	5/171	37/171;134/171	37/171:8;134/171:8	37/171,1,8,-1,9,37,5,1,2,3,61,71/47880,0,61,122,97,36,25,86,133,72,11,50,111,108,47,14,75,136,83,22,39|134/171,-1,8,1,9,134,5,1,7,11,219,71/47880,0,61,122,97,36,25,86,133,72,11,50,111,108,47,14,75,136,83,22,39
22	14	8	4/133	18/133;115/133	18/133:6;115/133:6	18/133,1,6,-1,7,18,4,1,1,2,41,53/39900,0,41,82,123,136,95,54,13,28,69,110,149,108,67,26,15,56,97,138,121|115/133,-1,6,1,7,115,4,1,6,13,259,53/39900,0,41,82,123,136,95,54,13,28,69,110,149,108,67,26,15,56,97,138,121
22	15	8	3/95	18/95;77/95	18/95:4;77/95:4	18/95,1,4,-1,5,18,3,1,1,3,61,7/6080,0,61,122,137,76,15,46,107,152,91,30,31,92,153,106,45,16,77,138,121|77/95,-1,4,1,5,77,3,1,4,13,259,7/6080,0,61,122,137,76,15,46,107,152,91,30,31,92,153,106,45,16,77,138,121
22	16	16	2/57	20/57;37/57	20/57:2;37/57:2	20/57,-1,2,1,3,20,2,1,1,6,119,1/1140,1,119,102,17,136,85,34,153,68,51,170,51,68,153,34,85,136,17,102,119|37/57,1,2,-1,3,37,2,1,2,11,221,1/1140,1,119,102,17,136,85,34,153,68,51,170,51,68,153,34,85,136,17,102,119
22	17	6	1/95	37/95;58/95	37/95:4;58/95:4	37/95,1,4,-1,5,37,1,1,2,7,141,1/456,0,141,78,63,156,15,126,93,48,171,30,111,108,33,174,45,96,123,18,159|58/95,-1,4,1,5,58,1,1,3,11,219,1/456,0,141,78,63,156,15,126,93,48,171,30,111,108,33,174,45,96,123,18,159
22	18	18	0/1	1/19;2/19;3/19;4/19;5/19;6/19;7/19;8/19;9/19;10/19;11/19;12/19;13/19;14/19;15/19;16/19;17/19;18/19	1/19:0,17;2/19:8,9;3/19:5,12;4/19:4,13;5/19:3,14;6/19:2,15;7/19:7,10;8/19:6,11;9/19:1,16;10/19:1,16;11/19:6,11;12/19:7,10;13/19:2,15;14/19:3,14;15/19:4,13;16/19:5,12;17/19:8,9;18/19:0,17	1/19,-1,0,1,1,1,0,1,0,1,19,1/380,1,19,38,57,76,95,114,133,152,171,190,171,152,133,114,95,76,57,38,19|1/19,1,17,-1,18,18,0,1,1,1,21,1/380,0,21,42,63,84,105,126,147,168,189,170,149,128,107,86,65,44,23,2,19|2/19,-1,9,1,10,20,0,1,1,2,39,1/380,0,39,78,117,156,185,146,107,68,29,10,49,88,127,166,175,136,97,58,19|2/19,1,8,-1,9,18,0,1,1,2,41,1/380,0,41,82,123,164,175,134,93,52,11,30,71,112,153,186,145,104,63,22,19|3/19,-1,12,1,13,39,0,1,2,3,59,1/380,0,59,118,177,144,85,26,33,92,151,170,111,52,7,66,125,184,137,78,19|3/19,1,5,-1,6,18,0,1,1,3,61,1/380,0,61,122,183,136,75,14,47,108,169,150,89,28,33,94,155,164,103,42,19|4/19,-1,4,1,5,20,0,1,1,4,79,1/380,0,79,158,143,64,15,94,173,128,49,30,109,188,113,34,45,124,177,98,19|4/19,1,13,-1,14,56,0,1,3,4,81,1/380,0,81,162,137,56,25,106,187,112,31,50,131,168,87,6,75,156,143,62,19|5/19,-1,3,1,4,20,0,1,1,5,99,1/380,0,99,182,83,16,115,166,67,32,131,150,51,48,147,134,35,64,163,118,19|5/19,1,14,-1,15,75,0,1,4,5,101,1/380,0,101,178,77,24,125,154,53,48,149,130,29,72,173,106,5,96,183,82,19|6/19,-1,15,1,16,96,0,1,5,6,119,1/380,0,119,142,23,96,165,46,73,188,69,50,169,92,27,146,115,4,123,138,19|6/19,1,2,-1,3,18,0,1,1,6,121,1/380,0,121,138,17,104,155,34,87,172,51,70,189,68,53,174,85,36,157,102,19|7/19,-1,10,1,11,77,0,1,4,7,139,1/380,0,139,102,37,176,65,74,167,28,111,130,9,148,93,46,185,56,83,158,19|7/19,1,7,-1,8,56,0,1,3,7,141,1/380,0,141,98,43,184,55,86,153,12,129,110,31,172,67,74,165,24,117,122,19|8/19,-1,11,1,12,96,0,1,5,8,159,1/380,0,159,62,97,124,35,186,27,132,89,70,151,8,167,54,105,116,43,178,19|8/19,1,6,-1,7,56,0,1,3,8,161,1/380,0,161,58,103,116,45,174,13,148,71,90,129,32,187,26,135,84,77,142,19|9/19,-1,16,1,17,153,0,1,8,9,179,1/380,0,179,22,157,44,135,66,113,88,91,110,69,132,47,154,25,176,3,182,19|9/19,1,1,-1,2,18,0,1,1,9,181,1/380,0,181,18,163,36,145,54,127,72,109,90,91,108,73,126,55,144,37,162,19|10/19,-1,1,1,2,20,0,1,1,10,199,1/380,0,181,18,163,36,145,54,127,72,109,90,91,108,73,126,55,144,37,162,19|10/19,1,16,-1,17,170,0,1,9,10,201,1/380,0,179,22,157,44,135,66,113,88,91,110,69,132,47,154,25,176,3,182,19|11/19,-1,6,1,7,77,0,1,4,11,219,1/380,0,161,58,103,116,45,174,13,148,71,90,129,32,187,26,135,84,77,142,19|11/19,1,11,-1,12,132,0,1,7,11,221,1/380,0,159,62,97,124,35,186,27,132,89,70,151,8,167,54,105,116,43,178,19|12/19,-1,7,1,8,96,0,1,5,12,239,1/380,0,141,98,43,184,55,86,153,12,129,110,31,172,67,74,165,24,117,122,19|12/19,1,10,-1,11,132,0,1,7,12,241,1/380,0,139,102,37,176,65,74,167,28,111,130,9,148,93,46,185,56,83,158,19|13/19,-1,2,1,3,39,0,1,2,13,259,1/380,0,121,138,17,104,155,34,87,172,51,70,189,68,53,174,85,36,157,102,19|13/19,1,15,-1,16,208,0,1,11,13,261,1/380,0,119,142,23,96,165,46,73,188,69,50,169,92,27,146,115,4,123,138,19|14/19,-1,14,1,15,210,0,1,11,14,279,1/380,0,101,178,77,24,125,154,53,48,149,130,29,72,173,106,5,96,183,82,19|14/19,1,3,-1,4,56,0,1,3,14,281,1/380,0,99,182,83,16,115,166,67,32,131,150,51,48,147,134,35,64,163,118,19|15/19,-1,13,1,14,210,0,1,11,15,299,1/380,0,81,162,137,56,25,106,187,112,31,50,131,168,87,6,75,156,143,62,19|15/19,1,4,-1,5,75,0,1,4,15,301,1/380,0,79,158,143,64,15,94,173,128,49,30,109,188,113,34,45,124,177,98,19|16/19,-1,5,1,6,96,0,1,5,16,319,1/380,0,61,122,183,136,75,14,47,108,169,150,89,28,33,94,155,164,103,42,19|16/19,1,12,-1,13,208,0,1,11,16,321,1/380,0,59,118,177,144,85,26,33,92,151,170,111,52,7,66,125,184,137,78,19|17/19,-1,8,1,9,153,0,1,8,17,339,1/380,0,41,82,123,164,175,134,93,52,11,30,71,112,153,186,145,104,63,22,19|17/19,1,9,-1,10,170,0,1,9,17,341,1/380,0,39,78,117,156,185,146,107,68,29,10,49,88,127,166,175,136,97,58,19|18/19,-1,17,1,18,324,0,1,17,18,359,1/380,0,21,42,63,84,105,126,147,168,189,170,149,128,107,86,65,44,23,2,19|18/19,1,0,-1,1,18,0,1,1,18,361,1/380,1,19,38,57,76,95,114,133,152,171,190,171,152,133,114,95,76,57,38,19
23	0	2	19/400	19/400;381/400	19/400:19;381/400:19	19/400,1,19,-1,20,19,19,1,1,0,1,1/8400,1,1,2,3,4,5,6,7,8,9,10,10,9,8,7,6,5,4,3,2,1|381/400,-1,19,1,20,381,19,1,19,1,20,1/8400,1,1,2,3,4,5,6,7,8,9,10,10,9,8,7,6,5,4,3,2,1
23	1	2	9/190	181/380;199/380	181/380:18;199/380:18	181/380,-1,18,1,19,181,18,1,9,1,20,1/7980,1,20,2,18,4,16,6,14,8,12,10,10,12,8,14,6,16,4,18,2,20|199/380,1,18,-1,19,199,18,1,10,1,22,1/7980,1,20,2,18,4,16,6,14,8,12,10,10,12,8,14,6,16,4,18,2,20
23	2	4	17/380	121/380;259/380	121/380:18;259/380:18	121/380,-1,18,1,19,121,17,1,6,1,20,23/23940,0,20,23,3,17,26,6,14,29,9,11,31,12,8,28,15,5,25,18,2,22|259/380,1,18,-1,19,259,17,1,13,2,43,23/23940,0,20,23,3,17,26,6,14,29,9,11,31,12,8,28,15,5,25,18,2,22
23	3	4	4/85	81/340;259/340	81/340:16;259/340:16	81/340,-1,16,1,17,81,16,1,4,1,20,1/7140,1,20,40,24,4,16,36,28,8,12,32,32,12,8,28,36,16,4,24,40,20|259/340,1,16,-1,17,259,16,1,13,3,64,1/7140,1,20,40,24,4,16,36,28,8,12,32,32,12,8,28,36,16,4,24,40,20
23	4	8	3/64	61/320;259/320	61/320:15;259/320:15	61/320,-1,15,1,16,61,15,1,3,1,20,1/6720,1,20,40,45,25,5,15,35,50,30,10,10,30,50,35,15,5,25,45,40,20|259/320,1,15,-1,16,259,15,1,13,4,85,1/6720,1,20,40,45,25,5,15,35,50,30,10,10,30,50,35,15,5,25,45,40,20
23	5	4	7/170	59/340;281/340	59/340:16;281/340:16	59/340,1,16,-1,17,59,14,1,3,1,22,23/21420,0,22,44,60,38,16,6,28,50,54,32,10,12,34,56,48,26,4,18,40,62|281/340,-1,16,1,17,281,14,1,14,5,104,23/21420,0,22,44,60,38,16,6,28,50,54,32,10,12,34,56,48,26,4,18,40,62
23	6	12	13/300	41/300;259/300	41/300:14;259/300:14	41/300,-1,14,1,15,41,13,1,2,1,20,3/4900,0,20,40,60,67,47,27,7,13,33,53,73,54,34,14,6,26,46,66,61,41|259/300,1,14,-1,15,259,13,1,13,6,127,3/4900,0,20,40,60,67,47,27,7,13,33,53,73,54,34,14,6,26,46,66,61,41
23	7	8	3/65	99/260;161/260	99/260:12;161/260:12	99/260,1,12,-1,13,99,12,1,5,3,64,1/5460,1,64,40,24,80,16,48,56,8,72,32,32,72,8,56,48,16,80,24,40,64|161/260,-1,12,1,13,161,12,1,8,5,104,1/5460,1,64,40,24,80,16,48,56,8,72,32,32,72,8,56,48,16,80,24,40,64
23	8	12	11/260	59/260;201/260	59/260:12;201/260:12	59/260,1,12,-1,13,59,11,1,3,2,43,29/49140,0,43,86,60,17,26,69,77,34,9,52,94,51,8,35,78,68,25,18,61,85|201/260,-1,12,1,13,201,11,1,10,7,146,29/49140,0,43,86,60,17,26,69,77,34,9,52,94,51,8,35,78,68,25,18,61,85
23	9	8	1/22	21/220;199/220	21/220:10;199/220:10	21/220,-1,10,1,11,21,10,1,1,1,20,1/4620,1,20,40,60,80,100,90,70,50,30,10,10,30,50,70,90,100,80,60,40,20|199/220,1,10,-1,11,199,10,1,10,9,190,1/4620,1,20,40,60,80,100,90,70,50,30,10,10,30,50,70,90,100,80,60,40,20
23	10	10	9/200	19/200;181/200	19/200:9;181/200:9	19/200,1,9,-1,10,19,9,1,1,1,22,1/4200,1,22,44,66,88,110,99,77,55,33,11,11,33,55,77,99,110,88,66,44,22|181/200,-1,9,1,10,181,9,1,9,10,209,1/4200,1,22,44,66,88,110,99,77,55,33,11,11,33,55,77,99,110,88,66,44,22
23	11	4	2/55	19/220;201/220	19/220:10;201/220:10	19/220,1,10,-1,11,19,8,1,1,1,22,13/13860,0,22,44,66,88,110,120,98,76,54,32,10,12,34,56,78,100,122,108,86,64|201/220,-1,10,1,11,201,8,1,10,11,230,13/13860,0,22,44,66,88,110,120,98,76,54,32,10,12,34,56,78,100,122,108,86,64
23	12	12	7/160	61/160;99/160	61/160:7;99/160:7	61/160,-1,7,1,8,61,7,1,3,5,104,1/3360,1,104,65,39,130,26,78,91,13,117,52,52,117,13,91,78,26,130,39,65,104|99/160,1,7,-1,8,99,7,1,5,8,169,1/3360,1,104,65,39,130,26,78,91,13,117,52,52,117,13,91,78,26,130,39,65,104
23	13	6	1/30	13/60;47/60	13/60:8;47/60:8	13/60,1,8,-1,9,39,6,1,2,3,64,1/980,0,64,128,102,38,26,90,140,76,12,52,116,114,50,14,78,142,88,24,40,104|47/60,-1,8,1,9,141,6,1,7,11,230,1/980,0,64,128,102,38,26,90,140,76,12,52,116,114,50,14,78,142,88,24,40,104
23	14	8	1/28	19/140;121/140	19/140:6;121/140:6	19/140,1,6,-1,7,19,5,1,1,2,43,1/1260,0,43,86,129,143,100,57,14,29,72,115,157,114,71,28,15,58,101,144,128,85|121/140,-1,6,1,7,121,5,1,6,13,272,1/1260,0,43,86,129,143,100,57,14,29,72,115,157,114,71,28,15,58,101,144,128,85
23	15	8	1/25	19/100;81/100	19/100:4;81/100:4	19/100,1,4,-1,5,19,4,1,1,3,64,1/2100,1,64,128,144,80,16,48,112,160,96,32,32,96,160,112,48,16,80,144,128,64|81/100,-1,4,1,5,81,4,1,4,13,272,1/2100,1,64,128,144,80,16,48,112,160,96,32,32,96,160,112,48,16,80,144,128,64
23	16	16	3/80	19/80;61/80	19/80:3;61/80:3	19/80,1,3,-1,4,19,3,1,1,4,85,1/1680,1,85,170,102,17,68,153,119,34,51,136,136,51,34,119,153,68,17,102,170,85|61/80,-1,3,1,4,61,3,1,3,13,272,1/1680,1,85,170,102,17,68,153,119,34,51,136,136,51,34,119,153,68,17,102,170,85
23	17	6	1/50	39/100;61/100	39/100:4;61/100:4	39/100,1,4,-1,5,39,2,1,2,7,148,29/18900,0,148,82,66,164,16,132,98,50,180,32,116,114,34,182,48,100,130,18,166,64|61/100,-1,4,1,5,61,2,1,3,11,230,29/18900,0,148,82,66,164,16,132,98,50,180,32,116,114,34,182,48,100,130,18,166,64
23	18	18	1/40	19/40;21/40	19/40:1;21/40:1	19/40,1,1,-1,2,19,1,1,1,9,190,1/840,1,190,19,171,38,152,57,133,76,114,95,95,114,76,133,57,152,38,171,19,190|21/40,-1,1,1,2,21,1,1,1,10,209,1/840,1,190,19,171,38,152,57,133,76,114,95,95,114,76,133,57,152,38,171,19,190
23	19	8	0/1	1/20;3/20;7/20;9/20;11/20;13/20;17/20;19/20	1/20:0,18;3/20:6,12;7/20:2,16;9/20:8,10;11/20:8,10;13/20:2,16;17/20:6,12;19/20:0,18	1/20,-1,0,1,1,1,0,1,0,1,20,1/420,1,20,40,60,80,100,120,140,160,180,200,200,180,160,140,120,100,80,60,40,20|1/20,1,18,-1,19,19,0,1,1,1,22,1/420,0,22,44,66,88,110,132,154,176,198,200,178,156,134,112,90,68,46,24,2,20|3/20,-1,6,1,7,21,0,1,1,3,62,1/420,0,62,124,186,172,110,48,14,76,138,200,158,96,34,28,90,152,206,144,82,20|3/20,1,12,-1,13,39,0,1,2,3,64,1/420,0,64,128,192,164,100,36,28,92,156,200,136,72,8,56,120,184,172,108,44,20|7/20,-1,2,1,3,21,0,1,1,7,146,1/420,0,146,128,18,164,110,36,182,92,54,200,74,72,202,56,90,184,38,108,166,20|7/20,1,16,-1,17,119,0,1,6,7,148,1/420,0,148,124,24,172,100,48,196,76,72,200,52,96,176,28,120,152,4,144,128,20|9/20,-1,8,1,9,81,0,1,4,9,188,1/420,0,188,44,144,88,100,132,56,176,12,200,32,156,76,112,120,68,164,24,208,20|9/20,1,10,-1,11,99,0,1,5,9,190,1/420,0,190,40,150,80,110,120,70,160,30,200,10,180,50,140,90,100,130,60,170,20|11/20,-1,10,1,11,121,0,1,6,11,230,1/420,0,190,40,150,80,110,120,70,160,30,200,10,180,50,140,90,100,130,60,170,20|11/20,1,8,-1,9,99,0,1,5,11,232,1/420,0,188,44,144,88,100,132,56,176,12,200,32,156,76,112,120,68,164,24,208,20|13/20,-1,16,1,17,221,0,1,11,13,272,1/420,0,148,124,24,172,100,48,196,76,72,200,52,96,176,28,120,152,4,144,128,20|13/20,1,2,-1,3,39,0,1,2,13,274,1/420,0,146,128,18,164,110,36,182,92,54,200,74,72,202,56,90,184,38,108,166,20|17/20,-1,12,1,13,221,0,1,11,17,356,1/420,0,64,128,192,164,100,36,28,92,156,200,136,72,8,56,120,184,172,108,44,20|17/20,1,6,-1,7,119,0,1,6,17,358,1/420,0,62,124,186,172,110,48,14,76,138,200,158,96,34,28,90,152,206,144,82,20|19/20,-1,18,1,19,361,0,1,18,19,398,1/420,0,22,44,66,88,110,132,154,176,198,200,178,156,134,112,90,68,46,24,2,20|19/20,1,0,-1,1,19,0,1,1,19,400,1/420,1,20,40,60,80,100,120,140,160,180,200,200,180,160,140,120,100,80,60,40,20
24	0	2	20/441	20/441;421/441	20/441:20;421/441:20	20/441,1,20,-1,21,20,20,1,1,0,1,1/9702,1,1,2,3,4,5,6,7,8,9,10,11,10,9,8,7,6,5,4,3,2,1|421/441,-1,20,1,21,421,20,1,20,1,21,1/9702,1,1,2,3,4,5,6,7,8,9,10,11,10,9,8,7,6,5,4,3,2,1
24	1	2	19/441	211/441;230/441	211/441:20;230/441:20	211/441,-1,20,1,21,211,19,1,10,1,21,23/19404,0,21,2,19,4,17,6,15,8,13,10,11,12,9,14,7,16,5,18,3,20,1|230/441,1,20,-1,21,230,19,1,11,1,23,23/19404,0,21,2,19,4,17,6,15,8,13,10,11,12,9,14,7,16,5,18,3,20,1
24	2	4	6/133	127/399;272/399	127/399:18;272/399:18	127/399,-1,18,1,19,127,18,1,6,1,21,1/8778,1,21,24,3,18,27,6,15,30,9,12,33,12,9,30,15,6,27,18,3,24,21|272/399,1,18,-1,19,272,18,1,13,2,45,1/8778,1,21,24,3,18,27,6,15,30,9,12,33,12,9,30,15,6,27,18,3,24,21
24	3	4	17/399	104/399;295/399	104/399:18;295/399:18	104/399,1,18,-1,19,104,17,1,5,1,23,25/35112,0,23,42,19,4,27,38,15,8,31,34,11,12,35,30,7,16,39,26,3,20,43|295/399,-1,18,1,19,295,17,1,14,3,65,25/35112,0,23,42,19,4,27,38,15,8,31,34,11,12,35,30,7,16,39,26,3,20,43
24	4	8	16/357	146/357;211/357	146/357:16;211/357:16	146/357,1,16,-1,17,146,16,1,7,2,45,1/7854,1,45,20,25,40,5,50,15,30,35,10,55,10,35,30,15,50,5,40,25,20,45|211/357,-1,16,1,17,211,16,1,10,3,65,1/7854,1,45,20,25,40,5,50,15,30,35,10,55,10,35,30,15,50,5,40,25,20,45
24	5	4	5/119	62/357;295/357	62/357:16;295/357:16	62/357,1,16,-1,17,62,15,1,3,1,23,3/5236,0,23,46,63,40,17,6,29,52,57,34,11,12,35,58,51,28,5,18,41,64,45|295/357,-1,16,1,17,295,15,1,14,5,109,3/5236,0,23,46,63,40,17,6,29,52,57,34,11,12,35,58,51,28,5,18,41,64,45
24	6	12	2/45	43/315;272/315	43/315:14;272/315:14	43/315,-1,14,1,15,43,14,1,2,1,21,1/6930,1,21,42,63,70,49,28,7,14,35,56,77,56,35,14,7,28,49,70,63,42,21|272/315,1,14,-1,15,272,14,1,13,6,133,1/6930,1,21,42,63,70,49,28,7,14,35,56,77,56,35,14,7,28,49,70,63,42,21
24	7	8	13/315	41/315;274/315	41/315:14;274/315:14	41/315,1,14,-1,15,41,13,1,2,1,23,29/55440,0,23,46,69,84,61,38,15,8,31,54,77,76,53,30,7,16,39,62,85,68,45|274/315,-1,14,1,15,274,13,1,13,7,153,29/55440,0,23,46,69,84,61,38,15,8,31,54,77,76,53,30,7,16,39,62,85,68,45
24	8	12	4/91	62/273;211/273	62/273:12;211/273:12	62/273,1,12,-1,13,62,12,1,3,2,45,1/6006,1,45,90,63,18,27,72,81,36,9,54,99,54,9,36,81,72,27,18,63,90,45|211/273,-1,12,1,13,211,12,1,10,7,153,1/6006,1,45,90,63,18,27,72,81,36,9,54,99,54,9,36,81,72,27,18,63,90,45
24	9	8	11/273	83/273;190/273	83/273:12;190/273:12	83/273,1,12,-1,13,83,11,1,4,3,67,31/60060,0,67,86,19,48,105,38,29,96,57,10,77,76,9,58,95,28,39,106,47,20,87|190/273,-1,12,1,13,190,11,1,9,7,153,31/60060,0,67,86,19,48,105,38,29,96,57,10,77,76,9,58,95,28,39,106,47,20,87
24	10	10	5/126	11/126;115/126	11/126:11;115/126:11	11/126,-1,11,1,12,22,10,1,1,1,21,4/7623,0,21,42,63,84,105,116,95,74,53,32,11,10,31,52,73,94,115,106,85,64,43|115/126,1,11,-1,12,230,10,1,11,10,221,4/7623,0,21,42,63,84,105,116,95,74,53,32,11,10,31,52,73,94,115,106,85,64,43
24	11	4	3/77	20/231;211/231	20/231:10;211/231:10	20/231,1,10,-1,11,20,9,1,1,1,23,1/1848,0,23,46,69,92,115,126,103,80,57,34,11,12,35,58,81,104,127,114,91,68,45|211/231,-1,10,1,11,211,9,1,10,11,241,1/1848,0,23,46,69,92,115,126,103,80,57,34,11,12,35,58,81,104,127,114,91,68,45
24	12	12	8/189	43/189;146/189	43/189:8;146/189:8	43/189,-1,8,1,9,43,8,1,2,3,65,1/4158,1,65,130,91,26,39,104,117,52,13,78,143,78,13,52,117,104,39,26,91,130,65|146/189,1,8,-1,9,146,8,1,7,10,221,1/4158,1,65,130,91,26,39,104,117,52,13,78,143,78,13,52,117,104,39,26,91,130,65
24	13	6	1/27	41/189;148/189	41/189:8;148/189:8	41/189,1,8,-1,9,41,7,1,2,3,67,5/8316,0,67,134,107,40,27,94,147,80,13,54,121,120,53,14,81,148,93,26,41,108,133|148/189,-1,8,1,9,148,7,1,7,11,241,5/8316,0,67,134,107,40,27,94,147,80,13,54,121,120,53,14,81,148,93,26,41,108,133
24	14	8	2/49	20/147;127/147	20/147:6;127/147:6	20/147,1,6,-1,7,20,6,1,1,2,45,1/3234,1,45,90,135,150,105,60,15,30,75,120,165,120,75,30,15,60,105,150,135,90,45|127/147,-1,6,1,7,127,6,1,6,13,285,1/3234,1,45,90,135,150,105,60,15,30,75,120,165,120,75,30,15,60,105,150,135,90,45
24	15	8	5/147	64/147;83/147	64/147:6;83/147:6	64/147,-1,6,1,7,64,5,1,3,7,153,37/51744,0,153,46,107,92,61,138,15,168,31,122,77,76,123,30,169,16,137,62,91,108,45|83/147,1,6,-1,7,83,5,1,4,9,199,37/51744,0,153,46,107,92,61,138,15,168,31,122,77,76,123,30,169,16,137,62,91,108,45
24	16	16	4/105	43/105;62/105	43/105:4;62/105:4	43/105,-1,4,1,5,43,4,1,2,7,153,1/2310,1,153,68,85,136,17,170,51,102,119,34,187,34,119,102,51,170,17,136,85,68,153|62/105,1,4,-1,5,62,4,1,3,10,221,1/2310,1,153,68,85,136,17,170,51,102,119,34,187,34,119,102,51,170,17,136,85,68,153
24	17	6	1/35	41/105;64/105	41/105:4;64/105:4	41/105,1,4,-1,5,41,3,1,2,7,155,13/13860,0,155,86,69,172,17,138,103,52,189,34,121,120,35,190,51,104,137,18,173,68,87|64/105,-1,4,1,5,64,3,1,3,11,241,13/13860,0,155,86,69,172,17,138,103,52,189,34,121,120,35,190,51,104,137,18,173,68,87
24	18	18	2/63	20/63;43/63	20/63:2;43/63:2	20/63,1,2,-1,3,20,2,1,1,6,133,1/1386,1,133,152,19,114,171,38,95,190,57,76,209,76,57,190,95,38,171,114,19,152,133|43/63,-1,2,1,3,43,2,1,2,13,285,1/1386,1,133,152,19,114,171,38,95,190,57,76,209,76,57,190,95,38,171,114,19,152,133
24	19	8	1/63	22/63;41/63	22/63:2;41/63:2	22/63,-1,2,1,3,22,1,1,1,7,153,41/27720,0,153,134,19,172,115,38,191,96,57,210,77,76,211,58,95,192,39,114,173,20,133|41/63,1,2,-1,3,41,1,1,2,13,287,41/27720,0,153,134,19,172,115,38,191,96,57,210,77,76,211,58,95,192,39,114,173,20,133
24	20	12	0/1	1/21;2/21;4/21;5/21;8/21;10/21;11/21;13/21;16/21;17/21;19/21;20/21	1/21:0,19;2/21:9,10;4/21:4,15;5/21:3,16;8/21:7,12;10/21:1,18;11/21:1,18;13/21:7,12;16/21:3,16;17/21:4,15;19/21:9,10;20/21:0,19	1/21,-1,0,1,1,1,0,1,0,1,21,1/462,1,21,42,63,84,105,126,147,168,189,210,231,210,189,168,147,126,105,84,63,42,21|1/21,1,19,-1,20,20,0,1,1,1,23,1/462,0,23,46,69,92,115,138,161,184,207,230,209,186,163,140,117,94,71,48,25,2,21|2/21,-1,10,1,11,22,0,1,1,2,43,1/462,0,43,86,129,172,215,204,161,118,75,32,11,54,97,140,183,226,193,150,107,64,21|2/21,1,9,-1,10,20,0,1,1,2,45,1/462,0,45,90,135,180,225,192,147,102,57,12,33,78,123,168,213,204,159,114,69,24,21|4/21,-1,15,1,16,64,0,1,3,4,87,1/462,0,87,174,201,114,27,60,147,228,141,54,33,120,207,168,81,6,93,180,195,108,21|4/21,1,4,-1,5,20,0,1,1,4,89,1/462,0,89,178,195,106,17,72,161,212,123,34,55,144,229,140,51,38,127,216,157,68,21|5/21,-1,16,1,17,85,0,1,4,5,109,1/462,0,109,218,135,26,83,192,161,52,57,166,187,78,31,140,213,104,5,114,223,130,21|5/21,1,3,-1,4,20,0,1,1,5,111,1/462,0,111,222,129,18,93,204,147,36,75,186,165,54,57,168,183,72,39,150,201,90,21|8/21,-1,7,1,8,64,0,1,3,8,175,1/462,0,175,112,63,224,49,126,161,14,189,98,77,210,35,140,147,28,203,84,91,196,21|8/21,1,12,-1,13,104,0,1,5,8,177,1/462,0,177,108,69,216,39,138,147,30,207,78,99,186,9,168,117,60,225,48,129,156,21|10/21,-1,18,1,19,190,0,1,9,10,219,1/462,0,219,24,195,48,171,72,147,96,123,120,99,144,75,168,51,192,27,216,3,222,21|10/21,1,1,-1,2,20,0,1,1,10,221,1/462,0,221,20,201,40,181,60,161,80,141,100,121,120,101,140,81,160,61,180,41,200,21|11/21,-1,1,1,2,22,0,1,1,11,241,1/462,0,221,20,201,40,181,60,161,80,141,100,121,120,101,140,81,160,61,180,41,200,21|11/21,1,18,-1,19,209,0,1,10,11,243,1/462,0,219,24,195,48,171,72,147,96,123,120,99,144,75,168,51,192,27,216,3,222,21|13/21,-1,12,1,13,169,0,1,8,13,285,1/462,0,177,108,69,216,39,138,147,30,207,78,99,186,9,168,117,60,225,48,129,156,21|13/21,1,7,-1,8,104,0,1,5,13,287,1/462,0,175,112,63,224,49,126,161,14,189,98,77,210,35,140,147,28,203,84,91,196,21|16/21,-1,3,1,4,64,0,1,3,16,351,1/462,0,111,222,129,18,93,204,147,36,75,186,165,54,57,168,183,72,39,150,201,90,21|16/21,1,16,-1,17,272,0,1,13,16,353,1/462,0,109,218,135,26,83,192,161,52,57,166,187,78,31,140,213,104,5,114,223,130,21|17/21,-1,4,1,5,85,0,1,4,17,373,1/462,0,89,178,195,106,17,72,161,212,123,34,55,144,229,140,51,38,127,216,157,68,21|17/21,1,15,-1,16,272,0,1,13,17,375,1/462,0,87,174,201,114,27,60,147,228,141,54,33,120,207,168,81,6,93,180,195,108,21|19/21,-1,9,1,10,190,0,1,9,19,417,1/462,0,45,90,135,180,225,192,147,102,57,12,33,78,123,168,213,204,159,114,69,24,21|19/21,1,10,-1,11,209,0,1,10,19,419,1/462,0,43,86,129,172,215,204,161,118,75,32,11,54,97,140,183,226,193,150,107,64,21|20/21,-1,19,1,20,400,0,1,19,20,439,1/462,0,23,46,69,92,115,138,161,184,207,230,209,186,163,140,117,94,71,48,25,2,21|20/21,1,0,-1,1,20,0,1,1,20,441,1/462,1,21,42,63,84,105,126,147,168,189,210,231,210,189,168,147,126,105,84,63,42,21
25	0	2	21/484	21/484;463/484	21/484:21;463/484:21	21/484,1,21,-1,22,21,21,1,1,0,1,1/11132,1,1,2,3,4,5,6,7,8,9,10,11,11,10,9,8,7,6,5,4,3,2,1|463/484,-1,21,1,22,463,21,1,21,1,22,1/11132,1,1,2,3,4,5,6,7,8,9,10,11,11,10,9,8,7,6,5,4,3,2,1
25	1	2	10/231	221/462;241/462	221/462:20;241/462:20	221/462,-1,20,1,21,221,20,1,10,1,22,1/10626,1,22,2,20,4,18,6,16,8,14,10,12,12,10,14,8,16,6,18,4,20,2,22|241/462,1,20,-1,21,241,20,1,11,1,24,1/10626,1,22,2,20,4,18,6,16,8,14,10,12,12,10,14,8,16,6,18,4,20,2,22
25	2	4	19/440	153/440;287/440	153/440:19;287/440:19	153/440,1,19,-1,20,153,19,1,7,1,24,1/10120,1,24,21,3,27,18,6,30,15,9,33,12,12,33,9,15,30,6,18,27,3,21,24|287/440,-1,19,1,20,287,19,1,13,2,45,1/10120,1,24,21,3,27,18,6,30,15,9,33,12,12,33,9,15,30,6,18,27,3,21,24
25	3	4	9/209	109/418;309/418	109/418:18;309/418:18	109/418,1,18,-1,19,109,18,1,5,1,24,1/9614,1,24,44,20,4,28,40,16,8,32,36,12,12,36,32,8,16,40,28,4,20,44,24|309/418,-1,18,1,19,309,18,1,14,3,68,1/9614,1,24,44,20,4,28,40,16,8,32,36,12,12,36,32,8,16,40,28,4,20,44,24
25	4	8	17/396	155/396;241/396	155/396:17;241/396:17	155/396,-1,17,1,18,155,17,1,7,2,45,1/9108,1,45,25,20,50,5,40,30,15,55,10,35,35,10,55,15,30,40,5,50,20,25,45|241/396,1,17,-1,18,241,17,1,11,3,70,1/9108,1,45,25,20,50,5,40,30,15,55,10,35,35,10,55,15,30,40,5,50,20,25,45
25	5	4	8/187	65/374;309/374	65/374:16;309/374:16	65/374,1,16,-1,17,65,16,1,3,1,24,1/8602,1,24,48,66,42,18,6,30,54,60,36,12,12,36,60,54,30,6,18,42,66,48,24|309/374,-1,16,1,17,309,16,1,14,5,114,1/8602,1,24,48,66,42,18,6,30,54,60,36,12,12,36,60,54,30,6,18,42,66,48,24
25	6	12	15/352	153/352;199/352	153/352:15;199/352:15	153/352,1,15,-1,16,153,15,1,7,3,70,1/8096,1,70,21,49,42,28,63,7,77,14,56,35,35,56,14,77,7,63,28,42,49,21,70|199/352,-1,15,1,16,199,15,1,9,4,91,1/8096,1,70,21,49,42,28,63,7,77,14,56,35,35,56,14,77,7,63,28,42,49,21,70
25	7	8	7/165	43/330;287/330	43/330:14;287/330:14	43/330,1,14,-1,15,43,14,1,2,1,24,1/7590,1,24,48,72,88,64,40,16,8,32,56,80,80,56,32,8,16,40,64,88,72,48,24|287/330,-1,14,1,15,287,14,1,13,7,160,1/7590,1,24,48,72,88,64,40,16,8,32,56,80,80,56,32,8,16,40,64,88,72,48,24
25	8	12	13/308	67/308;241/308	67/308:13;241/308:13	67/308,-1,13,1,14,67,13,1,3,2,45,1/7084,1,45,90,72,27,18,63,99,54,9,36,81,81,36,9,54,99,63,18,27,72,90,45|241/308,1,13,-1,14,241,13,1,11,7,162,1/7084,1,45,90,72,27,18,63,99,54,9,36,81,81,36,9,54,99,63,18,27,72,90,45
25	9	8	6/143	87/286;199/286	87/286:12;199/286:12	87/286,1,12,-1,13,87,12,1,4,3,70,1/6578,1,70,90,20,50,110,40,30,100,60,10,80,80,10,60,100,30,40,110,50,20,90,70|199/286,-1,12,1,13,199,12,1,9,7,160,1/6578,1,70,90,20,50,110,40,30,100,60,10,80,80,10,60,100,30,40,110,50,20,90,70
25	10	20	1/24	23/264;241/264	23/264:11;241/264:11	23/264,-1,11,1,12,23,11,1,1,1,22,1/6072,1,22,44,66,88,110,121,99,77,55,33,11,11,33,55,77,99,121,110,88,66,44,22|241/264,1,11,-1,12,241,11,1,11,10,231,1/6072,1,22,44,66,88,110,121,99,77,55,33,11,11,33,55,77,99,121,110,88,66,44,22
25	11	4	5/121	21/242;221/242	21/242:10;221/242:10	21/242,1,10,-1,11,21,10,1,1,1,24,1/5566,1,24,48,72,96,120,132,108,84,60,36,12,12,36,60,84,108,132,120,96,72,48,24|221/242,-1,10,1,11,221,10,1,10,11,252,1/5566,1,24,48,72,96,120,132,108,84,60,36,12,12,36,60,84,108,132,120,96,72,48,24
25	12	12	9/220	67/220;153/220	67/220:9;153/220:9	67/220,-1,9,1,10,67,9,1,3,4,91,1/5060,1,91,117,26,65,143,52,39,130,78,13,104,104,13,78,130,39,52,143,65,26,117,91|153/220,1,9,-1,10,153,9,1,7,9,208,1/5060,1,91,117,26,65,143,52,39,130,78,13,104,104,13,78,130,39,52,143,65,26,117,91
25	13	6	4/99	43/198;155/198	43/198:8;155/198:8	43/198,1,8,-1,9,43,8,1,2,3,70,1/4554,1,70,140,112,42,28,98,154,84,14,56,126,126,56,14,84,154,98,28,42,112,140,70|155/198,-1,8,1,9,155,8,1,7,11,252,1/4554,1,70,140,112,42,28,98,154,84,14,56,126,126,56,14,84,154,98,28,42,112,140,70
25	14	8	7/176	23/176;153/176	23/176:7;153/176:7	23/176,-1,7,1,8,23,7,1,1,2,45,1/4048,1,45,90,135,165,120,75,30,15,60,105,150,150,105,60,15,30,75,120,165,135,90,45|153/176,1,7,-1,8,153,7,1,7,13,300,1/4048,1,45,90,135,165,120,75,30,15,60,105,150,150,105,60,15,30,75,120,165,135,90,45
25	15	8	3/77	67/154;87/154	67/154:6;87/154:6	67/154,-1,6,1,7,67,6,1,3,7,160,1/3542,1,160,48,112,96,64,144,16,176,32,128,80,80,128,32,176,16,144,64,96,112,48,160|87/154,1,6,-1,7,87,6,1,4,9,208,1/3542,1,160,48,112,96,64,144,16,176,32,128,80,80,128,32,176,16,144,64,96,112,48,160
25	16	16	5/132	23/132;109/132	23/132:5;109/132:5	23/132,-1,5,1,6,23,5,1,1,3,68,1/3036,1,68,136,187,119,51,17,85,153,170,102,34,34,102,170,153,85,17,51,119,187,136,68|109/132,1,5,-1,6,109,5,1,5,14,323,1/3036,1,68,136,187,119,51,17,85,153,170,102,34,34,102,170,153,85,17,51,119,187,136,68
25	17	6	2/55	43/110;67/110	43/110:4;67/110:4	43/110,1,4,-1,5,43,4,1,2,7,162,1/2530,1,162,90,72,180,18,144,108,54,198,36,126,126,36,198,54,108,144,18,180,72,90,162|67/110,-1,4,1,5,67,4,1,3,11,252,1/2530,1,162,90,72,180,18,144,108,54,198,36,126,126,36,198,54,108,144,18,180,72,90,162
25	18	18	3/88	23/88;65/88	23/88:3;65/88:3	23/88,-1,3,1,4,23,3,1,1,5,114,1/2024,1,114,209,95,19,133,190,76,38,152,171,57,57,171,152,38,76,190,133,19,95,209,114|65/88,1,3,-1,4,65,3,1,3,14,323,1/2024,1,114,209,95,19,133,190,76,38,152,171,57,57,171,152,38,76,190,133,19,95,209,114
25	19	8	1/33	23/66;43/66	23/66:2;43/66:2	23/66,-1,2,1,3,23,2,1,1,7,160,1/1518,1,160,140,20,180,120,40,200,100,60,220,80,80,220,60,100,200,40,120,180,20,140,160|43/66,1,2,-1,3,43,2,1,2,13,300,1/1518,1,160,140,20,180,120,40,200,100,60,220,80,80,220,60,100,200,40,120,180,20,140,160
25	20	12	1/44	21/44;23/44	21/44:1;23/44:1	21/44,1,1,-1,2,21,1,1,1,10,231,1/1012,1,231,21,210,42,189,63,168,84,147,105,126,126,105,147,84,168,63,189,42,210,21,231|23/44,-1,1,1,2,23,1,1,1,11,252,1/1012,1,231,21,210,42,189,63,168,84,147,105,126,126,105,147,84,168,63,189,42,210,21,231
25	21	10	0/1	1/22;3/22;5/22;7/22;9/22;13/22;15/22;17/22;19/22;21/22	1/22:0,20;3/22:6,14;5/22:8,12;7/22:2,18;9/22:4,16;13/22:4,16;15/22:2,18;17/22:8,12;19/22:6,14;21/22:0,20	1/22,-1,0,1,1,1,0,1,0,1,22,1/506,1,22,44,66,88,110,132,154,176,198,220,242,242,220,198,176,154,132,110,88,66,44,22|1/22,1,20,-1,21,21,0,1,1,1,24,1/506,0,24,48,72,96,120,144,168,192,216,240,242,218,194,170,146,122,98,74,50,26,2,22|3/22,-1,14,1,15,45,0,1,2,3,68,1/506,0,68,136,204,234,166,98,30,38,106,174,242,196,128,60,8,76,144,212,226,158,90,22|3/22,1,6,-1,7,21,0,1,1,3,70,1/506,0,70,140,210,226,156,86,16,54,124,194,242,172,102,32,38,108,178,248,188,118,48,22|5/22,-1,8,1,9,45,0,1,2,5,114,1/506,0,114,228,164,50,64,178,214,100,14,128,242,150,36,78,192,200,86,28,142,250,136,22|5/22,1,12,-1,13,65,0,1,3,5,116,1/506,0,116,232,158,42,74,190,200,84,32,148,242,126,10,106,222,168,52,64,180,210,94,22|7/22,-1,18,1,19,133,0,1,6,7,160,1/506,0,160,186,26,134,212,52,108,238,78,82,242,104,56,216,130,30,190,156,4,164,182,22|7/22,1,2,-1,3,21,0,1,1,7,162,1/506,0,162,182,20,142,202,40,122,222,60,102,242,80,82,244,100,62,224,120,42,204,140,22|9/22,-1,4,1,5,45,0,1,2,9,206,1/506,0,206,94,112,188,18,224,76,130,170,36,242,58,148,152,54,246,40,166,134,72,228,22|9/22,1,16,-1,17,153,0,1,7,9,208,1/506,0,208,90,118,180,28,236,62,146,152,56,242,34,174,124,84,214,6,202,96,112,186,22|13/22,-1,16,1,17,221,0,1,10,13,298,1/506,0,208,90,118,180,28,236,62,146,152,56,242,34,174,124,84,214,6,202,96,112,186,22|13/22,1,4,-1,5,65,0,1,3,13,300,1/506,0,206,94,112,188,18,224,76,130,170,36,242,58,148,152,54,246,40,166,134,72,228,22|15/22,-1,2,1,3,45,0,1,2,15,344,1/506,0,162,182,20,142,202,40,122,222,60,102,242,80,82,244,100,62,224,120,42,204,140,22|15/22,1,18,-1,19,285,0,1,13,15,346,1/506,0,160,186,26,134,212,52,108,238,78,82,242,104,56,216,130,30,190,156,4,164,182,22|17/22,-1,12,1,13,221,0,1,10,17,390,1/506,0,116,232,158,42,74,190,200,84,32,148,242,126,10,106,222,168,52,64,180,210,94,22|17/22,1,8,-1,9,153,0,1,7,17,392,1/506,0,114,228,164,50,64,178,214,100,14,128,242,150,36,78,192,200,86,28,142,250,136,22|19/22,-1,6,1,7,133,0,1,6,19,436,1/506,0,70,140,210,226,156,86,16,54,124,194,242,172,102,32,38,108,178,248,188,118,48,22|19/22,1,14,-1,15,285,0,1,13,19,438,1/506,0,68,136,204,234,166,98,30,38,106,174,242,196,128,60,8,76,144,212,226,158,90,22|21/22,-1,20,1,21,441,0,1,20,21,482,1/506,0,24,48,72,96,120,144,168,192,216,240,242,218,194,170,146,122,98,74,50,26,2,22|21/22,1,0,-1,1,21,0,1,1,21,484,1/506,1,22,44,66,88,110,132,154,176,198,220,242,242,220,198,176,154,132,110,88,66,44,22
26	0	2	22/529	22/529;507/529	22/529:22;507/529:22	22/529,1,22,-1,23,22,22,1,1,0,1,1/12696,1,1,2,3,4,5,6,7,8,9,10,11,12,11,10,9,8,7,6,5,4,3,2,1|507/529,-1,22,1,23,507,22,1,22,1,23,1/12696,1,1,2,3,4,5,6,7,8,9,10,11,12,11,10,9,8,7,6,5,4,3,2,1
26	1	2	21/529	254/529;275/529	254/529:22;275/529:22	254/529,-1,22,1,23,254,21,1,11,1,23,25/25392,0,23,2,21,4,19,6,17,8,15,10,13,12,11,14,9,16,7,18,5,20,3,22,1|275/529,1,22,-1,23,275,21,1,12,1,25,25/25392,0,23,2,21,4,19,6,17,8,15,10,13,12,11,14,9,16,7,18,5,20,3,22,1
26	2	4	10/253	81/253;172/253	81/253:21;172/253:21	81/253,-1,21,1,22,162,20,1,7,1,23,13/18216,0,23,26,3,20,29,6,17,32,9,14,35,12,11,34,15,8,31,18,5,28,21,2,25|172/253,1,21,-1,22,344,20,1,15,2,49,13/18216,0,23,26,3,20,29,6,17,32,9,14,35,12,11,34,15,8,31,18,5,28,21,2,25
26	3	4	19/483	116/483;367/483	116/483:20;367/483:20	116/483,-1,20,1,21,116,19,1,5,1,23,3/5152,0,23,46,27,4,19,42,31,8,15,38,35,12,11,34,39,16,7,30,43,20,3,26,47|367/483,1,20,-1,21,367,19,1,16,3,73,3/5152,0,23,46,27,4,19,42,31,8,15,38,35,12,11,34,39,16,7,30,43,20,3,26,47
26	4	8	18/437	91/437;346/437	91/437:18;346/437:18	91/437,1,18,-1,19,91,18,1,4,1,25,1/10488,1,25,50,45,20,5,30,55,40,15,10,35,60,35,10,15,40,55,30,5,20,45,50,25|346/437,-1,18,1,19,346,18,1,15,4,95,1/10488,1,25,50,45,20,5,30,55,40,15,10,35,60,35,10,15,40,55,30,5,20,45,50,25
26	5	4	17/437	70/437;367/437	70/437:18;367/437:18	70/437,-1,18,1,19,70,17,1,3,1,23,29/62928,0,23,46,69,52,29,6,17,40,63,58,35,12,11,34,57,64,41,18,5,28,51,70,47|367/437,1,18,-1,19,367,17,1,16,5,121,29/62928,0,23,46,69,52,29,6,17,40,63,58,35,12,11,34,57,64,41,18,5,28,51,70,47
26	6	12	16/391	114/391;277/391	114/391:16;277/391:16	114/391,1,16,-1,17,114,16,1,5,2,49,1/9384,1,49,70,21,28,77,42,7,56,63,14,35,84,35,14,63,56,7,42,77,28,21,70,49|277/391,-1,16,1,17,277,16,1,12,5,119,1/9384,1,49,70,21,28,77,42,7,56,63,14,35,84,35,14,63,56,7,42,77,28,21,70,49
26	7	8	15/391	47/391;344/391	47/391:16;344/391:16	47/391,-1,16,1,17,47,15,1,2,1,23,31/75072,0,23,46,69,92,77,54,31,8,15,38,61,84,85,62,39,16,7,30,53,76,93,70,47|344/391,1,16,-1,17,344,15,1,15,7,169,31/75072,0,23,46,69,92,77,54,31,8,15,38,61,84,85,62,39,16,7,30,53,76,93,70,47
26	8	12	7/184	81/184;103/184	81/184:15;103/184:15	81/184,-1,15,1,16,162,14,1,7,4,95,1/2484,0,95,26,69,52,43,78,17,104,9,86,35,60,61,34,87,8,103,18,77,44,51,70,25|103/184,1,15,-1,16,206,14,1,9,5,121,1/2484,0,95,26,69,52,43,78,17,104,9,86,35,60,61,34,87,8,103,18,77,44,51,70,25
26	9	8	13/391	116/391;275/391	116/391:16;275/391:16	116/391,-1,16,1,17,116,13,1,5,3,71,79/93840,0,71,98,27,44,115,54,17,88,81,10,61,108,37,34,105,64,7,78,91,20,51,118,47|275/391,1,16,-1,17,275,13,1,12,7,169,79/93840,0,71,98,27,44,115,54,17,88,81,10,61,108,37,34,105,64,7,78,91,20,51,118,47
26	10	20	12/299	137/299;162/299	137/299:12;162/299:12	137/299,1,12,-1,13,137,12,1,6,5,121,1/7176,1,121,22,99,44,77,66,55,88,33,110,11,132,11,110,33,88,55,66,77,44,99,22,121|162/299,-1,12,1,13,162,12,1,7,6,143,1/7176,1,121,22,99,44,77,66,55,88,33,110,11,132,11,110,33,88,55,66,77,44,99,22,121
26	11	4	11/299	24/299;275/299	24/299:12;275/299:12	24/299,-1,12,1,13,24,11,1,1,1,23,35/86112,0,23,46,69,92,115,138,127,104,81,58,35,12,11,34,57,80,103,126,139,116,93,70,47|275/299,1,12,-1,13,275,11,1,12,11,265,35/86112,0,23,46,69,92,115,138,127,104,81,58,35,12,11,34,57,80,103,126,139,116,93,70,47
26	12	12	10/253	116/253;137/253	116/253:10;137/253:10	116/253,-1,10,1,11,116,10,1,5,6,143,1/6072,1,143,26,117,52,91,78,65,104,39,130,13,156,13,130,39,104,65,78,91,52,117,26,143|137/253,1,10,-1,11,137,10,1,6,7,169,1/6072,1,143,26,117,52,91,78,65,104,39,130,13,156,13,130,39,104,65,78,91,52,117,26,143
26	13	6	9/253	91/253;162/253	91/253:10;162/253:10	91/253,1,10,-1,11,91,9,1,4,5,121,37/85008,0,121,94,27,148,67,54,161,40,81,134,13,108,107,14,135,80,41,162,53,68,147,26,95|162/253,-1,10,1,11,162,9,1,7,9,215,37/85008,0,121,94,27,148,67,54,161,40,81,134,13,108,107,14,135,80,41,162,53,68,147,26,95
26	14	8	8/253	68/253;185/253	68/253:10;185/253:10	68/253,1,10,-1,11,68,8,1,3,4,97,61/91080,0,97,166,69,28,125,138,41,56,153,110,13,84,179,82,15,112,151,54,43,140,123,26,71|185/253,-1,10,1,11,185,8,1,8,11,263,61/91080,0,97,166,69,28,125,138,41,56,153,110,13,84,179,82,15,112,151,54,43,140,123,26,71
26	15	8	7/207	91/207;116/207	91/207:8;116/207:8	91/207,1,8,-1,9,91,7,1,4,7,169,13/26496,0,169,46,123,92,77,138,31,184,15,154,61,108,107,62,153,16,185,30,139,76,93,122,47|116/207,-1,8,1,9,116,7,1,5,9,215,13/26496,0,169,46,123,92,77,138,31,184,15,154,61,108,107,62,153,16,185,30,139,76,93,122,47
26	16	16	6/161	47/161;114/161	47/161:6;114/161:6	47/161,-1,6,1,7,47,6,1,2,5,119,1/3864,1,119,170,51,68,187,102,17,136,153,34,85,204,85,34,153,136,17,102,187,68,51,170,119|114/161,1,6,-1,7,114,6,1,5,12,289,1/3864,1,119,170,51,68,187,102,17,136,153,34,85,204,85,34,153,136,17,102,187,68,51,170,119
26	17	6	5/161	45/161;116/161	45/161:6;116/161:6	45/161,1,6,-1,7,45,5,1,2,5,121,41/69552,0,121,190,69,52,173,138,17,104,207,86,35,156,155,34,87,208,103,18,139,172,51,70,191|116/161,-1,6,1,7,116,5,1,5,13,311,41/69552,0,121,190,69,52,173,138,17,104,207,86,35,156,155,34,87,208,103,18,139,172,51,70,191
26	18	18	4/115	24/115;91/115	24/115:4;91/115:4	24/115,-1,4,1,5,24,4,1,1,4,95,1/2760,1,95,190,171,76,19,114,209,152,57,38,133,228,133,38,57,152,209,114,19,76,171,190,95|91/115,1,4,-1,5,91,4,1,4,15,361,1/2760,1,95,190,171,76,19,114,209,152,57,38,133,228,133,38,57,152,209,114,19,76,171,190,95
26	19	8	3/161	24/161;137/161	24/161:6;137/161:6	24/161,-1,6,1,7,24,3,1,1,3,71,89/77280,0,71,142,213,196,125,54,17,88,159,230,179,108,37,34,105,176,233,162,91,20,51,122,193|137/161,1,6,-1,7,137,3,1,6,17,409,89/77280,0,71,142,213,196,125,54,17,88,159,230,179,108,37,34,105,176,233,162,91,20,51,122,193
26	20	12	1/46	11/46;35/46	11/46:3;35/46:3	11/46,1,3,-1,4,22,2,1,1,5,121,11/11592,0,121,242,141,20,101,222,161,40,81,202,181,60,61,182,201,80,41,162,221,100,21,142,241|35/46,-1,3,1,4,70,2,1,3,16,383,11/11592,0,121,242,141,20,101,222,161,40,81,202,181,60,61,182,201,80,41,162,221,100,21,142,241
26	21	10	1/69	22/69;47/69	22/69:2;47/69:2	22/69,1,2,-1,3,22,1,1,1,7,169,5/4048,0,169,190,21,148,211,42,127,232,63,106,253,84,85,254,105,64,233,126,43,212,147,22,191|47/69,-1,2,1,3,47,1,1,2,15,359,5/4048,0,169,190,21,148,211,42,127,232,63,106,253,84,85,254,105,64,233,126,43,212,147,22,191
26	22	22	0/1	1/23;2/23;3/23;4/23;5/23;6/23;7/23;8/23;9/23;10/23;11/23;12/23;13/23;14/23;15/23;16/23;17/23;18/23;19/23;20/23;21/23;22/23	1/23:0,21;2/23:10,11;3/23:7,14;4/23:5,16;5/23:8,13;6/23:3,18;7/23:9,12;8/23:2,19;9/23:4,17;10/23:6,15;11/23:1,20;12/23:1,20;13/23:6,15;14/23:4,17;15/23:2,19;16/23:9,12;17/23:3,18;18/23:8,13;19/23:5,16;20/23:7,14;21/23:10,11;22/23:0,21	1/23,-1,0,1,1,1,0,1,0,1,23,1/552,1,23,46,69,92,115,138,161,184,207,230,253,276,253,230,207,184,161,138,115,92,69,46,23|1/23,1,21,-1,22,22,0,1,1,1,25,1/552,0,25,50,75,100,125,150,175,200,225,250,275,252,227,202,177,152,127,102,77,52,27,2,23|2/23,-1,11,1,12,24,0,1,1,2,47,1/552,0,47,94,141,188,235,270,223,176,129,82,35,12,59,106,153,200,247,258,211,164,117,70,23|2/23,1,10,-1,11,22,0,1,1,2,49,1/552,0,49,98,147,196,245,258,209,160,111,62,13,36,85,134,183,232,271,222,173,124,75,26,23|3/23,-1,7,1,8,24,0,1,1,3,71,1/552,0,71,142,213,268,197,126,55,16,87,158,229,252,181,110,39,32,103,174,245,236,165,94,23|3/23,1,14,-1,15,45,0,1,2,3,73,1/552,0,73,146,219,260,187,114,41,32,105,178,251,228,155,82,9,64,137,210,269,196,123,50,23|4/23,-1,5,1,6,24,0,1,1,4,95,1/552,0,95,190,267,172,77,18,113,208,249,154,59,36,131,226,231,136,41,54,149,244,213,118,23|4/23,1,16,-1,17,68,0,1,3,4,97,1/552,0,97,194,261,164,67,30,127,224,231,134,37,60,157,254,201,104,7,90,187,268,171,74,23|5/23,-1,13,1,14,70,0,1,3,5,119,1/552,0,119,238,195,76,43,162,271,152,33,86,205,228,109,10,129,248,185,66,53,172,261,142,23|5/23,1,8,-1,9,45,0,1,2,5,121,1/552,0,121,242,189,68,53,174,257,136,15,106,227,204,83,38,159,272,151,30,91,212,219,98,23|6/23,-1,3,1,4,24,0,1,1,6,143,1/552,0,143,266,123,20,163,246,103,40,183,226,83,60,203,206,63,80,223,186,43,100,243,166,23|6/23,1,18,-1,19,114,0,1,5,6,145,1/552,0,145,262,117,28,173,234,89,56,201,206,61,84,229,178,33,112,257,150,5,140,267,122,23|7/23,-1,9,1,10,70,0,1,3,7,167,1/552,0,167,218,51,116,269,102,65,232,153,14,181,204,37,130,255,88,79,246,139,28,195,190,23|7/23,1,12,-1,13,91,0,1,4,7,169,1/552,0,169,214,45,124,259,90,79,248,135,34,203,180,11,158,225,56,113,270,101,68,237,146,23|8/23,-1,2,1,3,24,0,1,1,8,191,1/552,0,191,170,21,212,149,42,233,128,63,254,107,84,275,86,105,256,65,126,235,44,147,214,23|8/23,1,19,-1,20,160,0,1,7,8,193,1/552,0,193,166,27,220,139,54,247,112,81,274,85,108,251,58,135,224,31,162,197,4,189,170,23|9/23,-1,17,1,18,162,0,1,7,9,215,1/552,0,215,122,93,244,29,186,151,64,273,58,157,180,35,250,87,128,209,6,221,116,99,238,23|9/23,1,4,-1,5,45,0,1,2,9,217,1/552,0,217,118,99,236,19,198,137,80,255,38,179,156,61,274,57,160,175,42,259,76,141,194,23|10/23,-1,6,1,7,70,0,1,3,10,239,1/552,0,239,74,165,148,91,222,17,256,57,182,131,108,205,34,273,40,199,114,125,188,51,262,23|10/23,1,15,-1,16,160,0,1,7,10,241,1/552,0,241,70,171,140,101,210,31,272,39,202,109,132,179,62,249,8,233,78,163,148,93,218,23|11/23,-1,20,1,21,231,0,1,10,11,263,1/552,0,263,26,237,52,211,78,185,104,159,130,133,156,107,182,81,208,55,234,29,260,3,266,23|11/23,1,1,-1,2,22,0,1,1,11,265,1/552,0,265,22,243,44,221,66,199,88,177,110,155,132,133,154,111,176,89,198,67,220,45,242,23|12/23,-1,1,1,2,24,0,1,1,12,287,1/552,0,265,22,243,44,221,66,199,88,177,110,155,132,133,154,111,176,89,198,67,220,45,242,23|12/23,1,20,-1,21,252,0,1,11,12,289,1/552,0,263,26,237,52,211,78,185,104,159,130,133,156,107,182,81,208,55,234,29,260,3,266,23|13/23,-1,15,1,16,208,0,1,9,13,311,1/552,0,241,70,171,140,101,210,31,272,39,202,109,132,179,62,249,8,233,78,163,148,93,218,23|13/23,1,6,-1,7,91,0,1,4,13,313,1/552,0,239,74,165,148,91,222,17,256,57,182,131,108,205,34,273,40,199,114,125,188,51,262,23|14/23,-1,4,1,5,70,0,1,3,14,335,1/552,0,217,118,99,236,19,198,137,80,255,38,179,156,61,274,57,160,175,42,259,76,141,194,23|14/23,1,17,-1,18,252,0,1,11,14,337,1/552,0,215,122,93,244,29,186,151,64,273,58,157,180,35,250,87,128,209,6,221,116,99,238,23|15/23,-1,19,1,20,300,0,1,13,15,359,1/552,0,193,166,27,220,139,54,247,112,81,274,85,108,251,58,135,224,31,162,197,4,189,170,23|15/23,1,2,-1,3,45,0,1,2,15,361,1/552,0,191,170,21,212,149,42,233,128,63,254,107,84,275,86,105,256,65,126,235,44,147,214,23|16/23,-1,12,1,13,208,0,1,9,16,383,1/552,0,169,214,45,124,259,90,79,248,135,34,203,180,11,158,225,56,113,270,101,68,237,146,23|16/23,1,9,-1,10,160,0,1,7,16,385,1/552,0,167,218,51,116,269,102,65,232,153,14,181,204,37,130,255,88,79,246,139,28,195,190,23|17/23,-1,18,1,19,323,0,1,14,17,407,1/552,0,145,262,117,28,173,234,89,56,201,206,61,84,229,178,33,112,257,150,5,140,267,122,23|17/23,1,3,-1,4,68,0,1,3,17,409,1/552,0,143,266,123,20,163,246,103,40,183,226,83,60,203,206,63,80,223,186,43,100,243,166,23|18/23,-1,8,1,9,162,0,1,7,18,431,1/552,0,121,242,189,68,53,174,257,136,15,106,227,204,83,38,159,272,151,30,91,212,219,98,23|18/23,1,13,-1,14,252,0,1,11,18,433,1/552,0,119,238,195,76,43,162,271,152,33,86,205,228,109,10,129,248,185,66,53,172,261,142,23|19/23,-1,16,1,17,323,0,1,14,19,455,1/552,0,97,194,261,164,67,30,127,224,231,134,37,60,157,254,201,104,7,90,187,268,171,74,23|19/23,1,5,-1,6,114,0,1,5,19,457,1/552,0,95,190,267,172,77,18,113,208,249,154,59,36,131,226,231,136,41,54,149,244,213,118,23|20/23,-1,14,1,15,300,0,1,13,20,479,1/552,0,73,146,219,260,187,114,41,32,105,178,251,228,155,82,9,64,137,210,269,196,123,50,23|20/23,1,7,-1,8,160,0,1,7,20,481,1/552,0,71,142,213,268,197,126,55,16,87,158,229,252,181,110,39,32,103,174,245,236,165,94,23|21/23,-1,10,1,11,231,0,1,10,21,503,1/552,0,49,98,147,196,245,258,209,160,111,62,13,36,85,134,183,232,271,222,173,124,75,26,23|21/23,1,11,-1,12,252,0,1,11,21,505,1/552,0,47,94,141,188,235,270,223,176,129,82,35,12,59,106,153,200,247,258,211,164,117,70,23|22/23,-1,21,1,22,484,0,1,21,22,527,1/552,0,25,50,75,100,125,150,175,200,225,250,275,252,227,202,177,152,127,102,77,52,27,2,23|22/23,1,0,-1,1,22,0,1,1,22,529,1/552,1,23,46,69,92,115,138,161,184,207,230,253,276,253,230,207,184,161,138,115,92,69,46,23
27	0	2	23/576	23/576;553/576	23/576:23;553/576:23	23/576,1,23,-1,24,23,23,1,1,0,1,1/14400,1,1,2,3,4,5,6,7,8,9,10,11,12,12,11,10,9,8,7,6,5,4,3,2,1|553/576,-1,23,1,24,553,23,1,23,1,24,1/14400,1,1,2,3,4,5,6,7,8,9,10,11,12,12,11,10,9,8,7,6,5,4,3,2,1
27	1	2	11/276	265/552;287/552	265/552:22;287/552:22	265/552,-1,22,1,23,265,22,1,11,1,24,1/13800,1,24,2,22,4,20,6,18,8,16,10,14,12,12,14,10,16,8,18,6,20,4,22,2,24|287/552,1,22,-1,23,287,22,1,12,1,26,1/13800,1,24,2,22,4,20,6,18,8,16,10,14,12,12,14,10,16,8,18,6,20,4,22,2,24
27	2	4	7/176	169/528;359/528	169/528:21;359/528:21	169/528,-1,21,1,22,169,21,1,7,1,24,1/13200,1,24,27,3,21,30,6,18,33,9,15,36,12,12,36,15,9,33,18,6,30,21,3,27,24|359/528,1,21,-1,22,359,21,1,15,2,51,1/13200,1,24,27,3,21,30,6,18,33,9,15,36,12,12,36,15,9,33,18,6,30,21,3,27,24
27	3	4	5/126	121/504;383/504	121/504:20;383/504:20	121/504,-1,20,1,21,121,20,1,5,1,24,1/12600,1,24,48,28,4,20,44,32,8,16,40,36,12,12,36,40,16,8,32,44,20,4,28,48,24|383/504,1,20,-1,21,383,20,1,16,3,76,1/12600,1,24,48,28,4,20,44,32,8,16,40,36,12,12,36,40,16,8,32,44,20,4,28,48,24
27	4	8	19/504	97/504;407/504	97/504:20;407/504:20	97/504,-1,20,1,21,97,19,1,4,1,24,29/63000,0,24,48,53,29,5,19,43,58,34,10,14,38,62,39,15,9,33,57,44,20,4,28,52,49|407/504,1,20,-1,21,407,19,1,17,4,101,29/63000,0,24,48,53,29,5,19,43,58,34,10,14,38,62,39,15,9,33,57,44,20,4,28,52,49
27	5	4	3/76	73/456;383/456	73/456:18;383/456:18	73/456,-1,18,1,19,73,18,1,3,1,24,1/11400,1,24,48,72,54,30,6,18,42,66,60,36,12,12,36,60,66,42,18,6,30,54,72,48,24|383/456,1,18,-1,19,383,18,1,16,5,126,1/11400,1,24,48,72,54,30,6,18,42,66,60,36,12,12,36,60,66,42,18,6,30,54,72,48,24
27	6	12	17/432	121/432;311/432	121/432:17;311/432:17	121/432,-1,17,1,18,121,17,1,5,2,49,1/10800,1,49,77,28,21,70,56,7,42,84,35,14,63,63,14,35,84,42,7,56,70,21,28,77,49|311/432,1,17,-1,18,311,17,1,13,5,126,1/10800,1,49,77,28,21,70,56,7,42,84,35,14,63,63,14,35,84,42,7,56,70,21,28,77,49
27	7	8	2/51	49/408;359/408	49/408:16;359/408:16	49/408,-1,16,1,17,49,16,1,2,1,24,1/10200,1,24,48,72,96,80,56,32,8,16,40,64,88,88,64,40,16,8,32,56,80,96,72,48,24|359/408,1,16,-1,17,359,16,1,15,7,176,1/10200,1,24,48,72,96,80,56,32,8,16,40,64,88,88,64,40,16,8,32,56,80,96,72,48,24
27	8	12	5/128	169/384;215/384	169/384:15;215/384:15	169/384,-1,15,1,16,169,15,1,7,4,99,1/9600,1,99,27,72,54,45,81,18,108,9,90,36,63,63,36,90,9,108,18,81,45,54,72,27,99|215/384,1,15,-1,16,215,15,1,9,5,126,1/9600,1,99,27,72,54,45,81,18,108,9,90,36,63,63,36,90,9,108,18,81,45,54,72,27,99
27	9	8	7/204	121/408;287/408	121/408:16;287/408:16	121/408,-1,16,1,17,121,14,1,5,3,74,29/51000,0,74,102,28,46,120,56,18,92,84,10,64,112,38,36,110,66,8,82,94,20,54,122,48,26|287/408,1,16,-1,17,287,14,1,12,7,176,29/51000,0,74,102,28,46,120,56,18,92,84,10,64,112,38,36,110,66,8,82,94,20,54,122,48,26
27	10	20	13/336	121/336;215/336	121/336:13;215/336:13	121/336,-1,13,1,14,121,13,1,5,4,99,1/8400,1,99,77,22,121,55,44,132,33,66,110,11,88,88,11,110,66,33,132,44,55,121,22,77,99|215/336,1,13,-1,14,215,13,1,9,7,176,1/8400,1,99,77,22,121,55,44,132,33,66,110,11,88,88,11,110,66,33,132,44,55,121,22,77,99
27	11	8	1/26	25/312;287/312	25/312:12;287/312:12	25/312,-1,12,1,13,25,12,1,1,1,24,1/7800,1,24,48,72,96,120,144,132,108,84,60,36,12,12,36,60,84,108,132,144,120,96,72,48,24|287/312,1,12,-1,13,287,12,1,12,11,276,1/7800,1,24,48,72,96,120,144,132,108,84,60,36,12,12,36,60,84,108,132,144,120,96,72,48,24
27	12	12	11/288	23/288;265/288	23/288:11;265/288:11	23/288,1,11,-1,12,23,11,1,1,1,26,1/7200,1,26,52,78,104,130,156,143,117,91,65,39,13,13,39,65,91,117,143,156,130,104,78,52,26|265/288,-1,11,1,12,265,11,1,11,12,299,1/7200,1,26,52,78,104,130,156,143,117,91,65,39,13,13,39,65,91,117,143,156,130,104,78,52,26
27	13	6	5/132	95/264;169/264	95/264:10;169/264:10	95/264,1,10,-1,11,95,10,1,4,5,126,1/6600,1,126,98,28,154,70,56,168,42,84,140,14,112,112,14,140,84,42,168,56,70,154,28,98,126|169/264,-1,10,1,11,169,10,1,7,9,224,1/6600,1,126,98,28,154,70,56,168,42,84,140,14,112,112,14,140,84,42,168,56,70,154,28,98,126
27	14	8	3/88	71/264;193/264	71/264:10;193/264:10	71/264,1,10,-1,11,71,9,1,3,4,101,13/33000,0,101,173,72,29,130,144,43,58,159,115,14,87,187,86,15,116,158,57,44,145,129,28,73,174|193/264,-1,10,1,11,193,9,1,8,11,274,13/33000,0,101,173,72,29,130,144,43,58,159,115,14,87,187,86,15,116,158,57,44,145,129,28,73,174
27	15	8	1/27	95/216;121/216	95/216:8;121/216:8	95/216,1,8,-1,9,95,8,1,4,7,176,1/5400,1,176,48,128,96,80,144,32,192,16,160,64,112,112,64,160,16,192,32,144,80,96,128,48,176|121/216,-1,8,1,9,121,8,1,5,9,224,1/5400,1,176,48,128,96,80,144,32,192,16,160,64,112,112,64,160,16,192,32,144,80,96,128,48,176
27	16	16	7/192	23/192;169/192	23/192:7;169/192:7	23/192,1,7,-1,8,23,7,1,1,2,51,1/4800,1,51,102,153,204,170,119,68,17,34,85,136,187,187,136,85,34,17,68,119,170,204,153,102,51|169/192,-1,7,1,8,169,7,1,7,15,374,1/4800,1,51,102,153,204,170,119,68,17,34,85,136,187,187,136,85,34,17,68,119,170,204,153,102,51
27	17	6	1/28	47/168;121/168	47/168:6;121/168:6	47/168,1,6,-1,7,47,6,1,2,5,126,1/4200,1,126,198,72,54,180,144,18,108,216,90,36,162,162,36,90,216,108,18,144,180,54,72,198,126|121/168,-1,6,1,7,121,6,1,5,13,324,1/4200,1,126,198,72,54,180,144,18,108,216,90,36,162,162,36,90,216,108,18,144,180,54,72,198,126
27	18	18	5/144	23/144;121/144	23/144:5;121/144:5	23/144,1,5,-1,6,23,5,1,1,3,76,1/3600,1,76,152,228,171,95,19,57,133,209,190,114,38,38,114,190,209,133,57,19,95,171,228,152,76|121/144,-1,5,1,6,121,5,1,5,16,399,1/3600,1,76,152,228,171,95,19,57,133,209,190,114,38,38,114,190,209,133,57,19,95,171,228,152,76
27	19	8	1/42	25/168;143/168	25/168:6;143/168:6	25/168,-1,6,1,7,25,4,1,1,3,74,17/21000,0,74,148,222,204,130,56,18,92,166,240,186,112,38,36,110,184,242,168,94,20,54,128,202,224|143/168,1,6,-1,7,143,4,1,6,17,426,17/21000,0,74,148,222,204,130,56,18,92,166,240,186,112,38,36,110,184,242,168,94,20,54,128,202,224
27	20	12	1/32	23/96;73/96	23/96:3;73/96:3	23/96,1,3,-1,4,23,3,1,1,5,126,1/2400,1,126,252,147,21,105,231,168,42,84,210,189,63,63,189,210,84,42,168,231,105,21,147,252,126|73/96,-1,3,1,4,73,3,1,3,16,399,1/2400,1,126,252,147,21,105,231,168,42,84,210,189,63,63,189,210,84,42,168,231,105,21,147,252,126
27	21	10	1/36	23/72;49/72	23/72:2;49/72:2	23/72,1,2,-1,3,23,2,1,1,7,176,1/1800,1,176,198,22,154,220,44,132,242,66,110,264,88,88,264,110,66,242,132,44,220,154,22,198,176|49/72,-1,2,1,3,49,2,1,2,15,374,1/1800,1,176,198,22,154,220,44,132,242,66,110,264,88,88,264,110,66,242,132,44,220,154,22,198,176
27	22	22	1/48	23/48;25/48	23/48:1;25/48:1	23/48,1,1,-1,2,23,1,1,1,11,276,1/1200,1,276,23,253,46,230,69,207,92,184,115,161,138,138,161,115,184,92,207,69,230,46,253,23,276|25/48,-1,1,1,2,25,1,1,1,12,299,1/1200,1,276,23,253,46,230,69,207,92,184,115,161,138,138,161,115,184,92,207,69,230,46,253,23,276
27	23	8	0/1	1/24;5/24;7/24;11/24;13/24;17/24;19/24;23/24	1/24:0,22;5/24:4,18;7/24:6,16;11/24:10,12;13/24:10,12;17/24:6,16;19/24:4,18;23/24:0,22	1/24,-1,0,1,1,1,0,1,0,1,24,1/600,1,24,48,72,96,120,144,168,192,216,240,264,288,288,264,240,216,192,168,144,120,96,72,48,24|1/24,1,22,-1,23,23,0,1,1,1,26,1/600,0,26,52,78,104,130,156,182,208,234,260,286,288,262,236,210,184,158,132,106,80,54,28,2,24|5/24,-1,4,1,5,25,0,1,1,5,124,1/600,0,124,248,228,104,20,144,268,208,84,40,164,288,188,64,60,184,292,168,44,80,204,272,148,24|5/24,1,18,-1,19,95,0,1,4,5,126,1/600,0,126,252,222,96,30,156,282,192,66,60,186,288,162,36,90,216,258,132,6,120,246,228,102,24|7/24,-1,6,1,7,49,0,1,2,7,174,1/600,0,174,252,78,96,270,156,18,192,234,60,114,288,138,36,210,216,42,132,294,120,54,228,198,24|7/24,1,16,-1,17,119,0,1,5,7,176,1/600,0,176,248,72,104,280,144,32,208,216,40,136,288,112,64,240,184,8,168,256,80,96,272,152,24|11/24,-1,10,1,11,121,0,1,5,11,274,1/600,0,274,52,222,104,170,156,118,208,66,260,14,288,38,236,90,184,142,132,194,80,246,28,298,24|11/24,1,12,-1,13,143,0,1,6,11,276,1/600,0,276,48,228,96,180,144,132,192,84,240,36,288,12,264,60,216,108,168,156,120,204,72,252,24|13/24,-1,12,1,13,169,0,1,7,13,324,1/600,0,276,48,228,96,180,144,132,192,84,240,36,288,12,264,60,216,108,168,156,120,204,72,252,24|13/24,1,10,-1,11,143,0,1,6,13,326,1/600,0,274,52,222,104,170,156,118,208,66,260,14,288,38,236,90,184,142,132,194,80,246,28,298,24|17/24,-1,16,1,17,289,0,1,12,17,424,1/600,0,176,248,72,104,280,144,32,208,216,40,136,288,112,64,240,184,8,168,256,80,96,272,152,24|17/24,1,6,-1,7,119,0,1,5,17,426,1/600,0,174,252,78,96,270,156,18,192,234,60,114,288,138,36,210,216,42,132,294,120,54,228,198,24|19/24,-1,18,1,19,361,0,1,15,19,474,1/600,0,126,252,222,96,30,156,282,192,66,60,186,288,162,36,90,216,258,132,6,120,246,228,102,24|19/24,1,4,-1,5,95,0,1,4,19,476,1/600,0,124,248,228,104,20,144,268,208,84,40,164,288,188,64,60,184,292,168,44,80,204,272,148,24|23/24,-1,22,1,23,529,0,1,22,23,574,1/600,0,26,52,78,104,130,156,182,208,234,260,286,288,262,236,210,184,158,132,106,80,54,28,2,24|23/24,1,0,-1,1,23,0,1,1,23,576,1/600,1,24,48,72,96,120,144,168,192,216,240,264,288,288,264,240,216,192,168,144,120,96,72,48,24
28	0	2	24/625	24/625;601/625	24/625:24;601/625:24	24/625,1,24,-1,25,24,24,1,1,0,1,1/16250,1,1,2,3,4,5,6,7,8,9,10,11,12,13,12,11,10,9,8,7,6,5,4,3,2,1|601/625,-1,24,1,25,601,24,1,24,1,25,1/16250,1,1,2,3,4,5,6,7,8,9,10,11,12,13,12,11,10,9,8,7,6,5,4,3,2,1
28	1	2	23/625	301/625;324/625	301/625:24;324/625:24	301/625,-1,24,1,25,301,23,1,12,1,25,27/32500,0,25,2,23,4,21,6,19,8,17,10,15,12,13,14,11,16,9,18,7,20,5,22,3,24,1|324/625,1,24,-1,25,324,23,1,13,1,27,27/32500,0,25,2,23,4,21,6,19,8,17,10,15,12,13,14,11,16,9,18,7,20,5,22,3,24,1
28	2	4	22/575	199/575;376/575	199/575:22;376/575:22	199/575,1,22,-1,23,199,22,1,8,1,27,1/14950,1,27,24,3,30,21,6,33,18,9,36,15,12,39,12,15,36,9,18,33,6,21,30,3,24,27|376/575,-1,22,1,23,376,22,1,15,2,51,1/14950,1,27,24,3,30,21,6,33,18,9,36,15,12,39,12,15,36,9,18,33,6,21,30,3,24,27
28	3	4	21/575	149/575;426/575	149/575:22;426/575:22	149/575,1,22,-1,23,149,21,1,6,1,27,29/59800,0,27,50,23,4,31,46,19,8,35,42,15,12,39,38,11,16,43,34,7,20,47,30,3,24,51|426/575,-1,22,1,23,426,21,1,17,3,77,29/59800,0,27,50,23,4,31,46,19,8,35,42,15,12,39,38,11,16,43,34,7,20,47,30,3,24,51
28	4	8	4/105	101/525;424/525	101/525:20;424/525:20	101/525,-1,20,1,21,101,20,1,4,1,25,1/13650,1,25,50,55,30,5,20,45,60,35,10,15,40,65,40,15,10,35,60,45,20,5,30,55,50,25|424/525,1,20,-1,21,424,20,1,17,4,105,1/13650,1,25,50,55,30,5,20,45,60,35,10,15,40,65,40,15,10,35,60,45,20,5,30,55,50,25
28	5	4	19/575	99/575;476/575	99/575:22;476/575:22	99/575,1,22,-1,23,99,19,1,4,1,27,27/29900,0,27,54,75,48,21,6,33,60,69,42,15,12,39,66,63,36,9,18,45,72,57,30,3,24,51|476/575,-1,22,1,23,476,19,1,19,5,129,27/29900,0,27,54,75,48,21,6,33,60,69,42,15,12,39,66,63,36,9,18,45,72,57,30,3,24,51
28	6	12	18/475	201/475;274/475	201/475:18;274/475:18	201/475,-1,18,1,19,201,18,1,8,3,77,1/12350,1,77,28,49,56,21,84,7,70,35,42,63,14,91,14,63,42,35,70,7,84,21,56,49,28,77|274/475,1,18,-1,19,274,18,1,11,4,105,1/12350,1,77,28,49,56,21,84,7,70,35,42,63,14,91,14,63,42,35,70,7,84,21,56,49,28,77
28	7	8	17/475	176/475;299/475	176/475:18;299/475:18	176/475,-1,18,1,19,176,17,1,7,3,77,33/98800,0,77,54,23,100,31,46,85,8,69,62,15,92,39,38,93,16,61,70,7,84,47,30,101,24,53|299/475,1,18,-1,19,299,17,1,12,5,131,33/98800,0,77,54,23,100,31,46,85,8,69,62,15,92,39,38,93,16,61,70,7,84,47,30,101,24,53
28	8	12	16/425	49/425;376/425	49/425:16;376/425:16	49/425,1,16,-1,17,49,16,1,2,1,27,1/11050,1,27,54,81,108,99,72,45,18,9,36,63,90,117,90,63,36,9,18,45,72,99,108,81,54,27|376/425,-1,16,1,17,376,16,1,15,8,207,1/11050,1,27,54,81,108,99,72,45,18,9,36,63,90,117,90,63,36,9,18,45,72,99,108,81,54,27
28	9	8	3/85	126/425;299/425	126/425:16;299/425:16	126/425,-1,16,1,17,126,15,1,5,3,77,7/22100,0,77,106,29,48,125,58,19,96,87,10,67,116,39,38,115,68,9,86,97,20,57,126,49,28,105|299/425,1,16,-1,17,299,15,1,12,7,183,7/22100,0,77,106,29,48,125,58,19,96,87,10,67,116,39,38,115,68,9,86,97,20,57,126,49,28,105
28	10	20	14/375	101/375;274/375	101/375:14;274/375:14	101/375,-1,14,1,15,101,14,1,4,3,77,1/9750,1,77,132,55,22,99,110,33,44,121,88,11,66,143,66,11,88,121,44,33,110,99,22,55,132,77|274/375,1,14,-1,15,274,14,1,11,8,209,1/9750,1,77,132,55,22,99,110,33,44,121,88,11,66,143,66,11,88,121,44,33,110,99,22,55,132,77
28	11	8	13/425	176/425;249/425	176/425:16;249/425:16	176/425,-1,16,1,17,176,13,1,7,5,129,29/44200,0,129,54,75,108,21,150,33,96,87,42,141,12,117,66,63,120,9,138,45,84,99,30,153,24,105|249/425,1,16,-1,17,249,13,1,10,7,183,29/44200,0,129,54,75,108,21,150,33,96,87,42,141,12,117,66,63,120,9,138,45,84,99,30,153,24,105
28	12	12	6/175	13/175;162/175	13/175:13;162/175:13	13/175,-1,13,1,14,26,12,1,1,1,25,19/59150,0,25,50,75,100,125,150,163,138,113,88,63,38,13,12,37,62,87,112,137,162,151,126,101,76,51|162/175,1,13,-1,14,324,12,1,13,12,313,19/59150,0,25,50,75,100,125,150,163,138,113,88,63,38,13,12,37,62,87,112,137,162,151,126,101,76,51
28	13	6	11/325	24/325;301/325	24/325:12;301/325:12	24/325,1,12,-1,13,24,11,1,1,1,27,3/9100,0,27,54,81,108,135,162,175,148,121,94,67,40,13,14,41,68,95,122,149,176,161,134,107,80,53|301/325,-1,12,1,13,301,11,1,12,13,337,3/9100,0,27,54,81,108,135,162,175,148,121,94,67,40,13,14,41,68,95,122,149,176,161,134,107,80,53
28	14	8	2/55	74/275;201/275	74/275:10;201/275:10	74/275,1,10,-1,11,74,10,1,3,4,105,1/7150,1,105,180,75,30,135,150,45,60,165,120,15,90,195,90,15,120,165,60,45,150,135,30,75,180,105|201/275,-1,10,1,11,201,10,1,8,11,285,1/7150,1,105,180,75,30,135,150,45,60,165,120,15,90,195,90,15,120,165,60,45,150,135,30,75,180,105
28	15	8	9/275	51/275;224/275	51/275:10;224/275:10	51/275,-1,10,1,11,51,9,1,2,3,77,41/114400,0,77,154,185,108,31,46,123,200,139,62,15,92,169,170,93,16,61,138,201,124,47,30,107,184,155|224/275,1,10,-1,11,224,9,1,9,13,339,41/114400,0,77,154,185,108,31,46,123,200,139,62,15,92,169,170,93,16,61,138,201,124,47,30,107,184,155
28	16	16	8/225	26/225;199/225	26/225:8;199/225:8	26/225,-1,8,1,9,26,8,1,1,2,51,1/5850,1,51,102,153,204,187,136,85,34,17,68,119,170,221,170,119,68,17,34,85,136,187,204,153,102,51|199/225,1,8,-1,9,199,8,1,8,15,391,1/5850,1,51,102,153,204,187,136,85,34,17,68,119,170,221,170,119,68,17,34,85,136,187,204,153,102,51
28	17	6	7/275	76/275;199/275	76/275:10;199/275:10	76/275,-1,10,1,11,76,7,1,3,5,129,31/42900,0,129,210,81,48,177,162,33,96,225,114,15,144,195,66,63,192,147,18,111,228,99,30,159,180,51|199/275,1,10,-1,11,199,7,1,8,13,339,31/42900,0,129,210,81,48,177,162,33,96,225,114,15,144,195,66,63,192,147,18,111,228,99,30,159,180,51
28	18	18	6/175	74/175;101/175	74/175:6;101/175:6	74/175,1,6,-1,7,74,6,1,3,8,209,1/4550,1,209,76,133,152,57,228,19,190,95,114,171,38,247,38,171,114,95,190,19,228,57,152,133,76,209|101/175,-1,6,1,7,101,6,1,4,11,285,1/4550,1,209,76,133,152,57,228,19,190,95,114,171,38,247,38,171,114,95,190,19,228,57,152,133,76,209
28	19	8	1/35	26/175;149/175	26/175:6;149/175:6	26/175,-1,6,1,7,26,5,1,1,3,77,9/18200,0,77,154,231,212,135,58,19,96,173,250,193,116,39,38,115,192,251,174,97,20,57,134,211,232,155|149/175,1,6,-1,7,149,5,1,6,17,443,9/18200,0,77,154,231,212,135,58,19,96,173,250,193,116,39,38,115,192,251,174,97,20,57,134,211,232,155
28	20	12	4/125	24/125;101/125	24/125:4;101/125:4	24/125,1,4,-1,5,24,4,1,1,4,105,1/3250,1,105,210,231,126,21,84,189,252,147,42,63,168,273,168,63,42,147,252,189,84,21,126,231,210,105|101/125,-1,4,1,5,101,4,1,4,17,441,1/3250,1,105,210,231,126,21,84,189,252,147,42,63,168,273,168,63,42,147,252,189,84,21,126,231,210,105
28	21	10	3/125	51/125;74/125	51/125:4;74/125:4	51/125,-1,4,1,5,51,3,1,2,9,233,47/71500,0,233,106,127,212,21,254,85,148,191,42,275,64,169,170,63,276,43,190,149,84,255,22,211,128,105|74/125,1,4,-1,5,74,3,1,3,13,339,47/71500,0,233,106,127,212,21,254,85,148,191,42,275,64,169,170,63,276,43,190,149,84,255,22,211,128,105
28	22	22	2/75	26/75;49/75	26/75:2;49/75:2	26/75,-1,2,1,3,26,2,1,1,8,207,1/1950,1,207,184,23,230,161,46,253,138,69,276,115,92,299,92,115,276,69,138,253,46,161,230,23,184,207|49/75,1,2,-1,3,49,2,1,2,15,391,1/1950,1,207,184,23,230,161,46,253,138,69,276,115,92,299,92,115,276,69,138,253,46,161,230,23,184,207
28	23	8	1/125	26/125;99/125	26/125:4;99/125:4	26/125,-1,4,1,5,26,1,1,1,5,129,33/26000,0,129,258,237,108,21,150,279,216,87,42,171,300,195,66,63,192,303,174,45,84,213,282,153,24,105|99/125,1,4,-1,5,99,1,1,4,19,495,33/26000,0,129,258,237,108,21,150,279,216,87,42,171,300,195,66,63,192,303,174,45,84,213,282,153,24,105
28	24	20	0/1	1/25;2/25;3/25;4/25;6/25;7/25;8/25;9/25;11/25;12/25;13/25;14/25;16/25;17/25;18/25;19/25;21/25;22/25;23/25;24/25	1/25:0,23;2/25:11,12;3/25:7,16;4/25:5,18;6/25:3,20;7/25:6,17;8/25:2,21;9/25:10,13;11/25:8,15;12/25:1,22;13/25:1,22;14/25:8,15;16/25:10,13;17/25:2,21;18/25:6,17;19/25:3,20;21/25:5,18;22/25:7,16;23/25:11,12;24/25:0,23	1/25,-1,0,1,1,1,0,1,0,1,25,1/650,1,25,50,75,100,125,150,175,200,225,250,275,300,325,300,275,250,225,200,175,150,125,100,75,50,25|1/25,1,23,-1,24,24,0,1,1,1,27,1/650,0,27,54,81,108,135,162,189,216,243,270,297,324,299,272,245,218,191,164,137,110,83,56,29,2,25|2/25,-1,12,1,13,26,0,1,1,2,51,1/650,0,51,102,153,204,255,306,293,242,191,140,89,38,13,64,115,166,217,268,319,280,229,178,127,76,25|2/25,1,11,-1,12,24,0,1,1,2,53,1/650,0,53,106,159,212,265,318,279,226,173,120,67,14,39,92,145,198,251,304,293,240,187,134,81,28,25|3/25,-1,16,1,17,51,0,1,2,3,77,1/650,0,77,154,231,308,265,188,111,34,43,120,197,274,299,222,145,68,9,86,163,240,317,256,179,102,25|3/25,1,7,-1,8,24,0,1,1,3,79,1/650,0,79,158,237,316,255,176,97,18,61,140,219,298,273,194,115,36,43,122,201,280,291,212,133,54,25|4/25,-1,18,1,19,76,0,1,3,4,103,1/650,0,103,206,309,238,135,32,71,174,277,270,167,64,39,142,245,302,199,96,7,110,213,316,231,128,25|4/25,1,5,-1,6,24,0,1,1,4,105,1/650,0,105,210,315,230,125,20,85,190,295,250,145,40,65,170,275,270,165,60,45,150,255,290,185,80,25|6/25,-1,20,1,21,126,0,1,5,6,155,1/650,0,155,310,185,30,125,280,215,60,95,250,245,90,65,220,275,120,35,190,305,150,5,160,315,180,25|6/25,1,3,-1,4,24,0,1,1,6,157,1/650,0,157,314,179,22,135,292,201,44,113,270,223,66,91,248,245,88,69,226,267,110,47,204,289,132,25|7/25,-1,17,1,18,126,0,1,5,7,181,1/650,0,181,288,107,74,255,214,33,148,321,140,41,222,247,66,115,296,173,8,189,280,99,82,263,206,25|7/25,1,6,-1,7,49,0,1,2,7,183,1/650,0,183,284,101,82,265,202,19,164,303,120,63,246,221,38,145,322,139,44,227,240,57,126,309,158,25|8/25,-1,21,1,22,176,0,1,7,8,207,1/650,0,207,236,29,178,265,58,149,294,87,120,323,116,91,298,145,62,269,174,33,240,203,4,211,232,25|8/25,1,2,-1,3,24,0,1,1,8,209,1/650,0,209,232,23,186,255,46,163,278,69,140,301,92,117,324,115,94,303,138,71,280,161,48,257,184,25|9/25,-1,13,1,14,126,0,1,5,9,233,1/650,0,233,184,49,282,135,98,319,86,147,270,37,196,221,12,245,172,61,294,123,110,307,74,159,258,25|9/25,1,10,-1,11,99,0,1,4,9,235,1/650,0,235,180,55,290,125,110,305,70,165,250,15,220,195,40,275,140,95,320,85,150,265,30,205,210,25|11/25,-1,15,1,16,176,0,1,7,11,285,1/650,0,285,80,205,160,125,240,45,320,35,250,115,170,195,90,275,10,295,70,215,150,135,230,55,310,25|11/25,1,8,-1,9,99,0,1,4,11,287,1/650,0,287,76,211,152,135,228,59,304,17,270,93,194,169,118,245,42,321,34,253,110,177,186,101,262,25|12/25,-1,22,1,23,276,0,1,11,12,311,1/650,0,311,28,283,56,255,84,227,112,199,140,171,168,143,196,115,224,87,252,59,280,31,308,3,314,25|12/25,1,1,-1,2,24,0,1,1,12,313,1/650,0,313,24,289,48,265,72,241,96,217,120,193,144,169,168,145,192,121,216,97,240,73,264,49,288,25|13/25,-1,1,1,2,26,0,1,1,13,337,1/650,0,313,24,289,48,265,72,241,96,217,120,193,144,169,168,145,192,121,216,97,240,73,264,49,288,25|13/25,1,22,-1,23,299,0,1,12,13,339,1/650,0,311,28,283,56,255,84,227,112,199,140,171,168,143,196,115,224,87,252,59,280,31,308,3,314,25|14/25,-1,8,1,9,126,0,1,5,14,363,1/650,0,287,76,211,152,135,228,59,304,17,270,93,194,169,118,245,42,321,34,253,110,177,186,101,262,25|14/25,1,15,-1,16,224,0,1,9,14,365,1/650,0,285,80,205,160,125,240,45,320,35,250,115,170,195,90,275,10,295,70,215,150,135,230,55,310,25|16/25,-1,10,1,11,176,0,1,7,16,415,1/650,0,235,180,55,290,125,110,305,70,165,250,15,220,195,40,275,140,95,320,85,150,265,30,205,210,25|16/25,1,13,-1,14,224,0,1,9,16,417,1/650,0,233,184,49,282,135,98,319,86,147,270,37,196,221,12,245,172,61,294,123,110,307,74,159,258,25|17/25,-1,2,1,3,51,0,1,2,17,441,1/650,0,209,232,23,186,255,46,163,278,69,140,301,92,117,324,115,94,303,138,71,280,161,48,257,184,25|17/25,1,21,-1,22,374,0,1,15,17,443,1/650,0,207,236,29,178,265,58,149,294,87,120,323,116,91,298,145,62,269,174,33,240,203,4,211,232,25|18/25,-1,6,1,7,126,0,1,5,18,467,1/650,0,183,284,101,82,265,202,19,164,303,120,63,246,221,38,145,322,139,44,227,240,57,126,309,158,25|18/25,1,17,-1,18,324,0,1,13,18,469,1/650,0,181,288,107,74,255,214,33,148,321,140,41,222,247,66,115,296,173,8,189,280,99,82,263,206,25|19/25,-1,3,1,4,76,0,1,3,19,493,1/650,0,157,314,179,22,135,292,201,44,113,270,223,66,91,248,245,88,69,226,267,110,47,204,289,132,25|19/25,1,20,-1,21,399,0,1,16,19,495,1/650,0,155,310,185,30,125,280,215,60,95,250,245,90,65,220,275,120,35,190,305,150,5,160,315,180,25|21/25,-1,5,1,6,126,0,1,5,21,545,1/650,0,105,210,315,230,125,20,85,190,295,250,145,40,65,170,275,270,165,60,45,150,255,290,185,80,25|21/25,1,18,-1,19,399,0,1,16,21,547,1/650,0,103,206,309,238,135,32,71,174,277,270,167,64,39,142,245,302,199,96,7,110,213,316,231,128,25|22/25,-1,7,1,8,176,0,1,7,22,571,1/650,0,79,158,237,316,255,176,97,18,61,140,219,298,273,194,115,36,43,122,201,280,291,212,133,54,25|22/25,1,16,-1,17,374,0,1,15,22,573,1/650,0,77,154,231,308,265,188,111,34,43,120,197,274,299,222,145,68,9,86,163,240,317,256,179,102,25|23/25,-1,11,1,12,276,0,1,11,23,597,1/650,0,53,106,159,212,265,318,279,226,173,120,67,14,39,92,145,198,251,304,293,240,187,134,81,28,25|23/25,1,12,-1,13,299,0,1,12,23,599,1/650,0,51,102,153,204,255,306,293,242,191,140,89,38,13,64,115,166,217,268,319,280,229,178,127,76,25|24/25,-1,23,1,24,576,0,1,23,24,623,1/650,0,27,54,81,108,135,162,189,216,243,270,297,324,299,272,245,218,191,164,137,110,83,56,29,2,25|24/25,1,0,-1,1,24,0,1,1,24,625,1/650,1,25,50,75,100,125,150,175,200,225,250,275,300,325,300,275,250,225,200,175,150,125,100,75,50,25
29	0	2	25/676	25/676;651/676	25/676:25;651/676:25	25/676,1,25,-1,26,25,25,1,1,0,1,1/18252,1,1,2,3,4,5,6,7,8,9,10,11,12,13,13,12,11,10,9,8,7,6,5,4,3,2,1|651/676,-1,25,1,26,651,25,1,25,1,26,1/18252,1,1,2,3,4,5,6,7,8,9,10,11,12,13,13,12,11,10,9,8,7,6,5,4,3,2,1
29	1	2	12/325	313/650;337/650	313/650:24;337/650:24	313/650,-1,24,1,25,313,24,1,12,1,26,1/17550,1,26,2,24,4,22,6,20,8,18,10,16,12,14,14,12,16,10,18,8,20,6,22,4,24,2,26|337/650,1,24,-1,25,337,24,1,13,1,28,1/17550,1,26,2,24,4,22,6,20,8,18,10,16,12,14,14,12,16,10,18,8,20,6,22,4,24,2,26
29	2	4	23/650	209/650;441/650	209/650:24;441/650:24	209/650,-1,24,1,25,209,23,1,8,1,26,29/52650,0,26,29,3,23,32,6,20,35,9,17,38,12,14,40,15,11,37,18,8,34,21,5,31,24,2,28|441/650,1,24,-1,25,441,23,1,17,2,55,29/52650,0,26,29,3,23,32,6,20,35,9,17,38,12,14,40,15,11,37,18,8,34,21,5,31,24,2,28
29	3	4	11/299	155/598;443/598	155/598:22;443/598:22	155/598,1,22,-1,23,155,22,1,6,1,28,1/16146,1,28,52,24,4,32,48,20,8,36,44,16,12,40,40,12,16,44,36,8,20,48,32,4,24,52,28|443/598,-1,22,1,23,443,22,1,17,3,80,1/16146,1,28,52,24,4,32,48,20,8,36,44,16,12,40,40,12,16,44,36,8,20,48,32,4,24,52,28
29	4	8	21/572	233/572;339/572	233/572:21;339/572:21	233/572,1,21,-1,22,233,21,1,9,2,55,1/15444,1,55,25,30,50,5,60,20,35,45,10,65,15,40,40,15,65,10,45,35,20,60,5,50,30,25,55|339/572,-1,21,1,22,339,21,1,13,3,80,1/15444,1,55,25,30,50,5,60,20,35,45,10,65,15,40,40,15,65,10,45,35,20,60,5,50,30,25,55
29	5	4	10/299	103/598;495/598	103/598:22;495/598:22	103/598,1,22,-1,23,103,20,1,4,1,28,29/48438,0,28,56,78,50,22,6,34,62,72,44,16,12,40,68,66,38,10,18,46,74,60,32,4,24,52,80|495/598,-1,22,1,23,495,20,1,19,5,134,29/48438,0,28,56,78,50,22,6,34,62,72,44,16,12,40,68,66,38,10,18,46,74,60,32,4,24,52,80
29	6	12	19/520	77/520;443/520	77/520:19;443/520:19	77/520,1,19,-1,20,77,19,1,3,1,28,1/14040,1,28,56,84,77,49,21,7,35,63,91,70,42,14,14,42,70,91,63,35,7,21,49,77,84,56,28|443/520,-1,19,1,20,443,19,1,17,6,161,1/14040,1,28,56,84,77,49,21,7,35,63,91,70,42,14,14,42,70,91,63,35,7,21,49,77,84,56,28
29	7	8	9/247	183/494;311/494	183/494:18;311/494:18	183/494,-1,18,1,19,183,18,1,7,3,80,1/13338,1,80,56,24,104,32,48,88,8,72,64,16,96,40,40,96,16,64,72,8,88,48,32,104,24,56,80|311/494,1,18,-1,19,311,18,1,12,5,136,1/13338,1,80,56,24,104,32,48,88,8,72,64,16,96,40,40,96,16,64,72,8,88,48,32,104,24,56,80
29	8	12	17/494	53/494;441/494	53/494:18;441/494:18	53/494,-1,18,1,19,53,17,1,2,1,26,35/120042,0,26,52,78,104,113,87,61,35,9,17,43,69,95,121,96,70,44,18,8,34,60,86,112,105,79,53|441/494,1,18,-1,19,441,17,1,17,8,217,35/120042,0,26,52,78,104,113,87,61,35,9,17,43,69,95,121,96,70,44,18,8,34,60,86,112,105,79,53
29	9	8	8/221	131/442;311/442	131/442:16;311/442:16	131/442,-1,16,1,17,131,16,1,5,3,80,1/11934,1,80,110,30,50,130,60,20,100,90,10,70,120,40,40,120,70,10,90,100,20,60,130,50,30,110,80|311/442,1,16,-1,17,311,16,1,12,7,190,1/11934,1,80,110,30,50,130,60,20,100,90,10,70,120,40,40,120,70,10,90,100,20,60,130,50,30,110,80
29	10	20	15/416	77/416;339/416	77/416:15;339/416:15	77/416,1,15,-1,16,77,15,1,3,2,55,1/11232,1,55,110,132,77,22,33,88,143,99,44,11,66,121,121,66,11,44,99,143,88,33,22,77,132,110,55|339/416,-1,15,1,16,339,15,1,13,9,242,1/11232,1,55,110,132,77,22,33,88,143,99,44,11,66,121,121,66,11,44,99,143,88,33,22,77,132,110,55
29	11	8	7/221	183/442;259/442	183/442:16;259/442:16	183/442,-1,16,1,17,183,14,1,7,5,134,8/17901,0,134,56,78,112,22,156,34,100,90,44,146,12,122,68,66,124,10,144,46,88,102,32,158,24,110,80|259/442,1,16,-1,17,259,14,1,10,7,190,8/17901,0,134,56,78,112,22,156,34,100,90,44,146,12,122,68,66,124,10,144,46,88,102,32,158,24,110,80
29	12	24	1/28	27/364;337/364	27/364:13;337/364:13	27/364,-1,13,1,14,27,13,1,1,1,26,1/9828,1,26,52,78,104,130,156,169,143,117,91,65,39,13,13,39,65,91,117,143,169,156,130,104,78,52,26|337/364,1,13,-1,14,337,13,1,13,12,325,1/9828,1,26,52,78,104,130,156,169,143,117,91,65,39,13,13,39,65,91,117,143,169,156,130,104,78,52,26
29	13	6	6/169	25/338;313/338	25/338:12;313/338:12	25/338,1,12,-1,13,25,12,1,1,1,28,1/9126,1,28,56,84,112,140,168,182,154,126,98,70,42,14,14,42,70,98,126,154,182,168,140,112,84,56,28|313/338,-1,12,1,13,313,12,1,12,13,350,1/9126,1,28,56,84,112,140,168,182,154,126,98,70,42,14,14,42,70,98,126,154,182,168,140,112,84,56,28
29	14	8	11/338	157/338;181/338	157/338:12;181/338:12	157/338,-1,12,1,13,157,11,1,6,7,188,41/136890,0,188,29,159,58,130,87,101,116,72,145,43,174,14,202,15,173,44,144,73,115,102,86,131,57,160,28|181/338,1,12,-1,13,181,11,1,7,8,217,41/136890,0,188,29,159,58,130,87,101,116,72,145,43,174,14,202,15,173,44,144,73,115,102,86,131,57,160,28
29	15	8	5/143	53/286;233/286	53/286:10;233/286:10	53/286,-1,10,1,11,53,10,1,2,3,80,1/7722,1,80,160,192,112,32,48,128,208,144,64,16,96,176,176,96,16,64,144,208,128,48,32,112,192,160,80|233/286,1,10,-1,11,233,10,1,9,13,352,1/7722,1,80,160,192,112,32,48,128,208,144,64,16,96,176,176,96,16,64,144,208,128,48,32,112,192,160,80
29	16	16	9/260	77/260;183/260	77/260:9;183/260:9	77/260,1,9,-1,10,77,9,1,3,5,136,1/7020,1,136,187,51,85,221,102,34,170,153,17,119,204,68,68,204,119,17,153,170,34,102,221,85,51,187,136|183/260,-1,9,1,10,183,9,1,7,12,323,1/7020,1,136,187,51,85,221,102,34,170,153,17,119,204,68,68,204,119,17,153,170,34,102,221,85,51,187,136
29	17	6	4/143	79/286;207/286	79/286:10;207/286:10	79/286,-1,10,1,11,79,8,1,3,5,134,35/69498,0,134,218,84,50,184,168,34,100,234,118,16,150,202,68,66,200,152,18,116,236,102,32,166,186,52,82|207/286,1,10,-1,11,207,8,1,8,13,352,35/69498,0,134,218,84,50,184,168,34,100,234,118,16,150,202,68,66,200,152,18,116,236,102,32,166,186,52,82
29	18	18	7/208	77/208;131/208	77/208:7;131/208:7	77/208,1,7,-1,8,77,7,1,3,7,190,1/5616,1,190,133,57,247,76,114,209,19,171,152,38,228,95,95,228,38,152,171,19,209,114,76,247,57,133,190|131/208,-1,7,1,8,131,7,1,5,12,323,1/5616,1,190,133,57,247,76,114,209,19,171,152,38,228,95,95,228,38,152,171,19,209,114,76,247,57,133,190
29	19	8	3/91	27/182;155/182	27/182:6;155/182:6	27/182,-1,6,1,7,27,6,1,1,3,80,1/4914,1,80,160,240,220,140,60,20,100,180,260,200,120,40,40,120,200,260,180,100,20,60,140,220,240,160,80|155/182,1,6,-1,7,155,6,1,6,17,460,1/4914,1,80,160,240,220,140,60,20,100,180,260,200,120,40,40,120,200,260,180,100,20,60,140,220,240,160,80
29	20	12	5/208	79/208;129/208	79/208:7;129/208:7	79/208,-1,7,1,8,79,5,1,3,8,215,73/117936,0,215,137,78,274,59,156,196,19,234,118,97,255,40,175,177,38,253,99,116,236,21,194,158,57,272,80|129/208,1,7,-1,8,129,5,1,5,13,352,73/117936,0,215,137,78,274,59,156,196,19,234,118,97,255,40,175,177,38,253,99,116,236,21,194,158,57,272,80
29	21	10	2/65	53/130;77/130	53/130:4;77/130:4	53/130,-1,4,1,5,53,4,1,2,9,242,1/3510,1,242,110,132,220,22,264,88,154,198,44,286,66,176,176,66,286,44,198,154,88,264,22,220,132,110,242|77/130,1,4,-1,5,77,4,1,3,13,352,1/3510,1,242,110,132,220,22,264,88,154,198,44,286,66,176,176,66,286,44,198,154,88,264,22,220,132,110,242
29	22	22	3/104	27/104;77/104	27/104:3;77/104:3	27/104,-1,3,1,4,27,3,1,1,6,161,1/2808,1,161,299,138,23,184,276,115,46,207,253,92,69,230,230,69,92,253,207,46,115,276,184,23,138,299,161|77/104,1,3,-1,4,77,3,1,3,17,460,1/2808,1,161,299,138,23,184,276,115,46,207,253,92,69,230,230,69,92,253,207,46,115,276,184,23,138,299,161
29	23	8	1/65	27/130;103/130	27/130:4;103/130:4	27/130,-1,4,1,5,27,2,1,1,5,134,19/21060,0,134,268,246,112,22,156,290,224,90,44,178,312,202,68,66,200,314,180,46,88,222,292,158,24,110,244|103/130,1,4,-1,5,103,2,1,4,19,514,19/21060,0,134,268,246,112,22,156,290,224,90,44,178,312,202,68,66,200,314,180,46,88,222,292,158,24,110,244
29	24	20	1/52	25/52;27/52	25/52:1;27/52:1	25/52,1,1,-1,2,25,1,1,1,12,325,1/1404,1,325,25,300,50,275,75,250,100,225,125,200,150,175,175,150,200,125,225,100,250,75,275,50,300,25,325|27/52,-1,1,1,2,27,1,1,1,13,350,1/1404,1,325,25,300,50,275,75,250,100,225,125,200,150,175,175,150,200,125,225,100,250,75,275,50,300,25,325
29	25	12	0/1	1/26;3/26;5/26;7/26;9/26;11/26;15/26;17/26;19/26;21/26;23/26;25/26	1/26:0,24;3/26:8,16;5/26:4,20;7/26:10,14;9/26:2,22;11/26:6,18;15/26:6,18;17/26:2,22;19/26:10,14;21/26:4,20;23/26:8,16;25/26:0,24	1/26,-1,0,1,1,1,0,1,0,1,26,1/702,1,26,52,78,104,130,156,182,208,234,260,286,312,338,338,312,286,260,234,208,182,156,130,104,78,52,26|1/26,1,24,-1,25,25,0,1,1,1,28,1/702,0,28,56,84,112,140,168,196,224,252,280,308,336,338,310,282,254,226,198,170,142,114,86,58,30,2,26|3/26,-1,8,1,9,27,0,1,1,3,80,1/702,0,80,160,240,320,302,222,142,62,18,98,178,258,338,284,204,124,44,36,116,196,276,346,266,186,106,26|3/26,1,16,-1,17,51,0,1,2,3,82,1/702,0,82,164,246,328,292,210,128,46,36,118,200,282,338,256,174,92,10,72,154,236,318,302,220,138,56,26|5/26,-1,20,1,21,105,0,1,4,5,134,1/702,0,134,268,300,166,32,102,236,332,198,64,70,204,338,230,96,38,172,306,262,128,6,140,274,294,160,26|5/26,1,4,-1,5,25,0,1,1,5,136,1/702,0,136,272,294,158,22,114,250,316,180,44,92,228,338,202,66,70,206,342,224,88,48,184,320,246,110,26|7/26,-1,14,1,15,105,0,1,4,7,188,1/702,0,188,326,138,50,238,276,88,100,288,226,38,150,338,176,12,200,314,126,62,250,264,76,112,300,214,26|7/26,1,10,-1,11,77,0,1,3,7,190,1/702,0,190,322,132,58,248,264,74,116,306,206,16,174,338,148,42,232,280,90,100,290,222,32,158,348,164,26|9/26,-1,2,1,3,27,0,1,1,9,242,1/702,0,242,218,24,266,194,48,290,170,72,314,146,96,338,122,120,340,98,144,316,74,168,292,50,192,268,26|9/26,1,22,-1,23,207,0,1,8,9,244,1/702,0,244,214,30,274,184,60,304,154,90,334,124,120,338,94,150,308,64,180,278,34,210,248,4,240,218,26|11/26,-1,18,1,19,209,0,1,8,11,296,1/702,0,296,110,186,220,76,330,34,262,144,152,254,42,338,68,228,178,118,288,8,304,102,194,212,84,322,26|11/26,1,6,-1,7,77,0,1,3,11,298,1/702,0,298,106,192,212,86,318,20,278,126,172,232,66,338,40,258,146,152,252,46,344,60,238,166,132,272,26|15/26,-1,6,1,7,105,0,1,4,15,404,1/702,0,298,106,192,212,86,318,20,278,126,172,232,66,338,40,258,146,152,252,46,344,60,238,166,132,272,26|15/26,1,18,-1,19,285,0,1,11,15,406,1/702,0,296,110,186,220,76,330,34,262,144,152,254,42,338,68,228,178,118,288,8,304,102,194,212,84,322,26|17/26,-1,22,1,23,391,0,1,15,17,458,1/702,0,244,214,30,274,184,60,304,154,90,334,124,120,338,94,150,308,64,180,278,34,210,248,4,240,218,26|17/26,1,2,-1,3,51,0,1,2,17,460,1/702,0,242,218,24,266,194,48,290,170,72,314,146,96,338,122,120,340,98,144,316,74,168,292,50,192,268,26|19/26,-1,10,1,11,209,0,1,8,19,512,1/702,0,190,322,132,58,248,264,74,116,306,206,16,174,338,148,42,232,280,90,100,290,222,32,158,348,164,26|19/26,1,14,-1,15,285,0,1,11,19,514,1/702,0,188,326,138,50,238,276,88,100,288,226,38,150,338,176,12,200,314,126,62,250,264,76,112,300,214,26|21/26,-1,4,1,5,105,0,1,4,21,566,1/702,0,136,272,294,158,22,114,250,316,180,44,92,228,338,202,66,70,206,342,224,88,48,184,320,246,110,26|21/26,1,20,-1,21,441,0,1,17,21,568,1/702,0,134,268,300,166,32,102,236,332,198,64,70,204,338,230,96,38,172,306,262,128,6,140,274,294,160,26|23/26,-1,16,1,17,391,0,1,15,23,620,1/702,0,82,164,246,328,292,210,128,46,36,118,200,282,338,256,174,92,10,72,154,236,318,302,220,138,56,26|23/26,1,8,-1,9,207,0,1,8,23,622,1/702,0,80,160,240,320,302,222,142,62,18,98,178,258,338,284,204,124,44,36,116,196,276,346,266,186,106,26|25/26,-1,24,1,25,625,0,1,24,25,674,1/702,0,28,56,84,112,140,168,196,224,252,280,308,336,338,310,282,254,226,198,170,142,114,86,58,30,2,26|25/26,1,0,-1,1,25,0,1,1,25,676,1/702,1,26,52,78,104,130,156,182,208,234,260,286,312,338,338,312,286,260,234,208,182,156,130,104,78,52,26
30	0	2	26/729	26/729;703/729	26/729:26;703/729:26	26/729,1,26,-1,27,26,26,1,1,0,1,1/20412,1,1,2,3,4,5,6,7,8,9,10,11,12,13,14,13,12,11,10,9,8,7,6,5,4,3,2,1|703/729,-1,26,1,27,703,26,1,26,1,27,1/20412,1,1,2,3,4,5,6,7,8,9,10,11,12,13,14,13,12,11,10,9,8,7,6,5,4,3,2,1
30	1	2	25/729	352/729;377/729	352/729:26;377/729:26	352/729,-1,26,1,27,352,25,1,13,1,27,29/40824,0,27,2,25,4,23,6,21,8,19,10,17,12,15,14,13,16,11,18,9,20,7,22,5,24,3,26,1|377/729,1,26,-1,27,377,25,1,14,1,29,29/40824,0,27,2,25,4,23,6,21,8,19,10,17,12,15,14,13,16,11,18,9,20,7,22,5,24,3,26,1
30	2	4	8/225	217/675;458/675	217/675:24;458/675:24	217/675,-1,24,1,25,217,24,1,8,1,27,1/18900,1,27,30,3,24,33,6,21,36,9,18,39,12,15,42,15,12,39,18,9,36,21,6,33,24,3,30,27|458/675,1,24,-1,25,458,24,1,17,2,57,1/18900,1,27,30,3,24,33,6,21,36,9,18,39,12,15,42,15,12,39,18,9,36,21,6,33,24,3,30,27
30	3	4	23/675	163/675;512/675	163/675:24;512/675:24	163/675,-1,24,1,25,163,23,1,6,1,27,31/75600,0,27,54,31,4,23,50,35,8,19,46,39,12,15,42,43,16,11,38,47,20,7,34,51,24,3,30,55|512/675,1,24,-1,25,512,23,1,19,3,85,31/75600,0,27,54,31,4,23,50,35,8,19,46,39,12,15,42,43,16,11,38,47,20,7,34,51,24,3,30,55
30	4	8	22/621	244/621;377/621	244/621:22;377/621:22	244/621,-1,22,1,23,244,22,1,9,2,55,1/17388,1,55,30,25,60,5,50,35,20,65,10,45,40,15,70,15,40,45,10,65,20,35,50,5,60,25,30,55|377/621,1,22,-1,23,377,22,1,14,3,85,1/17388,1,55,30,25,60,5,50,35,20,65,10,45,40,15,70,15,40,45,10,65,20,35,50,5,60,25,30,55
30	5	4	7/207	107/621;514/621	107/621:22;514/621:22	107/621,1,22,-1,23,107,21,1,4,1,29,11/34776,0,29,58,81,52,23,6,35,64,75,46,17,12,41,70,69,40,11,18,47,76,63,34,5,24,53,82,57|514/621,-1,22,1,23,514,21,1,19,5,139,11/34776,0,29,58,81,52,23,6,35,64,75,46,17,12,41,70,69,40,11,18,47,76,63,34,5,24,53,82,57
30	6	12	10/297	41/297;256/297	41/297:21;256/297:21	41/297,-1,21,1,22,82,20,1,3,1,27,17/58212,0,27,54,81,88,61,34,7,20,47,74,95,68,41,14,13,40,67,94,75,48,21,6,33,60,87,82,55|256/297,1,21,-1,22,512,20,1,19,6,169,17/58212,0,27,54,81,88,61,34,7,20,47,74,95,68,41,14,13,40,67,94,75,48,21,6,33,60,87,82,55
30	7	8	19/567	215/567;352/567	215/567:20;352/567:20	215/567,1,20,-1,21,215,19,1,8,3,85,5/18144,0,85,54,31,108,23,62,77,8,93,46,39,100,15,70,69,16,101,38,47,92,7,78,61,24,109,30,55|352/567,-1,20,1,21,352,19,1,13,5,139,5/18144,0,85,54,31,108,23,62,77,8,93,46,39,100,15,70,69,16,101,38,47,92,7,78,61,24,109,30,55
30	8	12	2/57	55/513;458/513	55/513:18;458/513:18	55/513,-1,18,1,19,55,18,1,2,1,27,1/14364,1,27,54,81,108,117,90,63,36,9,18,45,72,99,126,99,72,45,18,9,36,63,90,117,108,81,54,27|458/513,1,18,-1,19,458,18,1,17,8,225,1/14364,1,27,54,81,108,117,90,63,36,9,18,45,72,99,126,99,72,45,18,9,36,63,90,117,108,81,54,27
30	9	8	17/513	53/513;460/513	53/513:18;460/513:18	53/513,1,18,-1,19,53,17,1,2,1,29,37/143640,0,29,58,87,116,135,106,77,48,19,10,39,68,97,126,125,96,67,38,9,20,49,78,107,136,115,86,57|460/513,-1,18,1,19,460,17,1,17,9,251,37/143640,0,29,58,87,116,135,106,77,48,19,10,39,68,97,126,125,96,67,38,9,20,49,78,107,136,115,86,57
30	10	20	16/459	82/459;377/459	82/459:16;377/459:16	82/459,-1,16,1,17,82,16,1,3,2,55,1/12852,1,55,110,143,88,33,22,77,132,121,66,11,44,99,154,99,44,11,66,121,132,77,22,33,88,143,110,55|377/459,1,16,-1,17,377,16,1,14,9,253,1/12852,1,55,110,143,88,33,22,77,132,121,66,11,44,99,154,99,44,11,66,121,132,77,22,33,88,143,110,55
30	11	8	5/153	190/459;269/459	190/459:16;269/459:16	190/459,-1,16,1,17,190,15,1,7,5,139,13/51408,0,139,58,81,116,23,162,35,104,93,46,151,12,127,70,69,128,11,150,47,92,105,34,163,24,115,82,57|269/459,1,16,-1,17,269,15,1,10,7,197,13/51408,0,139,58,81,116,23,162,35,104,93,46,151,12,127,70,69,128,11,150,47,92,105,34,163,24,115,82,57
30	12	24	14/405	188/405;217/405	188/405:14;217/405:14	188/405,1,14,-1,15,188,14,1,7,6,169,1/11340,1,169,26,143,52,117,78,91,104,65,130,39,156,13,182,13,156,39,130,65,104,91,78,117,52,143,26,169|217/405,-1,14,1,15,217,14,1,8,7,195,1/11340,1,169,26,143,52,117,78,91,104,65,130,39,156,13,182,13,156,39,130,65,104,91,78,117,52,143,26,169
30	13	6	13/405	28/405;377/405	28/405:14;377/405:14	28/405,-1,14,1,15,28,13,1,1,1,27,41/158760,0,27,54,81,108,135,162,189,176,149,122,95,68,41,14,13,40,67,94,121,148,175,190,163,136,109,82,55|377/405,1,14,-1,15,377,13,1,14,13,365,41/158760,0,27,54,81,108,135,162,189,176,149,122,95,68,41,14,13,40,67,94,121,148,175,190,163,136,109,82,55
30	14	8	4/117	163/351;188/351	163/351:12;188/351:12	163/351,-1,12,1,13,163,12,1,6,7,195,1/9828,1,195,30,165,60,135,90,105,120,75,150,45,180,15,210,15,180,45,150,75,120,105,90,135,60,165,30,195|188/351,1,12,-1,13,188,12,1,7,8,225,1/9828,1,195,30,165,60,135,90,105,120,75,150,45,180,15,210,15,180,45,150,75,120,105,90,135,60,165,30,195
30	15	8	11/351	109/351;242/351	109/351:12;242/351:12	109/351,-1,12,1,13,109,11,1,4,5,139,43/157248,0,139,170,31,108,201,62,77,216,93,46,185,124,15,154,155,16,123,186,47,92,217,78,61,200,109,30,169|242/351,1,12,-1,13,242,11,1,9,11,309,43/157248,0,139,170,31,108,201,62,77,216,93,46,185,124,15,154,155,16,123,186,47,92,217,78,61,200,109,30,169
30	16	16	10/297	53/297;244/297	53/297:10;244/297:10	53/297,1,10,-1,11,53,10,1,2,3,85,1/8316,1,85,170,221,136,51,34,119,204,187,102,17,68,153,238,153,68,17,102,187,204,119,34,51,136,221,170,85|244/297,-1,10,1,11,244,10,1,9,14,391,1/8316,1,85,170,221,136,51,34,119,204,187,102,17,68,153,238,153,68,17,102,187,204,119,34,51,136,221,170,85
30	17	6	1/33	82/297;215/297	82/297:10;215/297:10	82/297,-1,10,1,11,82,9,1,3,5,139,5/16632,0,139,226,87,52,191,174,35,104,243,122,17,156,209,70,69,208,157,18,121,244,105,34,173,192,53,86,225|215/297,1,10,-1,11,215,9,1,8,13,365,5/16632,0,139,226,87,52,191,174,35,104,243,122,17,156,209,70,69,208,157,18,121,244,105,34,173,192,53,86,225
30	18	18	8/243	26/243;217/243	26/243:8;217/243:8	26/243,1,8,-1,9,26,8,1,1,2,57,1/6804,1,57,114,171,228,247,190,133,76,19,38,95,152,209,266,209,152,95,38,19,76,133,190,247,228,171,114,57|217/243,-1,8,1,9,217,8,1,8,17,475,1/6804,1,57,114,171,228,247,190,133,76,19,38,95,152,209,266,209,152,95,38,19,76,133,190,247,228,171,114,57
30	19	8	7/243	109/243;134/243	109/243:8;134/243:8	109/243,-1,8,1,9,109,7,1,4,9,251,47/136080,0,251,58,193,116,135,174,77,232,19,270,39,212,97,154,155,96,213,38,271,20,231,78,173,136,115,194,57|134/243,1,8,-1,9,134,7,1,5,11,309,47/136080,0,251,58,193,116,135,174,77,232,19,270,39,212,97,154,155,96,213,38,271,20,231,78,173,136,115,194,57
30	20	12	1/36	41/108;67/108	41/108:7;67/108:7	41/108,-1,7,1,8,82,6,1,3,8,223,1/2646,0,223,142,81,284,61,162,203,20,243,122,101,264,41,182,183,40,263,102,121,244,21,202,163,60,283,82,141|67/108,1,7,-1,8,134,6,1,5,13,365,1/2646,0,223,142,81,284,61,162,203,20,243,122,101,264,41,182,183,40,263,102,121,244,21,202,163,60,283,82,141
30	21	10	5/189	26/189;163/189	26/189:6;163/189:6	26/189,1,6,-1,7,26,5,1,1,3,85,1/2376,0,85,170,255,276,191,106,21,64,149,234,297,212,127,42,43,128,213,298,233,148,63,22,107,192,277,254,169|163/189,-1,6,1,7,163,5,1,6,19,531,1/2376,0,85,170,255,276,191,106,21,64,149,234,297,212,127,42,43,128,213,298,233,148,63,22,107,192,277,254,169
30	22	22	4/135	53/135;82/135	53/135:4;82/135:4	53/135,1,4,-1,5,53,4,1,2,9,253,1/3780,1,253,138,115,276,23,230,161,92,299,46,207,184,69,322,69,184,207,46,299,92,161,230,23,276,115,138,253|82/135,-1,4,1,5,82,4,1,3,14,391,1/3780,1,253,138,115,276,23,230,161,92,299,46,207,184,69,322,69,184,207,46,299,92,161,230,23,276,115,138,253
30	23	8	1/45	28/135;107/135	28/135:4;107/135:4	28/135,-1,4,1,5,28,3,1,1,5,139,17/30240,0,139,278,255,116,23,162,301,232,93,46,185,324,209,70,69,208,325,186,47,92,231,302,163,24,115,254,279|107/135,1,4,-1,5,107,3,1,4,19,533,17/30240,0,139,278,255,116,23,162,301,232,93,46,185,324,209,70,69,208,325,186,47,92,231,302,163,24,115,254,279
30	24	20	2/81	26/81;55/81	26/81:2;55/81:2	26/81,1,2,-1,3,26,2,1,1,8,225,1/2268,1,225,250,25,200,275,50,175,300,75,150,325,100,125,350,125,100,325,150,75,300,175,50,275,200,25,250,225|55/81,-1,2,1,3,55,2,1,2,17,475,1/2268,1,225,250,25,200,275,50,175,300,75,150,325,100,125,350,125,100,325,150,75,300,175,50,275,200,25,250,225
30	25	12	1/81	28/81;53/81	28/81:2;53/81:2	28/81,-1,2,1,3,28,1,1,1,9,251,53/58968,0,251,226,25,276,201,50,301,176,75,326,151,100,351,126,125,352,101,150,327,76,175,302,51,200,277,26,225|53/81,1,2,-1,3,53,1,1,2,17,477,53/58968,0,251,226,25,276,201,50,301,176,75,326,151,100,351,126,125,352,101,150,327,76,175,302,51,200,277,26,225
30	26	18	0/1	1/27;2/27;4/27;5/27;7/27;8/27;10/27;11/27;13/27;14/27;16/27;17/27;19/27;20/27;22/27;23/27;25/27;26/27	1/27:0,25;2/27:12,13;4/27:6,19;5/27:10,15;7/27:3,22;8/27:9,16;10/27:7,18;11/27:4,21;13/27:1,24;14/27:1,24;16/27:4,21;17/27:7,18;19/27:9,16;20/27:3,22;22/27:10,15;23/27:6,19;25/27:12,13;26/27:0,25	1/27,-1,0,1,1,1,0,1,0,1,27,1/756,1,27,54,81,108,135,162,189,216,243,270,297,324,351,378,351,324,297,270,243,216,189,162,135,108,81,54,27|1/27,1,25,-1,26,26,0,1,1,1,29,1/756,0,29,58,87,116,145,174,203,232,261,290,319,348,377,350,321,292,263,234,205,176,147,118,89,60,31,2,27|2/27,-1,13,1,14,28,0,1,1,2,55,1/756,0,55,110,165,220,275,330,371,316,261,206,151,96,41,14,69,124,179,234,289,344,357,302,247,192,137,82,27|2/27,1,12,-1,13,26,0,1,1,2,57,1/756,0,57,114,171,228,285,342,357,300,243,186,129,72,15,42,99,156,213,270,327,372,315,258,201,144,87,30,27|4/27,-1,6,1,7,28,0,1,1,4,111,1/756,0,111,222,333,312,201,90,21,132,243,354,291,180,69,42,153,264,375,270,159,48,63,174,285,360,249,138,27|4/27,1,19,-1,20,80,0,1,3,4,113,1/756,0,113,226,339,304,191,78,35,148,261,374,269,156,43,70,183,296,347,234,121,8,105,218,331,312,199,86,27|5/27,-1,10,1,11,55,0,1,2,5,139,1/756,0,139,278,339,200,61,78,217,356,261,122,17,156,295,322,183,44,95,234,373,244,105,34,173,312,305,166,27|5/27,1,15,-1,16,80,0,1,3,5,141,1/756,0,141,282,333,192,51,90,231,372,243,102,39,180,321,294,153,12,129,270,345,204,63,78,219,360,255,114,27|7/27,-1,3,1,4,28,0,1,1,7,195,1/756,0,195,366,171,24,219,342,147,48,243,318,123,72,267,294,99,96,291,270,75,120,315,246,51,144,339,222,27|7/27,1,22,-1,23,161,0,1,6,7,197,1/756,0,197,362,165,32,229,330,133,64,261,298,101,96,293,266,69,128,325,234,37,160,357,202,5,192,367,170,27|8/27,-1,16,1,17,136,0,1,5,8,223,1/756,0,223,310,87,136,359,174,49,272,261,38,185,348,125,98,321,212,11,234,299,76,147,370,163,60,283,250,27|8/27,1,9,-1,10,80,0,1,3,8,225,1/756,0,225,306,81,144,369,162,63,288,243,18,207,324,99,126,351,180,45,270,261,36,189,342,117,108,333,198,27|10/27,-1,18,1,19,190,0,1,7,10,279,1/756,0,279,198,81,360,117,162,315,36,243,234,45,324,153,126,351,72,207,270,9,288,189,90,369,108,171,306,27|10/27,1,7,-1,8,80,0,1,3,10,281,1/756,0,281,194,87,368,107,174,301,20,261,214,67,348,127,154,321,40,241,234,47,328,147,134,341,60,221,254,27|11/27,-1,4,1,5,55,0,1,2,11,307,1/756,0,307,142,165,284,23,330,119,188,261,46,353,96,211,238,69,376,73,234,215,92,357,50,257,192,115,334,27|11/27,1,21,-1,22,242,0,1,9,11,309,1/756,0,309,138,171,276,33,342,105,204,243,66,375,72,237,210,99,348,39,270,177,132,315,6,303,144,165,282,27|13/27,-1,24,1,25,325,0,1,12,13,363,1/756,0,363,30,333,60,303,90,273,120,243,150,213,180,183,210,153,240,123,270,93,300,63,330,33,360,3,366,27|13/27,1,1,-1,2,26,0,1,1,13,365,1/756,0,365,26,339,52,313,78,287,104,261,130,235,156,209,182,183,208,157,234,131,260,105,286,79,312,53,338,27|14/27,-1,1,1,2,28,0,1,1,14,391,1/756,0,365,26,339,52,313,78,287,104,261,130,235,156,209,182,183,208,157,234,131,260,105,286,79,312,53,338,27|14/27,1,24,-1,25,350,0,1,13,14,393,1/756,0,363,30,333,60,303,90,273,120,243,150,213,180,183,210,153,240,123,270,93,300,63,330,33,360,3,366,27|16/27,-1,21,1,22,352,0,1,13,16,447,1/756,0,309,138,171,276,33,342,105,204,243,66,375,72,237,210,99,348,39,270,177,132,315,6,303,144,165,282,27|16/27,1,4,-1,5,80,0,1,3,16,449,1/756,0,307,142,165,284,23,330,119,188,261,46,353,96,211,238,69,376,73,234,215,92,357,50,257,192,115,334,27|17/27,-1,7,1,8,136,0,1,5,17,475,1/756,0,281,194,87,368,107,174,301,20,261,214,67,348,127,154,321,40,241,234,47,328,147,134,341,60,221,254,27|17/27,1,18,-1,19,323,0,1,12,17,477,1/756,0,279,198,81,360,117,162,315,36,243,234,45,324,153,126,351,72,207,270,9,288,189,90,369,108,171,306,27|19/27,-1,9,1,10,190,0,1,7,19,531,1/756,0,225,306,81,144,369,162,63,288,243,18,207,324,99,126,351,180,45,270,261,36,189,342,117,108,333,198,27|19/27,1,16,-1,17,323,0,1,12,19,533,1/756,0,223,310,87,136,359,174,49,272,261,38,185,348,125,98,321,212,11,234,299,76,147,370,163,60,283,250,27|20/27,-1,22,1,23,460,0,1,17,20,559,1/756,0,197,362,165,32,229,330,133,64,261,298,101,96,293,266,69,128,325,234,37,160,357,202,5,192,367,170,27|20/27,1,3,-1,4,80,0,1,3,20,561,1/756,0,195,366,171,24,219,342,147,48,243,318,123,72,267,294,99,96,291,270,75,120,315,246,51,144,339,222,27|22/27,-1,15,1,16,352,0,1,13,22,615,1/756,0,141,282,333,192,51,90,231,372,243,102,39,180,321,294,153,12,129,270,345,204,63,78,219,360,255,114,27|22/27,1,10,-1,11,242,0,1,9,22,617,1/756,0,139,278,339,200,61,78,217,356,261,122,17,156,295,322,183,44,95,234,373,244,105,34,173,312,305,166,27|23/27,-1,19,1,20,460,0,1,17,23,643,1/756,0,113,226,339,304,191,78,35,148,261,374,269,156,43,70,183,296,347,234,121,8,105,218,331,312,199,86,27|23/27,1,6,-1,7,161,0,1,6,23,645,1/756,0,111,222,333,312,201,90,21,132,243,354,291,180,69,42,153,264,375,270,159,48,63,174,285,360,249,138,27|25/27,-1,12,1,13,325,0,1,12,25,699,1/756,0,57,114,171,228,285,342,357,300,243,186,129,72,15,42,99,156,213,270,327,372,315,258,201,144,87,30,27|25/27,1,13,-1,14,350,0,1,13,25,701,1/756,0,55,110,165,220,275,330,371,316,261,206,151,96,41,14,69,124,179,234,289,344,357,302,247,192,137,82,27|26/27,-1,25,1,26,676,0,1,25,26,727,1/756,0,29,58,87,116,145,174,203,232,261,290,319,348,377,350,321,292,263,234,205,176,147,118,89,60,31,2,27|26/27,1,0,-1,1,26,0,1,1,26,729,1/756,1,27,54,81,108,135,162,189,216,243,270,297,324,351,378,351,324,297,270,243,216,189,162,135,108,81,54,27
31	0	2	27/784	27/784;757/784	27/784:27;757/784:27	27/784,1,27,-1,28,27,27,1,1,0,1,1/22736,1,1,2,3,4,5,6,7,8,9,10,11,12,13,14,14,13,12,11,10,9,8,7,6,5,4,3,2,1|757/784,-1,27,1,28,757,27,1,27,1,28,1/22736,1,1,2,3,4,5,6,7,8,9,10,11,12,13,14,14,13,12,11,10,9,8,7,6,5,4,3,2,1
31	1	2	13/378	365/756;391/756	365/756:26;391/756:26	365/756,-1,26,1,27,365,26,1,13,1,28,1/21924,1,28,2,26,4,24,6,22,8,20,10,18,12,16,14,14,16,12,18,10,20,8,22,6,24,4,26,2,28|391/756,1,26,-1,27,391,26,1,14,1,30,1/21924,1,28,2,26,4,24,6,22,8,20,10,18,12,16,14,14,16,12,18,10,20,8,22,6,24,4,26,2,28
31	2	4	25/728	251/728;477/728	251/728:25;477/728:25	251/728,1,25,-1,26,251,25,1,9,1,30,1/21112,1,30,27,3,33,24,6,36,21,9,39,18,12,42,15,15,42,12,18,39,9,21,36,6,24,33,3,27,30|477/728,-1,25,1,26,477,25,1,17,2,57,1/21112,1,30,27,3,33,24,6,36,21,9,39,18,12,42,15,15,42,12,18,39,9,21,36,6,24,33,3,27,30
31	3	4	6/175	169/700;531/700	169/700:24;531/700:24	169/700,-1,24,1,25,169,24,1,6,1,28,1/20300,1,28,56,32,4,24,52,36,8,20,48,40,12,16,44,44,16,12,40,48,20,8,36,52,24,4,32,56,28|531/700,1,24,-1,25,531,24,1,19,3,88,1/20300,1,28,56,32,4,24,52,36,8,20,48,40,12,16,44,44,16,12,40,48,20,8,36,52,24,4,32,56,28
31	4	8	23/672	139/672;533/672	139/672:23;533/672:23	139/672,1,23,-1,24,139,23,1,5,1,30,1/19488,1,30,60,55,25,5,35,65,50,20,10,40,70,45,15,15,45,70,40,10,20,50,65,35,5,25,55,60,30|533/672,-1,23,1,24,533,23,1,19,4,115,1/19488,1,30,60,55,25,5,35,65,50,20,10,40,70,45,15,15,45,70,40,10,20,50,65,35,5,25,55,60,30
31	5	4	11/322	111/644;533/644	111/644:22;533/644:22	111/644,1,22,-1,23,111,22,1,4,1,30,1/18676,1,30,60,84,54,24,6,36,66,78,48,18,12,42,72,72,42,12,18,48,78,66,36,6,24,54,84,60,30|533/644,-1,22,1,23,533,22,1,19,5,144,1/18676,1,30,60,84,54,24,6,36,66,78,48,18,12,42,72,72,42,12,18,48,78,66,36,6,24,54,84,60,30
31	6	12	3/88	85/616;531/616	85/616:21;531/616:21	85/616,-1,21,1,22,85,21,1,3,1,28,1/17864,1,28,56,84,91,63,35,7,21,49,77,98,70,42,14,14,42,70,98,77,49,21,7,35,63,91,84,56,28|531/616,1,21,-1,22,531,21,1,19,6,175,1/17864,1,28,56,84,91,63,35,7,21,49,77,98,70,42,14,14,42,70,98,77,49,21,7,35,63,91,84,56,28
31	7	8	5/147	223/588;365/588	223/588:20;365/588:20	223/588,1,20,-1,21,223,20,1,8,3,88,1/17052,1,88,56,32,112,24,64,80,8,96,48,40,104,16,72,72,16,104,40,48,96,8,80,64,24,112,32,56,88|365/588,-1,20,1,21,365,20,1,13,5,144,1/17052,1,88,56,32,112,24,64,80,8,96,48,40,104,16,72,72,16,104,40,48,96,8,80,64,24,112,32,56,88
31	8	12	19/560	251/560;309/560	251/560:19;309/560:19	251/560,1,19,-1,20,251,19,1,9,4,117,1/16240,1,117,27,90,54,63,81,36,108,9,126,18,99,45,72,72,45,99,18,126,9,108,36,81,63,54,90,27,117|309/560,-1,19,1,20,309,19,1,11,5,144,1/16240,1,117,27,90,54,63,81,36,108,9,126,18,99,45,72,72,45,99,18,126,9,108,36,81,63,54,90,27,117
31	9	8	9/266	55/532;477/532	55/532:18;477/532:18	55/532,1,18,-1,19,55,18,1,2,1,30,1/15428,1,30,60,90,120,140,110,80,50,20,10,40,70,100,130,130,100,70,40,10,20,50,80,110,140,120,90,60,30|477/532,-1,18,1,19,477,18,1,17,9,260,1/15428,1,30,60,90,120,140,110,80,50,20,10,40,70,100,130,130,100,70,40,10,20,50,80,110,140,120,90,60,30
31	10	20	17/504	139/504;365/504	139/504:17;365/504:17	139/504,1,17,-1,18,139,17,1,5,3,88,1/14616,1,88,143,55,33,121,110,22,66,154,77,11,99,132,44,44,132,99,11,77,154,66,22,110,121,33,55,143,88|365/504,-1,17,1,18,365,17,1,13,8,231,1/14616,1,88,143,55,33,121,110,22,66,154,77,11,99,132,44,44,132,99,11,77,154,66,22,110,121,33,55,143,88
31	11	8	4/119	197/476;279/476	197/476:16;279/476:16	197/476,-1,16,1,17,197,16,1,7,5,144,1/13804,1,144,60,84,120,24,168,36,108,96,48,156,12,132,72,72,132,12,156,48,96,108,36,168,24,120,84,60,144|279/476,1,16,-1,17,279,16,1,10,7,204,1/13804,1,144,60,84,120,24,168,36,108,96,48,156,12,132,72,72,132,12,156,48,96,108,36,168,24,120,84,60,144
31	12	24	15/448	139/448;309/448	139/448:15;309/448:15	139/448,1,15,-1,16,139,15,1,5,4,117,1/12992,1,117,143,26,91,169,52,65,182,78,39,156,104,13,130,130,13,104,156,39,78,182,65,52,169,91,26,143,117|309/448,-1,15,1,16,309,15,1,11,9,260,1/12992,1,117,143,26,91,169,52,65,182,78,39,156,104,13,130,130,13,104,156,39,78,182,65,52,169,91,26,143,117
31	13	12	1/30	29/420;391/420	29/420:14;391/420:14	29/420,-1,14,1,15,29,14,1,1,1,28,1/12180,1,28,56,84,112,140,168,196,182,154,126,98,70,42,14,14,42,70,98,126,154,182,196,168,140,112,84,56,28|391/420,1,14,-1,15,391,14,1,14,13,378,1/12180,1,28,56,84,112,140,168,196,182,154,126,98,70,42,14,14,42,70,98,126,154,182,196,168,140,112,84,56,28
31	14	8	13/392	27/392;365/392	27/392:13;365/392:13	27/392,1,13,-1,14,27,13,1,1,1,30,1/11368,1,30,60,90,120,150,180,210,195,165,135,105,75,45,15,15,45,75,105,135,165,195,210,180,150,120,90,60,30|365/392,-1,13,1,14,365,13,1,13,14,405,1/11368,1,30,60,90,120,150,180,210,195,165,135,105,75,45,15,15,45,75,105,135,165,195,210,180,150,120,90,60,30
31	15	8	3/91	113/364;251/364	113/364:12;251/364:12	113/364,-1,12,1,13,113,12,1,4,5,144,1/10556,1,144,176,32,112,208,64,80,224,96,48,192,128,16,160,160,16,128,192,48,96,224,80,64,208,112,32,176,144|251/364,1,12,-1,13,251,12,1,9,11,320,1/10556,1,144,176,32,112,208,64,80,224,96,48,192,128,16,160,160,16,128,192,48,96,224,80,64,208,112,32,176,144
31	16	16	11/336	139/336;197/336	139/336:11;197/336:11	139/336,1,11,-1,12,139,11,1,5,7,204,1/9744,1,204,85,119,170,34,238,51,153,136,68,221,17,187,102,102,187,17,221,68,136,153,51,238,34,170,119,85,204|197/336,-1,11,1,12,197,11,1,7,10,289,1/9744,1,204,85,119,170,34,238,51,153,136,68,221,17,187,102,102,187,17,221,68,136,153,51,238,34,170,119,85,204
31	17	6	5/154	85/308;223/308	85/308:10;223/308:10	85/308,-1,10,1,11,85,10,1,3,5,144,1/8932,1,144,234,90,54,198,180,36,108,252,126,18,162,216,72,72,216,162,18,126,252,108,36,180,198,54,90,234,144|223/308,1,10,-1,11,223,10,1,8,13,378,1/8932,1,144,234,90,54,198,180,36,108,252,126,18,162,216,72,72,216,162,18,126,252,108,36,180,198,54,90,234,144
31	18	18	9/280	29/280;251/280	29/280:9;251/280:9	29/280,-1,9,1,10,29,9,1,1,2,57,1/8120,1,57,114,171,228,266,209,152,95,38,19,76,133,190,247,247,190,133,76,19,38,95,152,209,266,228,171,114,57|251/280,1,9,-1,10,251,9,1,9,17,494,1/8120,1,57,114,171,228,266,209,152,95,38,19,76,133,190,247,247,190,133,76,19,38,95,152,209,266,228,171,114,57
31	19	8	2/63	113/252;139/252	113/252:8;139/252:8	113/252,-1,8,1,9,113,8,1,4,9,260,1/7308,1,260,60,200,120,140,180,80,240,20,280,40,220,100,160,160,100,220,40,280,20,240,80,180,140,120,200,60,260|139/252,1,8,-1,9,139,8,1,5,11,320,1/7308,1,260,60,200,120,140,180,80,240,20,280,40,220,100,160,160,100,220,40,280,20,240,80,180,140,120,200,60,260
31	20	12	1/32	85/224;139/224	85/224:7;139/224:7	85/224,-1,7,1,8,85,7,1,3,8,231,1/6496,1,231,147,84,294,63,168,210,21,252,126,105,273,42,189,189,42,273,105,126,252,21,210,168,63,294,84,147,231|139/224,1,7,-1,8,139,7,1,5,13,378,1/6496,1,231,147,84,294,63,168,210,21,252,126,105,273,42,189,189,42,273,105,126,252,21,210,168,63,294,84,147,231
31	21	10	3/98	27/196;169/196	27/196:6;169/196:6	27/196,1,6,-1,7,27,6,1,1,3,88,1/5684,1,88,176,264,286,198,110,22,66,154,242,308,220,132,44,44,132,220,308,242,154,66,22,110,198,286,264,176,88|169/196,-1,6,1,7,169,6,1,6,19,550,1/5684,1,88,176,264,286,198,110,22,66,154,242,308,220,132,44,44,132,220,308,242,154,66,22,110,198,286,264,176,88
31	22	22	5/168	29/168;139/168	29/168:5;139/168:5	29/168,-1,5,1,6,29,5,1,1,4,115,1/4872,1,115,230,322,207,92,23,138,253,299,184,69,46,161,276,276,161,46,69,184,299,253,138,23,92,207,322,230,115|139/168,1,5,-1,6,139,5,1,5,19,552,1/4872,1,115,230,322,207,92,23,138,253,299,184,69,46,161,276,276,161,46,69,184,299,253,138,23,92,207,322,230,115
31	23	8	1/35	29/140;111/140	29/140:4;111/140:4	29/140,-1,4,1,5,29,4,1,1,5,144,1/4060,1,144,288,264,120,24,168,312,240,96,48,192,336,216,72,72,216,336,192,48,96,240,312,168,24,120,264,288,144|111/140,1,4,-1,5,111,4,1,4,19,552,1/4060,1,144,288,264,120,24,168,312,240,96,48,192,336,216,72,72,216,336,192,48,96,240,312,168,24,120,264,288,144
31	24	20	3/112	27/112;85/112	27/112:3;85/112:3	27/112,1,3,-1,4,27,3,1,1,6,175,1/3248,1,175,350,200,25,150,325,225,50,125,300,250,75,100,275,275,100,75,250,300,125,50,225,325,150,25,200,350,175|85/112,-1,3,1,4,85,3,1,3,19,550,1/3248,1,175,350,200,25,150,325,225,50,125,300,250,75,100,275,275,100,75,250,300,125,50,225,325,150,25,200,350,175
31	25	12	1/42	29/84;55/84	29/84:2;55/84:2	29/84,-1,2,1,3,29,2,1,1,9,260,1/2436,1,260,234,26,286,208,52,312,182,78,338,156,104,364,130,130,364,104,156,338,78,182,312,52,208,286,26,234,260|55/84,1,2,-1,3,55,2,1,2,17,494,1/2436,1,260,234,26,286,208,52,312,182,78,338,156,104,364,130,130,364,104,156,338,78,182,312,52,208,286,26,234,260
31	26	18	1/56	27/56;29/56	27/56:1;29/56:1	27/56,1,1,-1,2,27,1,1,1,13,378,1/1624,1,378,27,351,54,324,81,297,108,270,135,243,162,216,189,189,216,162,243,135,270,108,297,81,324,54,351,27,378|29/56,-1,1,1,2,29,1,1,1,14,405,1/1624,1,378,27,351,54,324,81,297,108,270,135,243,162,216,189,189,216,162,243,135,270,108,297,81,324,54,351,27,378
31	27	12	0/1	1/28;3/28;5/28;9/28;11/28;13/28;15/28;17/28;19/28;23/28;25/28;27/28	1/28:0,26;3/28:8,18;5/28:10,16;9/28:2,24;11/28:4,22;13/28:12,14;15/28:12,14;17/28:4,22;19/28:2,24;23/28:10,16;25/28:8,18;27/28:0,26	1/28,-1,0,1,1,1,0,1,0,1,28,1/812,1,28,56,84,112,140,168,196,224,252,280,308,336,364,392,392,364,336,308,280,252,224,196,168,140,112,84,56,28|1/28,1,26,-1,27,27,0,1,1,1,30,1/812,0,30,60,90,120,150,180,210,240,270,300,330,360,390,392,362,332,302,272,242,212,182,152,122,92,62,32,2,28|3/28,-1,18,1,19,57,0,1,2,3,86,1/812,0,86,172,258,344,382,296,210,124,38,48,134,220,306,392,334,248,162,76,10,96,182,268,354,372,286,200,114,28|3/28,1,8,-1,9,27,0,1,1,3,88,1/812,0,88,176,264,352,372,284,196,108,20,68,156,244,332,392,304,216,128,40,48,136,224,312,400,324,236,148,60,28|5/28,-1,16,1,17,85,0,1,3,5,144,1/812,0,144,288,380,236,92,52,196,340,328,184,40,104,248,392,276,132,12,156,300,368,224,80,64,208,352,316,172,28|5/28,1,10,-1,11,55,0,1,2,5,146,1/812,0,146,292,374,228,82,64,210,356,310,164,18,128,274,392,246,100,46,192,338,328,182,36,110,256,402,264,118,28|9/28,-1,24,1,25,225,0,1,8,9,260,1/812,0,260,292,32,228,324,64,196,356,96,164,388,128,132,392,160,100,360,192,68,328,224,36,296,256,4,264,288,28|9/28,1,2,-1,3,27,0,1,1,9,262,1/812,0,262,288,26,236,314,52,210,340,78,184,366,104,158,392,130,132,394,156,106,368,182,80,342,208,54,316,234,28|11/28,-1,22,1,23,253,0,1,9,11,318,1/812,0,318,176,142,352,34,284,210,108,386,68,250,244,74,392,102,216,278,40,358,136,182,312,6,324,170,148,346,28|11/28,1,4,-1,5,55,0,1,2,11,320,1/812,0,320,172,148,344,24,296,196,124,368,48,272,220,100,392,72,248,244,76,396,96,224,268,52,372,120,200,292,28|13/28,-1,12,1,13,169,0,1,6,13,376,1/812,0,376,60,316,120,256,180,196,240,136,300,76,360,16,392,44,332,104,272,164,212,224,152,284,92,344,32,404,28|13/28,1,14,-1,15,195,0,1,7,13,378,1/812,0,378,56,322,112,266,168,210,224,154,280,98,336,42,392,14,364,70,308,126,252,182,196,238,140,294,84,350,28|15/28,-1,14,1,15,225,0,1,8,15,434,1/812,0,378,56,322,112,266,168,210,224,154,280,98,336,42,392,14,364,70,308,126,252,182,196,238,140,294,84,350,28|15/28,1,12,-1,13,195,0,1,7,15,436,1/812,0,376,60,316,120,256,180,196,240,136,300,76,360,16,392,44,332,104,272,164,212,224,152,284,92,344,32,404,28|17/28,-1,4,1,5,85,0,1,3,17,492,1/812,0,320,172,148,344,24,296,196,124,368,48,272,220,100,392,72,248,244,76,396,96,224,268,52,372,120,200,292,28|17/28,1,22,-1,23,391,0,1,14,17,494,1/812,0,318,176,142,352,34,284,210,108,386,68,250,244,74,392,102,216,278,40,358,136,182,312,6,324,170,148,346,28|19/28,-1,2,1,3,57,0,1,2,19,550,1/812,0,262,288,26,236,314,52,210,340,78,184,366,104,158,392,130,132,394,156,106,368,182,80,342,208,54,316,234,28|19/28,1,24,-1,25,475,0,1,17,19,552,1/812,0,260,292,32,228,324,64,196,356,96,164,388,128,132,392,160,100,360,192,68,328,224,36,296,256,4,264,288,28|23/28,-1,10,1,11,253,0,1,9,23,666,1/812,0,146,292,374,228,82,64,210,356,310,164,18,128,274,392,246,100,46,192,338,328,182,36,110,256,402,264,118,28|23/28,1,16,-1,17,391,0,1,14,23,668,1/812,0,144,288,380,236,92,52,196,340,328,184,40,104,248,392,276,132,12,156,300,368,224,80,64,208,352,316,172,28|25/28,-1,8,1,9,225,0,1,8,25,724,1/812,0,88,176,264,352,372,284,196,108,20,68,156,244,332,392,304,216,128,40,48,136,224,312,400,324,236,148,60,28|25/28,1,18,-1,19,475,0,1,17,25,726,1/812,0,86,172,258,344,382,296,210,124,38,48,134,220,306,392,334,248,162,76,10,96,182,268,354,372,286,200,114,28|27/28,-1,26,1,27,729,0,1,26,27,782,1/812,0,30,60,90,120,150,180,210,240,270,300,330,360,390,392,362,332,302,272,242,212,182,152,122,92,62,32,2,28|27/28,1,0,-1,1,27,0,1,1,27,784,1/812,1,28,56,84,112,140,168,196,224,252,280,308,336,364,392,392,364,336,308,280,252,224,196,168,140,112,84,56,28
32	0	2	28/841	28/841;813/841	28/841:28;813/841:28	28/841,1,28,-1,29,28,28,1,1,0,1,1/25230,1,1,2,3,4,5,6,7,8,9,10,11,12,13,14,15,14,13,12,11,10,9,8,7,6,5,4,3,2,1|813/841,-1,28,1,29,813,28,1,28,1,29,1/25230,1,1,2,3,4,5,6,7,8,9,10,11,12,13,14,15,14,13,12,11,10,9,8,7,6,5,4,3,2,1
32	1	2	27/841	407/841;434/841	407/841:28;434/841:28	407/841,-1,28,1,29,407,27,1,14,1,29,31/50460,0,29,2,27,4,25,6,23,8,21,10,19,12,17,14,15,16,13,18,11,20,9,22,7,24,5,26,3,28,1|434/841,1,28,-1,29,434,27,1,15,1,31,31/50460,0,29,2,27,4,25,6,23,8,21,10,19,12,17,14,15,16,13,18,11,20,9,22,7,24,5,26,3,28,1
32	2	4	13/406	131/406;275/406	131/406:27;275/406:27	131/406,-1,27,1,28,262,26,1,9,1,29,4/9135,0,29,32,3,26,35,6,23,38,9,20,41,12,17,44,15,14,43,18,11,40,21,8,37,24,5,34,27,2,31|275/406,1,27,-1,28,550,26,1,19,2,61,4/9135,0,29,32,3,26,35,6,23,38,9,20,41,12,17,44,15,14,43,18,11,40,21,8,37,24,5,34,27,2,31
32	3	4	25/783	202/783;581/783	202/783:26;581/783:26	202/783,1,26,-1,27,202,25,1,7,1,31,11/31320,0,31,58,27,4,35,54,23,8,39,50,19,12,43,46,15,16,47,42,11,20,51,38,7,24,55,34,3,28,59|581/783,-1,26,1,27,581,25,1,20,3,89,11/31320,0,31,58,27,4,35,54,23,8,39,50,19,12,43,46,15,16,47,42,11,20,51,38,7,24,55,34,3,28,59
32	4	8	12/377	73/377;304/377	73/377:25;304/377:25	73/377,-1,25,1,26,146,24,1,5,1,29,17/56550,0,29,58,63,34,5,24,53,68,39,10,19,48,73,44,15,14,43,72,49,20,9,38,67,54,25,4,33,62,59|304/377,1,25,-1,26,608,24,1,21,4,121,17/56550,0,29,58,63,34,5,24,53,68,39,10,19,48,73,44,15,14,43,72,49,20,9,38,67,54,25,4,33,62,59
32	5	4	23/725	117/725;608/725	117/725:24;608/725:24	117/725,-1,24,1,25,117,23,1,4,1,29,7/26100,0,29,58,87,64,35,6,23,52,81,70,41,12,17,46,75,76,47,18,11,40,69,82,53,24,5,34,63,88,59|608/725,1,24,-1,25,608,23,1,21,5,151,7/26100,0,29,58,87,64,35,6,23,52,81,70,41,12,17,46,75,76,47,18,11,40,69,82,53,24,5,34,63,88,59
32	6	12	22/667	289/667;378/667	289/667:22;378/667:22	289/667,1,22,-1,23,289,22,1,10,3,91,1/20010,1,91,28,63,56,35,84,7,98,21,70,49,42,77,14,105,14,77,42,49,70,21,98,7,84,35,56,63,28,91|378/667,-1,22,1,23,378,22,1,13,4,119,1/20010,1,91,28,63,56,35,84,7,98,21,70,49,42,77,14,105,14,77,42,49,70,21,98,7,84,35,56,63,28,91
32	7	8	21/667	86/667;581/667	86/667:22;581/667:22	86/667,1,22,-1,23,86,21,1,3,1,31,37/160080,0,31,62,93,116,85,54,23,8,39,70,101,108,77,46,15,16,47,78,109,100,69,38,7,24,55,86,117,92,61|581/667,-1,22,1,23,581,21,1,20,7,209,37/160080,0,31,62,93,116,85,54,23,8,39,70,101,108,77,46,15,16,47,78,109,100,69,38,7,24,55,86,117,92,61
32	8	12	10/319	72/319;247/319	72/319:21;247/319:21	72/319,1,21,-1,22,144,20,1,5,2,61,19/86130,0,61,122,87,26,35,96,113,52,9,70,131,78,17,44,105,104,43,18,79,130,69,8,53,114,95,34,27,88,121|247/319,-1,21,1,22,494,20,1,17,7,209,19/86130,0,61,122,87,26,35,96,113,52,9,70,131,78,17,44,105,104,43,18,79,130,69,8,53,114,95,34,27,88,121
32	9	8	19/609	59/609;550/609	59/609:20;550/609:20	59/609,-1,20,1,21,59,19,1,2,1,29,13/60900,0,29,58,87,116,145,126,97,68,39,10,19,48,77,106,135,136,107,78,49,20,9,38,67,96,125,146,117,88,59|550/609,1,20,-1,21,550,19,1,19,9,271,13/60900,0,29,58,87,116,145,126,97,68,39,10,19,48,77,106,135,136,107,78,49,20,9,38,67,96,125,146,117,88,59
32	10	20	18/551	202/551;349/551	202/551:18;349/551:18	202/551,1,18,-1,19,202,18,1,7,4,121,1/16530,1,121,88,33,154,55,66,143,22,99,110,11,132,77,44,165,44,77,132,11,110,99,22,143,66,55,154,33,88,121|349/551,-1,18,1,19,349,18,1,12,7,209,1/16530,1,121,88,33,154,55,66,143,22,99,110,11,132,77,44,165,44,77,132,11,110,99,22,143,66,55,154,33,88,121
32	11	8	17/551	231/551;320/551	231/551:18;320/551:18	231/551,1,18,-1,19,231,17,1,8,5,151,41/198360,0,151,58,93,116,35,174,23,128,81,70,139,12,163,46,105,104,47,162,11,140,69,82,127,24,175,34,117,92,59|320/551,-1,18,1,19,320,17,1,11,7,209,41/198360,0,151,58,93,116,35,174,23,128,81,70,139,12,163,46,105,104,47,162,11,140,69,82,127,24,175,34,117,92,59
32	12	24	16/493	115/493;378/493	115/493:16;378/493:16	115/493,1,16,-1,17,115,16,1,4,3,91,1/14790,1,91,182,117,26,65,156,143,52,39,130,169,78,13,104,195,104,13,78,169,130,39,52,143,156,65,26,117,182,91|378/493,-1,16,1,17,378,16,1,13,10,299,1/14790,1,91,182,117,26,65,156,143,52,39,130,169,78,13,104,195,104,13,78,169,130,39,52,143,156,65,26,117,182,91
32	13	12	15/493	175/493;318/493	175/493:16;318/493:16	175/493,-1,16,1,17,175,15,1,6,5,149,43/207060,0,149,122,27,176,95,54,203,68,81,190,41,108,163,14,135,136,13,162,109,40,189,82,67,204,55,94,177,28,121|318/493,1,16,-1,17,318,15,1,11,9,271,43/207060,0,149,122,27,176,95,54,203,68,81,190,41,108,163,14,135,136,13,162,109,40,189,82,67,204,55,94,177,28,121
32	14	8	7/232	15/232;217/232	15/232:15;217/232:15	15/232,-1,15,1,16,30,14,1,1,1,29,11/52200,0,29,58,87,116,145,174,203,218,189,160,131,102,73,44,15,14,43,72,101,130,159,188,217,204,175,146,117,88,59|217/232,1,15,-1,16,434,14,1,15,14,421,11/52200,0,29,58,87,116,145,174,203,218,189,160,131,102,73,44,15,14,43,72,101,130,159,188,217,204,175,146,117,88,59
32	15	8	13/435	28/435;407/435	28/435:14;407/435:14	28/435,1,14,-1,15,28,13,1,1,1,31,1/4640,0,31,62,93,124,155,186,217,232,201,170,139,108,77,46,15,16,47,78,109,140,171,202,233,216,185,154,123,92,61|407/435,-1,14,1,15,407,13,1,14,15,449,1/4640,0,31,62,93,124,155,186,217,232,201,170,139,108,77,46,15,16,47,78,109,140,171,202,233,216,185,154,123,92,61
32	16	16	12/377	88/377;289/377	88/377:12;289/377:12	88/377,-1,12,1,13,88,12,1,3,4,119,1/11310,1,119,238,153,34,85,204,187,68,51,170,221,102,17,136,255,136,17,102,221,170,51,68,187,204,85,34,153,238,119|289/377,1,12,-1,13,289,12,1,10,13,391,1/11310,1,119,238,153,34,85,204,187,68,51,170,221,102,17,136,255,136,17,102,221,170,51,68,187,204,85,34,153,238,119
32	17	6	11/377	146/377;231/377	146/377:12;231/377:12	146/377,-1,12,1,13,146,11,1,5,7,209,47/203580,0,209,122,87,244,35,174,157,52,261,70,139,192,17,226,105,104,227,18,191,140,69,262,53,156,175,34,243,88,121|231/377,1,12,-1,13,231,11,1,8,11,331,47/203580,0,209,122,87,244,35,174,157,52,261,70,139,192,17,226,105,104,227,18,191,140,69,262,53,156,175,34,243,88,121
32	18	18	10/319	117/319;202/319	117/319:10;202/319:10	117/319,-1,10,1,11,117,10,1,4,7,209,1/9570,1,209,152,57,266,95,114,247,38,171,190,19,228,133,76,285,76,133,228,19,190,171,38,247,114,95,266,57,152,209|202/319,1,10,-1,11,202,10,1,7,12,361,1/9570,1,209,152,57,266,95,114,247,38,171,190,19,228,133,76,285,76,133,228,19,190,171,38,247,114,95,266,57,152,209
32	19	8	9/319	144/319;175/319	144/319:10;175/319:10	144/319,1,10,-1,11,144,9,1,5,9,271,49/191400,0,271,58,213,116,155,174,97,232,39,290,19,252,77,194,135,136,193,78,251,20,291,38,233,96,175,154,117,212,59|175/319,-1,10,1,11,175,9,1,6,11,329,49/191400,0,271,58,213,116,155,174,97,232,39,290,19,252,77,194,135,136,193,78,251,20,291,38,233,96,175,154,117,212,59
32	20	12	4/145	14/145;131/145	14/145:9;131/145:9	14/145,1,9,-1,10,28,8,1,1,2,61,1/3654,0,61,122,183,244,305,264,203,142,81,20,41,102,163,224,285,284,223,162,101,40,21,82,143,204,265,304,243,182,121|131/145,-1,9,1,10,262,8,1,9,19,569,1/3654,0,61,122,183,244,305,264,203,142,81,20,41,102,163,224,285,284,223,162,101,40,21,82,143,204,265,304,243,182,121
32	21	10	7/261	59/261;202/261	59/261:8;202/261:8	59/261,-1,8,1,9,59,7,1,2,5,149,17/57420,0,149,298,213,64,85,234,277,128,21,170,319,192,43,106,255,256,107,42,191,320,171,22,127,276,235,86,63,212,299|202/261,1,8,-1,9,202,7,1,7,17,511,17/57420,0,149,298,213,64,85,234,277,128,21,170,319,192,43,106,255,256,107,42,191,320,171,22,127,276,235,86,63,212,299
32	22	22	6/203	88/203;115/203	88/203:6;115/203:6	88/203,-1,6,1,7,88,6,1,3,10,299,1/6090,1,299,92,207,184,115,276,23,322,69,230,161,138,253,46,345,46,253,138,161,230,69,322,23,276,115,184,207,92,299|115/203,1,6,-1,7,115,6,1,4,13,391,1/6090,1,299,92,207,184,115,276,23,322,69,230,161,138,253,46,345,46,253,138,161,230,69,322,23,276,115,184,207,92,299
32	23	8	5/203	59/203;144/203	59/203:6;144/203:6	59/203,-1,6,1,7,59,5,1,2,7,209,53/146160,0,209,302,93,116,325,186,23,232,279,70,139,348,163,46,255,256,47,162,349,140,69,278,233,24,185,326,117,92,301|144/203,1,6,-1,7,144,5,1,5,17,511,53/146160,0,209,302,93,116,325,186,23,232,279,70,139,348,163,46,255,256,47,162,349,140,69,278,233,24,185,326,117,92,301
32	24	20	2/87	14/87;73/87	14/87:5;73/87:5	14/87,1,5,-1,6,28,4,1,1,4,121,3/7250,0,121,242,363,266,145,24,97,218,339,290,169,48,73,194,315,314,193,72,49,170,291,338,217,96,25,146,267,362,241|73/87,-1,5,1,6,146,4,1,5,21,629,3/7250,0,121,242,363,266,145,24,97,218,339,290,169,48,73,194,315,314,193,72,49,170,291,338,217,96,25,146,267,362,241
32	25	12	3/145	28/145;117/145	28/145:4;117/145:4	28/145,1,4,-1,5,28,3,1,1,5,151,11/22620,0,151,302,327,176,25,126,277,352,201,50,101,252,377,226,75,76,227,378,251,100,51,202,353,276,125,26,177,328,301|117/145,-1,4,1,5,117,3,1,4,21,629,11/22620,0,151,302,327,176,25,126,277,352,201,50,101,252,377,226,75,76,227,378,251,100,51,202,353,276,125,26,177,328,301
32	26	18	1/58	15/58;43/58	15/58:3;43/58:3	15/58,-1,3,1,4,30,2,1,1,7,209,7/11745,0,209,392,183,26,235,366,157,52,261,340,131,78,287,314,105,104,313,288,79,130,339,262,53,156,365,236,27,182,391|43/58,1,3,-1,4,86,2,1,3,20,601,7/11745,0,209,392,183,26,235,366,157,52,261,340,131,78,287,314,105,104,313,288,79,130,339,262,53,156,365,236,27,182,391
32	27	12	1/87	28/87;59/87	28/87:2;59/87:2	28/87,1,2,-1,3,28,1,1,1,9,271,19/24360,0,271,298,27,244,325,54,217,352,81,190,379,108,163,406,135,136,407,162,109,380,189,82,353,216,55,326,243,28,299|59/87,-1,2,1,3,59,1,1,2,19,569,19/24360,0,271,298,27,244,325,54,217,352,81,190,379,108,163,406,135,136,407,162,109,380,189,82,353,216,55,326,243,28,299
32	28	28	0/1	1/29;2/29;3/29;4/29;5/29;6/29;7/29;8/29;9/29;10/29;11/29;12/29;13/29;14/29;15/29;16/29;17/29;18/29;19/29;20/29;21/29;22/29;23/29;24/29;25/29;26/29;27/29;28/29	1/29:0,27;2/29:13,14;3/29:9,18;4/29:6,21;5/29:5,22;6/29:4,23;7/29:3,24;8/29:10,17;9/29:12,15;10/29:2,25;11/29:7,20;12/29:11,16;13/29:8,19;14/29:1,26;15/29:1,26;16/29:8,19;17/29:11,16;18/29:7,20;19/29:2,25;20/29:12,15;21/29:10,17;22/29:3,24;23/29:4,23;24/29:5,22;25/29:6,21;26/29:9,18;27/29:13,14;28/29:0,27	1/29,-1,0,1,1,1,0,1,0,1,29,1/870,1,29,58,87,116,145,174,203,232,261,290,319,348,377,406,435,406,377,348,319,290,261,232,203,174,145,116,87,58,29|1/29,1,27,-1,28,28,0,1,1,1,31,1/870,0,31,62,93,124,155,186,217,248,279,310,341,372,403,434,405,374,343,312,281,250,219,188,157,126,95,64,33,2,29|2/29,-1,14,1,15,30,0,1,1,2,59,1/870,0,59,118,177,236,295,354,413,398,339,280,221,162,103,44,15,74,133,192,251,310,369,428,383,324,265,206,147,88,29|2/29,1,13,-1,14,28,0,1,1,2,61,1/870,0,61,122,183,244,305,366,427,382,321,260,199,138,77,16,45,106,167,228,289,350,411,398,337,276,215,154,93,32,29|3/29,-1,9,1,10,30,0,1,1,3,89,1/870,0,89,178,267,356,425,336,247,158,69,20,109,198,287,376,405,316,227,138,49,40,129,218,307,396,385,296,207,118,29|3/29,1,18,-1,19,57,0,1,2,3,91,1/870,0,91,182,273,364,415,324,233,142,51,40,131,222,313,404,375,284,193,102,11,80,171,262,353,426,335,244,153,62,29|4/29,-1,21,1,22,88,0,1,3,4,119,1/870,0,119,238,357,394,275,156,37,82,201,320,431,312,193,74,45,164,283,402,349,230,111,8,127,246,365,386,267,148,29|4/29,1,6,-1,7,28,0,1,1,4,121,1/870,0,121,242,363,386,265,144,23,98,219,340,409,288,167,46,75,196,317,432,311,190,69,52,173,294,415,334,213,92,29|5/29,-1,5,1,6,30,0,1,1,5,149,1/870,0,149,298,423,274,125,24,173,322,399,250,101,48,197,346,375,226,77,72,221,370,351,202,53,96,245,394,327,178,29|5/29,1,22,-1,23,115,0,1,4,5,151,1/870,0,151,302,417,266,115,36,187,338,381,230,79,72,223,374,345,194,43,108,259,410,309,158,7,144,295,424,273,122,29|6/29,-1,4,1,5,30,0,1,1,6,179,1/870,0,179,358,333,154,25,204,383,308,129,50,229,408,283,104,75,254,433,258,79,100,279,412,233,54,125,304,387,208,29|6/29,1,23,-1,24,144,0,1,5,6,181,1/870,0,181,362,327,146,35,216,397,292,111,70,251,432,257,76,105,286,403,222,41,140,321,368,187,6,175,356,333,152,29|7/29,-1,24,1,25,175,0,1,6,7,209,1/870,0,209,418,243,34,175,384,277,68,141,350,311,102,107,316,345,136,73,282,379,170,39,248,413,204,5,214,423,238,29|7/29,1,3,-1,4,28,0,1,1,7,211,1/870,0,211,422,237,26,185,396,263,52,159,370,289,78,133,344,315,104,107,318,341,130,81,292,367,156,55,266,393,182,29|8/29,-1,10,1,11,88,0,1,3,8,239,1/870,0,239,392,153,86,325,306,67,172,411,220,19,258,373,134,105,344,287,48,191,430,201,38,277,354,115,124,363,268,29|8/29,1,17,-1,18,144,0,1,5,8,241,1/870,0,241,388,147,94,335,294,53,188,429,200,41,282,347,106,135,376,253,12,229,400,159,82,323,306,65,176,417,212,29|9/29,-1,12,1,13,117,0,1,4,9,269,1/870,0,269,332,63,206,395,126,143,412,189,80,349,252,17,286,315,46,223,378,109,160,429,172,97,366,235,34,303,298,29|9/29,1,15,-1,16,144,0,1,5,9,271,1/870,0,271,328,57,214,385,114,157,428,171,100,371,228,43,314,285,14,257,342,71,200,399,128,143,414,185,86,357,242,29|10/29,-1,2,1,3,30,0,1,1,10,299,1/870,0,299,272,27,326,245,54,353,218,81,380,191,108,407,164,135,434,137,162,409,110,189,382,83,216,355,56,243,328,29|10/29,1,25,-1,26,260,0,1,9,10,301,1/870,0,301,268,33,334,235,66,367,202,99,400,169,132,433,136,165,404,103,198,371,70,231,338,37,264,305,4,297,272,29|11/29,-1,7,1,8,88,0,1,3,11,329,1/870,0,329,212,117,424,95,234,307,22,351,190,139,402,73,256,285,44,373,168,161,380,51,278,263,66,395,146,183,358,29|11/29,1,20,-1,21,231,0,1,8,11,331,1/870,0,331,208,123,416,85,246,293,38,369,170,161,378,47,284,255,76,407,132,199,340,9,322,217,114,425,94,237,302,29|12/29,-1,16,1,17,204,0,1,7,12,359,1/870,0,359,152,207,304,55,414,97,262,249,110,401,42,317,194,165,346,13,372,139,220,291,68,427,84,275,236,123,388,29|12/29,1,11,-1,12,144,0,1,5,12,361,1/870,0,361,148,213,296,65,426,83,278,231,130,379,18,343,166,195,314,47,408,101,260,249,112,397,36,325,184,177,332,29|13/29,-1,8,1,9,117,0,1,4,13,389,1/870,0,389,92,297,184,205,276,113,368,21,410,71,318,163,226,255,134,347,42,431,50,339,142,247,234,155,326,63,418,29|13/29,1,19,-1,20,260,0,1,9,13,391,1/870,0,391,88,303,176,215,264,127,352,39,430,49,342,137,254,225,166,313,78,401,10,381,98,293,186,205,274,117,362,29|14/29,-1,26,1,27,378,0,1,13,14,419,1/870,0,419,32,387,64,355,96,323,128,291,160,259,192,227,224,195,256,163,288,131,320,99,352,67,384,35,416,3,422,29|14/29,1,1,-1,2,28,0,1,1,14,421,1/870,0,421,28,393,56,365,84,337,112,309,140,281,168,253,196,225,224,197,252,169,280,141,308,113,336,85,364,57,392,29|15/29,-1,1,1,2,30,0,1,1,15,449,1/870,0,421,28,393,56,365,84,337,112,309,140,281,168,253,196,225,224,197,252,169,280,141,308,113,336,85,364,57,392,29|15/29,1,26,-1,27,405,0,1,14,15,451,1/870,0,419,32,387,64,355,96,323,128,291,160,259,192,227,224,195,256,163,288,131,320,99,352,67,384,35,416,3,422,29|16/29,-1,19,1,20,320,0,1,11,16,479,1/870,0,391,88,303,176,215,264,127,352,39,430,49,342,137,254,225,166,313,78,401,10,381,98,293,186,205,274,117,362,29|16/29,1,8,-1,9,144,0,1,5,16,481,1/870,0,389,92,297,184,205,276,113,368,21,410,71,318,163,226,255,134,347,42,431,50,339,142,247,234,155,326,63,418,29|17/29,-1,11,1,12,204,0,1,7,17,509,1/870,0,361,148,213,296,65,426,83,278,231,130,379,18,343,166,195,314,47,408,101,260,249,112,397,36,325,184,177,332,29|17/29,1,16,-1,17,289,0,1,10,17,511,1/870,0,359,152,207,304,55,414,97,262,249,110,401,42,317,194,165,346,13,372,139,220,291,68,427,84,275,236,123,388,29|18/29,-1,20,1,21,378,0,1,13,18,539,1/870,0,331,208,123,416,85,246,293,38,369,170,161,378,47,284,255,76,407,132,199,340,9,322,217,114,425,94,237,302,29|18/29,1,7,-1,8,144,0,1,5,18,541,1/870,0,329,212,117,424,95,234,307,22,351,190,139,402,73,256,285,44,373,168,161,380,51,278,263,66,395,146,183,358,29|19/29,-1,25,1,26,494,0,1,17,19,569,1/870,0,301,268,33,334,235,66,367,202,99,400,169,132,433,136,165,404,103,198,371,70,231,338,37,264,305,4,297,272,29|19/29,1,2,-1,3,57,0,1,2,19,571,1/870,0,299,272,27,326,245,54,353,218,81,380,191,108,407,164,135,434,137,162,409,110,189,382,83,216,355,56,243,328,29|20/29,-1,15,1,16,320,0,1,11,20,599,1/870,0,271,328,57,214,385,114,157,428,171,100,371,228,43,314,285,14,257,342,71,200,399,128,143,414,185,86,357,242,29|20/29,1,12,-1,13,260,0,1,9,20,601,1/870,0,269,332,63,206,395,126,143,412,189,80,349,252,17,286,315,46,223,378,109,160,429,172,97,366,235,34,303,298,29|21/29,-1,17,1,18,378,0,1,13,21,629,1/870,0,241,388,147,94,335,294,53,188,429,200,41,282,347,106,135,376,253,12,229,400,159,82,323,306,65,176,417,212,29|21/29,1,10,-1,11,231,0,1,8,21,631,1/870,0,239,392,153,86,325,306,67,172,411,220,19,258,373,134,105,344,287,48,191,430,201,38,277,354,115,124,363,268,29|22/29,-1,3,1,4,88,0,1,3,22,659,1/870,0,211,422,237,26,185,396,263,52,159,370,289,78,133,344,315,104,107,318,341,130,81,292,367,156,55,266,393,182,29|22/29,1,24,-1,25,550,0,1,19,22,661,1/870,0,209,418,243,34,175,384,277,68,141,350,311,102,107,316,345,136,73,282,379,170,39,248,413,204,5,214,423,238,29|23/29,-1,23,1,24,552,0,1,19,23,689,1/870,0,181,362,327,146,35,216,397,292,111,70,251,432,257,76,105,286,403,222,41,140,321,368,187,6,175,356,333,152,29|23/29,1,4,-1,5,115,0,1,4,23,691,1/870,0,179,358,333,154,25,204,383,308,129,50,229,408,283,104,75,254,433,258,79,100,279,412,233,54,125,304,387,208,29|24/29,-1,22,1,23,552,0,1,19,24,719,1/870,0,151,302,417,266,115,36,187,338,381,230,79,72,223,374,345,194,43,108,259,410,309,158,7,144,295,424,273,122,29|24/29,1,5,-1,6,144,0,1,5,24,721,1/870,0,149,298,423,274,125,24,173,322,399,250,101,48,197,346,375,226,77,72,221,370,351,202,53,96,245,394,327,178,29|25/29,-1,6,1,7,175,0,1,6,25,749,1/870,0,121,242,363,386,265,144,23,98,219,340,409,288,167,46,75,196,317,432,311,190,69,52,173,294,415,334,213,92,29|25/29,1,21,-1,22,550,0,1,19,25,751,1/870,0,119,238,357,394,275,156,37,82,201,320,431,312,193,74,45,164,283,402,349,230,111,8,127,246,365,386,267,148,29|26/29,-1,18,1,19,494,0,1,17,26,779,1/870,0,91,182,273,364,415,324,233,142,51,40,131,222,313,404,375,284,193,102,11,80,171,262,353,426,335,244,153,62,29|26/29,1,9,-1,10,260,0,1,9,26,781,1/870,0,89,178,267,356,425,336,247,158,69,20,109,198,287,376,405,316,227,138,49,40,129,218,307,396,385,296,207,118,29|27/29,-1,13,1,14,378,0,1,13,27,809,1/870,0,61,122,183,244,305,366,427,382,321,260,199,138,77,16,45,106,167,228,289,350,411,398,337,276,215,154,93,32,29|27/29,1,14,-1,15,405,0,1,14,27,811,1/870,0,59,118,177,236,295,354,413,398,339,280,221,162,103,44,15,74,133,192,251,310,369,428,383,324,265,206,147,88,29|28/29,-1,27,1,28,784,0,1,27,28,839,1/870,0,31,62,93,124,155,186,217,248,279,310,341,372,403,434,405,374,343,312,281,250,219,188,157,126,95,64,33,2,29|28/29,1,0,-1,1,28,0,1,1,28,841,1/870,1,29,58,87,116,145,174,203,232,261,290,319,348,377,406,435,406,377,348,319,290,261,232,203,174,145,116,87,58,29
33	0	2	29/900	29/900;871/900	29/900:29;871/900:29	29/900,1,29,-1,30,29,29,1,1,0,1,1/27900,1,1,2,3,4,5,6,7,8,9,10,11,12,13,14,15,15,14,13,12,11,10,9,8,7,6,5,4,3,2,1|871/900,-1,29,1,30,871,29,1,29,1,30,1/27900,1,1,2,3,4,5,6,7,8,9,10,11,12,13,14,15,15,14,13,12,11,10,9,8,7,6,5,4,3,2,1
33	1	2	14/435	421/870;449/870	421/870:28;449/870:28	421/870,-1,28,1,29,421,28,1,14,1,30,1/26970,1,30,2,28,4,26,6,24,8,22,10,20,12,18,14,16,16,14,18,12,20,10,22,8,24,6,26,4,28,2,30|449/870,1,28,-1,29,449,28,1,15,1,32,1/26970,1,30,2,28,4,26,6,24,8,22,10,20,12,18,14,16,16,14,18,12,20,10,22,8,24,6,26,4,28,2,30
33	2	4	9/280	271/840;569/840	271/840:27;569/840:27	271/840,-1,27,1,28,271,27,1,9,1,30,1/26040,1,30,33,3,27,36,6,24,39,9,21,42,12,18,45,15,15,45,18,12,42,21,9,39,24,6,36,27,3,33,30|569/840,1,27,-1,28,569,27,1,19,2,63,1/26040,1,30,33,3,27,36,6,24,39,9,21,42,12,18,45,15,15,45,18,12,42,21,9,39,24,6,36,27,3,33,30
33	3	4	13/405	209/810;601/810	209/810:26;601/810:26	209/810,1,26,-1,27,209,26,1,7,1,32,1/25110,1,32,60,28,4,36,56,24,8,40,52,20,12,44,48,16,16,48,44,12,20,52,40,8,24,56,36,4,28,60,32|601/810,-1,26,1,27,601,26,1,20,3,92,1/25110,1,32,60,28,4,36,56,24,8,40,52,20,12,44,48,16,16,48,44,12,20,52,40,8,24,56,36,4,28,60,32
33	4	8	5/156	151/780;629/780	151/780:25;629/780:25	151/780,-1,25,1,26,151,25,1,5,1,30,1/24180,1,30,60,65,35,5,25,55,70,40,10,20,50,75,45,15,15,45,75,50,20,10,40,70,55,25,5,35,65,60,30|629/780,1,25,-1,26,629,25,1,21,4,125,1/24180,1,30,60,65,35,5,25,55,70,40,10,20,50,75,45,15,15,45,75,50,20,10,40,70,55,25,5,35,65,60,30
33	5	4	4/125	121/750;629/750	121/750:24;629/750:24	121/750,-1,24,1,25,121,24,1,4,1,30,1/23250,1,30,60,90,66,36,6,24,54,84,72,42,12,18,48,78,78,48,18,12,42,72,84,54,24,6,36,66,90,60,30|629/750,1,24,-1,25,629,24,1,21,5,156,1/23250,1,30,60,90,66,36,6,24,54,84,72,42,12,18,48,78,78,48,18,12,42,72,84,54,24,6,36,66,90,60,30
33	6	12	23/720	209/720;511/720	209/720:23;511/720:23	209/720,1,23,-1,24,209,23,1,7,2,63,1/22320,1,63,91,28,35,98,56,7,70,84,21,42,105,49,14,77,77,14,49,105,42,21,84,70,7,56,98,35,28,91,63|511/720,-1,23,1,24,511,23,1,17,5,154,1/22320,1,63,91,28,35,98,56,7,70,84,21,42,105,49,14,77,77,14,49,105,42,21,84,70,7,56,98,35,28,91,63
33	7	8	11/345	89/690;601/690	89/690:22;601/690:22	89/690,1,22,-1,23,89,22,1,3,1,32,1/21390,1,32,64,96,120,88,56,24,8,40,72,104,112,80,48,16,16,48,80,112,104,72,40,8,24,56,88,120,96,64,32|601/690,-1,22,1,23,601,22,1,20,7,216,1/21390,1,32,64,96,120,88,56,24,8,40,72,104,112,80,48,16,16,48,80,112,104,72,40,8,24,56,88,120,96,64,32
33	8	12	7/220	149/660;511/660	149/660:21;511/660:21	149/660,1,21,-1,22,149,21,1,5,2,63,1/20460,1,63,126,90,27,36,99,117,54,9,72,135,81,18,45,108,108,45,18,81,135,72,9,54,117,99,36,27,90,126,63|511/660,-1,21,1,22,511,21,1,17,7,216,1/20460,1,63,126,90,27,36,99,117,54,9,72,135,81,18,45,108,108,45,18,81,135,72,9,54,117,99,36,27,90,126,63
33	9	8	2/63	61/630;569/630	61/630:20;569/630:20	61/630,-1,20,1,21,61,20,1,2,1,30,1/19530,1,30,60,90,120,150,130,100,70,40,10,20,50,80,110,140,140,110,80,50,20,10,40,70,100,130,150,120,90,60,30|569/630,1,20,-1,21,569,20,1,19,9,280,1/19530,1,30,60,90,120,150,130,100,70,40,10,20,50,80,110,140,140,110,80,50,20,10,40,70,100,130,150,120,90,60,30
33	10	20	19/600	271/600;329/600	271/600:19;329/600:19	271/600,-1,19,1,20,271,19,1,9,5,154,1/18600,1,154,33,121,66,88,99,55,132,22,165,11,143,44,110,77,77,110,44,143,11,165,22,132,55,99,88,66,121,33,154|329/600,1,19,-1,20,329,19,1,11,6,187,1/18600,1,154,33,121,66,88,99,55,132,22,165,11,143,44,110,77,77,110,44,143,11,165,22,132,55,99,88,66,121,33,154
33	11	8	3/95	239/570;331/570	239/570:18;331/570:18	239/570,1,18,-1,19,239,18,1,8,5,156,1/17670,1,156,60,96,120,36,180,24,132,84,72,144,12,168,48,108,108,48,168,12,144,72,84,132,24,180,36,120,96,60,156|331/570,-1,18,1,19,331,18,1,11,7,216,1/17670,1,156,60,96,120,36,180,24,132,84,72,144,12,168,48,108,108,48,168,12,144,72,84,132,24,180,36,120,96,60,156
33	12	24	17/540	209/540;331/540	209/540:17;331/540:17	209/540,1,17,-1,18,209,17,1,7,5,156,1/16740,1,156,91,65,182,26,130,117,39,195,52,104,143,13,169,78,78,169,13,143,104,52,195,39,117,130,26,182,65,91,156|331/540,-1,17,1,18,331,17,1,11,8,247,1/16740,1,156,91,65,182,26,130,117,39,195,52,104,143,13,169,78,78,169,13,143,104,52,195,39,117,130,26,182,65,91,156
33	13	12	8/255	181/510;329/510	181/510:16;329/510:16	181/510,-1,16,1,17,181,16,1,6,5,154,1/15810,1,154,126,28,182,98,56,210,70,84,196,42,112,168,14,140,140,14,168,112,42,196,84,70,210,56,98,182,28,126,154|329/510,1,16,-1,17,329,16,1,11,9,280,1/15810,1,154,126,28,182,98,56,210,70,84,196,42,112,168,14,140,140,14,168,112,42,196,84,70,210,56,98,182,28,126,154
33	14	16	1/32	31/480;449/480	31/480:15;449/480:15	31/480,-1,15,1,16,31,15,1,1,1,30,1/14880,1,30,60,90,120,150,180,210,225,195,165,135,105,75,45,15,15,45,75,105,135,165,195,225,210,180,150,120,90,60,30|449/480,1,15,-1,16,449,15,1,15,14,435,1/14880,1,30,60,90,120,150,180,210,225,195,165,135,105,75,45,15,15,45,75,105,135,165,195,225,210,180,150,120,90,60,30
33	15	8	7/225	29/450;421/450	29/450:14;421/450:14	29/450,1,14,-1,15,29,14,1,1,1,32,1/13950,1,32,64,96,128,160,192,224,240,208,176,144,112,80,48,16,16,48,80,112,144,176,208,240,224,192,160,128,96,64,32|421/450,-1,14,1,15,421,14,1,14,15,464,1/13950,1,32,64,96,128,160,192,224,240,208,176,144,112,80,48,16,16,48,80,112,144,176,208,240,224,192,160,128,96,64,32
33	16	16	13/420	149/420;271/420	149/420:13;271/420:13	149/420,1,13,-1,14,149,13,1,5,6,187,1/13020,1,187,153,34,221,119,68,255,85,102,238,51,136,204,17,170,170,17,204,136,51,238,102,85,255,68,119,221,34,153,187|271/420,-1,13,1,14,271,13,1,9,11,340,1/13020,1,187,153,34,221,119,68,255,85,102,238,51,136,204,17,170,170,17,204,136,51,238,102,85,255,68,119,221,34,153,187
33	17	6	2/65	151/390;239/390	151/390:12;239/390:12	151/390,-1,12,1,13,151,12,1,5,7,216,1/12090,1,216,126,90,252,36,180,162,54,270,72,144,198,18,234,108,108,234,18,198,144,72,270,54,162,180,36,252,90,126,216|239/390,1,12,-1,13,239,12,1,8,11,342,1/12090,1,216,126,90,252,36,180,162,54,270,72,144,198,18,234,108,108,234,18,198,144,72,270,54,162,180,36,252,90,126,216
33	18	18	11/360	151/360;209/360	151/360:11;209/360:11	151/360,-1,11,1,12,151,11,1,5,8,247,1/11160,1,247,95,152,190,57,285,38,209,133,114,228,19,266,76,171,171,76,266,19,228,114,133,209,38,285,57,190,152,95,247|209/360,1,11,-1,12,209,11,1,7,11,342,1/11160,1,247,95,152,190,57,285,38,209,133,114,228,19,266,76,171,171,76,266,19,228,114,133,209,38,285,57,190,152,95,247
33	19	8	1/33	149/330;181/330	149/330:10;181/330:10	149/330,1,10,-1,11,149,10,1,5,9,280,1/10230,1,280,60,220,120,160,180,100,240,40,300,20,260,80,200,140,140,200,80,260,20,300,40,240,100,180,160,120,220,60,280|181/330,-1,10,1,11,181,10,1,6,11,340,1/10230,1,280,60,220,120,160,180,100,240,40,300,20,260,80,200,140,140,200,80,260,20,300,40,240,100,180,160,120,220,60,280
33	20	12	3/100	29/300;271/300	29/300:9;271/300:9	29/300,1,9,-1,10,29,9,1,1,2,63,1/9300,1,63,126,189,252,315,273,210,147,84,21,42,105,168,231,294,294,231,168,105,42,21,84,147,210,273,315,252,189,126,63|271/300,-1,9,1,10,271,9,1,9,19,588,1/9300,1,63,126,189,252,315,273,210,147,84,21,42,105,168,231,294,294,231,168,105,42,21,84,147,210,273,315,252,189,126,63
33	21	10	4/135	61/270;209/270	61/270:8;209/270:8	61/270,-1,8,1,9,61,8,1,2,5,154,1/8370,1,154,308,220,66,88,242,286,132,22,176,330,198,44,110,264,264,110,44,198,330,176,22,132,286,242,88,66,220,308,154|209/270,1,8,-1,9,209,8,1,7,17,528,1/8370,1,154,308,220,66,88,242,286,132,22,176,330,198,44,110,264,264,110,44,198,330,176,22,132,286,242,88,66,220,308,154
33	22	22	7/240	31/240;209/240	31/240:7;209/240:7	31/240,-1,7,1,8,31,7,1,1,3,92,1/7440,1,92,184,276,345,253,161,69,23,115,207,299,322,230,138,46,46,138,230,322,299,207,115,23,69,161,253,345,276,184,92|209/240,1,7,-1,8,209,7,1,7,20,621,1/7440,1,92,184,276,345,253,161,69,23,115,207,299,322,230,138,46,46,138,230,322,299,207,115,23,69,161,253,345,276,184,92
33	23	8	1/35	61/210;149/210	61/210:6;149/210:6	61/210,-1,6,1,7,61,6,1,2,7,216,1/6510,1,216,312,96,120,336,192,24,240,288,72,144,360,168,48,264,264,48,168,360,144,72,288,240,24,192,336,120,96,312,216|149/210,1,6,-1,7,149,6,1,5,17,528,1/6510,1,216,312,96,120,336,192,24,240,288,72,144,360,168,48,264,264,48,168,360,144,72,288,240,24,192,336,120,96,312,216
33	24	20	1/36	29/180;151/180	29/180:5;151/180:5	29/180,1,5,-1,6,29,5,1,1,4,125,1/5580,1,125,250,375,275,150,25,100,225,350,300,175,50,75,200,325,325,200,75,50,175,300,350,225,100,25,150,275,375,250,125|151/180,-1,5,1,6,151,5,1,5,21,650,1/5580,1,125,250,375,275,150,25,100,225,350,300,175,50,75,200,325,325,200,75,50,175,300,350,225,100,25,150,275,375,250,125
33	25	12	2/75	29/150;121/150	29/150:4;121/150:4	29/150,1,4,-1,5,29,4,1,1,5,156,1/4650,1,156,312,338,182,26,130,286,364,208,52,104,260,390,234,78,78,234,390,260,104,52,208,364,286,130,26,182,338,312,156|121/150,-1,4,1,5,121,4,1,4,21,650,1/4650,1,156,312,338,182,26,130,286,364,208,52,104,260,390,234,78,78,234,390,260,104,52,208,364,286,130,26,182,338,312,156
33	26	18	1/40	31/120;89/120	31/120:3;89/120:3	31/120,-1,3,1,4,31,3,1,1,7,216,1/3720,1,216,405,189,27,243,378,162,54,270,351,135,81,297,324,108,108,324,297,81,135,351,270,54,162,378,243,27,189,405,216|89/120,1,3,-1,4,89,3,1,3,20,621,1/3720,1,216,405,189,27,243,378,162,54,270,351,135,81,297,324,108,108,324,297,81,135,351,270,54,162,378,243,27,189,405,216
33	27	12	1/45	29/90;61/90	29/90:2;61/90:2	29/90,1,2,-1,3,29,2,1,1,9,280,1/2790,1,280,308,28,252,336,56,224,364,84,196,392,112,168,420,140,140,420,168,112,392,196,84,364,224,56,336,252,28,308,280|61/90,-1,2,1,3,61,2,1,2,19,588,1/2790,1,280,308,28,252,336,56,224,364,84,196,392,112,168,420,140,140,420,168,112,392,196,84,364,224,56,336,252,28,308,280
33	28	28	1/60	29/60;31/60	29/60:1;31/60:1	29/60,1,1,-1,2,29,1,1,1,14,435,1/1860,1,435,29,406,58,377,87,348,116,319,145,290,174,261,203,232,232,203,261,174,290,145,319,116,348,87,377,58,406,29,435|31/60,-1,1,1,2,31,1,1,1,15,464,1/1860,1,435,29,406,58,377,87,348,116,319,145,290,174,261,203,232,232,203,261,174,290,145,319,116,348,87,377,58,406,29,435
33	29	8	0/1	1/30;7/30;11/30;13/30;17/30;19/30;23/30;29/30	1/30:0,28;7/30:12,16;11/30:10,18;13/30:6,22;17/30:6,22;19/30:10,18;23/30:12,16;29/30:0,28	1/30,-1,0,1,1,1,0,1,0,1,30,1/930,1,30,60,90,120,150,180,210,240,270,300,330,360,390,420,450,450,420,390,360,330,300,270,240,210,180,150,120,90,60,30|1/30,1,28,-1,29,29,0,1,1,1,32,1/930,0,32,64,96,128,160,192,224,256,288,320,352,384,416,448,450,418,386,354,322,290,258,226,194,162,130,98,66,34,2,30|7/30,-1,12,1,13,91,0,1,3,7,216,1/930,0,216,432,282,66,150,366,348,132,84,300,414,198,18,234,450,264,48,168,384,330,114,102,318,396,180,36,252,462,246,30|7/30,1,16,-1,17,119,0,1,4,7,218,1/930,0,218,436,276,58,160,378,334,116,102,320,392,174,44,262,450,232,14,204,422,290,72,146,364,348,130,88,306,406,188,30|11/30,-1,10,1,11,121,0,1,4,11,340,1/930,0,340,250,90,430,160,180,410,70,270,320,20,360,230,110,450,140,200,390,50,290,300,40,380,210,130,460,120,220,370,30|11/30,1,18,-1,19,209,0,1,7,11,342,1/930,0,342,246,96,438,150,192,396,54,288,300,42,384,204,138,450,108,234,354,12,330,258,84,426,162,180,408,66,276,312,30|13/30,-1,6,1,7,91,0,1,3,13,402,1/930,0,402,126,276,252,150,378,24,426,102,300,228,174,354,48,450,78,324,204,198,330,72,456,54,348,180,222,306,96,432,30|13/30,1,22,-1,23,299,0,1,10,13,404,1/930,0,404,122,282,244,160,366,38,442,84,320,206,198,328,76,450,46,358,168,236,290,114,412,8,396,130,274,252,152,374,30|17/30,-1,22,1,23,391,0,1,13,17,526,1/930,0,404,122,282,244,160,366,38,442,84,320,206,198,328,76,450,46,358,168,236,290,114,412,8,396,130,274,252,152,374,30|17/30,1,6,-1,7,119,0,1,4,17,528,1/930,0,402,126,276,252,150,378,24,426,102,300,228,174,354,48,450,78,324,204,198,330,72,456,54,348,180,222,306,96,432,30|19/30,-1,18,1,19,361,0,1,12,19,588,1/930,0,342,246,96,438,150,192,396,54,288,300,42,384,204,138,450,108,234,354,12,330,258,84,426,162,180,408,66,276,312,30|19/30,1,10,-1,11,209,0,1,7,19,590,1/930,0,340,250,90,430,160,180,410,70,270,320,20,360,230,110,450,140,200,390,50,290,300,40,380,210,130,460,120,220,370,30|23/30,-1,16,1,17,391,0,1,13,23,712,1/930,0,218,436,276,58,160,378,334,116,102,320,392,174,44,262,450,232,14,204,422,290,72,146,364,348,130,88,306,406,188,30|23/30,1,12,-1,13,299,0,1,10,23,714,1/930,0,216,432,282,66,150,366,348,132,84,300,414,198,18,234,450,264,48,168,384,330,114,102,318,396,180,36,252,462,246,30|29/30,-1,28,1,29,841,0,1,28,29,898,1/930,0,32,64,96,128,160,192,224,256,288,320,352,384,416,448,450,418,386,354,322,290,258,226,194,162,130,98,66,34,2,30|29/30,1,0,-1,1,29,0,1,1,29,900,1/930,1,30,60,90,120,150,180,210,240,270,300,330,360,390,420,450,450,420,390,360,330,300,270,240,210,180,150,120,90,60,30
34	0	4	4/25	4/25;21/25	4/25:3;21/25:3	4/25,1,3,-1,5,4,4,1,1,0,1,1/150,1,1,3,2,1,3|21/25,-1,3,1,5,21,4,1,4,1,5,1/150,1,1,3,2,1,3
34	1	4	1/10	3/10;7/10	3/10:2;7/10:2	3/10,-1,2,1,4,6,2,1,1,1,5,1/45,0,5,3,2,7,9|7/10,1,2,-1,4,14,2,1,3,2,13,1/45,0,5,3,2,7,9
34	2	3	2/15	7/15;8/15	7/15:4;8/15:4	7/15,-1,4,1,9,21,6,2,4,2,11,1/120,0,11,9,4,7,3|8/15,1,4,-1,9,24,6,2,5,2,13,1/120,0,11,9,4,7,3
34	3	4	1/9	19/45;26/45	19/45:4;26/45:4	19/45,1,4,-1,9,19,5,2,4,2,13,1/90,0,13,9,8,5,3|26/45,-1,4,1,9,26,5,2,5,3,17,1/90,0,13,9,8,5,3
34	4	2	1/20	9/20;11/20	9/20:2;11/20:2	9/20,1,2,-1,4,9,1,2,2,4,25,7/540,0,25,21,8,17,9|11/20,-1,2,1,4,11,1,2,2,5,29,7/540,0,25,21,8,17,9
35	0	8	5/36	5/36;31/36	5/36:2;31/36:2	5/36,1,2,-1,6,5,5,1,1,0,1,1/252,1,1,2,1,3,2,3|31/36,-1,2,1,6,31,5,1,5,1,6,1/252,1,1,2,1,3,2,3
35	1	6	13/96	41/96;55/96	41/96:4;55/96:4	41/96,1,4,-1,16,41,13,3,7,2,15,1/672,1,15,5,15,10,5,10|55/96,-1,4,1,16,55,13,3,9,3,20,1/672,1,15,5,15,10,5,10
35	2	6	2/17	49/102;53/102	49/102:5;53/102:5	49/102,-1,5,1,17,49,12,3,8,3,20,1/238,0,20,16,6,10,16,4|53/102,1,5,-1,17,53,12,3,9,3,22,1/238,0,20,16,6,10,16,4
35	3	6	13/96	25/96;71/96	25/96:4;71/96:4	25/96,-1,4,1,16,25,13,4,4,3,20,5/7392,1,20,23,34,11,12,32|71/96,1,4,-1,16,71,13,4,12,8,57,5/7392,1,20,23,34,11,12,32
35	4	6	7/51	31/102;71/102	31/102:5;71/102:5	31/102,-1,5,1,17,31,14,5,5,5,34,1/2856,1,34,54,20,38,16,18|71/102,1,5,-1,17,71,14,5,12,11,78,1/2856,1,34,54,20,38,16,18
35	5	6	13/96	29/96;67/96	29/96:4;67/96:4	29/96,1,4,-1,16,29,13,5,5,5,36,5/11424,1,36,58,22,39,19,17|67/96,-1,4,1,16,67,13,5,11,12,83,5/11424,1,36,58,22,39,19,17
36	0	4	6/49	6/49;43/49	6/49:5;43/49:5	6/49,1,5,-1,7,6,6,1,1,0,1,1/392,1,1,2,3,4,3,1,4|43/49,-1,5,1,7,43,6,1,6,1,7,1/392,1,1,2,3,4,3,1,4
36	1	2	5/49	22/49;27/49	22/49:5;27/49:5	22/49,-1,5,1,7,22,5,1,3,1,7,9/784,0,7,2,5,4,3,1,4|27/49,1,5,-1,7,27,5,1,4,1,9,9/784,0,7,2,5,4,3,1,4
36	2	4	4/35	13/35;22/35	13/35:4;22/35:4	13/35,1,4,-1,5,13,4,1,2,1,9,1/280,1,9,6,3,12,3,9,12|22/35,-1,4,1,5,22,4,1,3,2,15,1/280,1,9,6,3,12,3,9,12
36	3	4	3/35	8/35;27/35	8/35:4;27/35:4	8/35,-1,4,1,5,8,3,1,1,1,7,11/1120,0,7,14,11,4,3,15,12|27/35,1,4,-1,5,27,3,1,4,3,25,11/1120,0,7,14,11,4,3,15,12
36	4	4	3/28	5/28;23/28	5/28:6;23/28:6	5/28,-1,6,1,12,15,9,2,2,1,7,1/280,0,7,14,19,12,5,9,4|23/28,1,6,-1,12,69,9,2,10,4,33,1/280,0,7,14,19,12,5,9,4
36	5	6	1/12	13/84;71/84	13/84:6;71/84:6	13/84,1,6,-1,12,13,7,2,2,1,9,1/168,0,9,18,27,20,11,7,4|71/84,-1,6,1,12,71,7,2,10,6,47,1/168,0,9,18,27,20,11,7,4
36	6	2	2/35	6/35;29/35	6/35:4;29/35:4	6/35,1,4,-1,5,6,2,2,1,2,17,19/3360,0,17,34,45,28,11,23,12|29/35,-1,4,1,5,29,2,2,4,10,79,19/3360,0,17,34,45,28,11,23,12
37	0	4	6/49	6/49;43/49	6/49:4;43/49:4	6/49,1,4,-1,7,6,6,1,1,0,1,1/392,1,1,4,3,2,1,3,3|43/49,-1,4,1,7,43,6,1,6,1,7,1/392,1,1,4,3,2,1,3,3
37	1	4	10/91	43/91;48/91	43/91:6;48/91:6	43/91,-1,6,1,13,43,10,2,6,2,15,11/2912,0,15,4,11,6,9,5,3|48/91,1,6,-1,13,48,10,2,7,2,17,11/2912,0,15,4,11,6,9,5,3
37	2	4	1/14	3/14;11/14	3/14:1;11/14:1	3/14,1,1,-1,4,6,2,1,1,1,9,3/280,0,9,4,5,14,17,19,3|11/14,-1,1,1,4,22,2,1,3,4,31,3/280,0,9,4,5,14,17,19,3
37	3	4	8/77	27/77;50/77	27/77:5;50/77:5	27/77,1,5,-1,11,27,8,2,4,2,17,13/3696,0,17,20,11,6,23,5,19|50/77,-1,5,1,11,50,8,2,7,4,31,13/3696,0,17,20,11,6,23,5,19
37	4	6	1/11	34/77;43/77	34/77:5;43/77:5	34/77,1,5,-1,11,34,7,2,5,3,25,3/616,0,25,12,13,18,7,5,11|43/77,-1,5,1,11,43,7,2,6,4,31,3/616,0,25,12,13,18,7,5,11
37	5	4	3/35	13/35;22/35	13/35:2;22/35:2	13/35,1,2,-1,5,13,3,2,2,4,33,1/280,1,33,44,11,22,33,11,11|22/35,-1,2,1,5,22,3,2,3,7,55,1/280,1,33,44,11,22,33,11,11
37	6	2	1/42	13/42;29/42	13/42:3;29/42:3	13/42,1,3,-1,6,13,1,2,2,4,33,17/2184,0,33,28,43,10,23,51,13|29/42,-1,3,1,6,29,1,2,4,9,71,17/2184,0,33,28,43,10,23,51,13
38	0	4	12/169	12/169;157/169	12/169:11;157/169:11	12/169,1,11,-1,13,12,12,1,1,0,1,1/2366,1,1,2,3,4,5,6,7,6,5,4,3,1,4|157/169,-1,11,1,13,157,12,1,12,1,13,1/2366,1,1,2,3,4,5,6,7,6,5,4,3,1,4
38	1	2	11/169	79/169;90/169	79/169:11;90/169:11	79/169,-1,11,1,13,79,11,1,6,1,13,15/4732,0,13,2,11,4,9,6,7,8,5,10,3,1,4|90/169,1,11,-1,13,90,11,1,7,1,15,15/4732,0,13,2,11,4,9,6,7,8,5,10,3,1,4
38	2	4	10/143	51/143;92/143	51/143:10;92/143:10	51/143,1,10,-1,11,51,10,1,4,1,15,1/2002,1,15,12,3,18,9,6,21,6,9,18,3,15,18|92/143,-1,10,1,11,92,10,1,7,2,27,1/2002,1,15,12,3,18,9,6,21,6,9,18,3,15,18
38	3	4	9/143	38/143;105/143	38/143:10;105/143:10	38/143,1,10,-1,11,38,9,1,3,1,15,17/8008,0,15,26,11,4,19,22,7,8,23,18,3,27,24|105/143,-1,10,1,11,105,9,1,8,3,41,17/8008,0,15,26,11,4,19,22,7,8,23,18,3,27,24
38	4	8	8/117	25/117;92/117	25/117:8;92/117:8	25/117,1,8,-1,9,25,8,1,2,1,15,1/1638,1,15,30,25,10,5,20,35,20,5,10,25,15,10|92/117,-1,8,1,9,92,8,1,7,4,55,1/1638,1,15,30,25,10,5,20,35,20,5,10,25,15,10
38	5	4	7/143	25/143;118/143	25/143:10;118/143:10	25/143,1,10,-1,11,25,7,1,2,1,15,15/4004,0,15,30,39,24,9,6,21,36,33,18,3,27,24|118/143,-1,10,1,11,118,7,1,9,5,69,15/4004,0,15,30,39,24,9,6,21,36,33,18,3,27,24
38	6	6	19/312	131/312;181/312	131/312:12;181/312:12	131/312,-1,12,1,24,131,19,2,10,3,41,23/15288,0,41,16,25,32,9,48,7,34,23,18,39,43,4|181/312,1,12,-1,24,181,19,2,14,4,57,23/15288,0,41,16,25,32,9,48,7,34,23,18,39,43,4
38	7	8	5/91	12/91;79/91	12/91:6;79/91:6	12/91,1,6,-1,7,12,5,1,1,1,15,3/1456,0,15,30,45,52,37,22,7,8,23,38,53,29,24|79/91,-1,6,1,7,79,5,1,6,7,97,3/1456,0,15,30,45,52,37,22,7,8,23,38,53,29,24
38	8	6	4/65	14/65;51/65	14/65:4;51/65:4	14/65,-1,4,1,5,14,4,1,1,2,27,1/910,1,27,54,45,18,9,36,63,36,9,18,45,27,18|51/65,1,4,-1,5,51,4,1,4,7,99,1/910,1,27,54,45,18,9,36,63,36,9,18,45,27,18
38	9	4	3/91	27/91;64/91	27/91:6;64/91:6	27/91,-1,6,1,7,27,3,1,2,3,41,1/260,0,41,58,17,24,65,34,7,48,51,10,31,27,4|64/91,1,6,-1,7,64,3,1,5,7,99,1/260,0,41,58,17,24,65,34,7,48,51,10,31,27,4
38	10	10	2/39	14/39;25/39	14/39:2;25/39:2	14/39,-1,2,1,3,14,2,1,1,4,55,1/546,1,55,44,11,66,33,22,77,22,33,66,11,55,66|25/39,1,2,-1,3,25,2,1,2,7,99,1/546,1,55,44,11,66,33,22,77,22,33,66,11,55,66
38	11	12	1/24	25/312;287/312	25/312:12;287/312:12	25/312,1,12,-1,24,25,13,2,2,1,15,5/2184,0,15,30,45,60,75,90,77,62,47,32,17,13,4|287/312,-1,12,1,24,287,13,2,22,12,167,5/2184,0,15,30,45,60,75,90,77,62,47,32,17,13,4
38	12	4	2/65	27/65;38/65	27/65:4;38/65:4	27/65,-1,4,1,5,27,2,2,2,10,139,37/21840,0,139,58,81,116,23,162,35,104,93,46,151,127,24|38/65,1,4,-1,5,38,2,2,3,14,197,37/21840,0,139,58,81,116,23,162,35,104,93,46,151,127,24
39	0	4	18/361	18/361;343/361	18/361:17;343/361:17	18/361,1,17,-1,19,18,18,1,1,0,1,1/7220,1,1,2,3,4,5,6,7,8,9,10,9,8,7,6,5,4,3,1,4|343/361,-1,17,1,19,343,18,1,18,1,19,1/7220,1,1,2,3,4,5,6,7,8,9,10,9,8,7,6,5,4,3,1,4
39	1	2	17/361	172/361;189/361	172/361:17;189/361:17	172/361,-1,17,1,19,172,17,1,9,1,19,21/14440,0,19,2,17,4,15,6,13,8,11,10,9,12,7,14,5,16,3,1,4|189/361,1,17,-1,19,189,17,1,10,1,21,21/14440,0,19,2,17,4,15,6,13,8,11,10,9,12,7,14,5,16,3,1,4
39	2	4	16/323	113/323;210/323	113/323:16;210/323:16	113/323,1,16,-1,17,113,16,1,6,1,21,1/6460,1,21,18,3,24,15,6,27,12,9,30,9,12,27,6,15,24,3,21,24|210/323,-1,16,1,17,210,16,1,11,2,39,1/6460,1,21,18,3,24,15,6,27,12,9,30,9,12,27,6,15,24,3,21,24
39	3	4	15/323	77/323;246/323	77/323:16;246/323:16	77/323,-1,16,1,17,77,15,1,4,1,19,23/25840,0,19,38,23,4,15,34,27,8,11,30,31,12,7,26,35,16,3,39,36|246/323,1,16,-1,17,246,15,1,13,3,61,23/25840,0,19,38,23,4,15,34,27,8,11,30,31,12,7,26,35,16,3,39,36
39	4	8	11/228	89/228;139/228	89/228:18;139/228:18	89/228,-1,18,1,36,267,33,2,14,2,39,1/2850,0,39,22,17,44,5,34,27,12,49,10,29,32,7,46,15,24,37,41,4|139/228,1,18,-1,36,417,33,2,22,3,61,1/2850,0,39,22,17,44,5,34,27,12,49,10,29,32,7,46,15,24,37,41,4
39	5	4	13/323	56/323;267/323	56/323:16;267/323:16	56/323,1,16,-1,17,56,13,1,3,1,21,21/12920,0,21,42,57,36,15,6,27,48,51,30,9,12,33,54,45,24,3,39,36|267/323,-1,16,1,17,267,13,1,14,5,99,21/12920,0,21,42,57,36,15,6,27,48,51,30,9,12,33,54,45,24,3,39,36
39	6	12	12/247	37/247;210/247	37/247:12;210/247:12	37/247,1,12,-1,13,37,12,1,2,1,21,1/4940,1,21,42,63,56,35,14,7,28,49,70,49,28,7,14,35,56,63,21,56|210/247,-1,12,1,13,210,12,1,11,6,119,1/4940,1,21,42,63,56,35,14,7,28,49,70,49,28,7,14,35,56,63,21,56
39	7	8	11/247	94/247;153/247	94/247:12;153/247:12	94/247,1,12,-1,13,94,11,1,5,3,61,27/39520,0,61,38,23,76,15,46,53,8,69,30,31,68,7,54,45,16,77,39,44|153/247,-1,12,1,13,153,11,1,8,5,99,27/39520,0,61,38,23,76,15,46,53,8,69,30,31,68,7,54,45,16,77,39,44
39	8	12	10/209	94/209;115/209	94/209:10;115/209:10	94/209,1,10,-1,11,94,10,1,5,4,81,1/4180,1,81,18,63,36,45,54,27,72,9,90,9,72,27,54,45,36,63,81,36|115/209,-1,10,1,11,115,10,1,6,5,99,1/4180,1,81,18,63,36,45,54,27,72,9,90,9,72,27,54,45,36,63,81,36
39	9	4	9/209	20/209;189/209	20/209:10;189/209:10	20/209,-1,10,1,11,20,9,1,1,1,19,29/41800,0,19,38,57,76,95,86,67,48,29,10,9,28,47,66,85,96,77,39,84|189/209,1,10,-1,11,189,9,1,10,9,181,29/41800,0,19,38,57,76,95,86,67,48,29,10,9,28,47,66,85,96,77,39,84
39	10	10	8/171	77/171;94/171	77/171:8;94/171:8	77/171,-1,8,1,9,77,8,1,4,5,99,1/3420,1,99,22,77,44,55,66,33,88,11,110,11,88,33,66,55,44,77,99,44|94/171,1,8,-1,9,94,8,1,5,6,121,1/3420,1,99,22,77,44,55,66,33,88,11,110,11,88,33,66,55,44,77,99,44
39	11	8	7/209	18/209;191/209	18/209:10;191/209:10	18/209,1,10,-1,11,18,7,1,1,1,21,23/16720,0,21,42,63,84,105,114,93,72,51,30,9,12,33,54,75,96,117,81,36|191/209,-1,10,1,11,191,7,1,10,11,219,23/16720,0,21,42,63,84,105,114,93,72,51,30,9,12,33,54,75,96,117,81,36
39	12	12	6/133	20/133;113/133	20/133:6;113/133:6	20/133,-1,6,1,7,20,6,1,1,2,39,1/2660,1,39,78,117,104,65,26,13,52,91,130,91,52,13,26,65,104,117,39,104|113/133,1,6,-1,7,113,6,1,6,11,221,1/2660,1,39,78,117,104,65,26,13,52,91,130,91,52,13,26,65,104,117,39,104
39	13	6	5/171	37/171;134/171	37/171:8;134/171:8	37/171,1,8,-1,9,37,5,1,2,3,61,71/47880,0,61,122,97,36,25,86,133,72,11,50,111,108,47,14,75,136,83,39,44|134/171,-1,8,1,9,134,5,1,7,11,219,71/47880,0,61,122,97,36,25,86,133,72,11,50,111,108,47,14,75,136,83,39,44
39	14	8	4/133	18/133;115/133	18/133:6;115/133:6	18/133,1,6,-1,7,18,4,1,1,2,41,53/39900,0,41,82,123,136,95,54,13,28,69,110,149,108,67,26,15,56,97,121,24|115/133,-1,6,1,7,115,4,1,6,13,259,53/39900,0,41,82,123,136,95,54,13,28,69,110,149,108,67,26,15,56,97,121,24
39	15	8	3/95	18/95;77/95	18/95:4;77/95:4	18/95,1,4,-1,5,18,3,1,1,3,61,7/6080,0,61,122,137,76,15,46,107,152,91,30,31,92,153,106,45,16,77,121,44|77/95,-1,4,1,5,77,3,1,4,13,259,7/6080,0,61,122,137,76,15,46,107,152,91,30,31,92,153,106,45,16,77,121,44
39	16	16	2/57	20/57;37/57	20/57:2;37/57:2	20/57,-1,2,1,3,20,2,1,1,6,119,1/1140,1,119,102,17,136,85,34,153,68,51,170,51,68,153,34,85,136,17,119,136|37/57,1,2,-1,3,37,2,1,2,11,221,1/1140,1,119,102,17,136,85,34,153,68,51,170,51,68,153,34,85,136,17,119,136
39	17	18	1/36	37/684;647/684	37/684:18;647/684:18	37/684,1,18,-1,36,37,19,2,2,1,21,1/855,0,21,42,63,84,105,126,147,168,189,170,149,128,107,86,65,44,23,19,4|647/684,-1,18,1,36,647,19,2,34,18,359,1/855,0,21,42,63,84,105,126,147,168,189,170,149,128,107,86,65,44,23,19,4
39	18	6	2/95	37/95;58/95	37/95:4;58/95:4	37/95,1,4,-1,5,37,2,2,2,14,281,11/13680,0,281,158,123,316,35,246,193,88,351,70,211,228,53,334,105,176,263,299,36|58/95,-1,4,1,5,58,2,2,3,22,439,11/13680,0,281,158,123,316,35,246,193,88,351,70,211,228,53,334,105,176,263,299,36
